RevolvingUtilizationOfUnsecuredLines,age,NumberOfTime30-59DaysPastDueNotWorse,DebtRatio,MonthlyIncome,NumberOfOpenCreditLinesAndLoans,NumberOfTimes90DaysLate,NumberRealEstateLoansOrLines,NumberOfTime60-89DaysPastDueNotWorse,NumberOfDependents
0.766126609,45,2,0.802982129,9120.0,13,0,6,0,2
0.957151019,40,0,0.121876201,2600.0,4,0,0,0,1
0.65818014,38,1,0.085113375,3042.0,2,1,0,0,0
0.233809776,30,0,0.036049682,3300.0,5,0,0,0,0
0.9072394,49,1,0.024925695,63588.0,7,0,1,0,0
0.213178682,74,0,0.375606969,3500.0,3,0,1,0,1
0.305682465,57,0,5710.0,5400.0,8,0,3,0,0
0.754463648,39,0,0.209940017,3500.0,8,0,0,0,0
0.116950644,27,0,46.0,5400.0,2,0,0,0,0
0.189169052,57,0,0.606290901,23684.0,9,0,4,0,2
0.644225962,30,0,0.30947621,2500.0,5,0,0,0,0
0.01879812,51,0,0.53152876,6501.0,7,0,2,0,2
0.010351857,46,0,0.298354075,12454.0,13,0,2,0,2
0.964672555,40,3,0.382964747,13700.0,9,3,1,1,2
0.019656581,76,0,477.0,0.0,6,0,1,0,0
0.013024674,61,0,15.0,5400.0,4,0,0,0,0
0.019387779,34,0,0.32591852,4000.0,9,0,1,0,0
0.634485057,52,0,0.138238573,2690.0,2,0,0,0,0
0.888008615,44,0,0.299246282,4908.0,8,0,0,0,1
0.003108849,57,0,0.258939285,8333.0,7,0,1,0,0
0.114830941,46,0,0.026235802,6250.0,6,0,0,0,3
0.018886792,80,0,0.003478779,10060.0,5,0,0,0,0
0.635415157,32,0,0.519493502,3000.0,4,0,1,0,1
0.9999999,62,0,0.664221287,8314.0,8,0,3,0,0
0.041257909,61,0,4739.0,5400.0,11,0,4,0,0
0.096737158,47,0,0.009748781,8000.0,2,0,0,0,2
0.31844615,58,0,1.382629108,3833.0,26,0,4,0,0
0.186987534,52,0,0.023993145,3500.0,4,0,0,0,0
0.006541851,68,0,0.108089191,10000.0,10,0,2,0,1
0.180972181,39,1,0.384441575,3097.0,7,0,1,0,3
0.045423864,64,0,0.181311286,5200.0,4,0,1,0,0
0.311954668,61,0,0.269281443,9866.0,12,0,2,0,2
0.078738916,46,0,0.166215372,4800.0,6,0,1,0,4
0.137609462,49,0,0.429533892,7272.0,11,0,2,0,0
0.030173038,64,0,0.17386957,9000.0,8,0,1,0,0
0.021978375,40,0,0.443755624,10000.0,12,0,5,0,2
0.443696851,27,0,0.024340075,5833.0,4,0,0,0,0
0.007506793,60,0,1253.0,5400.0,8,0,1,0,1
0.046640328,92,1,0.034326669,2650.0,13,0,0,0,0
0.292365949,50,0,0.420180551,8750.0,8,0,2,0,0
0.20808276,64,0,2826.0,5400.0,14,0,2,0,0
0.9999999,66,1,0.358101135,1937.0,4,1,0,0,0
0.013500824,53,0,0.183464028,19000.0,8,0,1,0,2
0.9999999,62,0,0.04965839,6000.0,1,0,0,0,0
0.655316473,63,0,5223.0,5400.0,19,0,2,0,0
0.25889775,33,0,0.537441339,4900.0,3,0,1,0,1
0.0,55,1,0.03988553,5590.0,8,0,0,0,0
0.035940506,46,0,0.271186441,6666.0,10,0,1,0,3
0.9999999,66,0,0.046633911,11600.0,2,0,0,0,1
0.465238835,66,0,0.391427671,3172.0,8,1,1,0,0
0.865423051,48,0,0.075848303,500.0,1,0,0,0,0
0.696411671,52,0,0.408871921,11000.0,11,0,1,0,4
0.544497658,32,1,0.166766647,6667.0,5,1,0,0,0
0.081238383,51,0,0.066830086,7750.0,14,0,0,0,2
0.948762809,27,0,0.144948404,4166.0,5,0,0,0,0
0.0,32,2,0.463610776,7460.0,10,0,1,1,0
0.016598893,30,0,0.136575616,1500.0,5,0,0,0,0
0.063329564,37,0,0.329935275,6179.0,6,0,1,0,3
0.093638481,49,0,0.042836573,8333.0,10,0,0,0,1
0.0,37,0,0.184027338,7900.0,5,0,1,0,5
0.134191514,63,0,926.5,1.0,9,0,1,0,0
0.002556199,58,0,0.115826132,7752.0,17,0,0,0,2
0.088845558,62,0,0.073772011,5394.0,5,0,0,0,0
0.203947961,46,1,1.206516118,5800.0,12,1,4,0,2
0.006666097,27,0,0.000268637,7444.0,5,0,0,0,0
0.014049649,27,0,0.352214765,3724.0,4,0,1,0,1
0.9999999,35,1,0.092985318,3064.0,1,0,0,0,3
0.368866624,55,0,0.437996083,9700.0,18,0,2,0,0
0.054553316,73,0,0.043259135,16666.0,13,0,0,0,0
0.179487766,51,0,0.492529978,10173.0,19,0,4,0,0
0.026885902,36,0,0.344879921,11200.0,6,0,2,0,2
0.265705207,56,0,0.259102536,31666.0,8,0,3,0,1
0.0,59,0,2113.0,5400.0,13,0,2,0,0
0.011847989,49,0,1599.0,5400.0,12,0,1,0,0
0.07083751,64,0,0.255290785,6000.0,6,0,0,0,1
0.979521555,55,1,0.467850417,7433.0,11,0,2,2,0
0.090641506,69,0,0.016683267,4015.0,2,0,0,0,0
0.38480769,42,0,0.533099636,7416.0,5,0,1,0,3
0.183676155,33,0,0.660528423,2497.0,9,0,1,0,0
0.018124667,60,0,0.023181455,1250.0,4,0,0,0,1
0.9999999,54,0,0.228402866,2372.0,2,0,0,1,0
0.290320472,48,0,0.262848568,7996.0,7,0,1,0,3
0.052161271,49,0,0.067629397,6993.0,5,0,0,0,1
0.9999999,73,0,8500.0,0.0,2,0,0,0,0
0.9999999,91,0,0.0,5400.0,3,0,0,0,0
0.412657703,66,1,0.195074372,4100.0,7,1,0,0,0
0.091201293,49,1,0.568886223,5000.0,15,0,2,0,0
0.500234532,46,0,0.278025952,4700.0,10,0,1,0,1
0.913140498,37,2,1.620344914,4000.0,16,0,3,0,1
0.056390008,54,0,2126.0,5400.0,8,0,1,0,0
0.021741679,70,0,0.187762448,5000.0,11,0,1,0,0
0.269257489,44,0,0.607594937,1500.0,7,0,0,0,3
0.996301651,39,2,0.306101912,10930.0,17,0,0,0,1
0.019153961,49,0,0.201025979,33333.0,6,0,3,0,4
0.008665511,58,0,1.908629442,6500.0,17,0,5,0,0
0.155742213,39,0,723.0,0.0,13,0,0,0,2
0.733914381,33,0,0.158975542,4333.0,7,1,0,0,1
0.210442588,53,0,0.513602495,5770.0,10,0,2,0,1
0.095634788,36,0,0.175266904,2247.0,4,0,0,0,1
0.124801376,62,0,0.566894457,6584.0,15,0,2,0,0
0.016995185,62,0,0.002301937,5212.0,4,0,0,0,0
0.964038058,29,1,0.263516583,2200.0,6,0,0,0,0
0.211206477,44,1,0.2138395,2080.0,13,1,0,1,0
0.184476515,32,0,0.444956049,7166.0,11,0,2,0,0
0.0,52,0,0.444444444,3500.0,5,0,2,0,1
0.003938695,75,0,0.199949219,7876.0,11,0,2,0,0
0.520418652,36,1,0.232918082,2648.0,5,0,0,0,3
0.160899231,33,0,0.182363527,3333.0,13,0,0,0,0
0.252505361,52,0,0.442592901,6000.0,13,0,1,0,2
0.035670256,62,0,0.427674963,9401.0,9,0,4,0,0
0.046747539,60,0,1.012368584,3233.0,13,0,2,0,0
0.009639594,52,0,0.262440354,4400.0,5,0,0,0,0
0.986400389,36,0,0.441868921,11000.0,8,0,2,0,0
0.092392056,71,2,0.190062303,13000.0,7,0,1,0,0
0.001019592,83,0,0.00019996,5000.0,10,0,0,0,0
0.0,76,0,272.0,0.0,6,0,0,0,0
0.045516721,40,0,0.090355422,11000.0,12,0,0,0,3
0.245744673,46,0,0.585122242,6707.0,21,0,1,0,3
0.292159285,78,0,605.0,5400.0,5,0,0,0,0
0.9999999,36,0,631.0,5400.0,1,0,1,0,0
0.962946947,50,0,0.68127587,4106.0,8,0,1,1,0
0.160226787,31,0,0.356018715,2350.0,5,0,0,0,0
0.0,45,0,0.735816454,10416.0,11,0,4,0,1
0.067400749,26,0,0.166517857,4479.0,10,0,0,0,0
0.134374585,63,0,111.0,5400.0,2,0,0,0,0
0.9999999,40,0,11.0,5400.0,0,0,0,0,0
0.013218661,57,0,0.085321957,7500.0,10,0,1,0,0
0.000358843,54,0,0.720069983,4000.0,11,0,0,0,0
0.975146408,33,0,0.332280979,3800.0,4,0,0,0,2
0.255610417,54,0,0.528550512,3414.0,9,0,1,0,1
0.9999999,24,0,0.0,3833.0,1,0,0,0,0
0.682708972,41,4,0.38708711,13350.0,8,0,4,0,1
0.101551406,47,0,228.0,5400.0,6,0,0,0,0
0.013105862,76,0,736.0,5400.0,15,0,1,0,0
0.0,87,0,2.0,5400.0,2,0,0,0,0
2.258964143,33,2,0.032483758,2000.0,1,1,0,0,2
0.013767118,64,0,2004.0,5400.0,10,0,2,0,0
0.187797808,85,0,790.0,5400.0,6,0,0,0,0
0.9999999,34,1,0.0,5400.0,0,1,0,0,0
0.037379559,37,0,0.333851794,9000.0,11,0,2,0,0
0.00339983,63,0,0.262694922,2500.0,5,0,0,0,0
0.020480494,35,0,1673.0,5400.0,10,0,1,0,1
0.106475741,32,0,0.802308265,2685.0,5,0,1,0,1
0.518186405,73,0,0.504887091,8900.0,17,0,1,0,1
0.003735788,39,0,0.459166466,4150.0,10,0,2,0,0
0.9999999,38,0,2628.0,5400.0,6,0,1,0,0
0.196960608,40,0,0.006959443,4166.0,1,0,0,0,0
0.802993617,42,1,0.524458002,9178.0,9,0,1,0,3
0.9999999,36,0,0.194963754,2620.0,3,0,0,0,0
0.707145775,64,0,3930.0,5400.0,13,0,2,0,0
0.666948696,56,0,0.185055253,5700.0,7,0,0,0,0
0.181442474,32,0,0.067877957,8750.0,2,0,0,0,0
0.863213679,29,0,0.102670277,18836.0,4,0,1,0,2
0.093632815,68,0,0.306846806,4366.0,6,0,2,0,0
0.0,50,0,0.0,6250.0,4,0,0,0,0
0.479013137,36,0,0.531659631,4500.0,14,0,1,0,2
0.257067036,37,0,0.291809152,6140.0,6,0,0,0,4
0.02403549,63,0,19.0,5400.0,2,0,0,0,0
0.9999999,42,0,0.217236784,2250.0,1,0,0,0,2
0.001890458,47,3,0.268693009,6579.0,15,0,2,2,1
0.399033876,32,0,0.433893685,2200.0,7,0,0,0,0
0.9999999,31,0,0.047961631,3335.0,2,0,0,1,4
0.245930854,39,0,0.537720414,5500.0,11,0,1,0,1
0.003957859,52,0,2574.0,5400.0,11,0,1,0,2
0.408690635,46,0,1.055195584,4166.0,12,0,2,0,0
0.572324438,50,0,1.052171197,3200.0,12,0,1,0,3
0.966275454,37,0,0.683523654,4290.0,8,0,1,0,2
0.075327056,62,0,0.071378477,12832.0,7,0,1,0,0
0.011073664,52,0,0.012372578,12850.0,4,0,0,0,3
0.369171682,82,0,0.048228914,26000.0,12,0,1,0,0
0.960431398,63,0,0.31506036,5052.0,3,0,1,0,1
0.123471362,63,0,0.364188164,2635.0,6,0,1,0,1
0.127493625,64,0,0.09438021,14875.0,6,0,2,0,1
0.087910156,54,0,0.520623969,20000.0,8,0,3,0,2
0.083766009,53,0,0.34210815,9116.0,6,0,2,0,1
0.0,78,0,396.0,5400.0,3,0,0,0,0
0.48092721,62,0,1.031724668,5200.0,14,0,3,0,1
0.009917446,64,0,0.447430975,5468.0,12,0,2,0,0
0.9999999,37,0,0.377631696,11256.0,11,0,2,0,1
0.078754404,30,0,2129.0,5400.0,6,0,2,0,0
0.0,36,0,0.157678245,4375.0,7,0,0,0,2
0.0,48,0,4212.0,5400.0,6,0,3,0,0
0.375897212,62,0,0.29563096,9017.0,21,0,1,0,0
0.9999999,68,0,0.196745562,1351.0,3,0,0,0,0
0.9999999,59,0,0.020359935,5500.0,1,0,0,0,1
0.096009775,53,0,0.545157068,4583.0,8,0,1,0,1
0.0,37,1,1898.0,5400.0,3,0,1,0,0
0.028200734,56,0,0.084599116,5200.0,10,0,1,0,0
0.076703026,41,0,0.388436652,4790.0,14,0,2,0,0
0.227820379,77,0,0.554915922,6600.0,24,0,2,0,0
0.0,53,0,0.0,3000.0,2,0,0,0,1
0.019391297,68,0,0.064577141,3700.0,9,0,0,0,1
0.149113358,68,0,0.699205217,4906.0,8,0,2,0,0
0.726759759,55,0,0.65170345,9333.0,9,0,3,0,2
0.099815157,57,0,0.232339826,4260.0,8,0,1,0,1
0.623875225,41,0,0.037185126,2500.0,2,0,0,0,1
0.176443529,67,0,0.182522829,9417.0,15,0,2,0,0
0.0,42,0,0.483205749,6400.0,3,0,1,0,4
0.06769731,75,0,0.082053743,2083.0,11,0,0,0,0
0.330939503,41,3,0.316851482,5500.0,6,0,1,0,2
0.070324183,39,0,0.351426383,10445.0,12,0,1,0,4
0.012739234,70,0,0.008663779,3000.0,6,0,0,0,0
0.007868766,63,0,1448.0,5400.0,6,0,1,0,0
0.019477727,41,0,0.365306454,6150.0,12,0,2,0,0
0.447465042,59,0,0.496729238,7031.0,10,0,2,0,2
0.987501953,52,0,3844.0,5400.0,12,0,2,0,0
0.983078225,42,0,0.884470118,4500.0,17,0,2,0,2
0.0,57,0,0.0,5400.0,12,0,0,0,0
0.972150876,59,0,1.473797947,1850.0,12,0,2,0,0
0.714456939,49,2,1.60215311,4179.0,15,0,3,0,3
0.82644118,38,0,0.6536804,5800.0,9,0,1,0,2
0.299786422,76,0,0.138246215,3500.0,11,0,0,0,0
0.654211301,37,0,0.26991654,10543.0,10,0,3,0,0
0.877124547,56,1,0.389627295,14595.0,11,0,2,0,2
0.0,67,0,0.345825195,16383.0,20,0,3,0,1
0.46273576,64,0,0.575630741,8600.0,32,0,3,0,0
0.9999999,44,0,0.514308746,2480.0,7,0,1,0,5
0.268399353,38,0,0.507758759,6250.0,12,0,1,0,2
0.002304248,73,0,4.0,5400.0,5,0,0,0,0
0.0,61,0,0.248972297,5594.0,7,0,2,0,0
0.103318532,84,0,0.278180455,4000.0,12,0,0,0,0
0.171134801,52,0,2574.0,5400.0,12,0,1,0,0
0.625696469,50,3,0.55618104,4440.0,12,0,2,0,2
0.00126708,40,0,0.730317064,2806.0,15,0,2,0,3
0.028907777,41,0,0.768520892,3900.0,6,0,2,0,1
0.128842063,37,0,0.44555542,8200.0,10,0,2,0,2
0.339647837,65,0,0.265089623,8200.0,6,0,1,0,1
0.014370016,69,0,0.432807679,5833.0,9,0,1,0,0
0.0,61,0,2.0,5400.0,5,0,0,0,0
0.511248875,38,1,0.476190476,4304.0,10,0,1,0,2
0.16805774,43,0,0.313671582,4000.0,7,0,1,0,0
0.005971329,54,0,0.280197575,4453.0,13,0,1,0,2
0.123206192,44,0,0.643262895,4400.0,10,0,2,0,2
0.003499865,48,0,0.32941435,9100.0,7,0,2,0,1
0.054783369,63,0,0.099980004,5000.0,15,0,0,0,1
0.041735628,46,0,0.036921329,7041.0,22,0,0,0,0
0.9999999,42,0,31.0,5400.0,0,2,0,0,0
0.386691448,41,3,0.276689324,2500.0,14,0,0,0,0
0.956397524,35,2,3268.0,5400.0,15,0,1,0,0
0.689770077,34,0,0.308230874,5855.0,5,0,2,1,0
0.0,53,2,2658.0,5400.0,7,0,1,0,0
0.205274463,51,0,0.361329834,8000.0,10,0,1,0,0
0.0,49,1,0.544228523,9416.0,11,0,3,0,2
0.464195875,53,0,0.120938628,4985.0,8,0,0,0,0
0.466768944,58,0,0.327109783,4016.0,8,0,1,0,0
0.911540163,46,0,3353.0,5400.0,7,0,1,0,1
0.014088028,51,0,0.007997715,3500.0,6,0,0,0,1
0.536461805,45,1,0.142285905,3000.0,3,2,0,0,1
0.918342055,33,0,0.270289344,2833.0,4,1,0,2,0
0.0,51,0,2391.0,5400.0,10,0,2,0,0
0.023224944,64,0,0.391854139,6800.0,18,0,4,0,3
0.016128599,60,0,1812.0,5400.0,8,0,1,1,0
1.034893879,39,0,0.439362795,9729.0,10,0,1,0,3
0.147242638,85,0,88.0,5400.0,3,0,0,0,0
0.983338887,27,0,0.106808245,1600.0,9,0,0,0,0
0.084138627,67,1,1295.0,5400.0,10,1,2,0,3
0.01029897,29,0,0.00119952,2500.0,1,0,0,0,0
0.090361993,77,0,0.311583578,4091.0,7,0,1,0,0
0.568392168,35,0,0.903676471,2719.0,9,0,1,0,0
0.005451823,59,0,0.00119976,5000.0,7,0,0,0,0
0.043255885,33,1,0.009998276,5800.0,7,0,0,0,0
0.001925099,70,0,0.024569089,10500.0,15,0,0,0,0
1.006955514,66,0,0.214392804,2000.0,3,0,0,0,0
0.056371415,44,0,0.359768292,14500.0,10,0,2,0,1
0.00789921,72,0,508.0,5400.0,5,0,1,0,0
0.0,29,0,1394.0,5400.0,5,0,1,0,0
0.982431974,59,5,0.664255618,14239.0,13,0,2,1,2
0.018265099,55,0,0.012643379,7671.0,6,0,1,0,0
0.9999999,52,0,0.237812128,6727.0,2,4,0,1,1
0.342056982,70,0,0.626394732,10933.0,13,0,3,0,0
0.9999999,39,0,0.041420118,3041.0,2,1,0,0,3
0.000642385,53,0,1959.0,5400.0,6,0,1,0,0
0.407186096,46,0,0.512998,6500.0,14,0,3,0,2
0.9999999,79,0,190.0,5400.0,0,0,0,0,0
0.086672375,79,0,0.134648714,7500.0,15,0,0,0,0
0.02365588,70,0,0.01793722,2452.0,7,0,0,0,0
0.911663333,37,0,0.632308212,5917.0,11,0,2,0,3
0.215568862,51,0,0.069114471,4166.0,3,0,0,0,3
0.088046633,63,0,0.157283194,9466.0,5,0,1,0,0
0.059112597,59,0,1743.0,5400.0,3,0,1,0,0
0.032966889,48,0,0.537307906,5400.0,10,0,2,0,1
0.042970201,40,0,45.0,0.0,6,0,0,0,0
0.026599391,62,0,0.074071225,13000.0,9,0,1,0,1
0.247103146,63,0,0.382146601,12400.0,22,0,3,0,1
0.021639523,56,0,0.323073492,8966.0,21,0,2,0,2
0.9999999,30,0,0.0,5400.0,0,1,0,0,0
0.906381727,50,0,5317.0,5400.0,16,0,2,0,2
0.59410642,42,0,0.838448253,7526.0,14,0,4,0,2
0.03382955,58,0,0.177037996,8500.0,10,0,2,0,0
0.041396982,64,0,0.018495376,4000.0,5,0,0,0,1
0.046458026,64,0,0.133116883,7083.0,9,0,0,0,0
0.033934804,57,0,5354.0,5400.0,9,0,2,0,4
0.103659756,29,0,0.195398574,3085.0,5,0,0,0,0
0.9999999,53,0,0.1026737,10995.0,7,0,0,0,2
0.9999999,30,0,0.0,2900.0,3,0,0,0,1
0.151567098,61,0,0.52310231,8483.0,3,0,1,0,0
0.680161943,47,4,0.378735696,9000.0,7,0,1,0,2
0.9999999,55,0,0.958208358,5000.0,8,0,3,0,0
0.060876125,67,0,0.122324159,5885.0,10,0,0,0,2
0.9999999,24,0,0.176025918,925.0,1,0,0,0,0
0.011946215,54,0,0.003653144,5200.0,5,0,0,0,0
0.543456543,25,0,27.0,5400.0,2,0,0,0,0
0.425149701,30,0,0.396354014,3400.0,5,0,1,0,0
0.08628288,61,0,0.310054326,12700.0,10,0,3,0,0
0.282711455,63,0,0.393590148,6333.0,11,0,1,0,0
0.005967586,67,0,0.36909013,7000.0,24,0,2,0,0
0.047813534,86,0,0.003763643,5313.0,4,0,0,0,0
0.015679373,73,0,0.182954261,4000.0,6,0,1,0,0
0.447986,58,0,1408.0,5400.0,5,0,1,0,0
0.017289927,49,0,0.31778037,6000.0,13,0,1,0,1
0.077513799,29,0,0.011997715,5250.0,4,0,0,0,1
0.243902439,29,0,0.248864668,1100.0,3,0,0,0,0
0.469804026,55,0,2455.0,5400.0,7,0,1,0,0
0.457507411,39,0,1003.0,5400.0,5,0,0,0,0
0.763049917,63,0,0.465546795,5833.0,10,0,2,0,1
0.207916833,48,0,0.180242067,3056.0,15,0,0,0,1
0.013609221,73,1,0.340329835,2000.0,6,0,1,0,0
0.398310697,65,0,0.4334509,5386.0,16,0,0,0,0
1.016598893,63,0,0.071896203,8400.0,3,1,0,0,0
0.118811275,57,0,0.117432215,16153.0,8,0,1,0,1
0.718693752,54,1,0.626305265,4500.0,11,0,1,1,0
0.06400657,55,0,0.479244421,13128.0,8,0,3,0,0
0.081280535,63,1,0.441252117,15940.0,22,0,5,0,1
0.9999999,27,0,0.077780358,4306.0,1,0,0,0,0
0.319693442,67,1,0.494706249,4816.0,16,0,1,0,0
0.210858301,58,0,251.0,5400.0,3,0,0,0,1
0.201663466,67,0,882.0,5400.0,6,0,1,0,0
0.159561348,48,0,0.040845473,3500.0,2,0,0,0,0
0.0,37,0,2865.0,5400.0,8,0,5,0,2
0.58896167,51,0,1.424581006,2147.0,11,0,2,0,1
0.083189108,46,0,0.2223968,7000.0,6,0,1,0,3
0.003799905,59,0,0.398802203,18700.0,9,0,3,0,2
0.540729635,25,1,0.055347259,5600.0,3,0,0,0,1
0.677295454,49,0,0.149475738,4100.0,4,0,0,0,0
0.428439507,59,0,0.434346035,7767.0,12,0,2,0,0
0.027700831,66,0,0.635515265,7500.0,10,0,2,0,1
0.06137026,72,0,0.275938947,5830.0,6,0,1,0,1
0.009860883,87,0,0.103343465,6250.0,7,0,0,0,0
0.9999999,46,0,0.441378143,11812.0,5,0,2,0,0
0.546226887,26,0,0.071192375,5140.0,3,2,0,2,1
0.0,60,0,0.18893146,11744.0,13,0,2,0,0
0.250713314,48,0,0.340207672,6933.0,7,0,1,0,1
0.314297605,60,1,2363.0,5400.0,6,0,1,0,0
0.9999999,47,0,0.384359401,1201.0,3,0,0,0,0
0.946352367,30,3,886.0,0.0,9,0,0,0,1
0.004269932,73,0,10.0,5400.0,10,0,0,0,0
0.225189112,46,0,0.406138107,11729.0,9,0,3,0,3
0.040159476,60,0,2519.0,5400.0,33,0,3,0,0
0.000263155,59,0,0.237585688,5980.0,11,0,2,0,1
0.027906891,76,0,0.006427653,7000.0,4,0,0,0,0
0.415229239,55,1,0.236357659,3041.0,5,0,0,0,0
0.141228518,62,0,0.406338427,5300.0,13,0,2,0,1
0.190641248,26,0,42.0,5400.0,1,0,0,0,0
0.099386576,59,0,0.531929282,10350.0,5,0,1,0,1
0.759562316,54,0,0.479469885,8450.0,7,0,2,0,2
0.006046879,60,0,0.008248969,5333.0,5,0,0,0,1
0.072247682,58,0,0.361514127,9166.0,9,0,1,0,0
0.012689563,83,1,0.010689354,4583.0,23,0,0,0,0
0.495520162,55,1,0.701377099,5300.0,12,0,1,1,2
0.0,26,0,0.219129193,1400.0,4,0,0,0,1
0.154398948,51,0,1.035995501,2666.0,13,0,2,0,0
0.728787735,38,1,0.353819491,7500.0,6,3,1,2,0
0.162947552,39,0,0.150896982,16666.0,13,0,1,0,0
0.076955976,49,0,0.465322965,6300.0,8,0,3,0,2
0.9999999,32,0,0.014133058,2900.0,0,0,0,0,0
0.995313964,30,1,0.154133002,3217.0,6,0,0,0,1
0.972881909,46,3,0.769292283,2500.0,8,0,0,4,3
0.083182301,28,0,96.0,5400.0,2,0,0,0,0
0.049761737,27,0,0.217188062,2780.0,7,0,0,0,0
0.745927332,46,0,0.242652507,8097.0,5,0,2,0,2
0.910789327,44,1,0.456254375,10000.0,9,1,3,0,2
0.754010532,41,0,0.332891749,5283.0,10,0,0,0,1
0.568293455,45,0,1.001619579,5556.0,9,0,1,0,2
0.655633909,65,0,0.472856019,5083.0,13,0,1,0,0
0.011326794,82,0,0.004624045,4973.0,21,0,0,0,0
0.146229201,51,0,1.471404775,1800.0,18,0,1,0,0
0.767510197,46,0,0.410051107,5869.0,10,0,2,0,3
0.124987583,57,0,0.115903155,14166.0,13,0,1,0,2
0.018660989,54,0,0.194950912,12833.0,5,0,1,0,0
0.108642811,48,0,0.283612429,10330.0,7,0,2,0,2
0.041193578,81,0,0.009128386,3395.0,4,0,0,0,0
0.028823545,54,0,0.458181241,6300.0,8,0,1,0,1
0.957418172,46,0,0.805379045,6766.0,14,0,2,0,1
0.347676394,78,0,0.897422409,1900.0,8,0,1,0,1
0.9999999,45,0,0.0,4116.0,4,0,0,0,0
0.012797706,81,0,0.226171962,4500.0,6,0,1,0,0
0.444712481,74,0,0.333703621,4500.0,13,0,0,0,0
0.276726657,34,0,0.263849384,7382.0,8,0,1,0,5
0.855349926,23,1,0.146163216,820.0,4,0,0,1,0
0.926799199,81,1,2110.0,5400.0,6,0,0,0,0
0.373565661,78,0,0.171856978,2600.0,8,0,0,0,0
0.207467322,60,0,0.643568841,2207.0,9,0,1,0,0
0.012779983,93,0,1402.0,5400.0,7,0,1,0,0
0.248978185,50,1,458.0,5400.0,9,0,0,0,1
0.18083131,57,0,0.222768316,8748.0,8,0,2,0,2
0.248501348,66,0,0.829827916,4183.0,17,0,3,0,0
0.9999999,56,0,0.443389153,4000.0,6,0,1,0,2
0.207941876,63,2,0.313303063,10350.0,24,0,2,0,0
0.017927435,53,0,0.20097129,7000.0,10,0,0,0,3
0.709651614,49,1,0.678601166,1200.0,3,0,0,0,0
0.811471019,56,1,0.257806491,6500.0,13,0,0,0,0
0.0,35,0,0.295863593,3166.0,5,0,0,2,2
0.434400225,39,0,0.387204265,3000.0,9,0,1,0,0
0.236951515,60,0,0.178065755,8333.0,10,0,0,0,0
0.0,52,0,1057.0,5400.0,7,0,2,0,0
0.9999999,34,0,0.16950693,4400.0,1,0,0,0,0
1.026986507,56,0,2337.0,5400.0,5,1,1,1,1
0.338668226,51,0,3410.0,5400.0,16,0,2,0,0
1.094433952,40,4,0.315929793,4500.0,7,0,0,0,2
0.579427572,27,0,0.370253165,3475.0,17,0,0,0,0
0.026920986,50,0,0.217365623,11850.0,18,0,1,0,3
0.049796097,67,0,94.0,0.0,4,0,0,0,0
0.9999999,62,1,0.363481644,4112.0,5,0,1,1,1
0.050802925,74,0,0.005395463,16309.0,6,0,0,0,0
0.0,30,0,0.685703551,5322.0,9,0,2,0,1
1.0,23,1,0.566037736,900.0,4,0,0,0,0
0.160558857,38,0,0.300956799,6897.0,6,0,1,0,0
0.761406354,60,0,0.411380811,8733.0,14,0,2,0,0
0.164283572,71,0,0.00959808,5000.0,2,0,0,0,0
0.015856388,74,0,0.009059669,3200.0,9,0,0,0,0
0.292743341,50,0,0.542091582,5000.0,7,0,2,0,1
0.144627967,60,0,0.152182783,2450.0,14,0,0,0,0
0.9999999,41,2,0.083688206,5400.0,2,0,0,0,1
0.031825066,64,0,0.363629084,12487.0,11,0,4,0,0
0.001444412,53,0,0.188960516,2481.0,5,0,1,0,0
0.122225124,51,0,0.60255418,2583.0,6,0,0,0,2
0.020131991,36,1,0.000879679,10230.0,2,0,0,0,0
0.007809418,53,0,0.118503539,4944.0,11,0,1,0,0
0.682152429,41,0,0.136047134,5600.0,7,0,0,0,0
0.527631491,58,0,0.397263878,3800.0,7,0,1,0,2
0.062490236,43,0,12.0,5400.0,1,0,0,0,0
0.392359132,40,0,0.344220771,7500.0,13,0,2,0,0
0.331795463,24,0,0.36286645,1534.0,3,0,0,0,0
0.108196169,56,0,0.252963862,7000.0,10,0,1,0,0
0.605473204,48,0,0.550224888,2000.0,7,0,0,0,2
0.385161484,50,0,0.100541591,7200.0,10,0,0,0,0
0.028047149,56,0,0.274523641,2833.0,11,0,1,0,0
0.022154084,79,0,0.371116986,3025.0,12,0,1,0,0
0.00010526,71,0,3597.0,5400.0,8,0,4,0,0
0.085232155,60,0,0.363870968,7749.0,15,0,1,0,1
0.004054739,75,0,0.001587582,5668.0,14,0,0,0,1
0.711147741,44,0,2328.0,5400.0,5,0,1,0,0
0.499537644,44,0,0.410027127,9952.0,7,0,1,0,2
1.062215309,45,3,2.030193961,5000.0,14,0,4,1,1
0.984542138,44,1,0.444235925,7459.0,5,0,1,0,2
0.938586327,44,1,1095.0,5400.0,8,9,0,4,0
0.123545616,48,0,1.056420511,7000.0,13,0,1,0,2
0.932135729,24,0,0.010362694,1350.0,1,0,0,0,0
0.9999999,32,0,0.479180436,4538.0,8,0,2,0,2
0.08012852,57,0,0.119214586,2851.0,5,0,0,0,2
0.930933445,52,0,0.155650087,9167.0,14,0,0,0,0
0.053264064,57,0,2581.0,5400.0,10,0,1,0,0
0.014867443,45,0,0.006124234,8000.0,6,0,0,0,0
0.246641902,45,0,3175.0,5400.0,9,0,2,0,0
0.261788337,62,0,15.83124674,3833.0,11,0,0,0,0
0.155923941,66,0,0.540143492,5853.0,14,0,1,0,0
0.018651161,84,0,595.0,5400.0,4,0,1,0,0
0.0,73,0,0.142672274,3090.0,4,0,0,0,0
0.0,67,0,0.283144764,6893.0,10,0,2,0,0
0.16705553,69,0,1323.0,5400.0,3,0,1,0,0
0.95068234,27,1,0.163586792,3300.0,10,0,0,0,2
0.219130911,56,1,0.388051764,5640.0,11,0,1,0,0
0.007836415,71,0,1052.0,5400.0,15,0,1,0,0
0.481303739,42,0,0.108583247,2900.0,9,0,0,0,1
0.860210257,56,0,0.891948414,5737.0,14,0,2,0,1
0.057138322,28,0,0.169009684,3200.0,6,0,0,0,0
0.148553569,69,0,0.625135428,4614.0,18,0,1,0,0
0.801272342,31,0,0.486159487,5454.0,8,0,1,0,1
0.016394252,50,0,0.280295353,6906.0,6,0,1,0,0
0.463034407,28,0,0.269201636,6600.0,5,0,1,0,0
0.046294577,81,0,0.257171957,5890.0,13,0,2,0,1
0.039967044,55,0,0.202113606,10597.0,10,0,2,0,2
0.027140919,80,0,0.003665445,3000.0,2,0,0,0,1
0.015345635,43,0,0.031514998,7900.0,21,0,0,0,3
0.004092517,65,0,18.0,5400.0,4,0,0,0,0
0.9999999,49,0,0.204984232,13000.0,2,3,1,2,1
0.099508616,58,0,0.512738462,8124.0,14,0,4,0,0
0.9999999,40,0,0.00817934,3300.0,2,0,0,0,0
0.218159131,64,0,2384.0,5400.0,8,0,1,0,0
0.980203959,39,0,0.320707556,5200.0,6,0,2,0,2
0.014462292,70,0,6852.0,5400.0,18,0,1,0,0
0.036387859,53,0,0.706280788,3247.0,22,0,1,1,2
0.113670623,53,0,0.623365757,9560.0,9,0,2,0,0
0.009306009,34,0,3206.0,5400.0,10,0,3,0,0
0.054871013,40,1,0.243517099,15000.0,9,0,1,0,5
0.013563189,30,0,0.005175601,5409.0,8,0,0,0,0
0.748327052,32,0,0.177137144,6000.0,8,0,0,0,0
0.461884529,30,0,935.0,5400.0,8,0,0,0,0
0.9999999,46,0,0.159107271,4166.0,0,1,0,0,0
0.330990265,49,2,0.135818209,13333.0,10,0,1,0,4
0.096601031,46,0,724.0,5400.0,4,0,1,0,2
0.112876573,31,0,0.096527904,5500.0,9,0,0,0,0
0.652423172,41,0,0.36890595,5209.0,4,0,1,0,2
0.002447381,82,0,0.335748792,12833.0,10,0,3,0,1
1.019350677,45,5,0.504165014,10083.0,10,0,1,0,2
0.008087838,46,0,0.094123385,4100.0,18,0,2,0,0
0.75762641,44,0,0.250085587,5841.0,8,0,0,0,2
0.177524045,49,1,0.417318329,5242.0,9,0,2,0,2
0.37576652,46,0,0.29595631,8605.0,11,0,1,0,2
0.001586862,58,0,0.209158168,5000.0,8,0,2,0,1
0.00114793,64,0,0.000253936,3937.0,8,0,0,0,0
0.273744785,50,0,0.502382213,5666.0,12,0,1,0,0
0.441138682,46,0,0.103718665,8416.0,11,0,0,0,0
0.020667849,42,0,3634.0,5400.0,10,0,2,0,0
0.120582445,89,1,0.402832743,4800.0,8,0,1,1,0
0.067631079,66,0,0.172655488,11270.0,3,0,2,0,0
0.38326366,54,0,2.362339515,700.0,28,0,1,0,0
0.039132464,72,0,0.009256085,5833.0,8,0,0,0,0
0.010300854,75,0,0.001940805,6182.0,5,0,0,0,0
0.9999999,53,1,0.0,3878.0,0,0,0,0,0
0.9999999,45,0,0.357910522,4000.0,6,6,0,1,2
1.290886392,36,1,0.0153787,2600.0,3,0,0,0,0
0.2228304,47,0,0.555744347,7650.0,18,0,4,0,2
0.952403808,59,1,1921.0,5400.0,5,0,2,0,0
0.127724818,39,0,0.595674377,3328.0,9,0,1,0,3
0.002733273,67,0,0.000363152,8260.0,5,0,0,0,0
0.001382312,48,0,0.109240897,12000.0,8,0,1,0,0
0.017054866,80,0,0.098852604,10196.0,15,0,1,0,0
0.770027056,31,2,0.457159287,1738.0,10,0,1,0,1
0.013620239,57,1,0.004761451,10500.0,16,0,0,0,0
0.16954092,51,0,0.402091986,13001.0,23,0,7,0,0
0.497524489,44,0,0.379180091,9000.0,4,0,2,0,2
0.510128913,36,0,0.616966581,3500.0,4,0,1,0,1
0.493769074,57,2,0.372816503,6010.0,11,0,2,2,2
0.01679832,78,0,0.118122977,4325.0,4,0,1,0,0
0.711237719,40,2,0.57706049,8116.0,9,1,2,0,1
0.147872892,55,0,0.234692077,17000.0,11,0,2,0,2
0.040806774,29,0,0.285567364,5833.0,5,0,1,0,0
0.028982068,51,0,0.053595712,12500.0,5,0,0,0,1
0.004407374,46,0,0.289156627,3236.0,5,0,1,0,2
0.096752358,35,0,0.18530245,6000.0,23,0,0,0,0
0.108635655,48,0,5774.0,5400.0,9,0,5,0,0
0.048747563,57,0,0.070923126,6217.0,4,0,1,0,0
0.0,26,0,0.084269663,533.0,1,2,0,0,2
0.053176061,64,0,1740.0,5400.0,11,0,1,0,0
0.078474137,31,2,0.268060995,12000.0,7,0,1,0,0
0.145202611,37,0,0.1412219,7250.0,4,0,0,0,0
0.000132625,41,0,0.429550908,5833.0,10,0,1,0,2
0.300389039,65,1,0.546342271,12083.0,21,0,2,0,1
0.276693644,40,1,0.680188544,7000.0,16,0,2,0,1
0.031397875,47,0,0.062149008,10683.0,3,0,1,0,1
0.7509038,30,1,0.120606155,6400.0,6,1,0,0,0
0.003999917,70,0,0.169478815,8000.0,8,0,1,0,1
0.046415495,55,0,724.0,0.0,6,0,0,0,0
0.356550722,41,0,0.031242189,4000.0,2,0,0,0,2
0.826128266,36,0,0.07532078,6000.0,3,0,0,1,0
0.9999999,87,0,0.011423132,2100.0,5,0,0,0,0
0.051547423,45,0,0.51109778,3333.0,4,0,1,0,1
0.867455686,58,0,0.784253051,5816.0,12,0,3,0,0
0.144309282,24,0,0.00684369,3652.0,4,0,0,0,0
0.219835804,69,3,0.516918647,12500.0,8,0,3,0,1
0.043190141,71,0,1783.0,5400.0,10,0,1,0,1
0.402665929,44,0,0.145365979,7800.0,9,0,0,0,0
0.0,41,0,0.310335782,7623.0,7,0,2,0,2
0.000464637,50,1,0.172056132,4916.0,4,0,1,0,0
0.098066711,32,0,248.0,1.0,7,0,0,0,4
0.281885767,87,0,0.164475902,11867.0,7,0,2,0,0
0.002748573,48,2,0.14913427,12243.0,19,0,2,0,2
0.641712292,39,1,0.31239213,8690.0,15,0,1,0,4
0.087947533,36,0,5.184259838,1600.0,10,0,4,0,0
0.824774841,46,0,1.009247688,4000.0,18,0,0,0,0
0.0,45,0,0.24569324,8416.0,10,0,1,0,0
0.028980974,66,0,0.226452378,7590.0,13,0,1,0,0
0.9999999,24,0,0.0,1900.0,1,0,0,0,1
0.005653629,59,0,0.243918694,3000.0,6,0,2,0,0
0.845686173,52,1,0.257958673,25600.0,9,0,3,0,0
0.9999999,28,0,0.444334488,2020.0,3,1,0,0,0
0.0,71,0,0.226954609,5000.0,7,0,1,0,0
0.021080132,61,0,1.209916034,2500.0,11,0,2,0,1
0.209296363,48,2,0.272727273,5400.0,8,0,1,0,1
0.23998868,78,0,1861.0,5400.0,8,0,1,0,0
0.147044892,48,0,0.08416181,5833.0,5,1,0,0,2
0.242702936,56,0,0.557639703,5117.0,12,0,1,0,1
0.004483418,73,0,0.000999833,6000.0,5,0,0,0,1
0.276348682,49,2,782.0,5400.0,3,0,0,0,0
0.12159932,76,0,0.122709606,1800.0,6,0,0,0,0
0.042088924,63,0,0.430966849,13000.0,8,0,2,0,0
0.0,39,0,0.484648865,8500.0,17,0,2,0,4
0.232038444,52,0,0.435122799,4600.0,14,0,1,0,0
0.0,68,0,0.272954403,1600.0,8,0,1,0,0
0.446767413,46,0,0.323283691,8258.0,9,0,2,0,2
0.502497502,31,0,0.422315537,3333.0,10,0,1,0,0
0.473755047,54,3,0.15364106,6000.0,6,6,0,2,0
0.001621578,76,0,3261.0,5400.0,5,0,2,0,1
0.121776655,28,0,0.475930972,1100.0,3,0,0,0,0
0.030438782,52,0,1439.0,5400.0,5,0,1,0,0
0.414606831,37,0,0.053429852,2900.0,2,0,0,0,2
0.0,64,0,1061.0,5400.0,8,0,2,0,0
0.030499365,78,0,0.274817883,7000.0,5,0,1,0,1
0.515499184,49,0,0.268448013,7222.0,4,0,1,0,1
0.0276233,55,0,0.244062046,8251.0,11,0,2,0,2
0.000315756,29,0,0.130573885,5000.0,3,0,1,0,2
0.019555929,68,0,0.40328119,2620.0,18,0,1,0,1
0.277725369,33,0,0.345676458,9667.0,10,0,1,0,1
0.222120469,49,0,0.25234662,7350.0,7,1,1,0,3
7.24e-05,63,0,3290.0,5400.0,15,0,1,0,0
0.016029075,65,0,0.348258706,2411.0,11,0,0,0,0
0.089276091,83,0,45.0,5400.0,3,0,0,0,0
0.06331466,35,0,2343.0,5400.0,6,0,2,0,0
0.077491077,66,0,0.02159784,10000.0,5,0,0,0,0
0.258414887,60,0,3414.0,5400.0,15,0,4,0,0
0.701573322,31,0,458.0,5400.0,3,0,0,0,0
0.518651241,53,0,0.207738542,5323.0,8,0,0,0,0
0.457918069,56,0,0.539335416,7041.0,10,0,2,0,0
0.435295387,38,0,0.124606554,5400.0,18,0,0,0,2
0.9999999,36,3,1848.0,5400.0,4,1,1,2,0
0.074799077,77,0,995.0,5400.0,6,0,1,0,0
1.034430714,40,3,0.433426629,2500.0,7,1,0,0,0
0.224512885,40,1,4452.0,5400.0,8,0,1,0,0
0.099110788,37,0,0.421457854,10000.0,11,0,2,0,2
0.014356117,62,0,0.332357247,5463.0,10,0,1,0,0
0.615223049,58,0,0.484566104,3433.0,14,0,1,0,0
0.023922157,66,0,21.0,5400.0,6,0,0,0,0
0.773211878,36,1,0.280620805,4767.0,8,0,0,0,0
0.087638778,66,0,0.258186739,3694.0,5,0,0,0,1
0.01383922,73,0,0.226804124,3200.0,8,0,1,0,1
0.032723415,81,0,0.337832771,5333.0,19,0,2,0,0
0.183645098,43,0,0.543787676,11943.0,13,0,2,0,4
0.126834927,49,0,0.724545909,6000.0,15,0,2,0,0
0.105948561,31,0,68.0,5400.0,2,0,0,0,0
0.0,28,0,0.57467635,3166.0,3,0,1,0,0
0.305619427,55,2,0.325650369,11800.0,15,0,2,0,2
0.891110824,30,0,0.39347079,2909.0,9,0,0,0,0
0.802013972,50,0,0.369595906,11333.0,9,0,1,0,3
0.080608872,62,1,2462.0,5400.0,6,0,1,0,0
0.717797367,34,0,0.525868307,5527.0,9,0,1,0,0
0.218611666,34,0,0.488677581,10200.0,16,0,3,0,1
0.375744744,61,0,0.259580838,3339.0,13,0,2,0,0
0.433192403,42,1,2124.0,5400.0,9,0,1,0,0
0.307218697,55,0,0.329744787,13282.0,24,0,2,0,1
0.175085679,60,0,0.481072931,12600.0,8,0,1,0,0
0.086134406,46,0,0.328663164,15416.0,10,0,2,0,2
0.051043054,48,0,1597.0,5400.0,7,0,1,0,0
0.983475424,54,1,0.208583295,4333.0,8,0,0,0,2
0.9999999,30,1,0.143010177,5600.0,2,0,0,0,2
0.096418214,49,0,0.791201035,8500.0,7,0,2,0,2
0.9999999,72,0,3801.0,5400.0,4,0,1,0,0
0.614451546,50,0,0.434378061,4083.0,5,0,2,0,1
0.0,73,0,0.323419145,4000.0,4,0,1,0,0
0.020953799,61,0,0.371348027,7803.0,9,0,1,0,1
0.335570117,39,0,0.400693148,3750.0,10,0,1,0,2
0.889036988,45,0,0.23658965,7400.0,4,0,1,0,2
0.065111128,69,0,0.664290682,5751.0,14,0,2,0,0
0.0505187,50,0,0.246739697,1916.0,8,0,1,0,0
0.060560909,39,0,0.198144148,12500.0,8,0,1,1,2
0.02137667,70,0,1714.0,5400.0,16,0,2,0,0
0.507790862,44,2,0.149314178,60000.0,9,0,3,0,0
0.042299013,69,0,0.008376661,3461.0,5,0,0,0,0
0.176852893,30,0,0.500333111,1500.0,4,0,1,0,0
0.037327468,52,0,0.386406376,11166.0,16,0,4,0,1
0.88227943,50,1,0.14999222,6426.0,7,0,0,0,2
0.0,53,0,0.323081702,9656.0,8,0,2,0,1
0.032451445,69,0,0.361917003,5445.0,11,0,1,0,0
0.290056815,57,0,0.489111032,2800.0,11,0,1,0,0
0.424377686,68,0,0.754634311,8900.0,13,0,1,0,1
0.039337271,64,0,0.444589735,6117.0,15,0,3,2,0
0.260911447,57,0,0.35728983,6803.0,15,0,2,0,1
0.180643244,63,0,0.411877395,4697.0,13,0,1,0,0
0.086771635,31,1,0.258609198,4500.0,6,0,1,0,0
0.9999999,36,0,0.513946778,12475.0,9,0,4,0,3
0.51907864,65,1,0.306272757,12083.0,18,1,2,0,0
0.014897054,75,0,16.0,5400.0,2,0,0,0,0
0.0,63,1,2367.0,5400.0,12,0,2,0,0
0.10685409,69,0,0.021432709,5178.0,6,0,0,0,1
0.01719914,55,0,1.827522936,1089.0,5,0,2,0,1
0.03037462,53,0,0.201707082,28000.0,6,0,2,0,3
0.005359571,80,0,2.0,5400.0,2,0,0,0,0
0.821921722,33,0,0.715953307,2569.0,5,0,1,0,4
0.417982214,45,0,2332.0,5400.0,4,0,1,0,0
0.209093237,57,0,0.330702447,3800.0,7,0,2,0,0
0.034116955,66,0,0.180771077,6250.0,8,0,2,0,0
1.185628743,41,0,0.010996335,3000.0,1,2,0,0,0
0.254066137,55,0,0.571995634,10076.0,11,0,2,0,1
0.074577306,34,0,0.628124142,3640.0,8,0,2,0,0
0.9999999,76,0,0.0,5400.0,3,0,0,0,0
0.0,24,0,0.020824656,2400.0,3,0,0,0,0
1.019993336,32,2,0.213344241,11000.0,7,0,1,0,0
0.055840605,41,0,0.008436445,5333.0,9,0,0,0,0
0.029239415,62,0,0.184117154,15500.0,6,0,2,0,1
0.521652181,41,0,0.353445198,2800.0,5,0,1,0,1
0.307310105,55,1,0.754016423,2800.0,5,0,1,0,1
0.256824323,55,0,0.218192511,5100.0,7,0,0,0,4
0.004371346,48,0,0.286240463,7601.0,7,0,2,0,1
0.0,45,2,0.48364924,4800.0,8,1,1,1,2
0.04130809,72,0,0.005870841,2554.0,3,0,0,0,0
0.568320818,57,0,0.79273348,4100.0,7,0,3,0,0
0.309421154,37,0,0.944751381,3800.0,8,0,2,1,1
0.035658506,38,0,0.150106237,8000.0,7,0,3,0,0
0.1520058,79,0,0.670342562,4261.0,28,0,2,0,0
0.084575005,64,0,4993.0,5400.0,16,0,4,0,0
0.321321431,75,0,1.337987569,11100.0,7,1,2,0,0
0.149496514,37,0,0.771021144,6100.0,4,0,2,0,0
0.031640597,70,0,0.307709398,4500.0,9,1,2,0,1
0.530889516,51,0,0.219890055,2000.0,7,0,0,0,1
0.166907402,44,0,5446.0,5400.0,13,0,4,0,0
0.032664146,47,0,2437.0,5400.0,5,0,1,0,0
0.302767899,41,0,0.663239075,3500.0,6,0,1,0,2
0.242932118,56,0,0.360519926,7000.0,10,0,2,0,3
0.107614482,88,1,0.310125432,5500.0,10,0,2,0,0
0.53079086,36,0,0.244217687,2939.0,6,0,0,0,2
0.007186319,50,0,975.0,5400.0,10,0,1,0,0
1.019994287,26,4,0.124704599,5500.0,5,1,0,1,0
0.378092332,34,0,0.638289369,2501.0,8,0,1,0,1
0.054507979,55,0,0.235678078,14400.0,6,0,1,0,2
0.794311717,62,0,0.507859551,26400.0,26,0,6,0,2
0.061430772,43,1,0.295632699,6250.0,7,1,1,0,0
0.99190081,49,0,0.43011825,7018.0,9,0,1,0,2
0.041831939,72,0,0.263865943,4236.0,5,0,1,0,1
0.349512371,50,1,0.703899771,5666.0,15,0,1,0,1
0.450220995,45,1,0.32666748,8200.0,10,0,2,0,1
0.9999999,21,18,0.0,2000.0,0,18,0,18,0
0.896215187,47,2,0.284775778,3500.0,4,0,1,1,3
0.309672452,56,0,0.611262799,5859.0,11,0,2,0,0
0.0,63,0,1.447350204,13000.0,17,0,8,0,0
0.0,42,0,0.78894691,4595.0,4,0,1,0,1
0.0,63,0,476.0,5400.0,12,0,1,0,0
1.159468439,33,0,0.133708216,3200.0,3,0,0,0,2
0.002175161,34,0,0.247110278,3200.0,10,0,0,0,1
0.236010581,43,0,0.794037448,5500.0,15,0,4,0,2
0.283838876,37,0,0.51870894,3500.0,10,0,2,0,0
0.058943232,42,0,0.009425878,3500.0,4,0,0,0,2
0.456809712,29,0,616.0,5400.0,9,0,0,0,0
0.766719711,43,1,0.613590076,5400.0,9,0,1,0,0
0.0,47,0,0.139714571,11000.0,9,0,1,0,2
0.32282304,43,0,0.562783258,3750.0,10,0,1,0,1
0.117290293,40,0,0.661558565,8417.0,7,0,3,0,3
0.023873566,68,0,0.526641724,7750.0,14,0,2,0,0
0.014599027,70,0,0.217391304,2598.0,2,0,0,0,0
0.9999999,41,0,0.220283019,10599.0,1,0,1,0,2
0.032285649,48,0,0.23844872,6600.0,9,0,2,0,0
0.128178988,46,0,0.054868141,8000.0,8,0,0,0,1
0.001990172,80,0,0.000249958,12001.0,8,0,0,0,0
0.246415814,35,1,0.323671498,6416.0,19,0,1,0,0
0.269596974,46,0,0.053325433,6750.0,4,0,0,0,0
0.012166482,77,0,0.187521426,5833.0,8,0,1,0,0
0.142115904,43,0,0.598731574,5833.0,8,0,2,0,3
0.047254715,64,1,64.0,5400.0,5,0,0,0,0
0.985735235,51,0,0.413799482,5405.0,6,0,1,0,0
0.04219578,38,0,0.352202806,8125.0,4,0,1,0,2
0.054697967,45,0,0.331698664,9583.0,5,0,1,0,0
0.103744813,34,0,0.152474588,6000.0,7,0,0,0,0
1.331797235,41,3,1099.0,5400.0,7,0,0,1,0
0.962993506,42,0,0.425616322,3528.0,7,0,0,0,2
0.011226239,59,0,0.29631224,6968.0,8,0,1,0,0
0.9999999,48,1,0.003845168,3900.0,0,1,0,1,2
0.036107639,42,0,0.079873569,11705.0,12,0,1,0,4
0.587841216,33,0,0.304836895,2666.0,5,0,0,0,0
0.404261217,58,1,0.431303435,13333.0,15,0,3,0,2
0.9999999,61,0,0.0970495,4100.0,1,1,0,1,2
0.48935721,48,0,0.393285905,8995.0,9,0,1,0,0
0.105212225,57,0,2270.0,5400.0,5,0,1,0,0
0.902260962,41,0,0.629763131,5825.0,11,0,4,0,0
0.634156698,55,0,0.180896354,12918.0,16,0,0,0,0
0.010342718,52,0,2874.0,5400.0,16,0,2,0,0
0.9999999,47,0,0.0,5400.0,4,0,0,0,0
0.00055384,85,0,9.52e-05,10500.0,12,0,0,0,0
0.015355006,54,0,0.373267848,5700.0,10,0,2,0,0
0.301555955,44,0,0.639738766,14086.0,11,0,4,0,1
0.99380124,29,2,0.296685955,1900.0,7,0,0,0,0
0.0,77,0,0.034753776,57000.0,16,0,1,0,0
0.049306934,65,0,0.349930014,5000.0,6,0,1,0,1
0.009538849,70,0,0.190613087,16000.0,13,0,3,0,0
0.162268146,56,0,123.0,5400.0,2,0,0,0,0
0.702287049,72,0,0.264388489,6671.0,14,0,0,0,0
0.19873338,41,0,10333.0,5400.0,10,0,8,0,1
0.00564573,83,0,0.140437544,1416.0,2,0,0,0,0
0.007026869,59,0,0.30071599,9636.0,5,0,2,0,2
0.01049965,56,0,0.341886988,3857.0,10,0,1,0,1
0.196593971,51,0,1394.0,5400.0,7,0,1,0,0
0.20190553,61,0,0.396864541,5676.0,23,0,1,0,0
0.863427315,44,0,0.239084229,16466.0,12,2,4,0,0
0.270500713,46,0,0.421957804,10000.0,11,0,3,0,0
0.430594637,48,0,0.228860516,4150.0,5,0,0,0,3
0.352664734,35,0,0.346059449,11000.0,5,0,2,0,1
0.003721716,49,0,0.001175433,6805.0,8,0,0,0,0
0.482038151,42,0,0.08432882,11300.0,4,0,0,0,4
0.004185134,61,0,0.00166113,6019.0,6,0,0,0,0
0.006927627,62,0,0.002666222,6000.0,7,0,0,0,0
0.220476309,67,0,4993.0,5400.0,18,0,2,0,1
0.116460948,54,1,0.244344457,8000.0,8,0,2,0,2
0.036420773,27,0,0.279534715,2750.0,7,0,0,0,0
0.731153415,42,0,0.29169973,6300.0,8,0,1,0,2
0.012076691,76,0,4462.0,5400.0,12,0,2,0,0
0.840035548,44,1,0.661267746,5000.0,6,0,2,0,1
0.110196327,58,0,0.593650794,10709.0,13,0,4,0,3
0.9999999,64,0,0.0,5400.0,9,0,0,0,0
0.578219507,68,0,0.477558348,6683.0,12,0,2,0,2
0.922426379,59,0,0.371516622,15250.0,10,0,1,0,1
0.066783797,60,0,0.192623468,7916.0,15,0,1,0,0
0.181771987,63,0,0.345126221,5426.0,11,0,1,0,1
0.605333093,64,3,0.01928846,45000.0,11,1,1,0,0
0.24207429,62,0,0.187903618,14400.0,10,0,3,1,2
0.133194672,43,0,0.383409456,8100.0,12,0,2,0,1
0.101234523,41,0,0.397365317,5085.0,10,0,1,0,0
0.0,30,0,911.0,5400.0,4,0,2,0,0
0.0,66,0,0.0,10000.0,3,0,0,0,0
0.23675094,63,0,1796.0,5400.0,7,0,2,0,0
0.239166965,68,0,0.182084777,3750.0,5,0,0,0,0
0.026259974,78,0,2302.0,5400.0,8,0,2,0,0
0.135841666,42,0,0.323894853,11830.0,9,0,2,0,2
0.263088661,59,0,0.357339395,8358.0,6,0,2,0,2
0.9999999,22,0,0.0,820.0,1,0,0,0,0
0.027108374,72,0,0.221463089,6000.0,8,0,1,0,0
0.0,36,0,0.079417226,7000.0,3,0,0,0,0
0.0,71,0,0.401239669,2419.0,6,0,1,0,0
0.072358954,72,0,1471.0,5400.0,9,0,1,0,0
0.190952262,64,2,0.204799675,4916.0,13,0,1,0,0
0.687154637,54,2,0.542224603,5600.0,11,0,2,1,0
0.031932277,60,0,0.218371131,7010.0,28,0,1,0,0
0.236216752,45,0,0.476300928,9915.0,9,0,2,0,2
0.231230731,44,0,0.079810726,3169.0,8,0,1,0,0
0.012541948,57,0,0.323419145,4000.0,7,0,1,0,0
0.0,41,0,0.160364781,18750.0,5,0,2,0,3
0.086287287,46,0,0.012102078,3800.0,6,0,0,0,0
0.016518341,52,0,0.003124349,4800.0,4,0,0,0,0
0.008838817,85,0,7.348452124,4166.0,9,0,1,0,0
0.095583035,54,0,3743.0,5400.0,8,0,2,0,0
0.03399864,29,0,3148.0,5400.0,6,0,1,0,1
0.428719813,43,0,0.031925185,3100.0,27,0,0,0,2
0.523008673,48,0,0.728451883,4779.0,8,0,2,0,0
0.810879275,48,0,0.133116883,7083.0,11,0,0,0,0
0.482634152,40,2,0.125398119,13500.0,11,0,1,0,2
0.686735949,43,0,0.345257662,10342.0,8,0,2,0,5
0.565886823,29,0,0.441162898,4333.0,8,0,1,0,0
0.116361141,52,1,0.181708421,6625.0,10,1,1,0,1
0.0359964,36,0,0.037525908,9166.0,5,0,0,0,0
0.875312469,43,2,0.546964399,12583.0,13,0,4,1,2
0.9999999,55,0,0.13379737,3878.0,1,0,0,1,0
0.0027924,64,0,0.300628545,6522.0,8,0,2,0,0
0.756698193,47,4,0.650514374,10400.0,14,0,3,0,3
0.458393045,45,1,0.345661037,10301.0,4,0,1,0,3
0.38225696,48,0,0.410747761,4800.0,11,0,1,0,1
0.827725182,53,1,0.280543891,5000.0,5,1,0,1,0
0.263840425,59,1,1319.0,5400.0,14,0,0,0,0
0.465127351,47,1,0.119847544,7083.0,6,3,0,0,0
0.9999999,37,0,0.0,10660.0,1,0,0,0,4
0.0,61,0,0.000141163,7083.0,7,0,0,1,1
0.701086594,44,0,0.1538042,3666.0,6,0,0,0,0
0.858180929,41,0,0.320922262,12837.0,7,0,2,0,3
0.186762647,44,0,0.579385737,1920.0,5,0,1,0,4
0.264030988,64,0,0.855487389,4400.0,7,0,2,0,0
0.054163431,58,0,0.416461382,6900.0,10,0,2,0,1
0.0,48,0,412.0,5400.0,3,0,0,0,0
0.9999999,26,2,0.100257069,3500.0,2,0,0,0,0
0.32643663,58,0,0.26289841,14400.0,10,0,3,0,0
0.04947108,38,0,598.0,5400.0,8,0,0,0,3
0.189487744,43,0,313.0,5400.0,10,0,0,0,0
0.493959862,44,0,0.556185644,6700.0,13,0,3,0,0
0.02939285,62,0,0.250438853,6835.0,11,0,1,0,0
0.119161938,59,0,813.0,5400.0,5,0,1,0,2
0.0,81,0,0.0,5400.0,5,0,0,0,0
0.0,44,0,0.39865705,8041.0,6,0,1,0,0
0.136343183,74,0,81.0,5400.0,1,0,0,0,0
0.9999999,47,0,0.022325709,7300.0,2,1,0,0,1
0.183639089,51,0,2373.0,5400.0,13,0,1,0,0
0.05864212,51,0,0.528329872,3370.0,8,0,1,0,0
0.936544563,53,1,0.510992056,5412.0,5,1,2,0,0
0.0,78,0,38.0,5400.0,3,0,0,0,0
0.413663015,54,1,0.923819373,2900.0,5,0,1,0,0
0.9999999,53,2,0.653068221,5833.0,8,3,2,1,0
0.0066477,33,0,0.063989335,6000.0,6,0,0,0,3
0.0,52,0,0.155467154,9300.0,7,0,1,0,2
0.003114197,57,0,0.408124882,5316.0,6,0,2,0,1
0.038443034,64,0,0.383156803,13500.0,12,0,2,0,1
0.030564885,56,0,0.450873272,12080.0,10,0,3,0,1
0.051529898,45,0,0.292495116,8700.0,5,0,1,0,0
0.198526716,46,0,1.261477046,500.0,7,0,0,0,2
0.5291814,58,0,0.13167035,3166.0,9,0,0,0,0
0.508427769,27,0,1.398294762,820.0,7,0,0,0,0
0.093793236,63,0,0.168834007,9150.0,7,0,1,0,0
0.04633123,66,0,89.0,5400.0,7,0,0,0,0
0.161511241,75,0,0.128205128,4523.0,9,0,0,0,0
0.199065577,33,0,0.519843101,4333.0,11,0,3,0,2
0.050637974,84,0,0.076340503,3300.0,4,0,0,0,0
0.0,58,0,1.067173131,2500.0,12,0,1,0,0
0.354528214,59,0,0.303868646,8891.0,17,0,2,0,0
0.035182632,65,0,0.157450655,6636.0,6,0,1,0,1
0.140140855,37,0,0.594982079,3905.0,5,0,2,0,0
0.496025902,72,0,0.785076758,2800.0,11,0,1,0,0
0.256031298,41,0,2027.0,5400.0,12,0,2,0,0
0.0,69,0,5266.0,5400.0,6,0,2,0,0
0.807407704,43,0,0.648087687,4287.0,10,0,1,0,2
0.096246544,35,0,0.142716535,2031.0,14,0,0,0,0
0.0,61,0,811.0,5400.0,8,0,2,0,0
0.0,41,0,0.0,4170.0,3,0,0,0,0
0.283205451,37,0,1375.0,5400.0,6,0,2,0,0
0.853455454,44,0,427.0,5400.0,2,0,0,0,0
0.022178103,44,0,1.132336656,5417.0,17,0,5,0,0
0.047702369,59,1,2202.0,5400.0,20,0,1,0,0
0.166016194,45,0,0.02729727,10000.0,6,0,0,0,1
0.901137358,30,0,0.175017643,2833.0,12,0,0,0,0
0.888111888,35,1,0.148170366,1666.0,9,0,0,0,0
0.0,68,0,1050.0,5400.0,3,0,1,0,0
0.902408675,51,2,0.713235294,1767.0,8,0,1,1,1
0.001898686,93,0,2.0,5400.0,9,0,0,0,0
0.548679206,48,0,0.199205448,3523.0,2,0,0,0,0
0.166899083,59,0,3.590341382,1200.0,12,0,1,0,0
0.025426193,64,0,0.138990696,7093.0,8,0,1,0,1
0.9999999,45,0,4.026973027,1000.0,4,0,1,0,2
0.55692997,46,3,0.621189405,2000.0,9,0,1,3,0
0.035774347,50,0,0.221871382,9500.0,11,0,1,0,0
0.691282499,61,2,0.021589134,96668.0,14,0,1,0,0
0.42362503,54,0,0.389566222,15583.0,16,0,2,0,5
0.790500913,39,1,0.776838966,4023.0,11,0,1,0,0
0.405808583,61,0,0.227546975,5800.0,9,0,0,0,0
0.962075848,69,0,0.004027618,3475.0,1,0,0,0,0
0.220901999,40,0,0.163870046,2800.0,11,1,0,0,0
0.0,56,0,0.002713898,7000.0,7,0,0,1,0
0.698565194,38,0,0.406850192,3123.0,9,0,0,0,3
0.005101892,63,0,0.236409081,4800.0,6,0,1,0,0
0.289004965,34,0,0.218003674,4898.0,6,0,1,0,4
0.0,29,0,0.200499688,1600.0,4,0,0,0,0
0.9999999,36,1,0.299729223,4800.0,5,2,1,0,3
0.007758729,61,0,0.279521238,6850.0,11,0,1,0,0
0.008796498,50,1,0.443690939,8994.0,21,0,2,0,0
0.039694482,51,0,0.242523407,11000.0,8,0,1,0,0
0.336482382,64,0,0.459731544,9833.0,14,0,0,0,0
0.0,45,0,0.220691494,11250.0,7,0,2,0,1
0.069992554,44,0,2063.0,5400.0,4,0,1,0,2
0.018990388,68,0,0.069326731,10500.0,18,0,1,0,0
0.057451024,54,2,0.620233859,3933.0,18,0,1,0,0
0.689075742,49,0,0.626882673,7900.0,16,0,3,0,1
0.108246993,48,0,0.382470575,8750.0,10,0,2,0,0
0.007938498,59,0,0.063572911,5300.0,9,0,0,0,0
0.014566607,63,0,0.001840491,4889.0,3,0,0,0,0
0.162738716,35,0,0.354312354,9437.0,7,0,2,0,1
0.151993012,37,0,98.0,5400.0,3,0,0,0,0
0.072912327,75,0,36.0,5400.0,3,0,0,0,0
0.008687069,64,0,0.006624172,8000.0,17,0,0,0,0
0.854304211,51,0,0.648153291,3600.0,6,0,1,0,2
0.062460962,23,0,0.000718735,4173.0,2,0,0,0,0
0.289739417,60,0,0.543478261,7083.0,9,0,3,0,1
0.9999999,29,0,0.001962227,4076.0,0,1,0,0,0
0.567426889,54,2,0.110901611,5833.0,8,0,0,0,0
0.052872172,48,0,994.0,5400.0,8,0,1,0,0
0.024875151,61,1,0.17550077,6489.0,5,0,1,0,2
0.123391774,37,1,0.562227603,4129.0,11,0,3,0,2
0.023531765,49,0,0.395660434,10000.0,5,0,2,0,0
0.350718383,54,1,0.197832603,13010.0,8,0,1,0,3
0.9999999,28,0,0.118822876,1800.0,3,0,0,0,0
0.173292471,76,0,0.121287871,10000.0,8,0,1,0,0
0.492940597,40,0,0.234553089,5000.0,5,0,0,0,3
0.831876759,38,3,0.06589693,3550.0,11,0,0,0,0
0.0,53,0,0.046988253,4000.0,5,1,0,0,0
0.005849708,49,0,561.0,5400.0,3,0,0,0,0
0.410360909,41,0,0.107658643,4569.0,5,1,0,1,2
0.099537932,45,0,0.33427762,6000.0,18,0,2,0,0
0.772330346,66,1,0.667166417,2667.0,14,0,1,1,0
0.780851506,47,0,0.753591541,8700.0,10,0,3,0,1
0.688715564,61,0,0.165133946,2500.0,6,0,0,0,0
0.035676269,50,0,0.486752208,6000.0,7,0,3,0,0
0.008557941,72,0,0.117894105,6666.0,9,0,1,0,1
0.625379725,48,0,0.378645053,11350.0,12,0,1,0,1
0.234240658,56,0,0.514156405,9500.0,12,0,2,0,0
0.009668762,93,1,0.00219956,5000.0,5,0,0,0,0
0.179735553,42,0,0.057993556,9000.0,5,0,0,0,4
0.0,52,1,0.344895189,6630.0,9,0,2,0,0
0.643100408,73,0,0.583565029,3236.0,5,0,1,0,0
0.055617435,36,1,0.822057697,3916.0,13,0,1,0,0
0.73985203,52,0,0.145133573,6400.0,3,0,0,0,2
0.015864553,60,0,0.08347913,4000.0,5,0,0,0,0
0.012465564,73,0,2296.0,5400.0,12,0,1,0,0
0.0,77,0,0.0,0.0,3,0,0,0,0
0.393470071,54,0,0.034083255,7422.0,2,0,0,0,2
0.014811574,49,0,4255.0,5400.0,3,0,2,0,0
0.00645101,40,0,0.489563235,5700.0,8,0,3,0,1
0.314595927,63,1,0.338830585,3334.0,11,0,1,0,1
0.08731847,65,0,0.341218822,11666.0,10,0,1,0,0
0.399370607,71,0,0.302195236,2140.0,3,0,0,0,0
0.958027981,29,3,0.26691103,3000.0,8,0,0,2,0
0.194995026,51,1,0.343897378,5300.0,9,0,1,0,0
0.228882283,68,0,0.137877614,3872.0,6,0,0,0,0
0.07805562,61,0,0.212513884,2700.0,7,0,1,0,1
0.02038484,72,0,0.011753183,4083.0,9,0,0,0,0
0.333483326,60,0,0.353872328,13518.0,6,0,2,0,0
0.010409264,48,0,0.502982582,4190.0,10,0,1,0,2
0.181453705,55,0,2.055234087,1900.0,16,0,2,0,0
0.017943805,62,0,0.094749093,14606.0,10,0,1,0,0
0.611592272,22,0,0.029032258,929.0,2,0,0,0,0
0.089356922,49,0,0.222525225,11000.0,10,0,2,0,3
0.9999999,60,0,0.042954265,3235.0,0,2,0,0,2
0.889155506,59,0,0.571697193,14358.0,15,0,3,0,2
0.01621534,53,0,9.0,5400.0,3,0,0,0,0
0.425149701,23,0,0.005545287,1081.0,1,0,0,0,0
0.099180164,31,0,0.008269344,1692.0,1,0,0,0,0
0.011257639,35,0,837.0,5400.0,23,0,0,0,0
0.170373934,63,0,0.070299266,7083.0,12,0,0,0,0
0.143712575,29,0,1.389027431,400.0,4,0,0,0,0
0.075097252,52,0,1290.0,5400.0,8,0,1,0,0
0.267189723,53,1,0.529715676,30000.0,11,0,3,0,3
0.072186663,63,0,0.019497563,5333.0,9,0,0,0,0
0.035586651,54,0,0.395606424,5416.0,8,0,2,0,1
0.508232021,49,0,0.718228177,10000.0,29,0,7,0,3
0.024078958,74,0,0.009648058,16479.0,30,0,0,0,0
0.9999999,39,1,0.412646838,4000.0,13,0,1,1,2
0.038808813,48,0,1786.0,5400.0,8,0,1,0,0
0.049802837,61,0,0.529720039,7250.0,10,0,2,0,0
0.012924325,43,1,0.362625139,8090.0,10,1,3,1,1
1.128856624,65,0,646.0,5400.0,4,1,0,0,0
0.9999999,29,0,0.017982018,1000.0,0,1,0,0,0
0.355413217,42,1,0.356447803,10584.0,13,0,2,0,2
0.011191067,72,0,0.181423925,5533.0,11,0,1,0,0
0.055611975,86,0,0.323767623,10000.0,13,0,2,0,0
0.429471634,54,0,0.596519135,10686.0,23,0,4,0,0
0.455588338,49,1,0.661487578,13000.0,22,0,3,0,1
0.189487537,63,0,0.700480393,8950.0,15,0,2,0,0
0.028932916,73,0,0.18327778,21300.0,11,0,2,0,0
0.40008938,43,1,0.161919831,3791.0,9,0,0,0,0
1.42192691,50,1,0.058002937,4085.0,2,0,0,1,2
0.020252951,82,0,0.088443635,4940.0,7,0,0,0,0
0.777149813,47,0,0.279139271,11710.0,9,0,1,0,3
0.9999999,25,0,0.440175631,910.0,1,1,0,0,0
0.059207436,36,1,1.154441985,6325.0,12,0,3,0,1
0.014317691,71,0,0.152200406,7384.0,7,0,1,0,0
0.115798553,69,0,0.019024762,80000.0,4,0,0,0,0
0.018921393,51,0,0.00523195,8600.0,6,0,0,0,0
0.998766708,51,0,0.557243708,6515.0,5,0,1,0,3
0.271248583,87,0,122.0,5400.0,2,0,0,0,0
0.9999999,26,0,0.283791579,5200.0,6,0,0,0,0
0.9999999,61,0,97.0,5400.0,2,0,0,0,0
0.064148396,36,0,0.114074074,3374.0,11,0,0,0,0
0.057066998,36,0,0.320425416,7333.0,4,0,1,0,0
0.760615959,45,0,0.610788189,4300.0,12,0,2,0,0
0.089533284,58,0,0.304763071,8166.0,13,0,4,0,0
0.0,76,0,0.0,5400.0,3,0,0,0,0
0.669452849,34,0,0.507854899,3500.0,8,0,1,0,0
0.000998988,65,0,1.194690265,3502.0,13,0,2,0,0
0.0,33,0,0.440536407,8500.0,6,0,2,0,2
0.030662117,58,0,0.283292031,7666.0,10,0,1,0,0
0.065540082,47,1,0.257957007,6000.0,7,0,2,0,0
0.100147496,68,0,0.042841842,2800.0,2,0,0,0,0
0.029766941,33,0,0.00219956,5000.0,1,0,0,0,0
0.266329338,39,0,0.035672642,27443.0,6,0,0,0,0
0.023904382,40,0,0.49557749,7800.0,8,0,3,0,1
0.698726394,56,1,0.8997001,3000.0,8,0,1,0,1
0.526982012,55,0,0.343015805,2340.0,4,0,0,0,0
0.004533132,68,0,1619.0,5400.0,5,0,1,0,0
0.78725186,57,3,0.942156629,4200.0,8,0,2,0,0
0.001666587,49,0,0.000181785,5500.0,1,0,0,0,0
0.062423175,71,0,1178.0,5400.0,7,0,1,0,0
0.9999999,49,0,0.39734448,4066.0,5,0,1,0,0
0.053125629,57,0,1167.5,1.0,19,0,1,0,3
1.548094374,24,0,37.0,5400.0,3,0,0,2,0
0.043116821,66,0,0.621664361,5058.0,9,0,2,0,1
0.9999999,62,8,0.800428418,2800.0,13,2,1,3,0
0.132470269,42,0,1797.0,5400.0,4,0,1,0,0
0.509414647,45,0,1.267622063,6000.0,11,0,4,0,2
0.025211357,60,0,0.291513899,15000.0,12,0,2,0,0
0.157943445,59,1,0.480923222,4245.0,17,0,2,0,1
0.9999999,47,0,0.230579911,6500.0,4,0,1,0,0
0.058855041,70,0,54.0,5400.0,6,0,0,0,0
0.171779924,50,0,0.091025477,7810.0,11,0,1,0,2
0.104287893,30,0,55.0,5400.0,2,0,0,0,0
0.014341335,36,0,0.05265789,6000.0,11,0,0,0,0
0.003999902,79,0,0.011396011,350.0,8,0,0,0,0
0.013702253,65,0,0.610383944,4583.0,15,0,2,0,0
0.642743512,38,0,0.103728551,7750.0,3,0,0,0,1
0.076049943,44,0,1998.0,5400.0,2,0,1,0,0
0.54249868,50,0,0.926678887,6000.0,12,0,2,0,2
0.526436298,32,0,0.461886496,10166.0,13,0,2,0,3
0.9999999,62,0,0.617076585,5000.0,7,0,5,0,1
0.009266049,58,0,1385.0,5400.0,5,0,0,0,0
0.223250137,55,0,0.785535744,6000.0,14,0,2,0,0
0.003468267,46,0,0.185191173,12370.0,5,0,1,0,3
0.632187688,41,0,0.490181332,11966.0,16,0,2,0,0
0.0,54,1,0.692160072,17716.0,15,0,5,0,0
0.196772291,50,0,0.108891109,1000.0,3,0,0,0,1
0.505345743,49,0,0.428905597,5984.0,9,0,2,0,1
0.439091461,37,0,0.683732202,3300.0,7,0,2,0,2
0.904968271,48,1,0.497275595,3486.0,10,0,1,1,2
0.002042379,61,0,0.607285651,2250.0,7,0,1,0,0
0.09459253,49,0,0.09886148,5269.0,8,0,0,0,0
0.177332627,51,0,0.021373089,142000.0,15,0,2,0,4
0.270915272,43,0,0.138489829,8700.0,3,0,0,0,2
0.749538226,59,0,2973.0,5400.0,15,0,0,0,0
0.711364788,40,0,0.308548912,5836.0,6,0,0,0,2
0.0,59,0,0.083152808,6000.0,5,1,0,0,0
0.543695644,52,0,0.361891049,4166.0,9,0,1,0,1
0.0,34,0,3196.0,0.0,12,0,2,0,2
0.33240845,56,0,3579.0,5400.0,7,0,2,0,0
0.014550824,54,0,0.180179756,21250.0,16,0,4,0,1
0.160403732,64,0,0.348387634,12000.0,15,0,2,0,1
0.062815711,46,1,54.0,5400.0,6,0,0,0,0
1.00119976,53,0,0.108072342,6800.0,6,0,0,0,0
0.258786188,48,0,0.639371578,4200.0,19,0,2,0,2
0.0,69,0,1009.0,5400.0,6,0,1,0,0
0.036854955,57,0,0.414373947,5342.0,10,0,2,0,1
0.548666186,62,0,0.272991639,2750.0,8,0,0,0,0
0.069398265,56,0,0.187771346,2763.0,5,0,1,0,0
0.244146321,76,0,0.187140115,2083.0,3,0,1,0,0
0.528254379,75,1,0.861025188,4525.0,9,0,1,0,0
0.34212433,69,0,0.398920216,5000.0,8,0,0,0,0
0.060621663,35,0,0.260887556,9666.0,6,0,1,0,0
0.288183715,38,0,0.406247024,10500.0,9,0,2,0,3
0.597414026,77,2,5483.0,5400.0,15,0,3,0,0
0.024999735,47,0,0.525147485,10000.0,16,0,3,0,3
0.20740504,54,0,0.390858853,8685.0,11,0,1,0,2
0.269312676,45,0,261.0,5400.0,5,0,0,0,0
0.232859249,43,1,0.444851716,3000.0,9,0,1,0,0
0.075568999,55,0,0.180576254,16103.0,18,0,1,0,0
0.9999999,74,0,0.312912473,15000.0,9,0,2,0,0
0.0,39,1,0.326009501,5051.0,10,1,1,0,3
0.339080384,79,0,0.400911708,4167.0,10,0,1,0,1
0.87494732,70,0,0.476037606,13082.0,6,0,1,0,0
0.009508344,53,0,2114.0,5400.0,10,0,3,0,0
0.091417973,57,0,0.253601241,13536.0,10,0,1,0,2
0.155940299,79,4,0.232736573,5473.0,9,4,2,3,1
0.337637817,56,0,0.28711368,20416.0,16,0,2,0,3
0.023541421,86,0,0.002639894,25000.0,10,0,0,0,0
0.053144672,33,0,621.0,5400.0,5,0,0,0,0
0.146016114,56,0,0.081590675,5833.0,17,0,0,0,0
0.024177708,53,0,2823.0,5400.0,8,0,1,0,1
0.040582079,32,0,0.589852537,4000.0,6,0,2,0,1
0.0,55,0,3054.0,5400.0,7,0,1,0,0
0.0,58,0,2389.0,5400.0,13,0,4,0,0
0.969645043,46,0,0.087076077,12000.0,7,0,0,0,3
0.336440207,58,0,1199.0,5400.0,9,0,0,0,1
0.0198058,91,0,721.0,5400.0,6,0,1,0,0
0.034512691,88,0,29.0,5400.0,2,0,0,0,0
0.9999999,22,0,24.0,5400.0,0,0,0,0,0
0.9999999,56,0,0.7236404,900.0,2,0,1,0,0
0.047990402,43,0,0.696651674,2000.0,7,0,1,0,1
0.0,42,0,0.93394823,3360.0,13,0,2,0,1
0.9999999,41,0,4.0,5400.0,1,0,0,0,0
0.015568752,79,0,277.0,5400.0,2,0,0,0,0
0.005722853,86,0,0.012794882,2500.0,14,0,1,0,1
0.782759455,61,1,0.181314879,2889.0,7,0,0,0,0
0.000604961,28,0,0.0,5400.0,4,0,0,0,0
0.010564998,44,0,4304.0,5400.0,8,0,2,0,0
0.9999999,59,1,0.966726619,1111.0,0,4,0,1,2
0.001383604,35,0,0.094758065,7935.0,5,0,0,0,3
0.0,63,0,0.729805014,9333.0,17,0,4,0,0
0.072855061,62,0,3003.0,5400.0,4,0,1,0,0
0.9999999,37,0,0.0,4000.0,2,1,0,0,1
0.255939837,35,0,0.996583699,2048.0,11,0,1,0,1
0.0,39,0,0.778447122,8963.0,7,0,5,0,0
0.100376043,68,0,1737.0,5400.0,6,0,1,0,1
0.225154158,66,0,0.216623037,4583.0,3,0,1,0,0
0.152292612,71,0,110952.0,5400.0,9,0,0,0,0
0.241656061,43,0,0.410296822,3806.0,7,0,1,0,3
0.097814407,69,0,0.13785558,3655.0,16,0,1,0,0
0.673357917,53,0,0.789550073,6200.0,14,0,3,0,2
0.226385807,62,0,5319.0,5400.0,14,0,2,0,1
1.080209043,25,0,0.212950891,2300.0,4,1,0,1,0
1.107556977,58,2,0.103671706,8333.0,5,1,0,2,3
0.0,36,0,0.608261159,1500.0,9,0,0,0,1
0.023247094,31,0,0.32183908,2000.0,3,0,0,0,0
0.436092378,50,3,0.46664859,7375.0,13,0,2,0,0
0.170521201,56,0,6185.0,5400.0,13,0,1,0,0
0.086777264,87,0,3246.0,5400.0,8,0,1,0,0
0.125317494,61,0,3301.0,5400.0,10,0,1,0,0
0.004777601,64,0,0.14230431,5684.0,3,0,1,0,1
0.055366767,59,0,0.286428393,4000.0,15,0,1,0,0
0.025586082,63,0,2675.0,5400.0,6,0,1,0,3
0.9999999,36,0,0.006228487,6100.0,0,1,0,0,2
1.000923041,51,0,0.243046719,5500.0,5,0,0,0,0
0.202439878,67,0,0.361527694,5000.0,11,0,1,0,0
0.0,61,2,2.911307272,2378.0,10,0,3,0,0
0.103955339,59,0,0.241543734,6710.0,17,0,2,0,1
0.419597694,40,0,0.22554034,6060.0,5,0,1,0,0
0.028064607,49,0,37.0,5400.0,5,0,0,0,0
0.065132248,57,1,0.303554457,5260.0,14,0,2,0,1
0.015679373,65,0,2875.0,5400.0,6,0,1,0,0
0.191339845,54,0,0.232560875,8500.0,16,0,1,0,1
0.332158758,42,0,0.592597541,7483.0,7,0,2,0,0
0.042837823,75,0,0.473276991,8400.0,17,0,2,0,0
0.0,71,0,0.0,10000.0,3,0,0,0,1
0.073865689,46,0,0.310514576,13000.0,11,0,4,0,2
0.501839201,62,0,0.547575286,7072.0,15,0,2,0,0
0.9999999,44,0,0.175845536,7716.0,4,0,0,0,1
0.001542657,70,0,783.0,5400.0,9,0,2,0,0
0.370449444,66,0,0.573046694,4325.0,5,0,1,0,0
0.421956849,47,0,0.237290984,11900.0,12,0,2,0,2
0.027065376,55,0,0.228706405,7196.0,17,0,2,0,0
0.0,25,0,0.238073603,2200.0,7,0,0,0,0
0.179911732,71,0,0.063426405,2900.0,6,0,0,0,0
0.274268752,91,0,1869.0,5400.0,27,0,1,0,0
0.05918887,47,0,1682.0,5400.0,5,0,2,0,0
0.012999435,77,0,0.001464397,5462.0,2,0,0,0,0
0.017814943,24,1,0.258531541,2900.0,5,0,0,0,0
0.0923256,68,0,103.0,5400.0,9,0,0,0,0
0.344823292,36,0,0.500499833,3000.0,17,0,1,0,0
0.075518456,48,0,0.099427031,8900.0,7,0,0,0,2
0.042527339,37,0,0.195734281,4500.0,10,0,0,0,0
0.01717404,37,0,0.437609075,4583.0,9,0,2,0,2
0.597366939,45,0,0.372179519,12098.0,12,0,1,0,4
0.950825458,47,1,0.378418112,3400.0,6,0,1,0,3
0.056805507,79,0,518.0,5400.0,4,0,1,0,0
0.885052249,51,0,0.127279635,2631.0,2,1,0,0,1
0.162872219,50,0,1774.0,5400.0,8,0,1,0,0
0.506164612,23,0,0.019026121,3100.0,4,0,0,0,0
0.07963395,34,0,0.022279349,3500.0,2,0,0,0,0
0.280627682,47,0,0.674703299,10700.0,16,0,2,0,1
0.9999999,53,1,0.586219207,2800.0,4,0,1,0,1
0.002722024,51,0,0.001214645,5762.0,7,0,0,0,0
0.000318787,51,0,0.043226381,4487.0,8,0,0,0,1
0.683015082,48,0,0.310286678,4150.0,9,0,0,0,0
0.39005545,28,1,398.0,5400.0,7,0,0,0,0
0.353181976,65,0,0.392800543,8833.0,16,0,2,0,0
0.454848472,40,0,0.481278181,5100.0,11,0,1,0,1
0.249162999,53,0,0.494289793,2801.0,9,0,2,0,0
0.962976675,72,0,0.589764094,2500.0,8,0,2,0,0
0.638361638,63,0,18.0,5400.0,3,0,0,0,0
0.188090595,63,0,0.321279787,6000.0,3,0,2,0,6
0.666640807,51,0,0.604624518,9600.0,14,0,1,0,2
0.119227281,54,0,0.392530373,6666.0,27,0,2,0,3
0.293824993,42,0,0.161827594,4442.0,3,0,0,0,3
0.188622879,61,0,1227.0,0.0,7,0,1,0,0
0.343884592,48,0,0.40085382,6792.0,11,0,1,0,0
0.027837259,30,0,0.000520562,1920.0,2,0,0,0,0
0.073113346,72,0,0.192543922,7000.0,4,0,1,0,0
0.0,79,0,0.0,5400.0,4,0,0,0,0
0.301493942,53,0,0.010398614,7500.0,5,0,0,0,2
0.162819765,41,0,0.38020464,9870.0,7,0,2,0,0
0.866237724,54,0,4377.0,5400.0,14,0,1,0,0
0.166519522,44,0,3.982300885,790.0,13,0,2,0,3
0.077167392,24,0,0.145228216,1686.0,8,0,0,0,0
0.978947922,45,1,4913.0,5400.0,11,0,1,0,2
0.149843752,87,0,0.148972603,2335.0,10,0,0,0,0
0.01264915,30,1,1270.0,5400.0,12,0,1,0,0
0.6322868,55,1,0.734678625,2675.0,14,0,0,0,0
0.146774639,44,0,2318.0,5400.0,9,0,2,0,1
0.409240865,49,0,2602.0,0.0,10,0,1,0,0
0.395596256,52,0,0.588835659,4800.0,9,0,2,0,1
0.179375334,73,0,0.398988936,10483.0,10,0,1,0,1
0.032355315,32,0,0.137824328,4200.0,5,0,0,0,0
0.9999999,88,0,3.0,5400.0,4,0,0,0,0
0.0,46,0,0.258829221,6200.0,5,0,1,0,1
0.106599693,62,0,0.745469522,2427.0,11,0,2,0,1
0.9999999,47,1,2564.0,5400.0,4,0,1,0,0
0.025619816,39,0,0.258127529,7166.0,12,0,2,0,3
0.2328918,50,0,0.491439149,2160.0,7,0,2,0,2
0.793606084,38,0,0.12987609,6536.0,11,0,0,0,2
0.104900317,43,0,2517.0,5400.0,6,0,2,0,0
0.121357775,52,0,0.289078991,9000.0,8,0,1,0,2
0.568195415,58,0,0.151694786,6578.0,4,0,0,0,2
0.038688381,42,0,0.463738697,5418.0,7,0,3,0,1
0.326128491,73,0,4572.0,5400.0,23,0,2,0,0
0.86746027,40,0,0.869244936,3800.0,7,0,1,0,1
0.9999999,70,0,703.0,5400.0,1,1,1,0,0
0.062788,65,0,0.323488694,6500.0,16,0,0,0,0
0.085231321,70,0,0.246071701,6554.0,8,0,1,0,1
0.012525715,47,1,0.084980237,7083.0,15,0,0,0,2
0.032300193,79,0,0.026789284,2500.0,7,0,0,0,0
0.0,76,0,0.0,3621.0,2,0,0,0,0
0.0,39,0,1131.0,5400.0,5,0,2,0,0
0.004194431,51,1,0.148560817,14000.0,7,0,2,0,3
0.000519979,62,0,4011.0,5400.0,7,0,1,0,0
0.317193832,31,0,2523.0,5400.0,6,0,2,0,0
0.17546618,52,0,0.463489623,1300.0,4,0,0,0,0
0.081002095,71,0,0.136863137,1000.0,5,0,0,0,0
0.48022907,49,0,0.433065106,4100.0,7,0,2,0,1
0.574031553,44,1,0.222519455,4111.0,7,0,0,1,1
0.03179422,81,0,0.081800446,7175.0,10,0,0,0,2
0.797311315,47,0,6521.0,5400.0,7,0,2,1,0
0.017006705,77,0,0.002705564,8500.0,8,0,0,0,1
0.014915303,78,0,20.0,5400.0,10,0,0,0,0
0.9999999,80,0,1016.0,5400.0,2,0,1,0,0
0.132442505,29,0,0.100130719,3824.0,5,0,0,0,0
0.552699229,48,0,0.207539088,4668.0,9,0,0,0,2
0.138535133,48,0,0.239083853,21000.0,13,0,2,0,4
0.9999999,36,0,0.102965678,3000.0,1,0,0,0,2
0.052568674,66,0,0.156374988,10250.0,3,0,1,0,1
0.476717152,59,0,3792.0,5400.0,10,0,2,0,0
0.422384241,60,0,0.468291159,3200.0,7,0,1,0,0
0.013253862,54,0,0.025373225,49500.0,9,0,3,0,1
0.110686429,69,0,0.583177103,8000.0,21,0,5,0,0
0.341836828,49,0,0.35089694,14214.0,10,0,1,0,4
0.06208663,58,0,0.029991431,3500.0,3,0,0,0,3
0.9999999,43,0,1742.0,5400.0,6,0,1,0,0
0.094164652,67,0,0.471388102,3529.0,11,0,1,0,0
0.042992466,74,0,0.173612887,7821.0,7,0,1,0,0
0.015150597,57,0,2703.0,5400.0,5,0,1,0,0
0.372820726,57,0,0.456843288,5340.0,9,0,1,0,0
0.073233115,44,0,0.375816558,7500.0,13,0,2,0,3
0.026160845,63,0,0.112985113,11620.0,11,0,3,0,0
0.001481382,51,0,210.0,5400.0,7,0,0,0,0
0.724183877,26,1,0.065060611,6516.0,5,0,0,0,1
0.162324144,46,0,0.189245375,14430.0,13,0,1,0,3
0.0879011,63,0,1047.0,5400.0,5,0,1,0,0
0.641294006,47,1,684.0,0.0,5,5,0,5,0
0.003049848,38,0,1021.0,1.0,6,0,1,0,4
0.0,72,0,0.313339046,3500.0,2,0,1,0,2
0.199244721,36,0,0.141247046,5500.0,7,0,0,0,0
0.9999999,50,0,0.0,3083.0,0,0,0,0,0
0.032499044,78,0,0.03036239,1020.0,5,0,0,0,0
0.0,53,1,47.0,5400.0,3,0,0,0,2
0.628480658,41,1,1732.0,5400.0,9,0,0,0,0
0.9999999,28,0,0.089053803,1616.0,1,0,0,0,2
0.105212043,48,1,0.470512269,4645.0,10,0,2,0,2
0.12175943,48,0,0.121730964,13841.0,9,0,1,0,5
0.250667576,30,0,0.202262959,11400.0,7,0,1,0,0
0.164737829,39,0,1.610694653,2000.0,9,0,1,0,2
0.9999999,54,0,2620.0,5400.0,8,0,2,0,5
0.181927358,69,0,0.974864324,3500.0,15,0,2,0,0
0.131929944,52,0,0.430411593,9936.0,14,0,3,0,0
0.229061452,59,1,0.421879463,3500.0,20,0,1,0,0
0.191237957,25,0,0.671132765,820.0,5,0,0,0,0
0.99830017,64,0,0.26946701,5046.0,6,0,1,0,0
0.264453661,65,0,0.182077897,10500.0,9,0,1,0,0
0.130106518,48,0,0.381184245,11500.0,10,0,2,0,0
0.925648835,54,0,0.168871117,6501.0,9,0,0,0,1
0.01529847,37,0,0.00099975,4000.0,2,0,0,0,0
0.038851593,55,0,0.0019995,4000.0,2,0,0,0,0
0.456954305,48,0,0.58022184,6400.0,7,0,2,0,1
0.304853903,80,0,2009.0,5400.0,11,0,1,0,0
0.115020298,53,0,0.145890868,10500.0,9,0,1,0,0
0.015714175,71,0,0.060279973,10500.0,26,0,1,0,0
0.229218175,53,0,2.016983017,1000.0,4,0,3,0,1
0.9999999,37,0,37.0,5400.0,1,0,0,0,0
0.027329631,52,2,0.244162409,18200.0,15,0,4,0,2
0.066098898,63,0,0.153639116,17833.0,7,0,1,0,2
0.003386988,76,0,269.0,5400.0,6,0,0,0,0
0.077489604,65,0,72.0,5400.0,6,0,0,0,0
0.171746184,48,0,0.358967367,11000.0,6,0,2,0,0
0.009695957,70,0,334.0,5400.0,7,0,1,0,0
0.419247318,46,1,0.473695198,4789.0,6,0,2,0,2
0.642376354,38,0,0.217432052,3200.0,8,0,0,0,0
0.002841132,62,0,0.036148285,6500.0,19,0,1,0,0
0.059001875,50,0,0.14470141,12625.0,8,0,2,0,0
0.198834022,53,0,0.286332715,1616.0,10,0,0,0,1
0.070859484,69,0,0.651075066,2650.0,10,0,2,0,0
0.557624852,46,0,0.602937226,11166.0,16,0,2,0,2
0.891021968,50,0,0.079120251,3500.0,6,0,0,0,0
0.023770885,81,0,45.0,5400.0,4,0,0,0,0
0.21672953,62,0,0.213516807,19693.0,13,0,3,0,1
0.0,43,0,0.12910597,3500.0,2,0,0,0,0
0.026721389,79,0,1144.0,5400.0,7,0,1,0,3
0.07895871,29,0,0.89276808,400.0,4,0,0,0,1
0.030500942,55,0,0.351916805,16250.0,8,0,2,0,2
0.04589936,58,0,0.267095821,9475.0,12,0,2,0,0
0.820489156,26,0,0.475381155,4000.0,8,0,1,0,0
0.395206857,43,0,0.558449612,9674.0,17,0,2,0,2
0.070147596,36,0,0.108906322,2166.0,2,0,0,0,0
1.009388367,60,1,0.454627676,3316.0,3,0,1,0,0
0.9999999,54,0,0.0,2166.0,0,0,0,0,0
0.059482369,78,1,1385.0,5400.0,17,0,1,0,0
0.021047285,52,0,0.006963042,5600.0,6,0,0,0,1
0.057571577,40,0,0.188184664,7667.0,13,0,1,0,0
0.343876931,53,0,0.479320062,11000.0,9,0,1,0,4
0.717976435,28,0,1806.0,5400.0,6,0,2,0,0
0.169833037,53,1,0.713580247,4859.0,15,0,2,0,1
0.915853202,60,0,1552.0,5400.0,7,0,0,0,0
0.9999999,61,0,980.5,1.0,2,0,1,0,0
0.065515396,53,0,0.652931854,4416.0,10,0,1,0,0
0.356067184,38,1,0.406532861,2540.0,7,0,0,0,0
0.196118287,31,1,0.420141429,4100.0,7,0,0,0,0
0.0,61,0,2843.0,5400.0,6,0,1,0,0
0.160741963,41,0,1825.0,5400.0,3,0,1,0,0
0.506558797,49,0,0.335743404,13000.0,16,0,2,0,4
0.938659058,45,2,3494.0,5400.0,7,0,1,0,0
0.297757298,62,0,4492.0,5400.0,14,0,2,0,0
0.0,63,0,0.230683091,6250.0,8,0,2,0,2
0.063727613,65,0,2065.0,0.0,19,0,1,0,0
0.032393521,40,0,26.0,5400.0,1,0,0,1,1
0.552110073,40,0,0.724101255,4700.0,10,0,1,0,0
0.04536892,87,0,78.0,5400.0,7,0,0,0,0
0.021920928,34,0,1763.0,5400.0,9,0,1,0,1
0.279807884,45,0,0.220815752,7820.0,15,0,0,0,2
0.55909606,48,2,0.384248577,6500.0,18,1,1,1,1
0.51909342,42,0,0.438833431,10217.0,5,0,2,0,2
0.046273306,42,0,0.313894808,8916.0,5,1,2,0,1
0.784190874,54,0,0.148010194,5100.0,6,0,0,0,0
0.051997189,86,0,0.01802962,1552.0,9,0,0,0,0
0.030099328,48,0,2038.0,5400.0,9,0,2,0,0
0.023535868,61,0,1325.0,5400.0,6,0,1,0,0
0.496630672,38,0,0.3432282,3233.0,8,0,1,0,2
0.0,62,5,1.486095017,1725.0,7,0,1,0,0
0.230654064,46,0,0.95448592,3053.0,13,0,2,0,1
0.044999328,46,0,0.181723347,9585.0,5,0,1,0,0
0.078287413,50,0,0.533058368,8000.0,11,0,4,0,0
0.884984689,55,0,0.307829658,11200.0,12,0,1,0,2
0.0,27,0,1021.0,5400.0,9,0,0,0,0
0.686034885,29,0,0.052556412,3500.0,3,0,0,0,2
0.9999999,49,0,0.191191891,8582.0,5,0,0,0,0
0.393750774,49,0,0.486283475,6123.0,38,0,2,0,1
0.004384689,39,1,0.359894149,3400.0,10,0,1,0,2
0.019918819,52,0,0.306948842,6000.0,11,0,2,0,0
0.007255369,76,0,0.00279944,5000.0,5,0,0,0,0
0.121752228,44,0,0.348941843,6000.0,5,0,1,0,2
0.055560386,27,0,0.075752335,5781.0,4,0,0,0,0
0.040140946,60,0,3775.0,5400.0,3,0,2,0,0
0.038847761,57,0,0.265622396,6000.0,13,0,2,0,0
0.015807388,76,0,0.185292157,4500.0,5,0,1,0,0
0.052567674,53,0,0.142374517,4143.0,2,0,0,0,1
0.008720423,63,0,74.0,5400.0,1,0,0,0,0
0.365732622,57,0,0.110432174,9000.0,6,0,0,0,2
0.0023529,72,0,1606.0,5400.0,5,0,2,0,0
0.350028633,42,0,0.98249453,2741.0,10,0,1,0,2
0.280956859,40,0,0.662303665,5347.0,12,0,2,0,1
1.054472764,46,3,0.177455636,4000.0,3,2,0,2,0
0.767038827,41,0,0.263173683,10000.0,8,0,2,0,2
0.998680053,55,0,1.061928934,984.0,2,0,0,0,1
0.297058737,45,0,0.413328411,5416.0,10,0,1,0,2
0.322655911,43,0,1.141285871,10000.0,4,0,1,0,3
0.337087952,46,1,0.418901026,12083.0,19,0,2,0,3
0.040501571,79,0,0.293341332,5000.0,10,0,1,0,0
0.579581094,63,1,0.403759495,7766.0,15,0,1,0,0
0.0,48,0,1108.0,5400.0,4,0,1,0,0
0.037296293,37,0,0.298219137,6625.0,9,0,1,0,2
0.396046458,33,0,0.162838034,3438.0,4,0,0,0,0
0.002978633,85,0,0.001047519,10500.0,12,0,0,0,0
0.0,69,0,0.763618191,2000.0,8,0,2,0,0
0.002266357,44,0,0.490420222,6210.0,6,0,1,0,2
1.016437892,58,0,178.0,5400.0,3,0,0,0,0
0.03029151,46,0,0.354758079,5600.0,11,0,1,0,1
0.0,42,0,0.339305058,12000.0,10,0,2,0,1
0.970001899,47,1,0.201542637,7000.0,5,0,0,0,2
0.000520586,55,0,0.217290574,8200.0,17,0,3,0,3
0.078048625,67,0,0.010949453,6666.0,5,0,0,0,4
0.29064189,57,0,0.178874735,3767.0,8,0,0,0,0
0.013416108,51,0,1145.0,5400.0,6,0,1,0,3
0.142940765,31,0,0.08283914,10791.0,11,0,0,0,2
0.182408796,33,0,0.386312705,5800.0,6,0,1,0,1
0.108334644,62,0,0.22900494,2833.0,5,0,1,0,4
0.401156487,60,0,0.221132583,10400.0,10,0,1,0,0
0.069324733,65,0,0.293886763,10190.0,18,0,3,0,0
0.140861746,42,0,0.635283258,8666.0,16,0,1,0,1
0.238139232,40,0,0.069986003,5000.0,11,1,0,0,0
0.181619853,68,0,0.151590106,14149.0,9,0,1,0,0
0.003351556,63,0,0.55570877,3625.0,14,0,3,0,1
0.024705277,55,0,1375.0,5400.0,3,0,1,0,0
0.089767804,31,0,0.007923407,3028.0,3,0,0,0,0
0.542063333,35,0,0.438797159,10840.0,7,0,3,0,0
0.018314222,49,0,0.132978723,3007.0,5,0,0,0,1
0.239205743,80,0,200.0,5400.0,3,0,0,0,0
0.561794014,51,0,0.471218397,7000.0,14,0,1,0,2
0.030298485,37,0,0.314575412,3944.0,7,0,1,0,1
0.176225902,50,0,0.28993557,4500.0,7,0,1,0,1
0.993668381,62,0,0.878433849,3166.0,8,0,1,0,0
0.455773011,34,0,159.0,5400.0,5,0,0,0,0
0.161581921,44,0,0.905249257,6057.0,15,0,3,0,2
0.037852153,46,0,0.341679708,5750.0,10,0,2,0,3
0.077217932,36,0,0.386115772,4767.0,8,0,2,0,0
0.013849654,70,0,0.09282245,7411.0,6,0,1,0,0
0.315995751,43,0,0.504559271,6250.0,11,0,3,0,2
0.457771114,72,0,0.170695609,2026.0,4,0,0,0,1
0.100613751,42,0,2097.0,5400.0,7,0,1,0,0
0.699496765,35,0,0.35218509,3500.0,7,0,0,0,0
1.38538206,22,1,12.0,5400.0,1,0,0,0,0
0.045529838,79,0,0.285317534,5400.0,15,0,1,0,0
0.391339736,53,0,0.467187784,5500.0,8,0,1,0,2
0.9999999,25,0,82.0,5400.0,2,0,0,0,0
0.208542252,42,0,0.364859272,9663.0,9,0,2,0,0
0.38388475,58,0,0.506360867,5580.0,10,0,1,0,0
0.000609741,67,0,0.0,3500.0,2,0,0,0,1
0.004157557,42,0,0.000433714,6916.0,5,0,0,0,0
0.301212246,36,3,0.436633344,3100.0,5,3,0,0,0
0.9999999,50,0,839.0,5400.0,1,2,1,0,0
0.887016141,52,3,0.274498567,6979.0,7,4,0,1,2
1.062937063,47,5,914.0,5400.0,8,1,0,2,0
0.190695831,70,0,0.333730064,4200.0,7,0,0,0,0
0.235501381,49,0,0.316052583,5400.0,4,0,1,0,1
0.538861528,55,0,0.503969421,3400.0,12,0,0,1,0
0.137096149,52,0,0.637760471,4750.0,14,0,2,0,3
0.247452555,50,0,0.534135291,6400.0,13,0,2,0,2
0.023295434,63,0,0.133880757,2800.0,13,0,0,0,0
0.034914071,39,0,0.441706838,5600.0,5,0,2,0,1
0.263763124,41,0,0.211596135,3000.0,8,0,0,0,4
0.638722555,42,0,14.0,5400.0,1,0,0,1,0
0.502123542,50,0,0.406088902,10280.0,11,0,1,0,0
0.564870259,69,1,784.0,5400.0,7,1,1,1,0
0.710857828,38,0,0.238925706,5733.0,3,0,2,0,3
0.695430457,46,0,0.206205005,5833.0,7,0,0,0,2
0.9999999,53,0,0.15185624,5063.0,3,1,0,0,1
0.619487857,66,0,0.296376032,8360.0,10,0,3,0,1
0.724655069,36,0,0.069660711,6100.0,3,0,0,0,1
0.13893399,52,1,0.214771364,7500.0,9,0,1,0,1
0.031138456,58,0,0.353330257,6500.0,6,0,1,0,0
0.357047631,28,0,0.112398324,4056.0,2,0,0,0,0
0.321678322,24,0,0.009988901,900.0,1,0,0,0,0
0.0,22,0,0.0,929.0,2,0,0,0,0
0.280498072,51,1,2168.0,5400.0,13,0,1,0,0
0.138881464,44,0,0.218597675,8000.0,7,0,0,0,0
0.795612634,50,0,0.782937125,4500.0,14,0,2,0,3
0.9999999,47,0,143.0,5400.0,0,4,0,0,0
0.9999999,76,0,2790.0,5400.0,3,0,1,0,0
0.499936133,54,1,2474.0,5400.0,5,0,1,0,0
0.026053929,67,1,0.54368204,8000.0,22,0,1,0,0
0.370114353,51,0,0.394998015,15113.0,9,0,2,0,3
0.004825244,70,0,0.001176125,3400.0,8,0,0,0,0
0.999952714,40,0,0.318753142,1988.0,1,0,0,0,3
0.372695987,61,0,5782.0,5400.0,15,0,4,0,0
0.9999999,32,0,0.149651621,3300.0,2,1,0,1,0
0.120528305,43,0,0.3547527,7500.0,9,0,2,0,1
0.0,76,0,34.0,5400.0,1,0,0,1,0
0.437974973,68,0,0.054510831,4200.0,3,0,0,0,0
0.0,65,0,0.349345651,6494.0,7,0,2,0,0
0.9999999,34,0,0.0,5400.0,0,0,0,0,3
0.024193942,53,0,1018.0,5400.0,3,0,1,0,0
0.045768813,43,0,0.339406733,9000.0,7,0,2,0,0
0.0,43,0,0.124375125,5000.0,9,0,0,0,0
0.00516129,35,0,0.586804399,3000.0,7,0,2,0,0
0.174619091,57,0,0.310699268,6420.0,14,0,1,0,0
0.336171041,64,1,0.237646863,12000.0,13,0,1,0,0
0.142509261,43,0,0.492829968,3416.0,7,0,1,0,1
0.0,63,1,1785.0,5400.0,10,0,1,0,0
0.9999999,25,0,0.127446897,2400.0,1,0,0,0,0
0.759831584,58,0,0.416166685,9166.0,8,0,2,0,1
0.43566568,32,1,0.47575683,4062.0,10,0,1,0,1
0.028380566,66,0,65.0,5400.0,9,0,0,0,0
0.931678054,38,0,0.117874057,5700.0,6,0,0,0,3
0.025366829,57,0,0.589366984,4833.0,16,0,1,0,0
0.073886114,76,0,0.249392944,7000.0,9,0,1,0,0
0.064243336,49,0,0.229766315,14035.0,15,0,2,0,3
0.023053431,67,0,1437.0,5400.0,4,0,1,0,0
0.05461818,80,0,0.022491967,2800.0,6,0,0,0,0
0.085744023,59,0,0.373428268,6600.0,14,0,1,0,3
0.9999999,28,0,0.188773549,2600.0,3,0,0,0,1
0.229960883,49,2,920.0,5400.0,16,0,0,0,0
0.086967589,54,0,0.21256562,12000.0,7,0,2,0,1
0.009690555,69,0,0.170459956,10500.0,11,0,2,0,0
0.929071395,47,2,0.378209743,4166.0,8,0,1,0,3
0.662889141,41,0,0.296837895,8000.0,7,0,1,1,0
0.048243825,60,0,2988.0,5400.0,11,0,2,0,0
0.069496163,46,0,0.51655905,4800.0,21,0,1,0,0
0.816623822,41,1,0.16795801,4000.0,4,1,0,0,0
0.651179806,30,5,0.4813509,5388.0,7,0,2,0,0
0.013738533,71,0,688.0,5400.0,6,0,1,0,0
0.003668461,58,0,0.171931228,2500.0,13,0,1,0,0
0.016242123,89,0,0.004154765,3850.0,2,0,0,0,0
0.007639694,77,0,0.240088362,8600.0,4,0,1,0,0
0.06239792,82,0,0.01119776,5000.0,6,0,0,0,0
0.040426646,88,0,0.00715103,3495.0,4,0,0,0,0
0.081735458,46,0,0.601679664,5000.0,16,0,2,0,2
0.61404983,44,0,0.727765049,4800.0,14,0,1,0,3
0.0,64,0,0.0,5400.0,6,0,0,0,0
0.153186057,50,0,0.32744627,15400.0,8,0,2,0,2
0.27933541,40,0,0.492355332,5166.0,10,0,1,0,2
0.886160582,55,0,0.632925473,1797.0,10,0,0,0,0
0.103726204,46,1,0.604732545,6000.0,8,0,2,0,1
0.9999999,23,18,0.0,1.0,0,18,0,18,0
0.918117344,31,0,1645.0,5400.0,11,0,1,0,1
0.085684822,56,0,0.324251835,7083.0,11,0,2,0,0
0.706047531,28,0,658.0,5400.0,7,0,0,0,0
0.0,43,0,0.204081633,2400.0,3,0,0,0,0
0.0,73,0,1161.0,0.0,11,0,1,0,0
0.99260074,39,8,0.961171438,9116.0,15,0,3,1,1
0.001536607,56,0,0.234016766,9900.0,10,0,1,0,1
0.045088388,67,0,0.146868531,100000.0,16,0,5,0,0
0.138920781,71,0,112.0,5400.0,1,0,0,0,0
0.002921751,78,0,4.0,5400.0,6,0,0,0,0
0.9999999,42,0,0.312609075,4583.0,3,0,2,0,0
0.898454388,25,0,0.386328125,2559.0,7,0,0,0,0
0.074697043,35,0,0.556218207,5700.0,24,0,2,0,2
0.46272351,50,0,0.23452912,15916.0,8,0,1,0,2
0.061287764,60,0,0.385237465,6800.0,16,0,1,0,0
0.027561642,63,2,0.145341782,7416.0,16,0,2,0,0
0.172310218,35,1,2855.0,5400.0,6,0,2,0,0
0.443636212,54,0,0.461967122,10766.0,13,0,3,0,2
0.067029422,54,0,0.353041363,4109.0,15,0,2,0,2
0.9999999,65,0,0.0,4000.0,0,0,0,0,0
0.53438664,53,0,0.461031918,12907.0,11,0,2,0,3
0.105055056,65,1,0.472863338,14297.0,11,0,4,0,0
0.0,57,0,0.161490683,6600.0,16,0,1,0,1
0.216225896,41,0,0.118376325,5000.0,6,0,0,0,4
0.418458543,42,0,2.644355644,1000.0,7,0,1,0,1
0.503363025,42,0,101.0,5400.0,3,0,0,0,0
0.673608863,49,1,0.798516418,9166.0,15,0,6,0,0
0.0,32,0,0.64113239,1200.0,4,0,0,0,2
0.036259293,74,0,0.074119936,5652.0,3,0,0,0,0
0.099281375,45,0,0.191239975,3241.0,8,0,0,0,2
0.9999999,44,0,0.409584425,2670.0,3,0,1,0,0
0.482099295,43,0,0.361814082,3990.0,13,0,0,0,1
0.005585305,71,0,57.0,56.0,6,0,2,0,0
0.9999999,48,0,8155.0,5400.0,3,0,2,0,0
0.05106165,67,0,1073.0,5400.0,13,0,1,0,0
0.0,61,0,0.0,5400.0,4,0,0,0,0
0.013364531,68,0,0.397808219,3649.0,18,0,1,0,0
0.023314672,48,0,0.144633317,10294.0,14,0,1,0,1
0.905774905,29,0,0.580605397,7300.0,8,0,0,0,0
0.779220779,42,0,607.0,5400.0,4,0,0,0,3
0.990478458,40,0,0.081647227,4200.0,2,0,0,0,0
0.038324224,39,0,0.183918259,2250.0,4,0,0,0,1
0.9999999,41,0,0.507263219,1720.0,2,1,0,2,2
0.006684991,48,0,0.201437432,10156.0,21,0,2,0,1
0.329247548,41,0,0.387843258,3240.0,13,0,0,0,4
0.017598827,39,0,0.002429712,2880.0,2,0,0,0,0
0.021350794,57,0,0.823588206,2000.0,10,0,2,0,0
0.0,42,1,0.442820658,7047.0,12,0,3,0,2
0.0,44,0,0.299693374,7500.0,9,0,1,0,3
0.434445061,51,2,0.004499875,36000.0,11,0,0,0,0
0.506491019,45,0,0.441540734,8800.0,21,0,2,0,3
0.064719654,71,0,0.762894842,2500.0,8,0,2,0,0
0.0,56,0,0.046613153,7100.0,3,0,1,0,3
0.166793328,66,0,0.377670015,8660.0,6,0,2,0,1
0.121498606,45,0,185.0,5400.0,4,0,0,0,0
0.0,63,0,0.436344611,8600.0,6,0,1,0,0
0.199838968,67,0,0.332303391,13592.0,18,0,2,0,0
0.389095835,62,0,0.371239357,10569.0,12,0,3,0,0
0.0,31,0,0.290990991,1109.0,3,0,0,0,0
0.05686137,73,1,0.68275154,2921.0,10,0,1,0,0
0.974356294,41,0,0.828156113,5021.0,9,0,1,0,0
0.915223648,67,0,0.214066583,8800.0,8,0,1,0,0
0.423498731,45,0,0.524967575,3083.0,12,0,0,0,0
0.811879208,59,0,0.731139793,5500.0,9,0,2,0,0
0.114330157,59,0,0.246743979,5604.0,11,0,0,0,0
0.028664756,46,0,1858.0,0.0,2,0,1,0,6
0.010293007,62,0,1429.0,5400.0,11,0,2,0,1
0.642735726,79,0,0.139029689,1380.0,3,0,0,0,0
0.949721468,33,3,0.157954331,5298.0,3,0,0,0,3
0.96152513,35,0,0.221194701,4000.0,5,1,0,0,2
0.172470688,51,0,0.365393061,6830.0,8,0,1,0,0
0.028373514,79,0,159.0,5400.0,15,0,1,0,2
0.754570481,60,1,0.483435991,12013.0,13,0,3,0,1
0.000888036,85,0,0.009998334,6000.0,17,0,1,0,0
0.9999999,48,0,0.35715238,7500.0,3,0,2,0,0
0.944660181,34,0,0.545487601,13750.0,11,0,1,0,0
0.311765839,36,1,0.585927613,3950.0,15,0,2,0,3
0.9999999,49,0,0.518591968,6050.0,6,0,2,0,2
0.072844882,59,0,0.091988501,8000.0,7,0,0,0,0
0.300569947,37,0,1.040480635,8571.0,15,0,3,0,0
0.092994741,59,0,0.382970043,17157.0,10,0,2,0,0
0.323079272,44,0,0.313010343,1836.0,5,0,0,0,0
0.241931582,60,0,1738.0,5400.0,10,0,2,0,0
0.733354449,35,0,0.835680751,3833.0,12,0,1,0,2
0.00700146,31,1,0.006663494,2100.0,12,0,0,0,0
0.413536958,57,0,0.617645172,15584.0,14,0,6,0,1
0.065883763,40,0,0.404653699,5500.0,12,0,1,0,0
0.693329524,34,0,0.126636515,4200.0,7,0,0,0,0
0.010270018,72,0,0.269940013,4500.0,13,0,2,0,2
0.496259352,54,1,0.364165329,4983.0,4,0,1,0,0
0.017005786,66,0,27.0,5400.0,6,0,0,0,0
0.9999999,55,0,3150.0,5400.0,5,0,2,0,3
0.0,51,0,0.371351787,18604.0,13,0,3,0,1
0.913470278,31,0,0.099267155,1500.0,2,0,0,0,0
0.0,61,0,2400.0,5400.0,7,0,1,0,0
0.0,64,0,58.0,5400.0,2,0,0,0,0
0.917267917,33,0,0.393038434,2757.0,4,0,0,0,1
0.033430967,61,0,0.001737116,5180.0,3,0,0,0,1
0.01039792,77,0,1.0,5400.0,2,0,0,0,0
0.07477959,38,0,0.095322545,4510.0,6,0,0,0,0
0.623376623,71,0,1.566024268,1400.0,13,0,2,0,0
0.981990011,57,0,3448.0,5400.0,7,0,2,0,0
0.682687821,49,0,3153.0,5400.0,7,0,2,0,3
0.045805161,39,0,100.0,5400.0,3,0,0,0,0
0.068688961,49,0,0.195951586,9583.0,9,0,1,0,0
0.030665644,64,0,781.0,5400.0,3,0,1,0,0
0.316582423,62,0,0.886136004,5690.0,25,0,2,0,1
0.338354886,28,0,0.295136576,1500.0,5,0,0,0,0
0.723254646,40,0,755.0,5400.0,6,3,0,0,0
0.0,83,0,0.0,4690.0,2,0,0,0,0
0.932241116,58,1,0.954215346,3166.0,10,0,1,0,0
0.689026702,42,0,0.148759713,13383.0,10,1,0,0,4
0.136232129,48,0,0.437001079,9269.0,23,0,2,0,3
0.511231428,49,0,0.446506203,9430.0,10,0,2,0,2
0.177455636,44,0,21.0,5400.0,2,0,0,0,0
0.2159969,57,0,0.364901328,18900.0,30,0,4,0,1
0.036071402,32,0,14.0,5400.0,5,0,0,0,0
0.969147005,31,0,0.074958356,1800.0,4,0,0,0,0
0.352463065,63,0,2567.0,5400.0,9,0,2,0,0
0.133154674,68,0,0.338847482,5500.0,6,0,1,0,0
0.162223176,69,0,4385.0,5400.0,8,0,2,0,0
0.165463809,47,0,0.069086323,7135.0,13,0,0,0,0
0.00776217,74,0,25.0,5400.0,10,0,0,0,0
0.955196541,37,0,0.271611887,8883.0,16,0,2,0,0
0.9999999,86,0,0.0,5400.0,0,0,0,0,1
0.075829121,52,0,0.021835001,9296.0,3,0,0,0,1
0.0,33,0,0.356660835,4000.0,4,0,1,0,2
0.814880952,41,0,0.19026991,3000.0,7,2,0,6,1
0.346517302,31,0,3163.0,5400.0,11,0,1,0,0
0.040612792,62,0,3587.0,5400.0,7,0,1,0,0
0.020806695,74,1,0.859157614,5246.0,7,0,2,0,0
0.011976048,35,0,0.271446427,8800.0,6,0,1,0,0
0.000306117,60,0,392.0,5400.0,7,0,0,0,0
0.01225757,75,0,0.002768379,3250.0,9,0,0,0,0
0.499889941,56,0,0.26060684,23333.0,19,0,2,0,1
0.05774663,67,0,0.014189125,10500.0,9,0,0,0,0
0.014866329,70,0,1174.0,5400.0,10,0,2,0,0
0.524376262,67,0,2709.0,5400.0,8,0,1,0,0
0.9999999,39,0,0.315138051,3150.0,3,0,1,0,0
0.105255675,68,0,0.009427225,7000.0,3,0,0,0,0
0.9999999,48,1,0.255108767,1516.0,1,0,0,0,0
0.9999999,33,1,0.165912878,4200.0,4,0,0,1,1
0.403048681,24,1,143.0,5400.0,4,0,0,0,0
0.015133285,83,0,266.0,5400.0,4,0,0,0,0
0.0,77,0,0.0,5400.0,2,0,0,0,0
0.01505639,61,0,0.384535624,6750.0,9,0,1,0,0
0.025377214,43,0,0.272636651,6018.0,12,0,2,0,3
0.9999999,39,2,0.453234358,4714.0,5,0,1,0,3
0.9999999,35,0,0.0,2670.0,0,0,0,0,1
0.054947253,39,0,0.33338431,6538.0,9,0,1,0,1
0.005160957,45,0,1841.0,5400.0,4,0,2,0,0
0.294984475,31,0,0.582781457,4831.0,7,0,2,0,1
0.027209178,52,0,285.0,5400.0,9,0,0,0,1
0.328326371,68,0,0.409716758,5083.0,8,0,1,0,0
0.703447841,60,0,0.354541649,7166.0,9,0,0,0,1
0.240635911,52,0,1557.0,5400.0,5,0,1,0,0
0.01219756,43,0,0.350308642,2591.0,5,0,2,0,0
0.608087886,33,0,0.816240319,4260.0,20,0,2,0,1
0.020684215,81,0,0.288888889,179.0,8,0,0,0,0
0.050866801,80,0,0.00999643,2800.0,9,0,0,0,0
0.499283357,72,0,0.356374307,3066.0,10,0,1,0,0
0.070417346,51,0,0.182145948,6933.0,6,0,1,0,2
0.108669142,78,0,1701.0,5400.0,12,0,1,0,0
0.472783607,64,0,0.311539794,8656.0,21,0,1,0,0
0.352599627,38,0,0.514226945,5833.0,19,0,2,0,0
0.912257769,34,0,1608.0,1.0,9,0,3,0,3
0.003578493,51,0,0.047506871,7640.0,10,0,0,0,2
0.844003355,46,0,0.260423441,13838.0,11,0,1,1,2
0.01948618,47,0,0.06572693,6100.0,5,0,0,0,0
0.230941245,48,0,0.643932218,9500.0,8,0,3,0,1
0.281933111,54,0,0.271281722,6225.0,5,0,1,0,0
0.72697777,59,2,0.414868106,7505.0,14,2,2,0,2
0.832703346,59,2,0.360940276,7316.0,8,0,0,0,0
0.004904354,58,0,20.0,5400.0,7,0,0,0,0
0.0424845,38,0,0.899621212,3167.0,7,0,2,0,0
0.01446097,57,0,0.137572339,13650.0,20,0,1,0,1
0.669107448,68,0,2535.0,5400.0,7,0,1,0,0
0.446369087,30,0,52.0,5400.0,8,0,0,0,0
0.079629024,37,0,0.115376925,5000.0,14,0,0,0,1
0.240306633,57,0,0.439149811,2916.0,6,4,0,0,0
0.06357457,35,0,0.189400883,12000.0,11,0,2,0,4
0.188636897,45,0,0.332234239,7581.0,14,0,2,0,2
0.900016664,31,0,0.388383046,3184.0,5,0,1,0,4
0.030994834,59,0,0.279240253,3000.0,5,0,0,0,1
0.061221117,50,0,0.293268163,4500.0,11,0,1,0,2
0.002548479,48,0,0.290674319,3484.0,19,0,2,0,0
0.406665493,39,2,0.463765797,6250.0,11,0,1,0,2
0.994728231,49,6,1050.0,5400.0,10,0,0,0,0
0.004902298,76,0,0.008796481,2500.0,19,0,0,0,0
0.37729195,50,0,3383.0,5400.0,14,0,2,0,0
0.086960042,59,0,0.335199701,2678.0,9,0,0,0,0
0.037520236,44,0,0.220424915,8283.0,4,0,1,0,2
0.315937407,30,0,0.398518925,7291.0,9,0,2,0,0
0.0058441,65,0,0.002380386,4200.0,6,0,0,0,0
0.9999999,29,0,0.023809524,2099.0,1,2,0,1,0
0.9999999,40,0,1.079973342,3000.0,5,0,2,0,1
0.802754457,29,0,0.073369948,7100.0,6,0,0,0,1
0.583147228,46,0,0.689862028,5000.0,7,0,2,0,2
0.056937827,61,0,29.0,5400.0,2,0,0,0,0
1.122503329,34,2,1.800498753,400.0,3,1,0,2,1
0.038497367,72,0,0.190696891,11866.0,5,0,2,0,0
0.19271242,43,0,0.405179479,6100.0,7,0,3,0,3
0.465270254,43,0,0.283903676,7100.0,8,0,2,0,2
0.962075848,27,0,0.004261796,3284.0,1,0,0,0,0
0.225922969,29,0,0.451849384,3000.0,9,0,0,0,0
0.620875825,60,1,1.366097705,5096.0,9,0,3,0,1
0.096836298,68,0,0.198160368,5000.0,3,0,0,0,0
0.055106619,47,0,1446.0,5400.0,6,0,1,0,0
0.12504076,42,0,0.493750446,14000.0,12,0,1,0,0
0.690776809,60,4,0.662095565,14000.0,21,0,4,0,2
0.822971159,30,0,0.438326669,3250.0,9,0,0,0,0
0.176717198,84,3,0.185168072,8656.0,14,0,1,0,0
0.086183909,65,0,2481.0,5400.0,6,0,1,0,0
0.9999999,47,0,0.217111611,6217.0,6,0,2,0,0
0.388322336,41,0,0.115768463,500.0,1,0,0,0,2
0.0,66,0,0.065113668,3562.0,6,0,0,0,1
0.139500248,38,0,0.53150804,2300.0,11,0,1,0,1
0.734649589,42,0,0.503165576,9318.0,8,0,2,0,1
0.084430151,53,0,0.203075957,9557.0,6,0,2,0,0
0.679754683,42,0,0.074792899,4224.0,4,0,0,0,1
0.014333402,70,0,0.492688414,8000.0,14,0,3,0,1
0.149332047,42,0,0.223664503,2002.0,7,0,0,0,0
0.640428696,33,0,0.488139699,9906.0,10,0,3,0,2
0.612333951,64,0,0.200021268,9403.0,9,0,0,0,0
0.048937911,61,0,0.00959808,5000.0,2,0,0,0,0
0.0,50,0,3300.0,5400.0,7,0,1,0,3
0.165241024,46,0,0.271859349,19167.0,15,0,3,0,1
0.0,57,0,0.208921513,3541.0,4,0,0,0,0
0.089909914,56,0,1258.0,5400.0,6,0,1,0,0
0.197571525,37,0,0.377027327,4500.0,8,0,1,0,0
0.513794482,40,3,0.248218973,8000.0,4,0,2,1,0
0.0,53,0,2599.0,5400.0,7,0,1,0,0
0.15932954,70,0,614.0,5400.0,3,0,1,0,0
0.0,27,0,0.173275575,3000.0,3,0,0,0,0
0.95015768,41,0,0.123410941,7000.0,5,0,0,0,0
0.00749925,54,0,0.368091762,958.0,5,0,0,0,1
0.162547431,37,2,0.225918093,5200.0,7,0,2,1,0
0.758888116,43,0,0.617377834,7100.0,9,0,1,0,2
0.629852906,43,4,0.553965008,4400.0,15,3,0,0,2
0.004053835,52,2,1.390801314,7000.0,13,0,5,1,2
0.202104091,73,0,0.341987466,5584.0,12,0,1,0,1
0.975364104,52,0,0.208324832,4900.0,5,0,0,0,1
0.01412982,54,0,0.328315819,3520.0,5,0,1,0,0
0.339710686,34,0,0.388494318,1407.0,2,0,0,0,0
0.9999999,38,0,0.187265918,800.0,0,1,0,0,0
0.090303061,45,0,0.077486163,5600.0,5,0,0,0,0
0.010141356,38,1,0.104342393,3200.0,6,0,0,0,1
0.016512777,62,0,0.044585987,7535.0,7,0,1,0,0
0.970555723,56,0,1.736318408,2411.0,8,0,3,0,1
0.040740579,58,1,0.015110305,3308.0,4,0,1,0,0
0.821894146,36,0,0.604191194,4246.0,6,0,0,1,1
0.039849125,41,0,0.302261008,10083.0,10,0,1,0,2
0.033951909,56,0,1606.0,5400.0,8,0,1,0,0
0.0,30,0,0.388577257,1960.0,5,0,0,0,1
0.193901858,57,0,0.482731959,7759.0,13,0,4,0,0
0.809522894,56,0,0.404364424,17550.0,7,0,2,0,1
0.179985485,30,0,0.451818523,2666.0,7,0,1,0,0
0.108454569,50,0,0.28416877,2772.0,8,0,1,0,3
0.049092712,55,0,0.324469674,3346.0,2,0,1,0,0
0.233196669,47,0,0.571706799,5647.0,17,0,2,1,3
0.0,50,0,0.5244965,7000.0,9,0,3,0,2
0.092863392,47,0,0.355528894,5000.0,7,0,1,0,3
0.0,67,0,0.199627445,6441.0,6,0,2,0,1
0.595161995,72,0,0.543422499,5457.0,7,0,2,0,0
0.050673365,72,1,0.2697538,11250.0,27,0,5,0,0
0.013998727,43,0,1013.0,5400.0,2,0,1,0,0
0.146260541,48,0,0.307958939,7500.0,8,0,1,0,2
0.217539123,49,0,1.398002853,700.0,4,0,1,0,2
0.04076509,48,0,5308.0,5400.0,12,0,4,0,1
0.152989578,47,1,2085.0,5400.0,10,0,0,0,2
0.10374068,63,0,0.308538292,5000.0,5,0,1,0,0
0.9999999,56,0,0.636489974,5036.0,6,0,3,0,1
0.178182985,46,0,0.294943218,9333.0,7,0,2,0,2
0.71710656,37,2,0.301075269,5300.0,7,0,0,0,2
0.056284106,69,0,0.004832931,12000.0,6,0,0,0,1
0.000919872,79,0,0.000791766,2525.0,8,0,0,0,0
0.638274131,53,0,3616.0,5400.0,14,0,1,0,0
0.02922424,35,0,0.381154222,3066.0,8,0,2,0,4
0.819185605,57,3,0.438430605,9200.0,13,0,1,0,3
0.9999999,36,0,0.0,5400.0,0,2,0,0,0
0.08374412,43,0,0.189975328,7700.0,10,0,1,0,3
0.112422304,34,0,0.465599051,5057.0,5,0,1,0,0
0.984256994,44,0,0.224089636,4640.0,9,0,0,0,2
0.055635339,60,0,1406.0,5400.0,7,0,1,0,0
0.020489629,41,0,0.236865897,9954.0,9,0,3,0,2
0.0,71,0,0.02733073,10500.0,17,0,0,0,0
0.0,83,0,0.0,5400.0,3,0,0,0,0
0.939276099,51,0,0.159994981,7968.0,12,0,0,0,2
0.327458517,33,0,0.670396497,4110.0,6,0,1,0,3
0.81824475,61,0,0.11251462,8549.0,7,0,0,0,0
0.040614965,61,0,0.396603397,1000.0,11,0,1,0,0
0.0,47,0,0.457270612,21916.0,14,0,5,0,3
1.28374608,50,0,7922.0,5400.0,17,0,1,0,5
0.61961706,44,0,0.457798986,10058.0,11,0,3,0,2
0.9999999,29,0,0.219772143,2720.0,3,0,0,1,2
0.9999999,23,0,83.0,5400.0,2,0,0,0,0
0.03741339,60,0,0.051740357,2125.0,10,0,0,0,0
0.117516343,60,0,0.460350759,11916.0,6,0,2,0,3
0.9999999,69,0,410.0,5400.0,3,0,1,0,0
0.012082211,61,0,0.229893053,11500.0,12,0,1,0,1
0.049665484,44,0,0.219055266,7472.0,10,0,1,0,3
0.9999999,56,0,1059.0,5400.0,3,0,1,0,0
0.002783274,87,2,0.002428869,2881.0,15,0,0,0,0
0.097442279,57,0,0.296211998,6150.0,9,0,2,0,2
0.070991126,25,0,537.0,5400.0,7,0,0,0,0
0.167774114,45,0,0.320593453,6200.0,15,0,1,1,3
0.0,42,0,0.006532462,7500.0,5,1,0,0,0
0.029536531,67,0,0.343465046,6250.0,7,0,1,0,0
0.9999999,50,0,17.0,5400.0,0,2,0,0,0
0.00239905,63,1,0.256857169,10900.0,19,0,2,0,3
0.563911444,63,1,0.545677498,13047.0,16,0,3,0,1
0.0,51,0,0.723338485,1940.0,7,0,0,0,0
0.066895981,48,0,3258.0,5400.0,8,0,1,0,0
0.539798875,31,1,0.58888538,3166.0,7,0,2,0,1
0.059492812,62,0,1567.0,5400.0,13,0,2,0,1
0.000789459,54,0,5013.0,0.0,18,0,5,0,1
0.996089604,37,0,0.243160317,7821.0,6,0,1,0,0
0.331754552,58,0,0.360152345,4200.0,4,0,1,0,0
0.037226764,57,0,1328.0,5400.0,4,0,1,0,0
0.814312241,59,0,0.180638373,2850.0,3,0,0,0,0
0.006888583,45,0,0.425612949,4200.0,5,0,1,0,1
0.005517836,62,1,1647.0,5400.0,5,0,1,0,0
0.927395785,28,0,0.111377724,5000.0,8,0,0,0,0
0.9999999,34,1,0.543650794,2519.0,2,0,1,1,1
0.957004777,34,0,0.645544307,8000.0,11,0,1,0,2
0.990351482,24,0,0.048206937,1700.0,6,0,0,0,0
1.025987006,29,1,0.164917541,2000.0,5,0,0,1,0
0.675984493,41,1,0.320259149,5710.0,7,2,1,2,0
0.117567496,72,0,0.640495868,4355.0,18,0,1,0,1
0.2380682,44,0,0.124712542,5652.0,7,0,0,0,0
0.001110957,39,0,0.001999429,3500.0,4,0,0,1,1
2.110670574,48,5,0.158285714,6999.0,5,0,0,1,3
0.039189421,62,0,0.234484657,7266.0,11,0,2,0,0
0.662819499,41,0,1.165135206,3808.0,12,0,2,0,2
0.004588884,61,0,0.311718865,6800.0,9,0,1,0,1
0.014585728,61,0,0.486431227,5379.0,18,0,2,0,0
0.001900373,50,0,0.000279877,3572.0,10,0,0,0,0
0.051416055,72,0,127.0,5400.0,6,0,0,0,0
0.9999999,27,0,0.0,2400.0,0,0,0,0,1
0.02235181,60,0,0.046781287,2500.0,8,0,0,0,0
0.204559246,73,0,0.053299492,4333.0,7,0,0,0,0
0.896808255,57,0,0.012212288,50440.0,5,0,0,0,1
0.823627288,23,0,0.169269207,1600.0,4,0,0,0,0
0.352236879,56,1,0.411627,7688.0,13,0,3,0,1
0.061519891,57,1,0.204674708,16000.0,23,0,1,0,1
0.209186065,39,0,0.398435236,3450.0,3,0,1,0,1
0.042417241,42,0,3357.0,5400.0,6,0,1,0,0
0.174226834,43,0,0.530065269,7200.0,7,0,2,0,2
0.025761608,44,0,0.143352401,5768.0,5,0,1,0,0
0.107928954,46,0,0.662348634,3550.0,7,0,2,0,2
0.290115092,57,1,0.307206431,3482.0,8,0,0,0,1
0.0,43,0,3688.0,5400.0,7,0,1,0,0
0.437460549,45,0,0.356742258,4100.0,9,1,1,0,3
0.002232937,43,0,0.010434292,3545.0,5,0,0,0,0
0.175018033,52,1,0.457991156,9497.0,12,0,2,0,0
0.060100466,37,0,0.273372287,9583.0,12,0,2,0,2
0.615424317,54,0,0.620028297,6360.0,12,0,2,0,3
0.143097138,41,0,701.0,5400.0,4,0,0,0,2
0.004961185,59,0,0.131991051,9833.0,9,0,1,0,1
0.161017553,47,0,0.348347794,5416.0,9,0,2,0,0
0.008624641,44,0,0.497200448,6250.0,13,1,2,0,0
0.40616799,49,0,0.188710083,7953.0,9,0,0,0,1
0.043086992,38,0,0.003327787,4206.0,1,0,0,0,0
0.014523118,60,1,0.23838093,12500.0,8,0,2,0,0
0.9999999,43,0,0.018711019,480.0,1,0,0,0,0
0.929023151,51,3,5392.0,5400.0,15,0,3,2,1
0.05107547,70,0,0.061187762,1666.0,11,0,0,0,0
0.24374344,38,1,0.608195902,2000.0,9,0,0,0,0
0.056779052,80,0,0.18372093,7739.0,15,0,1,0,0
0.9999999,58,0,0.235611933,4256.0,2,0,2,0,1
0.75017223,62,0,0.56006651,7216.0,16,0,2,0,2
0.785718161,84,0,0.745751416,3000.0,12,0,0,0,0
0.475211785,59,0,0.75223294,5597.0,11,0,2,0,0
0.604728403,63,0,3982.0,5400.0,10,0,1,0,0
0.591717755,46,0,0.592937488,10845.0,16,0,2,0,0
0.694306038,39,0,0.203599768,10333.0,9,1,0,0,2
0.951387386,37,0,0.484817468,2930.0,6,0,0,0,0
0.034990855,62,0,0.252558915,4200.0,4,0,1,0,1
0.9999999,30,0,0.356369692,1200.0,3,0,0,0,0
0.731596772,67,1,0.811272584,5091.0,25,0,2,0,1
0.169417407,70,0,0.310109506,6300.0,15,0,1,0,1
0.307892656,39,0,0.122008297,9400.0,2,0,1,0,0
0.024686729,53,0,0.068311195,1580.0,3,0,0,0,0
0.225070715,39,1,0.497987599,9192.0,18,0,2,0,1
0.726786134,44,1,0.903709629,10000.0,11,0,2,0,3
0.0,73,0,0.242351196,5392.0,11,0,1,0,0
0.000761832,36,0,0.711762746,3000.0,9,0,2,0,2
0.0,40,0,0.171305053,3700.0,5,0,0,0,0
0.00088879,56,0,0.273525164,9000.0,5,0,2,0,0
0.052147668,54,0,0.421115777,3333.0,6,0,1,0,1
0.93124794,54,1,3956.0,5400.0,8,0,1,0,0
0.9999999,38,0,0.018173557,2200.0,2,1,0,0,2
0.043439899,80,0,178.0,5400.0,4,0,0,0,0
0.9999999,29,0,412.0,5400.0,1,0,0,1,0
0.841543496,52,1,0.548414665,11700.0,10,0,2,0,1
0.000440663,37,1,0.403082887,10833.0,8,0,1,0,1
0.655651902,31,0,0.482299042,2400.0,11,0,2,1,2
0.0,33,0,0.135326667,10300.0,6,0,2,0,1
0.121300445,53,1,0.265365724,7532.0,16,0,1,0,1
0.002489694,83,0,11.0,5400.0,7,0,0,0,0
0.714095955,55,0,0.187981202,10000.0,11,0,0,0,2
0.271304022,43,0,0.442795467,3705.0,5,0,1,0,2
0.18797337,50,0,0.033911686,57000.0,9,0,2,0,3
0.396891524,48,0,0.258440184,8500.0,18,0,1,0,0
0.9999999,59,0,0.102971407,5350.0,3,0,1,0,0
0.777402825,37,0,0.092953523,2000.0,4,0,0,0,0
0.378481986,57,1,0.55921504,7286.0,12,0,1,0,2
0.9999999,26,0,0.0,5400.0,1,0,0,0,0
0.130774817,51,0,0.344273743,8591.0,11,0,3,0,0
0.0,57,0,0.109931293,1600.0,3,0,0,0,0
0.03381356,48,0,2663.0,0.0,13,0,2,0,2
0.473189434,61,0,0.532340339,4900.0,9,0,2,0,1
0.034911526,79,0,0.00659967,6666.0,10,0,0,0,1
0.499197033,37,0,0.304461656,9166.0,4,0,1,0,0
0.367838708,64,0,0.483375497,5533.0,8,0,1,0,0
0.101754425,68,1,0.330693545,4166.0,14,0,2,0,0
0.006607966,44,0,0.243321069,6250.0,13,0,1,0,2
1.00759848,38,2,0.069694373,3500.0,6,0,0,0,0
0.491040783,46,1,1.431960731,3666.0,12,0,3,0,1
0.023472301,57,0,38.0,5400.0,6,0,0,0,0
0.828632631,24,0,0.038312049,1800.0,4,0,0,0,0
0.02789896,44,1,0.323910628,8100.0,13,0,1,0,2
0.318145224,63,1,0.438426929,6000.0,4,0,1,0,1
0.054690008,55,0,66.0,5400.0,4,0,0,0,0
0.588638789,40,1,0.82400722,2215.0,7,0,1,0,0
0.0,43,0,0.072658547,16666.0,5,0,1,0,0
0.235564964,62,0,0.159654455,6250.0,22,0,0,0,0
0.077095878,53,0,0.278210117,3083.0,6,0,1,0,0
0.9999999,47,2,0.135659675,5100.0,2,4,1,0,2
0.361471716,64,0,0.168771527,12193.0,14,0,1,0,1
0.232955839,36,0,0.328088771,6037.0,8,0,1,0,3
0.213006365,74,0,386.0,0.0,8,0,0,0,0
0.008744399,89,0,0.191161768,5000.0,7,0,1,0,0
0.826698587,39,0,0.716924498,4330.0,12,0,1,0,1
0.312162899,35,1,1.5337132,2105.0,11,0,1,0,2
0.750440185,43,1,1.43828086,2000.0,10,0,2,0,1
0.031510123,65,0,34.0,5400.0,9,0,0,0,0
0.922583953,30,1,2.240893067,850.0,7,0,1,0,0
0.020027999,63,0,0.301849075,2000.0,9,0,1,0,0
1.140619793,66,1,849.0,5400.0,9,2,0,2,0
0.00320616,79,0,15.0,5400.0,12,0,0,0,0
1.602794411,31,1,0.262495969,3100.0,4,1,0,1,0
0.05566998,45,0,67.0,5400.0,4,0,0,0,0
0.402364224,43,1,0.726942299,2200.0,6,0,1,0,2
0.067759397,48,0,0.41447944,4571.0,12,0,2,0,2
0.740286299,73,1,0.713205645,3967.0,18,0,3,0,0
0.093393774,36,0,0.323895028,5791.0,10,0,1,0,0
0.060961474,41,0,1195.0,5400.0,6,0,1,0,0
0.183134435,68,0,914.0,5400.0,19,0,0,0,0
0.9999999,40,18,0.0,7218.0,0,18,0,18,2
0.009188022,56,0,0.125857675,5100.0,11,0,1,0,0
0.218527836,65,0,0.110979663,17750.0,12,0,1,0,0
0.152994116,35,0,0.382233233,5650.0,11,0,1,2,1
1.226932668,26,1,0.105839416,4109.0,5,1,0,0,2
0.027799305,67,0,0.130947849,5253.0,7,0,1,0,0
0.015012759,72,0,0.079040226,4250.0,18,0,1,0,1
0.9999999,39,0,192.0,5400.0,1,0,0,0,0
0.846425062,61,0,0.666794332,2610.0,12,0,1,0,1
0.027001223,37,0,2616.0,5400.0,13,0,2,0,0
0.0,23,0,0.0,864.0,2,0,0,0,0
0.757241468,35,1,0.205271789,25000.0,7,0,2,0,0
0.984500517,36,1,0.245168624,7916.0,8,0,0,0,0
0.48121861,62,0,0.324447829,5251.0,10,0,1,0,1
0.154574162,47,0,0.201333072,5100.0,16,0,0,0,2
0.023616273,57,0,0.00734355,6263.0,4,0,0,0,1
0.012749363,71,0,7.0,5400.0,5,0,0,0,0
0.287429673,57,0,0.168176577,6070.0,4,0,0,0,0
0.281240749,59,0,0.323460411,6819.0,8,0,1,0,1
0.126414911,64,0,0.064235294,4249.0,6,0,0,0,0
0.720252769,48,0,1.309563479,3000.0,13,0,2,0,0
0.056627949,43,0,0.326632642,9600.0,12,2,2,0,0
0.363894331,64,0,0.332108744,1360.0,6,0,0,0,0
5.86e-05,52,0,0.248500428,3500.0,9,0,1,0,1
0.677915261,75,0,1149.0,5400.0,4,0,1,0,0
0.142368241,52,0,6415.0,5400.0,13,0,4,0,1
0.013825421,52,0,0.363116966,6300.0,11,0,1,0,0
0.9999999,39,1,1.0,0.0,0,0,0,0,0
0.038606373,51,0,0.229930324,3300.0,15,0,1,0,1
1.177911044,25,0,0.16713527,3200.0,5,0,0,0,2
1.123784227,46,2,3014.0,5400.0,7,0,1,0,0
1.043620502,32,1,0.025320846,5765.0,3,0,0,0,1
0.371546356,35,0,0.28035982,2000.0,8,0,0,0,0
0.0,67,0,0.035259446,9500.0,7,0,0,0,0
0.279545137,63,0,3500.0,5400.0,19,0,2,0,0
0.752066116,32,0,0.062734316,4000.0,3,0,0,0,1
0.0,35,0,0.222955409,5000.0,5,0,1,0,0
0.54442558,49,0,1.071359066,3082.0,12,0,3,0,3
0.106879209,79,0,0.018163639,6000.0,4,0,0,0,0
0.380998643,47,0,0.401954062,5833.0,12,0,2,0,0
0.43032302,39,0,0.369438202,2224.0,7,0,0,0,0
0.061223427,49,1,0.284285927,6700.0,18,0,1,0,2
0.044183614,49,0,0.038203253,6700.0,12,0,0,0,1
0.012064955,65,0,0.515826495,2558.0,10,0,1,0,0
0.141351672,49,0,2357.0,5400.0,14,0,2,0,1
0.417165669,27,0,0.112313139,5083.0,6,3,0,0,0
0.00502768,61,0,0.143680035,9200.0,8,0,1,0,1
0.074676767,43,0,0.562799826,4585.0,12,0,1,0,1
0.56494634,60,2,0.366133729,18200.0,15,0,2,1,2
0.9999999,74,0,0.0,5400.0,1,0,0,0,1
0.015141614,64,0,0.011005809,3270.0,10,0,0,0,0
0.0,36,0,0.088075283,6800.0,6,0,1,0,2
0.027902776,64,0,1862.0,5400.0,9,0,1,0,0
0.013113132,43,0,0.033288948,750.0,11,0,0,0,0
0.039022322,38,0,2955.0,5400.0,13,0,2,0,0
0.042100839,59,0,0.070394408,6008.0,12,0,0,0,2
0.397429795,21,0,0.025806452,929.0,4,0,0,0,0
0.501653399,47,0,0.389573991,12487.0,13,0,4,0,0
0.203505848,62,0,584.0,5400.0,6,0,1,0,0
0.386135996,53,0,0.32212325,5500.0,9,0,1,0,1
0.21651759,63,1,0.159872949,3777.0,14,0,0,0,0
0.965129359,43,2,0.634815193,5870.0,8,0,1,0,4
0.049878022,40,0,0.300389922,6667.0,6,0,1,0,1
0.141063583,47,0,0.101710212,22160.0,6,0,1,0,0
0.003651078,56,0,16.0,5400.0,7,0,0,0,0
0.604119681,61,1,0.331976078,7858.0,7,0,1,0,0
0.009377993,58,0,0.336104007,4691.0,11,0,2,0,1
0.770643572,31,0,0.384937238,2150.0,5,0,0,0,0
0.088252371,65,1,0.225777422,10000.0,8,0,1,0,2
0.169072728,49,1,2627.0,0.0,9,0,1,0,2
0.929628918,41,1,1.116400857,4200.0,9,4,1,1,3
0.051214369,53,0,0.17870918,11666.0,13,0,1,0,4
0.166026134,40,1,0.47788053,4000.0,7,0,2,0,1
0.008781488,31,0,0.157280906,3000.0,4,0,0,0,1
0.001812839,73,0,0.0018596,2150.0,11,0,0,0,0
0.006218754,73,0,0.291169451,2932.0,5,0,1,0,0
0.141047683,82,0,0.094562648,1268.0,5,0,0,0,0
0.275318005,46,0,2828.0,5400.0,13,0,2,0,0
0.457105129,41,0,0.224361348,2700.0,7,0,0,0,2
0.057868077,39,0,0.021294215,8452.0,5,0,0,0,1
0.41124142,29,0,0.158147128,9800.0,11,0,0,0,0
0.919670014,58,1,0.455904335,6689.0,10,0,1,0,0
0.966022652,36,4,0.310125432,5500.0,5,0,1,1,2
0.9999999,49,0,48.0,5400.0,0,0,0,0,0
0.02436216,34,0,0.008202324,1462.0,2,0,0,0,0
0.003642908,73,0,15.0,5400.0,7,0,0,0,0
0.752462377,50,0,2981.0,5400.0,2,0,1,0,2
0.107941087,42,0,0.289439274,13000.0,16,0,2,0,1
0.404184463,39,0,0.608024691,5831.0,12,0,1,0,3
0.078194328,39,0,0.229764564,5818.0,8,0,1,1,1
0.164109082,53,0,0.416377745,6056.0,9,0,1,0,0
0.386377607,39,0,1.289177706,4000.0,13,0,2,0,2
0.896269602,61,2,0.415224913,6068.0,14,0,1,0,0
0.1249847,56,0,0.621186644,4162.0,19,0,2,0,1
0.670789693,61,0,0.691806129,4600.0,8,0,1,0,3
0.913448735,51,4,0.132110303,8666.0,3,1,0,0,1
0.078494385,66,0,0.276864893,7667.0,5,0,1,0,2
1.002628056,52,0,0.805892548,7500.0,16,0,1,1,0
0.901039187,39,0,0.44350807,7000.0,5,0,1,0,0
0.36429303,61,0,0.29037677,12500.0,6,0,1,0,0
0.9999999,90,0,0.0,4855.0,3,0,0,0,0
0.02199912,57,0,0.147205669,6208.0,4,0,1,0,0
0.831287137,42,0,0.970356429,8500.0,8,0,4,0,3
0.054039958,37,0,0.46960281,3700.0,8,0,1,0,0
0.157242138,47,0,0.033685895,11250.0,6,0,0,0,0
0.056882398,66,2,0.327726218,6895.0,13,0,1,0,0
0.9999999,23,0,143.0,5400.0,0,0,0,0,0
0.258235085,71,0,0.868867705,4300.0,20,0,2,0,0
1.072993364,45,1,0.271314687,7400.0,3,0,1,0,3
0.242678374,44,0,0.293992179,5625.0,4,0,1,0,0
0.0,53,0,0.380455573,5750.0,7,0,2,0,2
0.802452273,39,0,0.691375624,5611.0,8,0,1,0,2
0.046769725,62,0,0.320579111,2900.0,10,0,1,0,1
0.137952585,53,0,816.0,5400.0,9,0,0,0,0
0.131714731,55,0,0.154567272,13333.0,6,0,1,0,2
0.02086135,70,1,0.421915617,5000.0,13,0,1,0,1
0.28061591,41,0,0.255095332,6083.0,4,0,0,0,1
0.135388762,44,4,0.296960861,8916.0,11,0,2,0,1
0.003686276,59,1,0.003403531,4700.0,21,0,0,0,0
0.019254986,63,0,0.306398417,6063.0,7,0,2,0,2
0.000239433,58,0,0.000441209,4532.0,13,0,0,0,0
0.199000454,24,0,0.053228621,4583.0,2,0,0,0,0
0.970469673,37,0,0.215626562,22000.0,10,0,3,0,2
0.783216783,23,0,0.028014616,820.0,2,0,0,0,0
0.326858646,47,0,0.433244043,7092.0,20,0,1,0,0
0.035886503,34,0,21.0,0.0,4,0,0,0,3
1.512199458,44,1,0.571177785,6265.0,11,0,1,0,2
0.535834501,49,0,0.772204633,6000.0,12,0,2,0,0
0.0,30,0,2655.0,5400.0,2,0,1,0,0
0.930856201,57,0,0.384912461,3883.0,3,0,1,0,0
0.015887124,74,0,53.0,5400.0,4,0,1,0,0
0.399661557,26,0,577.0,5400.0,7,0,0,0,0
0.150140208,46,0,0.507121704,7090.0,17,0,3,0,2
0.0,26,0,0.131247284,2300.0,2,0,0,0,0
0.053713834,66,2,0.954632834,2600.0,16,0,2,0,0
0.97482358,72,0,0.492126968,4000.0,12,0,0,0,1
0.239381831,43,0,0.715484805,3454.0,10,0,2,0,0
0.348242377,67,0,2462.0,5400.0,12,1,1,0,1
0.9999999,39,0,0.330757342,5822.0,7,0,1,0,1
0.246850062,61,0,0.385175857,11116.0,16,0,2,0,0
0.9999999,63,0,0.465382613,1920.0,1,0,1,0,0
0.0,59,0,0.281738533,5820.0,7,0,1,0,1
0.0,47,0,0.857734609,7000.0,10,0,5,0,0
0.052145046,54,0,0.480418894,9166.0,15,0,1,0,0
0.701691526,41,0,0.455708858,5000.0,9,0,0,0,3
0.9999999,30,0,593.0,0.0,4,0,0,1,3
0.9999999,49,0,1203.0,5400.0,2,0,1,0,0
0.001349933,67,0,0.242217678,4400.0,3,0,1,0,1
0.029710586,62,0,1190.0,5400.0,4,0,1,0,0
0.010421965,46,0,2337.0,5400.0,9,0,1,0,0
0.062513871,36,0,2068.0,0.0,7,0,2,0,7
0.843178382,64,1,4123.0,5400.0,9,0,1,0,0
0.085350431,61,0,3416.0,5400.0,10,0,2,0,0
0.445708071,58,0,0.323599739,13800.0,8,0,1,0,0
0.0,55,0,1040.0,5400.0,4,0,1,0,0
0.016065596,43,0,0.235393326,8300.0,5,0,1,0,0
0.98349435,38,0,0.975806452,2975.0,9,0,1,0,0
0.0,21,0,1050.0,5400.0,5,0,1,0,0
0.278308247,67,0,0.489500954,11000.0,15,0,1,0,0
0.145816543,35,0,0.190661479,6681.0,8,0,1,0,0
0.803559822,49,0,1223.0,5400.0,2,0,0,0,0
0.805721002,31,0,0.95328,3124.0,9,0,1,0,0
0.508289,48,0,0.446863409,6200.0,13,0,4,1,4
0.871285721,53,0,0.600255292,9400.0,14,0,3,0,1
0.933992024,61,0,0.782475234,7166.0,10,0,2,0,0
0.455775045,56,0,3578.0,5400.0,6,0,1,0,0
0.297772162,65,0,0.696185515,5950.0,18,0,5,0,0
0.368567455,60,0,8511.0,5400.0,8,0,3,0,0
0.021619706,92,0,0.343154762,3359.0,8,0,1,0,1
0.555159237,60,0,0.493400155,14166.0,18,0,1,0,0
0.062968516,89,0,215.0,5400.0,3,0,0,0,0
0.222139657,47,0,0.644849785,1863.0,15,0,2,0,1
0.209079092,30,0,0.129945856,2400.0,7,0,0,0,0
0.108876976,26,0,1.923920052,1550.0,15,0,1,0,0
0.073751265,52,0,0.1398555,13563.0,5,0,2,0,1
0.034371875,66,0,0.233992328,10166.0,8,0,1,0,0
0.9999999,36,0,577.0,5400.0,4,0,0,0,0
0.437360079,50,1,0.12163288,3600.0,7,0,0,0,1
0.543472729,63,0,0.338727966,9700.0,26,0,1,0,1
0.038074529,62,0,0.255685178,18600.0,14,0,2,0,0
0.004814705,69,0,5390.0,5400.0,24,0,3,0,0
0.781891656,27,0,0.233180222,3700.0,9,0,0,0,0
0.603198401,26,0,0.023984011,1500.0,1,0,0,0,0
0.200200909,55,0,0.192015638,13300.0,6,0,1,0,3
0.381840292,29,0,0.251216348,6165.0,6,0,1,0,1
0.526473526,23,0,0.004998334,3000.0,2,0,0,0,0
0.205287676,61,0,0.365565175,8200.0,8,0,2,0,1
0.176476422,39,0,2442.0,5400.0,10,0,2,0,1
0.245394232,61,1,0.265934814,11750.0,21,0,1,0,0
0.671290875,31,0,763.0,5400.0,8,0,0,0,0
0.229584694,47,0,0.288451925,6000.0,3,0,1,0,1
0.396171129,71,0,0.367310012,3315.0,19,0,0,0,0
0.0,70,0,0.103976894,4500.0,7,0,0,0,0
0.514217946,54,0,0.135020099,4228.0,6,0,0,0,0
0.14733825,76,3,0.497738634,4200.0,14,0,1,1,0
0.9999999,23,0,0.0,2870.0,0,0,0,0,0
0.3436571,64,0,0.253621789,10353.0,5,0,2,0,0
0.631793585,33,0,0.484621155,5331.0,5,0,1,0,2
0.065362714,79,0,220.0,5400.0,5,0,0,0,0
0.008249794,71,0,0.001999556,4500.0,4,0,0,0,0
0.687815882,49,1,0.348047372,10216.0,21,0,2,0,2
0.624194629,33,0,0.646676662,2000.0,7,0,1,1,5
0.100651613,45,0,1736.0,5400.0,4,0,1,0,0
0.023211068,60,1,0.484543011,5951.0,21,0,3,0,0
0.025290329,52,0,0.655868826,5000.0,14,0,3,0,1
0.514686189,38,0,0.714761746,3000.0,9,0,2,0,0
0.053592012,43,0,0.169320791,13500.0,10,0,2,0,5
0.180117598,79,0,0.398991857,2578.0,6,0,1,0,0
0.000883166,43,0,0.0,4014.0,6,0,0,0,2
0.071781568,35,0,0.203349581,8000.0,8,0,1,0,0
0.9999999,75,0,35.0,5400.0,3,0,0,0,0
0.024848758,52,0,5750.0,5400.0,7,0,2,0,0
0.001064482,93,0,0.0,5400.0,3,0,0,0,0
0.0,55,1,1055.0,5400.0,6,0,1,0,0
0.230242805,74,0,0.054986253,4000.0,3,0,0,0,0
0.287067604,39,0,0.538584566,2500.0,8,0,1,0,0
0.08535807,45,0,0.379329152,3666.0,7,0,2,0,2
0.906450201,67,1,0.53982808,3489.0,10,0,1,0,0
0.346955101,46,0,1982.5,1.0,4,0,1,0,2
0.046474046,73,0,1634.0,5400.0,7,0,1,0,0
0.499869534,49,0,1288.0,5400.0,3,0,0,0,2
0.089155451,59,1,0.340306388,25000.0,10,0,2,0,1
0.0,47,0,0.963678774,3000.0,12,0,3,0,0
0.624375624,65,2,0.202109939,1800.0,3,0,0,0,0
0.787494049,44,1,0.575576175,3340.0,5,0,1,0,0
0.024861212,74,1,0.375059495,2100.0,7,0,0,0,0
0.807669066,48,3,6446.0,5400.0,17,0,2,0,2
0.536784741,27,1,0.816873933,4100.0,3,0,1,0,0
0.082328999,54,1,0.188877119,9439.0,6,0,1,0,3
0.916943522,39,0,0.107831469,4200.0,3,0,0,0,1
0.029550671,63,0,0.00742645,10502.0,3,0,0,0,2
0.349494245,54,1,0.319180358,5416.0,6,0,2,0,1
0.001199931,62,0,0.11565921,2100.0,4,1,0,0,1
0.281594088,37,0,2221.0,5400.0,11,0,1,0,3
0.045434732,49,0,4258.0,5400.0,13,0,4,0,0
0.047743631,43,1,2305.0,5400.0,13,0,3,0,0
0.004047426,47,0,0.051639854,11250.0,3,0,0,0,2
0.407581885,34,0,0.21110646,7166.0,6,0,0,0,0
0.540918164,24,0,0.002022245,3955.0,1,0,0,0,0
0.025312061,58,0,0.011506556,3736.0,7,0,0,0,0
0.583916968,75,0,0.177616927,7183.0,9,0,1,0,1
0.9999999,42,2,0.402819436,3333.0,3,0,1,0,0
0.072464251,52,0,0.00706445,9200.0,2,0,0,0,2
0.377637497,31,1,1.378232387,8700.0,13,0,6,4,2
0.48230118,45,0,0.302855238,9000.0,7,0,1,0,0
0.003185784,63,1,2042.0,5400.0,10,0,2,0,0
0.0,69,0,1724.0,5400.0,16,0,1,0,0
0.765633211,48,2,0.328185757,9000.0,15,1,1,1,2
0.081616386,60,0,206.7272727,10.0,10,0,1,0,0
0.244482002,35,0,0.299625468,5606.0,12,0,2,0,0
0.098538029,57,0,0.321413258,11660.0,7,0,2,0,1
0.117926415,52,0,0.248416843,9000.0,14,0,2,0,3
1.051092188,35,3,0.413958929,7693.0,10,0,1,0,0
0.454508261,61,0,0.375770705,6000.0,12,0,1,0,1
0.9999999,56,18,0.0,5400.0,0,18,0,18,0
0.09706133,33,0,0.198360328,5000.0,5,0,1,0,0
0.097628539,88,0,43.0,5400.0,4,0,0,0,0
0.357595584,52,2,0.532058248,4600.0,14,0,1,0,4
0.706566676,45,1,0.619793402,3000.0,13,0,1,0,3
0.916062299,32,6,0.919080919,1000.0,14,0,0,1,0
0.0,33,0,0.397767039,6000.0,3,0,1,0,2
0.508852256,55,0,0.331252076,15054.0,10,0,2,0,1
0.446650479,47,0,0.395894428,3750.0,4,1,1,2,1
0.148150929,48,0,6.826347305,500.0,14,0,3,0,2
0.263988132,56,0,1.382923415,5000.0,13,0,4,0,0
0.402559744,43,0,0.407755582,3403.0,3,0,1,0,0
0.394480276,60,0,0.570791909,5833.0,7,0,1,0,0
0.042570212,53,0,0.248706087,21832.0,8,0,3,0,1
1.56261343,38,1,0.291541291,2990.0,5,4,0,0,0
0.362942902,44,0,0.443978603,6916.0,10,0,1,0,3
0.000825673,59,1,0.029548523,13333.0,8,0,0,0,3
0.9999999,71,0,2.628306878,755.0,3,0,2,0,0
0.243787549,45,2,2073.5,1.0,14,0,2,0,3
0.0,58,0,0.142112125,2300.0,7,0,0,0,0
0.610647144,45,0,0.38448237,13300.0,10,0,2,0,0
0.971254491,41,2,0.288152164,11250.0,10,0,2,0,0
0.205334105,44,3,0.446392863,6500.0,12,0,1,0,2
0.069510782,53,0,0.193473419,10326.0,10,0,2,0,0
0.174833007,54,0,3719.0,5400.0,9,0,2,0,3
0.081598368,51,0,0.49396085,2400.0,8,0,1,0,2
0.9999999,29,0,0.259067358,5210.0,3,3,0,2,1
0.270672933,45,0,2672.0,5400.0,2,0,1,0,0
0.213180325,47,0,1346.0,5400.0,4,0,1,0,4
0.9999999,82,0,0.0,2443.0,1,0,0,0,1
0.059809229,46,1,0.305359777,6100.0,14,0,1,0,1
0.071499354,62,0,126.0,5400.0,9,0,0,0,0
0.819317236,27,0,1.326683292,400.0,5,0,0,0,0
0.120575885,39,0,0.288951841,6000.0,2,0,1,0,0
0.9999999,56,1,0.006750755,5628.0,4,1,0,1,0
0.012824034,38,0,0.456195677,13000.0,14,0,2,0,0
0.097104502,66,0,0.107219303,15416.0,10,0,1,0,0
0.086170006,42,0,0.512279939,4600.0,19,0,2,0,2
0.002661113,67,0,0.071714246,7250.0,8,0,1,0,1
0.044673904,65,0,0.250377744,11250.0,18,0,2,0,2
0.330316509,67,0,1081.0,5400.0,7,0,1,0,0
0.255254595,41,5,0.433223825,7000.0,15,0,1,0,2
0.545300899,60,0,0.391960804,10000.0,12,0,2,0,0
0.040973111,49,0,20.0,5400.0,3,0,0,0,0
0.033425388,81,0,0.001853225,5395.0,5,0,0,0,0
0.0,64,0,1451.0,5400.0,12,0,1,0,2
0.083283653,47,0,0.095097623,40000.0,16,0,2,0,3
0.262964663,59,0,3548.0,5400.0,9,0,2,0,0
0.9999999,35,0,0.471498371,3683.0,5,0,1,0,0
0.136944497,76,0,509.0,5400.0,12,0,0,0,0
0.142161895,29,0,0.588925207,5200.0,10,0,2,0,0
0.051862019,54,2,2458.0,5400.0,13,1,1,0,1
0.0,41,0,0.140714682,5400.0,6,0,1,0,0
0.0072671,71,0,2375.0,5400.0,15,0,2,0,0
0.091058165,52,0,0.317115252,8693.0,14,0,3,0,1
0.026374747,69,0,0.017193123,2500.0,7,0,0,0,0
0.938906109,45,0,0.294387857,5006.0,3,0,1,0,0
0.445473458,66,0,0.071996764,7416.0,13,0,0,0,0
0.056361074,71,0,0.388329037,4266.0,8,0,2,0,0
0.024718546,60,0,602.0,5400.0,8,0,1,0,0
0.0,61,0,687.0,5400.0,16,0,0,0,0
0.09725163,38,1,0.04217233,3295.0,10,0,0,1,1
0.092442162,60,0,111.0,5400.0,6,0,0,0,0
0.056031868,33,0,0.035550862,2840.0,6,0,0,0,2
1.007998,48,0,0.348094748,5825.0,3,0,1,0,4
0.256522799,31,1,0.275976977,3300.0,4,0,0,2,2
0.3960001,59,0,2969.0,5400.0,22,0,2,1,0
0.0,76,0,153.0,5400.0,3,0,0,0,0
0.9999999,32,1,0.354929014,5000.0,5,0,1,0,0
0.957320557,43,0,4763.0,5400.0,11,0,2,0,0
0.943521595,39,0,0.02350081,3701.0,2,0,0,1,1
0.002567394,59,2,0.000768935,2600.0,5,1,0,0,0
0.00046031,48,0,9805.0,5400.0,15,0,5,0,0
0.779295208,51,2,0.188103781,7245.0,7,1,0,1,3
0.0,56,0,0.308218294,7750.0,5,0,2,0,3
0.9999999,63,0,0.0,3305.0,1,0,0,0,0
0.0,66,0,0.0,5400.0,13,0,0,0,0
0.139426358,48,0,0.358185279,9455.0,8,0,2,0,1
0.004299226,41,0,0.200599989,17666.0,5,0,1,0,1
0.986343072,42,0,0.255304966,9000.0,8,0,1,0,2
0.018551301,52,0,0.218142549,8333.0,7,0,1,0,0
0.0,74,0,0.0,5400.0,3,0,0,0,0
0.751583462,44,0,9701.0,5400.0,11,0,2,0,0
0.785522261,56,1,0.303455534,5700.0,8,0,2,0,0
0.010699151,63,0,0.361430396,5480.0,17,0,1,0,0
0.055560386,43,2,0.495834722,3000.0,4,0,1,0,1
0.267829928,51,0,0.536963957,3800.0,15,0,2,0,0
0.012887815,41,1,0.204720538,6100.0,19,0,1,0,1
0.000139997,51,0,0.0,5400.0,5,0,0,0,0
0.046968745,78,0,1140.0,5400.0,11,0,0,0,0
0.097545123,60,0,0.12832264,12000.0,11,0,0,0,2
0.025615231,73,0,0.14012284,7000.0,9,0,0,0,0
0.012486859,88,0,0.003998857,3500.0,9,0,0,0,0
0.0,69,0,1859.0,5400.0,7,0,1,0,0
0.043810216,37,0,0.107461621,2800.0,2,0,0,0,1
0.810678416,33,0,0.464360083,6242.0,8,0,0,1,0
0.077550591,69,0,0.21474359,3119.0,2,0,1,0,3
0.9999999,36,0,4397.0,5400.0,3,0,2,0,0
0.686285703,64,0,0.622268887,20000.0,12,0,4,0,0
0.9999999,41,0,0.241640379,4754.0,5,0,2,0,3
0.425085262,49,1,3350.0,5400.0,12,0,2,0,1
0.121192845,40,0,0.300870096,6550.0,9,0,2,0,3
0.475004545,33,1,0.357331822,5291.0,11,0,2,0,1
0.458498449,53,0,0.374609702,13130.0,17,0,2,0,0
0.020767034,75,0,0.004775363,10260.0,8,0,0,0,0
0.054302606,44,0,0.482233503,6500.0,13,0,3,0,1
0.067590988,46,1,0.36191385,7335.0,6,0,2,0,4
0.533933258,43,0,0.211754014,3300.0,4,0,0,0,2
0.0719985,59,0,0.261238095,10499.0,7,0,1,0,2
0.9999999,29,1,0.045767607,4500.0,2,0,0,0,1
0.01379931,58,0,8.0,5400.0,2,0,0,0,0
0.542435028,59,0,0.511456742,7200.0,14,0,1,0,0
0.157071828,74,1,0.591646301,4500.0,16,0,3,0,0
2.787375415,35,1,85.0,5400.0,2,0,0,0,0
0.008059839,52,1,0.296526991,10595.0,10,0,1,0,3
0.9999999,59,0,0.235585198,4647.0,8,0,1,0,0
0.042038503,68,0,0.132906683,6718.0,9,0,0,0,1
0.523059332,30,0,854.0,5400.0,10,0,0,1,0
1.00288745,71,0,0.266749547,37000.0,29,0,3,0,2
0.9999999,57,0,16.0,5400.0,0,1,0,0,0
0.486558982,40,0,3.860911271,833.0,9,0,2,0,3
0.653765133,39,0,0.701059788,5000.0,5,0,1,0,2
0.0,21,0,0.0,929.0,2,0,0,0,0
0.766386555,55,0,0.4060808,2400.0,6,0,1,0,1
0.039095402,59,0,3897.0,5400.0,13,0,1,0,0
0.095836087,49,0,0.787446769,5400.0,19,0,3,0,0
0.034049548,74,0,0.009643917,2695.0,3,0,0,0,0
0.374180647,41,0,0.345167653,6083.0,3,0,2,0,2
0.983803239,46,0,0.210378682,12833.0,4,0,1,0,2
0.799106594,59,0,0.471510601,4527.0,10,0,1,0,0
0.384779747,43,0,0.357851722,6851.0,10,0,1,0,1
0.101484399,23,1,0.012180268,820.0,2,0,0,0,0
0.019505547,33,0,1692.0,5400.0,9,0,2,0,0
0.239835983,43,0,0.343892489,8333.0,9,0,2,0,3
0.700391115,58,2,0.386755966,10600.0,8,1,3,0,1
0.062462481,48,0,1611.0,5400.0,6,0,2,0,3
0.0,65,0,3.0,5400.0,7,0,0,0,0
0.803742056,68,0,0.319493382,10500.0,11,0,1,0,0
0.089426016,48,0,0.254562471,6410.0,5,0,1,0,4
0.025820125,52,0,1854.0,5400.0,7,0,1,0,0
0.0,33,1,0.130345031,3390.0,2,0,0,1,0
0.9999999,46,0,0.632728619,2700.0,3,1,1,1,0
0.488704084,55,0,0.27942064,4970.0,12,0,0,0,0
0.0,51,0,0.290202799,3500.0,5,0,1,0,1
0.209836611,51,0,0.533666569,3400.0,12,0,1,0,4
0.0,54,1,0.081392614,4250.0,11,0,0,0,0
0.025637607,89,0,0.212,249.0,6,0,0,0,0
0.377331891,40,0,0.374859479,9784.0,8,0,2,0,3
0.0,41,0,0.053941316,35000.0,6,0,0,0,2
0.901549225,40,0,0.12435026,2500.0,4,0,0,0,1
0.163734492,55,0,0.211546266,9855.0,7,0,2,0,2
0.9999999,67,0,0.085045843,3162.0,2,0,0,0,0
0.0,63,0,2302.0,5400.0,12,0,2,0,0
0.198124528,42,0,0.162510056,8700.0,5,0,0,0,1
0.087891921,59,1,0.223786902,5893.0,9,1,1,1,1
0.9999999,45,1,0.033570702,2948.0,3,1,0,1,2
0.0,40,0,3301.0,5400.0,4,0,1,0,0
0.9999999,36,0,0.0,5400.0,0,0,0,0,0
0.407255252,30,0,0.159404659,4635.0,7,0,0,0,0
0.800817585,52,0,0.039450216,80176.0,31,0,2,0,1
0.002533222,63,0,0.113221695,4000.0,13,0,1,0,0
0.053139146,68,0,0.171982802,10000.0,17,0,1,0,0
0.046418112,55,0,0.170485793,5454.0,11,0,1,0,0
0.02639868,56,0,1.050985433,2333.0,14,0,1,0,2
0.095392828,60,0,0.182173792,3578.0,7,0,0,0,2
0.400068964,41,0,0.762833984,3330.0,9,0,1,0,0
0.94160292,38,0,0.472512266,7948.0,10,0,2,0,3
0.990049751,68,1,0.019810896,2220.0,4,2,0,0,0
0.140469831,63,0,0.033983008,2000.0,6,0,0,0,0
0.470126494,48,0,0.188860839,19013.0,4,0,1,0,3
0.004104831,72,0,810.0,5400.0,4,0,1,0,0
0.0,52,5,0.251010826,15333.0,8,0,2,0,1
0.794087623,41,0,1.272486071,3768.0,10,0,2,0,2
0.052469457,81,0,0.456661046,2964.0,14,0,1,0,0
0.062041929,69,0,0.15581507,6250.0,10,0,1,0,1
0.02378799,72,0,1224.0,5400.0,10,0,1,0,0
0.050174338,61,0,3023.0,5400.0,6,0,1,0,0
0.051640983,30,0,0.125864172,4917.0,3,0,0,1,0
0.989802422,39,0,1.122047923,5800.0,11,0,2,0,3
0.711385435,57,0,1.975211114,3670.0,17,0,2,0,0
0.013795701,53,0,0.151130723,3625.0,18,0,1,0,0
0.776743229,50,0,0.795702874,10890.0,17,0,4,0,0
0.081803286,39,0,1725.0,5400.0,6,0,2,0,0
1.022996167,36,0,0.359238955,3100.0,4,0,1,2,1
1.559300874,37,0,55.0,5400.0,3,0,0,0,0
0.071829784,60,0,0.474679113,4284.0,12,0,1,0,0
0.052057451,25,0,0.104693141,3600.0,6,0,0,0,0
0.464688971,29,0,0.13034188,6083.0,9,0,0,0,0
0.025058087,44,0,1.034994168,6000.0,8,0,4,0,2
0.125592823,43,0,0.522616918,11738.0,8,0,3,0,4
0.019776899,64,0,0.007902736,1644.0,3,0,0,0,0
0.074557018,38,0,1.07928048,1500.0,6,0,2,0,1
0.015599554,79,0,0.020815987,1200.0,6,0,0,0,0
0.9999999,39,1,0.535718254,9000.0,11,0,1,0,2
0.040512566,53,0,0.015978087,4380.0,8,0,0,0,0
0.092283078,37,0,0.096723706,9583.0,5,0,2,0,3
0.228996197,51,0,0.294907507,14000.0,15,0,2,0,3
0.656286256,56,0,0.209827168,7000.0,8,0,0,0,1
0.1652747,37,0,419.0,5400.0,4,0,0,0,0
0.018991065,61,0,0.352479486,5605.0,9,0,1,0,1
0.081076577,57,0,0.219032675,10833.0,5,0,1,0,1
0.115711025,57,0,0.363008648,14916.0,14,0,3,0,0
0.0,76,0,0.580210339,6750.0,5,0,1,0,1
0.195277021,24,0,6.0,5400.0,5,0,0,0,0
0.080590238,62,0,1339.0,5400.0,3,0,1,0,0
0.747514244,38,0,0.181531176,3800.0,5,0,0,0,3
0.0279725,67,1,0.246207833,8833.0,13,0,1,0,0
0.261342332,27,1,0.323214571,6258.0,6,0,2,0,0
0.801410106,49,1,0.071451154,3162.0,1,4,0,1,0
0.725857325,44,2,0.302616231,6000.0,8,0,1,0,0
0.533906209,51,0,0.4019012,6416.0,15,0,0,0,0
0.046688045,47,0,0.695465454,7916.0,10,0,3,0,1
0.001211974,41,0,0.311651405,6333.0,7,0,2,0,2
0.9999999,43,0,0.014280262,31441.0,1,0,0,1,2
0.032088594,71,0,0.456394347,2900.0,9,0,0,0,0
0.01319956,39,0,0.00275,3999.0,1,0,0,0,3
0.022919013,62,0,0.165210713,10416.0,5,0,1,0,0
0.077613943,60,0,2475.0,5400.0,10,0,2,0,0
0.012621916,46,0,0.200547778,9857.0,5,0,1,0,0
1.006110432,46,0,0.614367476,5066.0,10,0,1,0,1
0.9999999,47,0,424.0,5400.0,1,2,0,1,0
0.666083354,52,0,0.44077275,5900.0,6,0,1,0,0
0.026346889,49,0,0.050526502,11300.0,9,0,0,0,0
0.551631456,74,1,0.428977273,5983.0,11,0,3,0,0
0.0507029,82,0,1589.0,5400.0,13,0,1,0,0
0.142792266,48,0,0.410172011,9417.0,12,0,1,0,0
0.478154724,59,0,0.304179567,3875.0,8,0,0,0,1
0.002656575,78,0,0.000761832,10500.0,17,0,0,0,0
0.009831695,33,0,0.00039984,2500.0,2,0,0,0,2
0.019997561,51,0,0.210659898,2757.0,8,0,1,0,2
0.079600845,60,0,2169.0,5400.0,7,0,1,0,0
0.201260231,91,0,0.038318371,4566.0,3,0,0,0,0
0.028933262,37,0,0.62621817,3180.0,11,0,2,0,2
0.001945124,61,0,0.538243626,6000.0,19,0,2,0,1
0.188698098,61,4,3616.0,5400.0,21,0,1,2,0
0.007319707,64,0,0.141918434,14000.0,4,0,1,0,0
0.0,29,0,2481.0,5400.0,6,0,1,0,0
0.0,57,0,0.176766139,13135.0,9,0,2,0,0
0.001051377,83,2,0.288698074,4308.0,13,0,0,0,0
0.9999999,23,0,111.0,5400.0,1,2,0,1,0
0.366809046,38,0,0.129595366,12430.0,7,0,0,0,3
0.031736664,50,0,0.665388828,1825.0,10,0,1,0,1
0.0,60,0,1509.0,5400.0,8,0,1,0,0
0.012060875,74,0,8.0,5400.0,1,0,0,0,0
0.762168627,39,1,0.950178845,3913.0,8,0,2,0,2
0.9999999,35,2,0.364640884,3800.0,9,0,0,0,0
0.427593589,66,0,1.11692726,1470.0,8,0,2,0,0
0.688881682,48,0,0.391640164,2200.0,3,0,0,0,1
0.031785904,39,0,19.0,5400.0,8,0,0,0,0
0.02279772,48,4,1.347150259,1350.0,11,0,2,0,0
0.777985075,50,0,0.67916042,2000.0,7,0,0,0,0
0.9999999,44,0,0.237458775,5760.0,5,0,1,0,2
0.028215662,80,0,26.0,5400.0,4,0,0,0,0
0.249500998,25,0,0.205065541,4500.0,3,0,1,0,0
0.9999999,30,0,0.0,5400.0,0,3,0,0,0
0.050539012,50,0,0.23965069,15000.0,18,0,3,0,3
0.049038038,61,0,1316.0,5400.0,5,0,1,0,0
0.979486886,59,0,1.168943685,3000.0,9,0,2,0,1
0.211010738,74,1,0.044382247,2500.0,6,0,0,0,0
0.054340748,53,0,1.665439243,1900.0,17,0,2,0,2
0.05862304,30,0,1165.0,5400.0,6,0,1,0,0
0.001160697,79,0,0.000612182,3266.0,6,0,0,0,0
0.855221012,60,0,1.004373633,3200.0,10,0,0,0,0
0.002914434,41,0,4.0,5400.0,4,0,0,0,0
0.0,54,0,0.705643718,8380.0,11,0,4,0,0
0.01107127,62,0,42.0,5400.0,8,0,0,0,0
0.555186795,67,0,6292.0,5400.0,14,0,1,0,0
0.158962836,49,0,0.421918461,12582.0,21,0,3,0,2
0.110767855,32,0,0.403381203,5500.0,4,0,2,0,1
0.017764281,39,0,0.31565694,6750.0,11,0,2,0,0
0.922769308,45,0,568.0,5400.0,4,0,0,1,0
0.605226318,48,1,0.719904648,7550.0,11,0,2,0,2
0.117350612,51,1,0.218077758,10133.0,8,0,2,0,2
0.816701574,78,1,1832.0,5400.0,7,0,1,0,0
0.799428688,45,3,0.128190367,5210.0,3,0,0,0,3
0.140294762,51,0,0.121515116,8500.0,8,0,0,0,2
0.061384478,51,0,3347.0,5400.0,9,0,2,0,0
0.824705823,29,0,0.586914576,5700.0,14,0,1,0,2
0.020319812,88,0,0.042045768,7253.0,8,0,1,0,0
0.6304128,44,0,0.346477924,8900.0,15,0,2,0,0
0.033680686,51,0,0.08463395,6214.0,14,0,1,0,0
0.9999999,61,0,0.738504598,2500.0,5,0,2,0,0
0.000816878,56,0,0.0,5400.0,5,0,0,0,0
0.014597081,44,1,0.032527528,7900.0,3,0,0,0,0
0.058153892,53,0,0.2424531,10500.0,8,0,1,0,3
2613.0,33,0,0.510076551,6400.0,3,0,1,0,2
0.674885925,33,0,0.177958279,5416.0,8,1,0,0,1
0.146758185,64,0,0.084166515,5500.0,19,0,0,0,0
0.029562118,37,0,0.522997579,9500.0,16,0,4,0,2
0.9999999,70,0,0.001749563,4000.0,0,0,0,0,1
0.34885486,51,0,0.633273871,10650.0,16,0,4,0,3
0.152573424,44,0,0.451523928,7250.0,9,0,2,0,0
0.423677632,58,0,0.258870869,8200.0,9,0,1,0,0
0.113974373,62,0,0.291216147,9710.0,21,0,1,0,0
0.418740607,43,1,0.600093327,15000.0,15,0,3,0,1
0.0,26,0,0.122944749,6750.0,8,0,0,0,0
0.091890811,66,0,0.026973027,1000.0,2,0,0,0,0
0.030152918,77,0,0.094476381,4000.0,6,0,0,0,0
0.01826292,48,1,0.412288675,5500.0,9,0,2,0,2
0.500944657,40,0,0.712902218,3200.0,5,0,2,0,0
0.063107605,43,0,1510.0,0.0,3,0,1,0,2
0.183402371,48,2,0.573877963,1982.0,5,2,0,0,3
0.911289633,34,1,3.821963394,600.0,5,0,2,0,3
0.497663128,47,0,3351.0,5400.0,10,0,3,0,0
0.108906616,36,0,0.189663129,6500.0,4,0,1,0,2
0.058360984,48,0,1.378069353,5334.0,6,0,5,0,0
0.159292035,58,0,0.168441578,13333.0,6,0,2,0,0
0.214778458,37,0,0.425913694,9083.0,15,0,2,0,3
0.0,70,0,0.329355609,2094.0,4,0,1,0,0
0.01771246,42,0,2339.0,5400.0,8,0,1,0,0
0.014262608,57,1,0.177364527,5000.0,8,1,1,0,0
0.002188239,62,0,0.279308439,12666.0,14,0,2,0,0
0.018673496,72,0,0.050757071,10500.0,10,0,1,0,0
0.082997559,51,0,1086.0,5400.0,5,0,2,0,0
0.477798755,28,0,0.272402713,2800.0,5,0,0,0,2
0.019754535,76,0,0.549209646,8666.0,16,0,2,0,0
0.874612866,59,2,0.183854842,5400.0,12,0,0,0,0
0.15865811,47,1,0.716778767,5500.0,9,0,2,0,3
0.9999999,49,0,0.728268516,9950.0,7,0,3,0,1
0.9999999,27,2,0.683311432,760.0,1,0,0,0,0
0.0,28,0,0.515584037,3432.0,7,0,1,0,0
0.971378468,49,0,1.095650725,6000.0,9,0,4,0,2
0.001020367,59,0,1561.0,5400.0,6,0,2,0,0
0.22045942,44,0,0.101921957,5150.0,12,0,0,0,0
0.3734962,74,0,0.094877156,3825.0,2,0,0,0,0
0.149330753,24,0,0.12043978,2000.0,3,0,0,0,0
0.9999999,77,0,271.0,5400.0,1,0,0,0,0
0.012823082,64,0,0.442955704,10000.0,11,0,3,0,0
0.678065347,36,0,0.486265946,8700.0,12,0,3,0,0
0.382310385,69,0,0.360008271,4835.0,7,0,1,0,0
0.102746535,70,0,0.223490943,19266.0,15,0,2,0,1
0.9999999,66,0,0.0,5400.0,2,0,0,0,0
0.254685133,47,0,0.291454012,9208.0,7,0,2,0,0
0.067348137,59,0,0.107903587,3567.0,7,0,0,0,1
0.9999999,64,0,0.0,5400.0,0,0,0,0,0
0.005630649,50,1,0.057294271,10000.0,6,0,0,0,3
0.856154511,49,1,0.239800685,6421.0,19,0,0,0,1
0.09719367,55,0,0.391051805,6369.0,10,1,2,0,0
0.092413351,64,0,0.268833087,8800.0,10,0,1,0,0
0.950701249,35,0,0.279944011,5000.0,6,0,0,0,2
0.0,86,0,1213.0,5400.0,6,0,1,0,0
0.032663556,50,0,0.402290493,5500.0,5,0,1,0,1
0.0,42,0,0.336333157,5666.0,6,0,1,0,1
0.865876958,45,0,0.263759086,3851.0,10,0,0,2,3
0.972342552,35,1,0.042860703,4012.0,4,0,0,2,1
0.0,51,0,1139.0,5400.0,4,0,1,0,0
0.414666302,65,0,0.164895636,5269.0,7,0,0,0,0
0.3321213,60,0,0.279741348,13608.0,12,0,2,0,3
0.0,49,0,3471.0,5400.0,8,0,2,0,0
0.9999999,53,0,0.0,2900.0,2,1,0,0,0
0.975668289,51,0,0.185349891,11917.0,5,0,2,0,1
0.011392143,64,0,0.097144382,3746.0,4,0,1,0,0
0.62472958,59,0,0.586351228,5494.0,17,0,2,0,0
0.071886934,60,0,0.159959387,10833.0,7,0,1,0,0
0.532178713,49,0,0.403242956,15047.0,6,0,2,0,2
0.013293033,64,0,0.006516291,3989.0,5,0,0,0,0
0.468870938,63,0,0.553635195,7000.0,7,0,0,0,0
0.735158105,66,0,176.0,5400.0,2,0,0,0,0
0.363577447,44,0,0.77650839,2800.0,6,0,2,0,3
0.0,66,0,0.0,5400.0,2,0,0,0,0
0.077618806,39,0,0.031172687,2020.0,8,0,0,0,2
0.999955567,50,0,2316.0,5400.0,6,0,1,0,3
0.037001546,68,2,0.55102414,5467.0,24,0,2,0,0
0.023993785,78,0,71.0,5400.0,10,0,0,0,0
0.021691751,39,0,0.19701413,3750.0,10,0,0,0,0
0.286716851,42,0,2514.0,5400.0,7,0,1,0,3
0.143561514,48,0,0.488394239,8400.0,10,0,1,0,2
0.015514563,55,0,76.0,5400.0,9,0,0,0,0
0.009378778,77,0,17.0,5400.0,8,0,0,0,0
0.60837201,69,0,0.331842212,2458.0,4,0,0,0,0
0.19645518,63,0,0.132312274,4700.0,5,0,0,0,3
0.698980268,45,0,0.624159974,6100.0,20,0,3,0,3
0.9999999,48,0,0.000403063,2480.0,1,0,0,0,3
0.9999999,36,0,0.0,1500.0,0,0,0,0,0
0.967984875,71,0,0.554271246,9083.0,22,0,2,0,0
0.211436432,41,0,0.612995427,5247.0,8,0,2,0,2
0.0,66,0,0.17064117,8889.0,4,0,1,0,0
0.026805574,63,0,831.0,5400.0,5,0,1,0,0
0.755122439,46,4,0.648972914,5500.0,7,4,1,1,0
0.011443436,58,0,0.297557033,11133.0,13,0,1,0,2
0.008366493,26,0,0.120399818,2200.0,9,0,0,0,0
0.982017982,41,0,0.078975645,5583.0,3,1,0,0,3
0.121957524,70,0,0.069692746,16500.0,11,0,0,0,0
0.390236925,36,0,0.068912475,6500.0,3,0,0,0,0
0.461876118,51,0,0.449696151,2961.0,10,0,1,0,0
0.348974176,48,0,0.190184049,4889.0,9,0,0,0,1
0.763283712,55,2,0.303051198,5800.0,11,1,2,1,0
0.437295742,50,0,1615.0,5400.0,5,0,1,0,0
0.089145543,32,0,0.154469106,3333.0,5,0,0,0,0
0.051525412,65,0,0.228966785,37000.0,21,0,2,0,0
0.923335767,34,0,0.212357528,5000.0,6,0,0,0,4
0.034720071,62,0,0.207050329,4708.0,10,0,1,0,1
0.084389306,66,0,0.075154627,8568.0,9,0,1,0,0
0.9999999,39,0,0.116362818,4442.0,3,0,0,0,3
0.0,84,0,0.0,1269.0,4,0,0,0,0
0.152337262,48,0,0.166840242,4800.0,16,0,0,0,0
0.113788621,68,1,0.005097373,7650.0,2,0,0,0,1
0.167416292,54,2,0.686495177,4975.0,6,0,1,0,0
0.151052827,26,0,0.031593681,5000.0,4,0,0,0,0
0.000853473,52,0,1158.0,5400.0,18,0,2,0,0
0.0,41,0,0.130805687,4219.0,15,0,1,0,3
0.580629981,63,0,2379.0,5400.0,8,0,3,0,0
0.776815628,45,2,1.554978009,2500.0,13,0,2,0,0
0.051165607,27,0,0.010906825,3208.0,3,0,0,0,0
0.173447212,36,0,2364.0,5400.0,8,0,2,0,2
0.09101621,38,0,0.169040657,10600.0,11,0,2,0,4
0.080461998,79,0,61.0,5400.0,5,0,0,0,0
0.000641485,62,0,2771.0,5400.0,8,0,2,0,0
0.799475229,42,2,0.581883623,5000.0,10,0,1,0,0
0.0,58,0,0.398064962,15916.0,5,0,3,0,0
0.9999999,40,0,0.009784013,5416.0,0,0,0,0,0
0.0,48,0,0.225303293,7500.0,14,0,2,0,1
0.219093326,40,1,3489.0,5400.0,6,0,2,0,0
0.385074827,31,0,0.461476939,3750.0,10,0,0,0,0
0.06759792,31,0,0.536869879,7200.0,10,0,1,0,2
0.008950876,40,0,0.189305942,10416.0,11,0,1,0,0
0.016438811,63,0,0.334842483,5300.0,10,0,2,0,0
1.067382451,28,0,0.292951175,6000.0,8,0,1,0,0
0.30737578,52,0,0.103844191,11757.0,10,0,0,0,0
0.809587217,69,0,0.035700935,5349.0,3,0,0,0,0
0.0,71,2,0.513692829,7083.0,20,0,4,0,0
0.097546698,59,0,0.392279336,9765.0,23,0,2,0,2
0.520078719,67,0,0.390067253,3865.0,12,0,1,0,0
0.9832951,54,3,0.587388348,7500.0,10,0,2,0,0
0.52448951,44,2,0.595962938,6043.0,8,1,2,0,2
0.055408019,33,0,1.216699801,1508.0,7,0,1,0,1
0.9999999,54,0,1.058347776,1730.0,6,0,1,0,0
0.0,64,1,0.136458333,3839.0,9,0,0,0,0
0.031324853,63,0,3097.0,5400.0,7,0,1,0,0
0.192080876,34,0,0.402780387,5322.0,8,0,1,0,4
0.01775903,56,0,0.356100409,3425.0,16,0,1,0,0
0.340833227,55,0,3020.0,5400.0,11,0,3,0,0
0.769607703,41,1,0.2051987,4000.0,12,0,0,0,0
0.000990304,68,0,1526.0,5400.0,9,0,1,0,0
0.9999999,29,0,252.0,5400.0,2,0,0,0,0
0.9999999,61,0,0.0,2178.0,2,0,0,0,0
0.057464758,32,0,0.355256991,6400.0,8,0,1,0,0
0.420746155,38,0,0.586174539,3196.0,16,0,2,0,0
0.9999999,23,0,0.301698302,1000.0,1,0,0,0,0
638.0,24,0,619.0,0.0,2,0,0,0,0
0.009022836,60,0,0.001439885,4166.0,4,0,0,0,0
0.9999999,48,0,0.004331889,3000.0,0,0,0,0,1
0.319660233,63,1,0.750108648,2300.0,5,0,1,0,0
0.272134345,47,0,0.102789721,10000.0,11,0,0,0,4
0.9999999,57,1,0.140757927,6464.0,2,0,0,0,1
0.244214582,36,1,0.25902295,10500.0,15,0,2,0,0
0.022646007,47,0,0.231442139,4000.0,6,0,0,0,4
0.009605038,37,0,0.211744777,7083.0,13,0,1,0,3
0.159394687,64,0,484.0,5400.0,2,0,0,0,1
0.9999999,76,0,0.062484379,4000.0,2,0,0,0,0
0.173427419,50,0,0.118607313,16600.0,8,0,1,0,0
0.061353551,36,0,0.350616136,4300.0,11,0,1,0,2
0.0,52,0,1188.0,5400.0,3,0,1,0,0
0.865133298,43,0,0.542323928,4500.0,8,0,1,0,1
0.026071747,40,0,23.0,5400.0,3,0,0,0,0
0.013532882,42,0,0.014394242,2500.0,1,0,0,0,0
0.134551791,38,1,1170.0,5400.0,7,0,1,0,0
0.036724082,73,0,0.146598905,10231.0,8,0,1,0,0
0.196935001,65,0,0.784347329,3500.0,12,0,4,0,0
0.0,30,0,0.137106611,4098.0,4,3,0,1,1
0.15477691,30,0,0.402024291,2469.0,6,0,0,0,0
0.017031709,80,0,0.207117153,2500.0,4,0,0,0,0
0.0,44,0,0.09983906,70833.0,7,0,1,0,2
0.475304939,56,0,0.262155246,3516.0,5,0,0,0,0
0.960239972,50,2,1128.0,5400.0,4,1,0,0,3
0.900752757,62,0,0.690678997,20544.0,15,0,6,0,0
0.249789963,55,0,0.480652555,7416.0,9,0,2,0,0
0.238170891,62,0,3960.0,5400.0,17,0,1,0,0
0.999600948,40,2,0.549841032,10693.0,16,0,2,0,2
0.050054165,49,0,2648.0,5400.0,8,0,1,0,0
0.015849801,68,0,0.158384162,10000.0,8,0,1,0,1
0.061313402,68,0,0.314249364,6287.0,20,0,3,0,0
0.007299757,32,0,0.529395138,3537.0,6,0,2,0,0
0.567086804,60,0,3557.0,5400.0,14,0,1,0,0
0.082050779,62,0,0.369768062,3750.0,13,0,0,0,0
0.476039814,40,0,0.152530393,7073.0,8,0,0,0,2
0.057131429,54,0,0.209074993,6853.0,3,0,1,0,1
0.708136629,53,0,0.210070384,11081.0,4,0,1,0,0
0.9999999,59,0,0.086847599,2394.0,1,0,0,0,0
0.59419583,27,0,0.30846204,4596.0,5,0,1,0,0
0.011990842,32,0,0.006265831,7500.0,13,0,0,0,0
0.806015573,41,1,0.214571302,6752.0,8,0,0,0,0
0.026015418,80,0,0.00668495,5833.0,7,0,0,0,0
0.101104833,53,0,0.022139694,7000.0,3,0,0,0,2
0.06818848,32,0,0.226555099,6333.0,13,0,0,0,0
0.025881776,78,0,0.162055336,505.0,13,0,0,0,0
0.113747344,49,0,0.3798231,7800.0,10,0,2,0,3
0.986019805,50,1,1483.0,5400.0,3,1,1,1,0
0.409565489,51,0,0.420381635,12000.0,22,0,1,0,0
0.0,64,0,552.0,5400.0,12,0,1,0,0
0.033046832,54,1,1256.0,5400.0,11,0,1,0,0
0.367991637,89,0,0.281906031,3000.0,5,0,1,0,0
0.083059904,61,0,0.314779789,3700.0,7,0,2,0,0
0.073405064,64,0,0.660421093,15530.0,10,0,3,0,0
0.081695387,60,0,0.333757499,5500.0,18,0,1,0,0
0.9999999,25,0,0.0,1625.0,0,1,0,0,0
0.952095808,30,1,0.089636788,3000.0,10,0,0,0,0
1.281718282,47,3,395.0,5400.0,5,0,1,1,1
0.145635045,45,0,2669.0,5400.0,6,0,1,0,3
0.007980002,69,0,717.0,5400.0,3,0,1,0,0
1.018654231,46,1,0.200918762,4135.0,6,0,0,0,0
0.314478454,53,0,0.387861214,10000.0,17,0,3,0,1
0.822274281,62,0,0.727168841,10500.0,14,0,2,0,0
0.059577879,54,0,0.512206464,4300.0,12,0,2,0,3
0.257277146,59,0,1423.0,5400.0,8,0,1,0,5
0.638606676,26,2,0.900166389,600.0,6,1,0,0,0
0.0,44,1,0.672687062,2712.0,6,0,1,0,3
0.50989802,25,0,0.260940032,1850.0,8,1,0,0,0
0.518516049,36,0,570.0,5400.0,5,0,0,0,0
0.603964587,59,0,1408.0,5400.0,8,0,1,0,3
0.761560592,65,1,0.38150697,5666.0,6,1,1,0,0
0.069763188,72,0,0.481753041,6000.0,18,0,2,0,0
0.101996813,38,0,2213.0,5400.0,4,0,1,0,0
0.018376639,71,0,0.82194617,3380.0,11,0,2,0,0
0.014516809,66,1,0.542462146,6075.0,10,0,1,0,0
0.01591166,26,0,0.228771229,1000.0,4,0,0,0,0
0.007890739,72,0,0.311256877,4725.0,10,0,2,0,1
0.615712569,43,0,0.065057992,7500.0,10,1,0,0,0
0.225605206,49,0,0.469537395,7500.0,3,0,1,0,0
0.9999999,34,0,498.0,5400.0,2,0,0,0,0
0.0,37,0,0.475292773,3500.0,6,0,1,0,0
0.343043881,69,0,0.692348707,3750.0,18,0,1,0,0
0.9999999,49,1,1.977855478,857.0,3,2,2,1,0
0.000629759,60,0,3107.0,5400.0,17,0,2,0,0
0.550828076,89,0,0.51977093,3666.0,16,0,1,0,0
0.28230535,50,0,0.249575042,10000.0,3,0,2,0,1
0.579792146,59,0,0.331205292,13000.0,7,0,2,0,1
0.476204278,61,0,0.495264819,2850.0,9,0,1,0,0
0.00049372,68,0,0.403144558,6550.0,19,0,2,0,0
0.0,78,0,1.186459489,900.0,3,0,1,0,0
0.037742528,45,0,0.2443062,9483.0,7,0,1,0,0
0.854834982,62,0,5671.0,5400.0,16,0,1,0,0
0.9999999,29,0,0.007571933,1980.0,1,1,0,0,4
0.023609987,79,0,0.01032989,3000.0,5,0,0,0,0
0.025994801,33,0,0.012227174,8750.0,3,0,0,0,1
0.460310234,36,0,0.475678443,3905.0,10,0,1,0,0
0.9999999,53,0,0.495528669,1900.0,3,2,1,0,0
0.9999999,46,0,0.477094241,4583.0,4,0,1,0,0
0.057175305,55,0,0.593378513,9000.0,11,0,2,0,0
0.980003999,40,0,0.494438265,3595.0,6,0,2,0,0
0.029385294,51,0,3587.0,5400.0,13,0,2,0,0
0.825346355,65,0,3646.0,5400.0,15,0,1,0,3
2050.0,86,0,2214.0,5400.0,2,0,1,0,0
0.524186492,54,0,0.341441576,6700.0,7,0,1,0,0
0.773845231,58,0,0.095431536,16000.0,11,0,1,0,1
0.474339036,44,0,0.205362048,9100.0,3,0,1,0,2
0.023597536,69,0,0.265848087,3501.0,20,0,1,0,0
0.099995,60,0,1297.0,5400.0,5,0,1,0,0
0.023747991,65,0,0.370902078,4666.0,6,0,1,0,0
0.01559844,29,0,0.001198681,3336.0,1,0,0,0,0
0.177112995,45,0,0.280028531,7009.0,9,0,2,0,3
0.015261541,72,0,0.609884332,950.0,6,0,0,0,0
0.810914681,63,0,0.784435037,3070.0,13,0,2,0,1
0.0506583,40,0,0.313483311,6800.0,15,0,1,0,1
0.043495394,34,0,0.285251566,4630.0,5,0,1,0,1
0.025522594,36,0,1650.0,5400.0,4,0,1,0,1
0.016924577,47,0,0.306673332,4000.0,3,0,1,0,2
0.889851691,38,1,0.450670876,3800.0,8,0,2,0,1
0.054877227,43,0,0.397293973,5690.0,8,0,1,0,1
0.9999999,47,0,0.005597761,2500.0,4,0,0,0,0
0.07439504,65,0,2122.0,5400.0,8,0,2,0,0
0.0,46,0,1087.0,5400.0,5,0,1,0,0
0.0,53,0,0.37652226,5008.0,12,0,2,0,2
0.399827766,51,0,1.484804631,31785.0,43,0,6,0,3
0.256831177,44,0,0.467432293,5833.0,10,0,2,0,3
0.268478759,53,0,1995.0,5400.0,11,0,2,0,2
0.513036659,31,0,0.153612629,3293.0,4,0,0,0,1
0.058913345,53,0,0.161003979,9800.0,13,0,2,0,3
0.077326324,45,1,0.542716583,8333.0,10,0,2,0,5
0.000861931,72,0,2242.0,5400.0,20,0,2,0,0
0.9999999,81,0,0.0,5400.0,1,0,0,0,0
0.371914619,54,0,0.612070533,5500.0,17,0,1,1,1
0.311084397,40,1,0.490695631,12520.0,15,0,4,0,0
0.110688931,67,1,0.286982249,6083.0,8,0,1,0,0
0.9999999,21,18,0.0,5400.0,0,18,0,18,0
0.427511899,41,0,0.680709817,7832.0,19,0,2,0,3
0.000449978,57,0,324.0,5400.0,3,0,1,0,0
0.228867479,38,0,0.004145658,8924.0,6,0,0,0,2
0.014178631,61,0,0.002311111,11249.0,11,0,0,0,0
0.0,55,0,0.0,5400.0,10,0,0,0,0
0.0,32,0,0.358309318,1040.0,12,0,0,0,0
0.0,58,0,0.897401732,1500.0,13,0,1,0,0
0.489755122,42,0,0.171268657,2679.0,6,0,0,0,0
0.987432162,40,0,0.14978602,1401.0,3,0,0,0,3
0.0,42,0,0.166178245,5800.0,6,0,0,0,0
0.018148921,66,0,0.033886188,6993.0,11,0,0,0,1
0.9999999,46,0,0.383318803,3440.0,4,0,1,0,2
1.078334972,39,2,0.124300112,1785.0,6,1,0,0,8
0.948268886,44,3,0.563185158,8300.0,9,0,2,0,3
0.376348001,46,0,1082.0,5400.0,6,0,0,0,1
0.008542159,62,0,0.241903934,4600.0,5,0,1,0,0
0.0,51,0,0.188756225,16666.0,9,0,1,0,1
0.07939603,61,0,5281.0,5400.0,9,0,4,0,0
0.108044061,49,1,0.244844394,8000.0,10,0,2,0,2
0.013539919,69,0,0.005624414,9600.0,10,0,0,0,0
0.011793396,45,0,0.329771319,4678.0,11,0,1,0,2
0.503735661,62,0,0.630582589,7500.0,16,0,3,0,0
0.076262284,57,0,0.564410169,3500.0,8,0,2,0,0
0.223385108,54,0,0.370958904,1824.0,6,0,1,0,2
0.148625728,38,1,0.404269693,7400.0,9,0,2,0,3
0.005887142,54,1,19.75124378,200.0,7,0,2,0,0
0.424532728,43,0,0.222548608,7148.0,6,0,2,0,3
0.535453553,47,0,0.299685016,20000.0,14,0,1,0,1
0.992003998,47,0,744.0,5400.0,4,0,0,0,0
0.073322161,50,0,0.449346549,11400.0,11,0,2,1,2
0.583340569,43,0,0.273552587,5837.0,8,0,2,0,0
0.081808234,49,0,2139.0,5400.0,4,0,1,0,0
0.297161231,57,0,484.0,5400.0,4,0,0,0,0
0.013258277,93,0,5.0,5400.0,2,0,0,0,0
0.521122418,32,0,0.212553231,5400.0,5,0,1,0,0
0.605656604,33,0,0.874098991,2080.0,3,0,1,0,0
0.569675484,55,0,0.458657356,6300.0,13,0,2,0,1
0.752779809,45,0,0.27857266,5800.0,6,0,0,0,0
0.173911421,53,2,0.628135415,5700.0,17,1,2,0,0
0.9999999,44,0,0.0,5216.0,1,7,0,0,0
0.031346708,54,0,0.270152052,4800.0,8,0,1,0,2
0.393267789,64,0,0.276099051,9166.0,10,0,1,0,2
0.129572254,65,0,0.537125061,6100.0,23,0,1,0,2
0.023126735,50,0,90.0,0.0,19,0,0,0,4
0.9999999,79,0,0.123889876,2251.0,2,0,0,0,1
0.210827025,52,0,2402.0,0.0,4,0,1,0,3
0.9999999,41,1,0.133085156,2148.0,3,1,0,1,0
0.08493347,46,1,0.596714579,4869.0,18,0,1,0,3
0.06083778,64,0,1.412782956,750.0,10,0,1,0,0
0.276641461,43,1,0.512177986,4269.0,6,0,1,0,3
0.344479088,63,0,0.165955345,28350.0,4,0,2,0,0
0.03270492,33,0,0.71816023,8000.0,6,0,3,0,0
0.457396046,41,0,0.720155469,1800.0,5,0,1,0,0
0.001343708,41,0,0.369353917,1748.0,3,0,1,0,2
0.029476016,91,1,0.015007215,3464.0,7,0,0,0,0
0.031179316,67,0,0.092476881,4000.0,12,0,0,0,0
0.082781608,34,0,0.773697694,2341.0,7,0,2,0,1
0.9999999,58,0,0.873491067,2070.0,4,0,2,0,0
1.443890274,60,2,0.452599719,9250.0,22,0,2,0,0
0.264003953,46,0,1.045888233,2200.0,9,0,2,0,1
0.569308424,44,0,0.690419924,5500.0,13,0,2,0,0
0.058903438,47,0,748.0,5400.0,7,0,0,0,1
0.9999999,62,0,12847.0,5400.0,10,0,8,0,0
0.081359372,72,0,98.0,0.0,3,0,0,0,0
0.006070296,46,0,0.133769538,2750.0,4,0,0,0,1
0.709919362,48,1,0.207786148,15000.0,14,0,3,0,1
0.045120078,43,0,1724.0,5400.0,3,0,1,0,0
0.0,53,0,0.10480665,8300.0,13,0,0,0,0
0.9999999,70,0,0.461732222,5160.0,8,0,1,0,0
0.117235346,40,0,0.062580764,5416.0,3,0,0,0,0
0.063204023,60,1,0.264371034,10715.0,3,0,1,0,1
0.025878965,46,0,0.01416943,3316.0,5,0,0,0,1
0.082365765,58,0,0.201919232,2500.0,8,0,0,0,2
0.015802654,74,0,0.150440371,4200.0,12,0,0,0,0
0.074783877,61,0,0.018175209,2750.0,7,0,0,0,0
0.036528882,48,0,0.17708931,10457.0,8,0,1,0,3
1.15048119,39,1,0.361325336,3500.0,8,0,0,0,0
0.049374143,58,0,0.149223883,10500.0,10,0,1,0,0
0.073959938,57,1,0.069243906,6440.0,11,0,0,0,0
0.053052624,49,0,1.300559552,1250.0,11,0,1,0,0
0.014013838,55,2,0.224134933,5750.0,10,0,1,0,0
0.213493321,47,0,0.027088036,3100.0,4,0,0,0,1
0.441831099,73,1,10359.0,5400.0,20,0,1,0,0
0.0,38,0,0.514414264,6000.0,6,0,4,0,1
0.247877247,54,0,0.27046827,10100.0,6,0,2,0,0
0.243401968,55,1,1555.0,5400.0,9,0,1,0,1
0.292352466,63,0,1529.0,5400.0,7,0,1,0,0
0.021769526,69,0,0.010163749,3541.0,4,0,0,0,1
1.003998857,35,0,364.0,5400.0,2,2,0,1,0
0.052243196,54,0,0.005381332,5388.0,2,0,0,0,1
0.120826652,42,0,0.098635559,9600.0,9,0,0,0,0
0.871366331,44,0,549.0,0.0,6,0,0,0,0
0.136166917,33,0,0.260869565,6600.0,11,0,1,0,0
0.180335287,70,0,0.376212833,3194.0,8,0,0,0,0
0.065959775,35,0,2185.0,5400.0,9,0,2,0,0
0.091543054,76,0,0.105509466,4700.0,9,0,1,0,0
0.878033077,46,0,0.743815656,2950.0,8,0,0,0,0
0.71470382,40,0,0.303580284,10082.0,9,0,1,0,0
0.431148117,32,0,711.0,5400.0,7,0,0,0,0
0.899442937,44,1,3109.0,5400.0,9,0,3,0,3
0.0,77,0,0.445319335,8000.0,8,0,2,0,0
0.393980834,59,1,2431.0,5400.0,12,0,1,0,2
0.31299773,61,0,0.174970108,10035.0,13,0,1,0,2
0.047916048,49,0,0.009279086,1400.0,7,0,0,0,0
0.018691744,76,0,562.0,5400.0,11,0,2,0,0
0.040446409,66,0,19.0,5400.0,5,0,0,0,0
0.078392431,70,0,234.0,5400.0,8,0,0,0,0
0.061123291,64,0,0.244721357,17333.0,15,0,3,0,1
0.9999999,51,0,0.441437238,15000.0,5,0,2,0,2
0.105554699,56,0,0.434163167,6667.0,23,0,2,0,1
0.155487889,38,0,0.211478852,10000.0,5,0,1,0,2
0.041170228,59,0,111.0,5400.0,10,0,0,0,0
0.9999999,33,1,499.0,5400.0,1,2,0,0,5
0.938298582,61,0,0.161945813,8119.0,6,0,0,0,0
0.021499368,78,1,21.0,5400.0,9,0,0,0,0
0.047082907,49,0,1240.0,5400.0,4,0,1,0,0
1.601593625,61,1,0.728686476,3600.0,7,1,1,2,0
0.9999999,51,0,0.13397659,6321.0,1,1,0,1,0
0.092895355,43,1,2117.0,5400.0,5,0,2,0,0
0.010610741,79,0,0.003692024,13000.0,18,0,0,0,0
0.9999999,33,0,0.006610744,18000.0,2,0,0,0,0
0.294327294,66,0,0.399303357,12631.0,7,0,3,0,0
0.0,44,0,0.44997933,9675.0,5,0,2,0,3
0.058955273,37,0,1466.0,5400.0,7,0,1,0,2
0.0,61,0,0.233823739,7000.0,9,0,1,0,1
0.010249573,52,0,1.206827039,7440.0,9,0,5,0,2
0.675017757,60,0,5052.0,5400.0,21,0,2,0,0
0.038671165,54,0,0.240796291,11000.0,16,1,1,0,1
0.015050896,70,0,17.0,5400.0,3,0,0,0,0
0.021665635,47,0,0.340739865,8460.0,7,0,1,0,0
0.681463707,32,0,0.122812865,6000.0,2,0,0,0,2
0.964529424,51,0,0.069741282,8000.0,3,0,0,0,1
0.266860571,28,0,0.076574877,2650.0,3,0,0,0,0
0.320402341,68,0,3398.0,5400.0,11,0,5,0,0
0.0,91,0,11.0,5400.0,4,0,0,0,0
0.030510209,65,0,511.0,5400.0,6,0,1,0,0
0.32196387,60,0,0.385407559,10292.0,9,0,2,0,1
0.192618853,58,1,0.024065161,2700.0,7,0,0,0,0
0.052554096,72,0,0.110245941,10530.0,12,0,2,0,0
0.580161476,23,1,0.074324324,1923.0,3,0,0,0,0
0.08498742,68,0,118.0,0.0,4,0,0,0,1
0.597554618,45,0,0.723580988,4333.0,7,0,2,0,0
0.021409134,62,0,0.237969677,4550.0,8,0,1,0,0
0.065570258,62,0,0.154199843,8916.0,8,0,1,0,1
0.0,52,0,0.569450549,4549.0,8,0,1,0,3
0.0,40,0,0.096405618,4200.0,6,0,0,0,1
0.268534756,58,0,2116.0,5400.0,10,0,1,0,0
0.024650922,41,1,0.109159585,5294.0,5,3,0,2,4
0.0,48,0,0.286229195,9432.0,5,0,1,0,2
0.082940643,37,0,0.020675651,5416.0,4,0,0,0,3
0.004971275,47,0,0.244976146,13833.0,8,0,2,0,2
0.9999999,27,1,0.317336533,1666.0,3,0,0,0,0
0.523856126,39,0,0.340653662,7740.0,13,0,1,0,1
0.334911006,40,0,0.450281672,7632.0,10,0,1,0,4
0.033162983,70,0,44.0,5400.0,6,0,0,0,0
0.002051229,57,0,0.340119978,5500.0,8,0,1,0,0
0.008878134,43,0,30.0,5400.0,14,0,0,0,0
0.231468098,33,0,3827.0,5400.0,3,0,1,0,0
0.000299985,63,0,0.047976012,2000.0,2,0,0,0,0
0.020843654,77,0,40.0,5400.0,7,0,0,0,0
0.322258079,77,1,0.072377693,9933.0,8,0,2,0,1
0.279441118,48,0,0.183622205,3980.0,2,0,1,0,1
0.9999999,34,0,0.39869281,7343.0,8,0,1,0,1
0.9999999,59,0,0.156867451,12500.0,4,0,2,0,0
0.296068459,50,0,0.283537014,14237.0,22,0,2,0,3
0.0,37,0,0.562287542,5000.0,6,0,1,0,0
0.04642835,36,1,0.046392577,6250.0,23,0,0,0,2
0.0,34,0,0.0,5400.0,4,0,0,0,0
0.062026916,79,0,0.126739438,12000.0,17,0,2,0,0
0.9999999,65,0,0.194196429,3135.0,8,0,0,0,0
0.000277739,43,0,0.47444668,7454.0,5,0,3,0,3
0.11456071,70,0,2763.0,5400.0,8,0,2,0,0
0.545718211,45,0,0.772041447,5500.0,7,0,2,0,1
0.947052947,30,0,0.112756953,3307.0,2,0,0,0,1
0.9999999,68,0,0.0,5400.0,2,0,0,0,0
0.237374594,62,0,0.550689862,5000.0,8,0,1,0,0
0.945729791,41,0,259.0,5400.0,4,2,0,2,0
0.005618869,77,0,0.214637579,4262.0,9,0,1,1,0
0.0,26,0,0.0,3000.0,5,0,0,0,0
0.258467382,39,1,0.924390752,4800.0,10,0,2,0,0
0.296257925,55,0,0.238350295,5600.0,16,0,0,0,0
0.01456159,81,0,0.214783399,3300.0,5,0,1,0,0
0.595099242,63,1,0.495503714,23018.0,18,0,4,0,2
0.015252682,85,0,0.156831302,3117.0,6,0,1,0,0
0.286652688,52,0,2.229441163,2200.0,9,0,2,0,2
0.367337052,55,0,0.345841848,16148.0,11,0,3,0,1
0.9999999,22,0,0.0,800.0,1,0,0,0,0
0.451686975,82,0,1.647058824,237.0,7,0,0,0,0
0.03512061,78,2,1567.0,5400.0,9,0,1,2,0
0.0,46,0,0.197146947,20258.0,21,0,3,0,3
0.94860182,39,0,0.454759337,10200.0,10,0,2,0,1
0.885051987,70,0,0.836776258,3436.0,17,0,1,0,0
0.9999999,33,0,1.043666404,5083.0,8,0,2,0,1
0.0,35,0,0.326149745,4500.0,8,0,1,0,0
0.9999999,23,0,0.123186069,3100.0,1,0,0,0,2
0.424699118,33,0,0.159229456,4100.0,6,0,0,0,3
0.02333285,87,0,0.291715092,6022.0,14,0,1,0,0
0.021239803,36,0,2330.0,5400.0,5,0,1,0,0
0.013213342,58,0,5.0,5400.0,1,0,0,0,2
0.021347424,67,0,360.0,5400.0,6,0,0,0,0
0.046071024,55,0,0.275656588,4530.0,9,0,1,0,1
0.844184345,28,0,0.264578474,3000.0,3,0,0,0,0
0.834056127,39,1,0.384763414,8833.0,9,0,1,1,1
0.9999999,30,0,0.024180423,4300.0,7,1,0,0,1
1.025346872,37,2,0.490710239,7588.0,12,0,1,0,1
0.978218974,46,0,0.39388658,7458.0,10,0,2,0,3
0.011256824,78,0,0.213355733,2380.0,5,0,0,0,1
0.137739004,73,0,0.474435875,3500.0,9,0,1,0,0
0.650901148,71,0,0.744517998,4833.0,16,0,2,0,0
0.254232343,80,1,0.015708312,97336.0,23,0,1,0,0
0.823188742,47,0,0.475420763,6000.0,6,0,1,0,1
0.076131665,48,2,0.294131292,8621.0,16,0,1,1,0
0.022283118,76,0,1263.0,5400.0,7,0,1,0,0
0.405910449,28,0,0.136026817,5667.0,10,0,0,0,0
0.107609118,80,1,0.335865654,5001.0,10,0,1,0,0
0.108752883,59,0,0.028018899,9100.0,13,0,0,0,0
0.041201912,77,0,0.119047619,1553.0,7,0,0,0,0
0.134586864,52,0,3050.0,5400.0,12,0,2,0,0
0.050277901,69,0,0.452341824,2433.0,14,0,1,1,0
0.087365886,46,0,1116.0,5400.0,3,0,1,0,1
0.012632912,39,0,0.401794035,8583.0,10,0,4,0,2
0.112565728,31,0,0.414058594,10000.0,15,0,2,0,0
0.974230138,32,0,0.199763942,3388.0,4,0,0,0,3
0.062626782,49,1,0.401399844,9000.0,5,0,3,0,2
0.9999999,56,3,1.431712192,1500.0,4,1,1,1,0
0.078459124,47,0,0.364336434,9998.0,15,0,2,0,3
0.0061509,43,0,0.555992141,7125.0,8,0,2,0,4
0.0,68,0,1847.0,5400.0,8,0,1,0,0
0.521593427,57,0,0.223182145,4166.0,7,0,1,0,0
0.335129373,55,1,1962.5,1.0,21,0,1,1,0
0.010542598,67,0,0.090145773,8574.0,12,0,0,0,0
0.0,37,0,0.398321251,5241.0,6,0,1,0,3
0.000438434,67,0,0.029523376,13175.0,7,0,1,0,0
0.044339811,64,1,0.22728831,2916.0,18,0,0,0,0
0.292983905,61,0,3189.0,5400.0,7,0,1,0,0
0.012470667,73,0,0.061119174,6200.0,20,0,0,0,0
1.013986014,27,1,0.187906047,2000.0,2,0,0,0,0
0.006471576,78,0,0.005830904,2400.0,9,0,0,0,0
1.082572794,38,1,0.466350302,4635.0,6,1,0,1,4
0.400810478,66,0,0.517275098,6135.0,18,0,1,0,0
1.119613926,32,1,0.140379658,4266.0,9,0,0,0,0
0.775953452,51,0,0.501081159,6936.0,12,0,2,0,1
0.118873827,45,0,0.164541773,6666.0,9,0,1,0,2
0.000139528,47,0,0.167317398,10500.0,3,0,1,0,0
0.112160436,35,0,0.283452758,6000.0,15,0,1,0,3
0.0239992,68,0,1763.0,5400.0,6,0,1,0,0
0.007466778,32,0,0.036435169,5845.0,7,0,0,0,3
0.25689568,59,0,189.0,5400.0,4,0,0,0,0
0.095218096,65,0,2265.0,5400.0,10,0,2,0,0
0.071181679,71,0,0.288684336,6300.0,11,0,1,0,0
0.229045187,45,1,0.545745941,14350.0,22,0,4,0,1
0.048278817,65,0,1502.0,5400.0,5,0,1,0,0
0.100312241,41,0,4.562874251,834.0,6,0,2,0,0
0.051602453,59,0,0.220912792,14000.0,13,0,2,0,1
0.031684837,63,0,799.0,5400.0,12,0,1,0,0
0.221552577,49,0,1433.0,5400.0,5,0,1,0,2
0.377831367,39,9,1815.0,5400.0,10,0,0,0,0
0.02144658,67,0,0.815610003,3958.0,14,0,2,0,0
0.369003824,50,0,0.502302968,7815.0,14,0,1,0,0
0.9999999,28,0,0.344852412,4166.0,7,0,1,0,1
1.323274236,41,1,0.329169269,1600.0,8,0,0,2,2
0.9999999,65,0,536.0,5400.0,1,0,1,0,0
0.0,37,0,0.449179424,7250.0,6,0,2,0,0
0.334115155,37,2,0.354262379,1958.0,8,0,0,0,0
0.0,54,0,4.0,5400.0,4,0,0,0,0
0.033047974,79,0,0.07120743,645.0,4,0,0,0,0
0.937677054,34,0,0.190894909,7050.0,10,0,1,0,2
0.311254648,65,0,0.488173456,7609.0,23,0,2,0,1
0.13953277,82,0,0.195074397,9744.0,2,0,1,0,1
0.406508294,51,0,0.905205102,2900.0,7,0,2,0,0
0.9999999,21,0,33.0,5400.0,0,0,0,0,0
0.001543115,54,0,2936.0,5400.0,6,0,1,0,0
0.014969,68,0,0.343937466,5500.0,9,0,2,0,0
0.043829711,52,2,0.279970216,2685.0,11,0,0,0,3
0.070694386,63,0,136.0,5400.0,10,0,0,0,0
0.009083697,51,0,2401.0,5400.0,18,0,1,0,0
0.344685661,44,0,0.169693954,4018.0,5,0,0,0,2
0.010432191,59,0,0.061319707,4500.0,5,0,0,0,0
0.021655271,62,0,0.274859009,3368.0,9,0,1,0,0
0.302023997,42,0,0.329552009,5200.0,10,0,1,0,4
0.032490088,62,0,177.0,5400.0,4,0,0,0,0
0.112688246,57,0,0.18094828,20900.0,12,0,2,0,4
0.449535604,48,0,0.423036867,4800.0,7,0,1,0,1
0.9999999,44,0,3053.0,5400.0,2,0,1,0,2
0.065125927,59,0,2462.0,5400.0,4,0,1,0,0
0.34644226,78,1,0.563145618,3000.0,5,0,2,0,0
0.318707206,53,0,0.375653779,9750.0,12,0,2,0,2
0.052508683,60,0,0.008029087,6600.0,7,0,0,0,1
0.0,39,0,0.0,7928.0,7,0,0,0,4
0.091181764,27,0,13.0,5400.0,2,0,0,0,0
0.228022329,87,1,0.465692157,9166.0,29,0,3,0,3
0.073668472,34,0,0.341954406,7500.0,18,0,1,0,0
0.375624376,21,0,0.036866359,650.0,1,0,0,0,0
0.034289216,61,0,0.141802522,16254.0,5,0,1,0,0
0.0,81,0,0.0,5400.0,1,0,0,0,0
0.041791516,58,0,1.274898603,2218.0,22,0,3,0,0
0.820429518,60,0,0.15777043,4233.0,7,0,0,1,0
0.9999999,25,0,0.210310486,1706.0,3,0,0,0,0
0.189800283,40,0,0.292782002,9600.0,4,0,2,0,0
0.9999999,77,0,0.0,5400.0,6,0,0,0,0
0.0,85,0,0.0,5400.0,3,0,0,0,0
0.026299123,79,0,0.005109976,4500.0,3,0,0,0,0
0.633574301,68,1,0.303049238,8001.0,11,0,1,0,0
0.944256968,46,0,0.319983399,4818.0,7,0,1,0,2
0.782243551,28,0,0.137172565,5000.0,8,0,0,0,2
0.1039037,44,0,0.314922388,10500.0,8,0,2,0,4
0.9999999,34,1,0.012882138,5200.0,1,4,0,0,1
0.109037235,64,0,0.630473905,5000.0,7,0,2,0,0
0.9999999,30,0,0.00119952,2500.0,0,0,0,0,0
0.198090752,49,1,4355.0,5400.0,7,0,2,0,4
0.305656308,32,0,0.133121308,2200.0,4,0,0,2,0
0.0,61,0,0.285152706,3306.0,11,0,1,0,0
0.053768356,42,0,0.166565053,8200.0,5,0,1,0,1
0.059307307,72,0,0.04492923,7700.0,7,0,1,0,0
0.9999999,50,0,0.061082737,4894.0,2,0,0,0,0
0.948420632,63,0,0.880606061,1649.0,4,0,1,0,0
0.240830275,44,1,0.606398172,3500.0,9,0,1,0,2
0.483899535,58,0,0.157024793,3750.0,8,0,0,0,0
0.213603453,52,0,0.247455811,5600.0,9,0,2,0,3
0.055800337,83,0,0.141038198,4083.0,11,0,1,0,1
0.023836655,53,0,1367.0,5400.0,8,0,2,0,0
0.247168554,25,0,0.003332324,3300.0,1,0,0,0,0
0.021316311,40,0,2070.0,0.0,6,0,1,0,0
0.709972798,55,0,7.019164956,1460.0,5,0,0,0,0
0.898844124,51,0,0.35006605,9083.0,12,0,1,0,0
0.9999999,55,0,0.17950564,12500.0,5,0,1,1,0
0.000709655,66,0,0.674935843,4675.0,7,0,2,0,2
0.064035494,24,0,0.262458472,300.0,5,0,0,0,0
0.013458146,54,0,0.247986223,18000.0,11,0,1,0,2
0.441222424,41,1,0.353097935,1500.0,5,0,0,2,0
0.382103867,83,0,0.030378059,10500.0,11,0,0,0,0
0.045255003,61,1,0.551390191,3200.0,17,0,1,0,0
0.021738185,63,0,183.0,5400.0,3,0,0,0,0
0.939488785,47,0,0.216786818,3883.0,6,0,0,0,4
0.0,50,2,0.541864534,4000.0,7,0,0,0,2
0.135157409,61,0,0.233156028,5639.0,8,0,1,0,0
0.029820897,41,0,0.119643469,5833.0,3,0,1,0,0
0.094895255,53,0,0.192629098,14000.0,14,0,1,0,1
0.0,66,0,0.620102675,3700.0,7,0,2,0,0
0.274164491,49,1,0.383237698,5750.0,18,0,1,0,0
0.950346968,65,1,1.342415985,1100.0,11,0,1,0,0
0.162505645,63,0,0.626373626,3912.0,9,0,2,0,0
0.120057141,68,0,2.56316297,1036.0,9,0,1,0,0
0.819601087,54,0,5.054228914,8500.0,35,0,2,0,0
0.007332519,87,0,0.003117693,1282.0,4,0,0,0,0
0.9999999,46,0,0.188817131,5883.0,4,0,1,0,2
0.903810119,31,0,0.417152373,1200.0,4,0,0,0,0
0.01639918,79,0,0.096147724,3140.0,3,0,1,0,0
0.074897503,39,0,0.464321899,6908.0,7,0,2,0,1
0.1147439,68,0,2408.0,5400.0,6,0,1,0,0
0.9999999,63,0,0.179642533,3300.0,2,0,0,0,1
0.010423034,61,0,0.199126001,6864.0,6,0,1,0,3
0.0,33,1,0.130108736,8000.0,12,0,0,0,2
0.034979669,59,0,13.78730082,8283.0,8,0,2,0,3
0.046531265,70,0,1470.0,1.0,7,0,2,0,1
0.638312444,45,1,0.04603469,9166.0,6,0,0,0,0
0.136111111,55,1,0.242154957,3600.0,3,5,0,1,1
0.034048298,67,0,20.0,5400.0,3,0,0,0,0
0.166379564,66,0,0.320094971,4632.0,7,0,2,0,0
0.361799948,30,0,0.481842007,2670.0,7,0,0,0,0
0.019620701,57,0,0.004632263,12304.0,9,0,0,0,0
0.039377048,37,0,2407.0,5400.0,5,0,2,0,0
0.149378363,68,1,0.023018436,9600.0,5,0,0,0,0
0.767303546,33,1,0.226410731,4323.0,7,0,0,0,0
0.535997576,66,0,0.779512462,3650.0,10,0,2,0,0
0.273551889,34,0,0.295988435,8300.0,13,0,2,0,0
0.453895579,45,0,0.098123654,3250.0,4,0,0,0,0
0.0,76,0,1354.0,5400.0,17,0,1,0,0
0.002091558,79,0,0.000607903,6579.0,8,0,0,0,0
0.005838245,48,0,0.00839904,5833.0,8,0,0,0,0
0.013694601,53,0,0.314027551,6750.0,8,0,2,0,2
0.35877458,62,0,0.819453481,3073.0,11,0,0,0,0
0.9999999,52,0,0.0,3666.0,3,0,0,0,0
0.032236742,80,1,0.128212213,7237.0,6,0,1,0,0
0.084612697,63,0,0.253147682,6750.0,13,0,2,0,0
0.9999999,68,0,0.093396475,3800.0,2,0,0,0,0
0.020765053,76,0,3548.0,5400.0,19,0,2,0,0
0.088039626,53,0,0.211589472,4900.0,7,0,1,0,1
0.127574485,33,0,4614.0,5400.0,8,0,2,0,1
0.003722119,37,0,0.001355932,2949.0,3,0,0,0,0
0.033748313,59,0,0.116964353,13268.0,3,0,1,0,0
0.071243566,76,0,1730.0,5400.0,8,0,1,0,0
0.505690884,61,1,0.467271031,7500.0,15,0,0,0,0
0.918893395,58,2,1133.0,5400.0,8,0,1,0,0
0.100995409,59,0,33.0,1.0,2,0,0,0,0
0.9999999,24,0,0.003998001,2000.0,4,0,0,0,0
0.143029484,75,0,0.117776445,5000.0,13,0,0,0,0
0.076711186,84,0,0.109873157,5833.0,10,0,0,0,0
0.9999999,42,0,1.766860949,1200.0,2,0,1,0,2
0.039464036,49,0,0.14797136,3770.0,3,0,1,0,0
0.143512528,46,0,0.005476118,6573.0,1,0,0,0,0
0.075745675,61,0,0.134012739,3924.0,8,0,0,0,0
0.024801816,39,0,0.123671193,9500.0,4,0,1,0,0
0.723665038,38,0,2965.0,5400.0,3,0,1,0,0
0.238900522,62,0,3734.0,5400.0,18,0,2,0,0
0.096066805,51,0,0.335568833,8200.0,6,0,1,0,0
0.051496509,76,0,0.111350716,5100.0,11,0,1,0,1
0.483101127,58,0,0.225242575,13500.0,5,0,1,0,1
0.016773843,58,0,0.08249057,18292.0,9,0,1,0,5
0.122221498,33,0,0.242651657,3197.0,7,0,0,0,0
0.009268494,62,0,0.090164724,10380.0,10,0,1,0,0
0.538822151,67,0,0.337654161,27000.0,21,0,4,0,2
0.10107491,44,0,0.219956871,5100.0,5,0,1,0,1
0.9999999,48,2,0.40628347,2800.0,5,1,1,1,0
0.0,59,0,2534.0,5400.0,6,0,1,0,2
0.692202051,55,1,0.579368253,2500.0,9,0,1,0,2
0.9999999,46,0,0.481707317,5083.0,4,0,2,0,2
0.0,34,0,259.0,5400.0,4,0,0,0,0
0.025891985,70,0,0.013496626,4000.0,12,0,0,0,1
0.586565225,45,0,0.540204983,12000.0,11,0,2,0,0
0.0,36,1,799.0,5400.0,6,1,0,0,0
0.241793416,77,0,0.071984004,4500.0,8,0,0,0,1
0.280510888,54,0,0.260894925,12000.0,21,0,2,0,2
0.019436516,39,0,0.262080457,4200.0,13,0,1,0,1
0.383193351,44,0,0.547989624,3083.0,10,0,1,0,0
0.049662564,31,0,0.030372048,77274.0,6,0,1,0,0
0.924415117,38,0,0.274227423,3332.0,6,0,0,0,3
0.070940943,56,0,0.021991204,5001.0,6,0,0,0,0
0.004316443,58,0,0.021662655,5400.0,6,0,0,0,0
0.094141635,55,0,0.236409608,9491.0,11,0,1,0,3
0.008603629,63,0,1734.0,5400.0,36,0,1,0,1
0.092688398,57,0,0.015128362,13087.0,9,0,0,0,0
0.095687917,47,1,0.078014184,8600.0,23,0,0,0,5
0.379397106,74,0,6069.0,5400.0,12,0,3,0,0
0.044530365,56,0,0.009995002,2000.0,1,0,0,0,1
0.009773645,57,0,0.307240225,12250.0,20,0,4,0,0
0.043414858,65,0,0.008373852,3701.0,2,0,0,0,1
0.530717269,60,0,0.477249826,12900.0,10,0,2,0,2
0.932303085,26,0,0.664167916,1333.0,8,0,1,0,0
0.900999945,53,0,735.0,5400.0,5,0,0,0,0
0.0,61,0,0.414166828,5166.0,5,0,1,0,1
0.528270444,47,3,0.090993934,15000.0,8,0,0,0,1
0.038431379,55,0,2510.0,5400.0,20,0,1,0,0
0.007314391,69,0,0.000794123,10073.0,5,0,0,0,0
0.9999999,40,0,0.508531157,8087.0,9,0,1,0,2
1.092294784,50,0,0.303652359,3750.0,7,0,0,0,0
0.038130128,58,0,61.0,5400.0,5,0,0,0,0
0.057917161,42,0,0.200150631,5310.0,7,0,0,0,3
0.165583442,31,0,40.0,1.0,2,0,0,0,1
0.22630232,65,2,0.232137013,9166.0,18,0,1,0,0
0.797809208,37,1,0.513831259,4337.0,13,0,0,0,3
0.291765134,56,3,0.392173763,5800.0,13,0,2,1,0
0.023839804,63,0,0.024811097,8866.0,6,0,1,0,0
0.576872153,51,1,0.450870851,3042.0,19,2,0,0,1
0.9999999,33,0,0.0,2190.0,0,0,0,0,3
0.232402687,41,2,0.106578684,5000.0,8,0,0,0,0
0.477187588,60,0,0.428095285,10200.0,19,0,2,0,2
0.164843427,55,0,555.0,5400.0,6,0,0,0,0
0.966806639,45,0,0.368770764,2106.0,4,0,1,0,2
0.015984016,33,0,734.0,5400.0,9,0,0,0,0
0.003060513,49,0,0.274362819,2000.0,4,0,1,0,0
0.933635545,55,0,0.312858966,18803.0,8,0,2,0,1
0.383627976,55,0,0.407460934,11070.0,17,0,1,0,2
0.0,70,0,0.958402662,600.0,4,0,0,1,0
0.496013178,39,2,0.47820576,14200.0,14,0,7,1,4
0.0,85,0,0.0,5400.0,2,0,0,0,0
0.675178486,75,0,0.695326168,4000.0,15,0,1,0,0
0.030494918,32,0,0.022753293,69000.0,8,0,1,0,0
0.296978117,49,0,0.581640058,8267.0,16,0,4,0,3
0.375199877,50,1,0.473135107,5750.0,16,0,1,0,1
0.428322288,73,1,0.103452128,8950.0,6,0,1,0,2
0.0,44,0,0.185876083,1500.0,10,0,0,0,1
0.529869403,61,0,0.108457272,15867.0,7,0,0,0,1
0.528249684,54,1,1.263549989,9261.0,21,0,6,0,0
0.203237689,68,0,3790.0,5400.0,13,0,3,0,0
0.014201051,60,0,0.180094242,8700.0,8,0,1,0,1
0.9999999,40,0,0.26949844,12500.0,4,0,1,0,2
0.788211262,39,2,0.521765882,6500.0,13,0,1,0,0
0.9999999,62,0,0.0,864.0,0,1,0,0,0
0.635953886,44,2,2800.0,5400.0,22,0,1,0,0
0.003163521,90,0,2.0,5400.0,3,0,0,0,0
0.019184475,72,0,1.452987384,4200.0,11,0,4,0,0
0.256215105,56,0,380.0,5400.0,4,0,1,0,0
0.340229678,54,0,1890.0,5400.0,8,0,2,0,0
0.07151252,51,0,0.180987072,14000.0,11,0,1,0,1
0.034048298,48,0,0.490499854,3420.0,4,0,1,0,4
0.016132975,44,0,0.047807504,6316.0,3,0,0,0,2
0.625084785,65,0,0.813998409,8800.0,28,0,2,0,0
0.025012162,70,0,0.261549324,9913.0,11,0,2,0,0
1.00429957,41,0,1679.0,5400.0,4,0,1,0,0
0.08219863,43,0,0.121362621,30000.0,15,0,1,0,2
0.373062694,66,0,139.0,5400.0,2,0,0,0,0
0.928191144,37,0,535.0,5400.0,5,0,0,0,0
0.33011555,70,0,0.383446621,2500.0,10,0,0,0,0
0.020652734,60,0,0.009596162,2500.0,8,0,0,0,1
0.575191454,56,1,0.427682199,34700.0,8,0,4,0,1
0.086405994,32,0,471.0,5400.0,7,0,0,0,0
0.782573941,38,0,0.004293752,6753.0,1,0,0,0,0
0.409459054,39,1,0.485135491,3800.0,10,0,1,0,0
0.0,39,0,0.391220238,6719.0,7,0,2,0,3
0.469753025,48,2,714.0,5400.0,6,0,0,0,3
0.023921237,73,0,0.553722504,2363.0,6,0,0,0,0
0.0,67,0,0.450677466,20000.0,12,0,3,0,0
0.0,45,0,0.08823132,7400.0,10,0,0,0,0
0.007466169,37,0,0.354250583,9433.0,7,0,2,0,2
0.201740525,40,0,2924.0,5400.0,13,0,2,0,0
0.057850822,77,0,0.020395921,6667.0,8,0,0,0,0
0.007499531,57,0,0.26074785,5000.0,5,0,1,0,3
0.024071786,73,0,0.010179967,5500.0,12,0,0,0,1
0.058172648,52,0,0.129441967,7400.0,6,0,1,0,1
0.145364608,40,0,0.257699772,11850.0,9,0,1,0,2
0.575356256,54,0,1026.0,5400.0,6,0,0,0,0
0.0,54,0,0.930017496,4000.0,8,0,3,0,1
0.095747008,48,0,0.117674204,6500.0,6,0,0,0,4
0.829496302,48,0,0.624791736,3000.0,5,0,1,0,0
0.027603598,56,0,1010.0,5400.0,15,0,1,0,0
0.137505,48,0,0.286185691,6666.0,5,0,1,0,0
0.215187606,40,0,0.347607603,4576.0,5,0,1,0,1
0.779892166,64,2,0.420976417,4833.0,23,0,2,0,0
0.948457949,51,0,999.0,5400.0,3,0,0,0,0
0.63422962,47,0,0.326389908,6816.0,7,0,1,0,1
0.9999999,42,0,0.0,4000.0,1,0,0,2,2
0.741708222,45,0,0.792872198,5218.0,19,0,1,0,1
0.09541896,28,0,0.043272836,13333.0,12,0,0,0,0
0.084275624,54,0,0.29235335,15836.0,13,0,2,0,3
0.54213082,35,0,0.534910166,4396.0,4,0,2,0,0
0.940822713,47,0,4903.0,5400.0,9,0,2,0,0
0.161402952,39,1,0.227506079,3700.0,6,0,0,0,3
0.9999999,37,0,0.0,3200.0,3,0,0,0,0
0.945840524,54,0,0.221292422,8603.0,11,0,0,0,0
0.024893364,49,0,0.733053389,5000.0,16,0,1,0,2
0.007361915,71,0,0.20148373,5930.0,4,0,1,0,0
0.649106487,61,0,0.923433875,1723.0,6,0,2,0,0
0.061316008,60,0,2836.0,5400.0,12,0,2,0,3
0.013805172,62,0,0.270954841,6000.0,15,0,3,0,0
0.922103487,83,0,0.047217538,4150.0,6,0,0,0,0
0.9999999,36,2,0.086512957,4900.0,0,1,0,0,1
0.748770936,41,0,0.283391096,3750.0,11,0,0,0,0
0.023953946,61,0,0.005712925,4200.0,3,0,0,0,0
0.693421977,37,0,4000.0,5400.0,16,0,1,0,3
0.0,34,0,1.326449034,1500.0,9,0,3,0,0
0.9999999,49,2,0.434633682,5254.0,6,0,1,0,3
0.337321467,49,0,0.298540292,5000.0,7,0,1,0,1
0.017945389,32,0,0.005326494,5068.0,6,0,0,0,0
0.9999999,38,0,1.129948021,2500.0,5,0,2,0,2
0.008971124,41,0,0.000444346,4500.0,2,0,0,0,1
0.006657629,50,0,0.650286403,6633.0,12,0,2,0,0
0.612625873,40,3,0.370688114,5594.0,15,0,1,0,3
0.020132662,48,0,0.078732292,11011.0,5,0,1,0,1
0.000131576,47,0,0.253668763,4769.0,9,0,1,0,1
0.981920285,48,2,2896.0,5400.0,10,0,2,0,1
0.0,52,0,0.492200746,5897.0,8,0,1,0,0
0.102445232,68,0,0.274105127,3100.0,9,0,1,0,0
0.007131829,63,0,0.141557525,12750.0,3,0,1,0,0
0.0,86,1,0.0,10500.0,10,0,0,0,0
0.017849537,77,0,0.003450564,7534.0,4,0,0,0,0
0.75909812,44,0,1885.0,5400.0,11,0,1,0,0
0.275260927,65,0,5071.0,5400.0,10,0,2,0,0
0.05079161,84,0,141.0,5400.0,18,0,0,0,0
0.982017982,28,0,0.019366197,2271.0,2,1,0,0,0
0.367369449,61,0,0.580481076,11598.0,24,0,1,0,1
0.025347364,34,0,0.292905272,7568.0,8,0,1,0,3
0.9999999,34,0,0.0,800.0,1,0,0,0,0
0.163717817,59,0,0.396533663,10500.0,9,0,1,0,0
0.168957904,45,0,0.154328964,5416.0,9,0,0,0,0
0.142831996,58,1,0.488478385,5250.0,29,0,1,0,2
0.334929838,33,0,0.138426454,4384.0,8,0,0,0,1
0.020067025,69,0,1003.0,5400.0,8,0,1,0,0
0.373204394,36,0,0.390601566,6000.0,8,0,1,0,2
0.085170102,46,0,3817.0,5400.0,17,0,2,0,1
0.116991935,78,1,0.166082896,3425.0,7,0,0,0,3
0.566544385,48,3,0.540317378,7750.0,11,0,2,0,1
0.0,66,0,2473.0,5400.0,8,0,2,0,0
0.081114543,53,0,1.005026755,6166.0,18,0,2,0,3
0.008915713,46,0,0.282762069,18000.0,7,0,2,0,2
0.392461197,40,0,5.0,5400.0,2,0,0,0,0
0.993067591,55,1,1.054486378,4000.0,12,0,2,0,1
0.001518543,59,1,2672.0,5400.0,11,0,1,0,0
0.062936517,69,0,0.009755304,12300.0,9,0,0,0,0
0.400394191,45,1,0.866579748,2300.0,13,0,1,0,0
0.004024333,86,0,0.009618132,10500.0,12,0,0,0,0
0.854791299,38,1,1275.0,5400.0,5,0,0,3,2
0.051667507,46,0,0.237245876,5213.0,10,0,1,0,0
0.127160819,38,1,0.381602538,7250.0,21,0,2,0,2
0.9999999,53,1,0.193601994,4813.0,3,2,1,0,1
0.0,51,0,0.272496187,5900.0,6,0,1,0,0
0.013108198,63,0,0.048162653,12000.0,6,0,0,0,0
0.35088592,44,0,0.493752231,2800.0,8,0,0,0,0
0.99040096,45,0,2461.0,5400.0,3,1,1,0,0
0.441971726,48,0,1.12138522,2800.0,9,0,3,1,2
0.9999999,40,0,378.0,5400.0,2,0,0,0,1
0.757747418,35,0,0.198001249,1600.0,4,0,0,0,2
0.9999999,59,1,0.298633441,4975.0,2,5,1,0,2
0.292264657,49,0,0.505707538,10161.0,13,0,2,0,0
0.009833006,47,0,0.377854671,4334.0,11,0,2,0,0
0.9999999,26,1,0.34900054,1850.0,5,0,0,0,0
0.035818197,64,0,658.0,5400.0,8,0,0,0,0
0.173291335,63,0,0.292218105,11333.0,5,0,2,0,1
0.298567144,27,0,26.0,5400.0,1,0,0,0,0
0.768846231,26,0,0.059781488,4850.0,2,0,0,0,1
0.731786755,44,2,0.177402805,17541.0,14,0,1,0,0
0.034437884,70,0,0.009390275,7773.0,5,0,0,0,0
0.598764908,47,1,0.347388781,7754.0,10,0,1,0,2
0.009165903,74,0,0.102140946,6725.0,5,0,1,0,0
0.0,28,0,0.187637162,2733.0,7,0,0,0,0
0.097094911,46,0,0.259373683,7120.0,10,0,1,0,1
0.339299525,41,0,0.419373112,5295.0,5,0,1,0,3
0.0,60,0,0.254407126,5388.0,6,0,1,0,0
0.109739538,29,0,0.038903625,4523.0,2,0,0,0,0
0.061579881,44,0,0.239957717,7567.0,16,0,1,0,0
0.937359588,47,1,0.87956022,2000.0,8,0,1,0,0
0.020570831,88,0,0.005591692,8762.0,6,0,0,0,0
0.0,56,0,0.320467953,10000.0,10,0,1,0,0
0.070286084,82,0,0.022888713,3800.0,3,0,0,0,0
5091.0,41,0,0.017076733,8900.0,2,0,0,0,2
0.027003301,75,0,394.0,5400.0,6,0,1,0,0
0.000568797,93,0,0.0,5400.0,7,0,0,0,0
0.016349183,47,0,0.13047277,10300.0,3,0,2,0,2
0.667091674,64,1,1.171276241,3000.0,14,0,2,0,0
0.810945274,49,0,4.0,5400.0,1,0,0,0,0
0.983664273,59,2,0.388562407,11400.0,9,0,1,0,0
0.081699644,62,0,0.166104237,8000.0,8,0,1,0,0
0.028306289,67,0,0.008690777,7133.0,4,0,0,0,0
0.665333381,47,0,0.397495183,5189.0,17,0,2,0,1
0.246010927,57,0,0.633826496,17843.0,12,0,5,0,1
0.184744641,54,0,0.542007072,8200.0,12,0,4,0,0
0.185065209,52,0,0.286785536,6000.0,19,0,2,0,2
0.9999999,81,0,1.229807692,1039.0,4,0,1,0,0
0.0,64,0,0.495426195,4809.0,8,0,2,0,3
0.34022017,49,0,0.363229369,6700.0,8,0,2,0,2
0.203192884,57,0,0.430250446,16250.0,16,0,2,0,0
0.331227779,40,0,0.194384449,8333.0,9,0,0,0,0
0.042676662,55,0,0.15141369,8063.0,12,0,1,0,0
0.104229859,55,0,0.279194208,9530.0,6,0,2,0,0
0.0,27,0,0.0,2881.0,2,0,0,0,0
0.19903398,70,0,0.281309891,12000.0,10,0,3,0,0
0.0,66,0,0.117364722,17500.0,9,0,1,0,0
0.924302789,27,1,0.215301807,2600.0,3,0,0,1,3
0.004327401,59,0,0.197502838,7928.0,10,0,1,0,0
0.036190605,65,0,1.885622875,5000.0,14,0,5,0,0
0.09963574,49,0,0.125538258,9056.0,5,0,1,0,0
0.0,62,0,0.459907834,4339.0,6,0,2,0,0
0.043416603,51,0,0.178764247,5000.0,11,0,0,0,2
0.530938124,30,0,0.606398172,3500.0,11,0,2,0,0
0.00809919,88,0,2.0,5400.0,3,0,0,0,0
0.9999999,31,1,0.0,2000.0,4,0,0,0,0
0.0,36,0,0.680863827,5000.0,9,0,4,0,1
0.9920016,45,0,0.280799765,3400.0,7,0,0,0,0
0.049344256,70,0,0.039467681,13149.0,5,0,0,0,0
0.881955902,73,0,0.440809444,2964.0,4,0,1,0,0
0.031503089,46,0,0.30519616,9583.0,9,0,1,0,1
0.944919534,30,1,0.417895526,4000.0,10,0,0,0,2
0.858283433,24,0,0.028639618,418.0,2,0,0,0,0
0.210744087,54,0,1.294852574,2000.0,6,0,1,0,1
0.055817897,70,0,0.068707991,8033.0,10,0,0,0,0
0.9999999,23,0,0.324250681,1100.0,3,0,0,0,0
1.052631579,24,0,0.05994006,1000.0,2,0,0,0,0
0.019547654,38,0,0.419525583,5100.0,15,0,2,0,1
0.590281944,37,0,1.343828086,2000.0,4,0,1,0,1
1.549153178,29,0,0.188968505,6000.0,5,0,0,0,0
0.011717153,85,0,0.006903118,4200.0,10,0,0,0,0
0.019060418,66,0,0.084719962,19050.0,10,0,1,0,0
0.606051463,64,2,2817.0,5400.0,16,0,1,0,0
0.927507249,53,0,0.318934485,2777.0,4,0,0,0,1
0.002725502,62,0,0.312421895,4000.0,10,0,1,0,0
0.011996572,34,0,0.198316675,1900.0,4,0,0,0,2
0.072309964,93,0,0.342552483,3000.0,8,0,2,0,0
0.81012525,26,1,2.65773447,820.0,8,0,1,0,0
0.336950418,66,0,0.643271346,5000.0,11,0,2,0,0
0.519886981,42,0,0.400639744,2500.0,8,0,1,0,0
0.170313187,30,0,2723.0,5400.0,7,0,2,0,0
0.193383022,36,0,0.075757576,5015.0,8,0,0,0,3
0.023198453,63,0,0.004997501,2000.0,1,0,0,0,0
0.094680442,66,0,0.189809926,7575.0,15,0,1,0,0
1.010303791,49,0,0.756635643,2900.0,14,0,1,0,0
0.211444934,57,0,0.548258138,1750.0,13,0,0,0,0
0.076695292,72,0,0.311617312,4389.0,3,0,1,0,0
0.252341157,51,0,0.423992383,3150.0,23,0,0,0,1
0.505274847,72,0,0.128435782,2000.0,5,0,0,0,0
0.084216331,61,0,0.231477167,8583.0,6,0,1,0,2
0.277848143,38,0,0.428793601,4500.0,4,0,1,0,1
0.507366415,53,0,0.505988959,9600.0,14,0,2,0,0
0.014777367,51,0,0.005988024,2504.0,7,0,0,0,0
0.067365171,64,0,0.305670596,18833.0,9,0,2,0,0
0.06059798,66,0,0.016564417,3259.0,2,0,0,0,1
0.9999999,32,0,0.411398246,4333.0,3,0,1,0,3
0.082050997,72,0,0.010473697,4200.0,4,0,0,0,0
0.313438341,64,0,0.279008439,7583.0,8,0,1,0,1
0.135045802,70,0,1.425628597,3300.0,11,0,1,0,0
0.907156121,26,0,0.254204709,2080.0,5,0,0,0,1
143.0,58,0,0.00079984,5000.0,3,0,0,0,0
0.0,63,0,0.470681505,33425.0,10,0,3,0,2
0.266629777,58,0,0.14094718,10620.0,6,0,1,0,1
0.828524869,40,0,0.123687631,10000.0,5,0,0,0,0
0.991052722,39,0,0.202814868,11083.0,7,0,0,0,0
0.259211867,58,0,0.265953654,5609.0,11,0,0,0,1
0.682417083,40,2,0.212115347,5166.0,2,3,0,1,1
0.010726721,62,0,1469.0,5400.0,10,0,1,0,0
0.004620744,70,0,0.067993819,11000.0,6,0,0,0,0
0.953576162,56,0,1.522064323,1336.0,10,0,0,0,0
0.09627784,43,0,1.351129774,5000.0,13,0,2,0,0
0.000398006,57,0,2073.0,5400.0,15,0,1,0,0
0.126224231,46,1,0.020707831,2655.0,3,0,0,0,0
0.203028283,47,0,0.639063392,1750.0,5,0,1,0,2
0.001351278,36,0,0.192846034,4500.0,12,0,1,0,4
0.191041195,42,0,0.35252731,5400.0,12,0,1,0,0
0.637686659,60,0,0.250328299,12183.0,9,0,1,0,0
0.361820416,56,0,2285.0,5400.0,10,0,1,0,2
0.0,41,0,1.348682218,3300.0,11,0,1,0,3
0.208089596,60,0,0.63330976,8483.0,8,0,2,0,1
0.25062664,43,0,0.785228377,4115.0,13,0,1,0,2
0.00439978,43,0,2143.0,5400.0,8,0,4,0,3
0.118473706,49,0,0.115690122,10700.0,11,0,0,0,3
0.133390551,47,1,1.066059226,6584.0,20,0,2,0,0
0.02094759,82,0,0.006815084,2200.0,4,0,0,0,0
0.603044106,58,0,0.485877792,5416.0,5,0,2,0,1
0.091487415,82,0,0.165804895,2900.0,6,0,0,0,1
0.01406542,45,0,0.440503812,6033.0,10,0,1,0,2
0.008532764,55,0,1405.0,5400.0,6,0,1,0,0
0.0,22,0,553.0,5400.0,3,0,0,0,0
0.9999999,77,0,0.209362503,4250.0,5,0,2,0,0
0.060110939,35,0,0.221446179,4867.0,7,0,0,0,1
0.037670145,62,0,0.206758648,5000.0,10,0,1,0,0
0.292728032,46,0,5102.0,5400.0,13,0,2,0,0
0.378180636,49,2,0.429494411,9750.0,18,1,2,0,2
0.065765912,71,0,0.021863613,3841.0,6,0,0,0,0
0.464535465,27,0,0.088101726,1100.0,3,0,0,0,0
0.041646063,67,0,0.0059985,4000.0,13,0,0,0,0
0.27223817,47,0,0.19932226,18000.0,11,0,2,0,2
0.797202797,27,1,0.020618557,3006.0,4,0,0,2,1
0.070729212,42,1,0.120231518,3800.0,5,0,0,0,1
0.049596933,63,0,0.113397966,12583.0,13,0,1,0,1
0.369970218,75,0,1923.0,5400.0,9,0,1,0,0
0.11981702,57,0,839.0,5400.0,4,0,1,0,0
0.159895595,49,1,4676.0,5400.0,15,0,2,0,1
0.053286181,60,0,0.401376147,5667.0,11,0,2,0,1
0.345650401,36,0,0.272230369,7500.0,6,0,0,0,0
0.793174767,44,1,547.0,5400.0,2,1,0,0,0
0.9999999,33,0,0.107400131,1526.0,0,2,0,0,0
0.214672005,63,0,4148.0,5400.0,25,1,3,0,0
0.000368262,37,0,0.093687518,3500.0,7,0,0,0,0
0.146314708,49,7,0.438071995,9833.0,19,0,2,0,0
0.9999999,38,0,0.281313131,1979.0,2,1,0,1,1
0.062645785,56,0,8.0,5400.0,5,0,0,0,0
0.9999999,21,18,0.0,0.0,0,18,0,18,0
0.0,48,0,0.365263667,6200.0,12,0,1,0,2
0.046558409,60,0,0.311974551,4400.0,13,0,2,0,1
0.16957826,52,0,0.695910647,5550.0,15,0,3,0,3
0.201208056,65,0,0.112735908,8000.0,19,0,0,0,1
0.98920216,39,1,0.17451794,4096.0,6,0,1,0,2
0.050136628,55,1,0.534116471,4000.0,7,0,1,0,0
0.109559652,33,0,0.149952033,13550.0,8,0,1,0,3
0.621069507,72,0,0.596029445,4482.0,7,0,1,0,0
0.213849287,31,0,0.322834646,1650.0,2,0,0,0,0
0.214728741,46,0,2260.0,5400.0,8,0,3,0,0
0.168570649,40,0,0.200381316,5244.0,12,0,0,0,0
0.0,49,1,0.180092124,8900.0,6,0,1,0,3
0.030023095,76,0,37.0,5400.0,3,0,0,0,0
0.072950324,50,0,0.363431828,6666.0,14,0,1,0,4
0.0,82,0,0.156616052,2304.0,6,0,0,0,0
0.003779782,85,0,0.657967796,1800.0,13,0,2,0,0
0.763671471,53,0,0.934120854,2200.0,7,0,1,0,4
0.36437085,77,0,136.0,5400.0,1,0,0,0,0
0.986554622,42,0,1804.0,5400.0,4,1,1,1,0
0.013774466,59,0,0.255268895,11007.0,13,0,2,0,3
0.0985543,35,0,0.074151749,13350.0,19,0,0,0,0
0.364218104,61,0,1491.0,5400.0,6,0,1,0,0
0.087792864,70,0,0.236822146,5273.0,16,0,1,0,0
0.0,80,0,73.0,5400.0,4,0,0,0,0
0.252511452,49,1,0.313766332,5280.0,7,0,2,0,0
0.159201845,61,0,0.36531525,6930.0,19,0,2,0,0
0.494729386,35,0,0.078351546,14000.0,4,0,0,0,0
0.004717828,45,0,0.000498952,10020.0,4,0,0,0,3
0.244558172,62,1,7314.0,5400.0,23,0,2,0,0
0.172436925,57,0,0.622603933,4016.0,19,0,1,0,2
0.420472237,39,0,0.182050686,4300.0,9,0,1,0,3
0.053218214,41,0,64.0,5400.0,6,0,0,0,0
0.013231878,87,0,22.0,5400.0,9,0,0,0,0
0.454821807,53,1,0.439746612,6787.0,8,0,2,0,2
0.07741512,53,0,0.284303096,8300.0,8,0,2,0,0
0.248797362,32,0,0.248876175,2446.0,6,0,0,0,0
0.016078685,31,1,0.40758228,7200.0,12,0,2,0,0
0.239682368,52,0,0.543496046,11000.0,11,0,2,0,2
0.858205486,45,0,0.024877832,2250.0,6,0,0,1,1
0.007312043,77,0,3.0,5400.0,2,0,0,0,0
0.028464785,66,1,0.269028871,7619.0,16,0,1,0,0
0.9999999,22,0,200.0,0.0,1,0,0,0,0
0.23825862,51,0,2.610356805,3166.0,17,0,3,0,3
0.011114361,40,4,0.768648931,7667.0,9,0,2,0,1
0.063283721,43,0,1.299678013,4347.0,10,0,4,0,2
0.135271618,65,1,811.0,5400.0,10,0,1,0,0
0.554259529,36,1,0.653061224,2400.0,4,0,1,0,1
0.109089091,58,0,0.538307712,8000.0,10,0,3,0,0
0.003411196,69,0,0.037447737,5500.0,9,0,0,0,0
0.180363796,41,0,909.0,5400.0,9,0,2,0,0
0.787254682,56,1,0.241763876,7800.0,5,0,1,1,0
0.589234189,52,0,0.329283489,3209.0,8,1,0,0,2
0.0,67,0,0.0,10500.0,9,0,0,0,0
0.14341611,55,0,0.325334497,6875.0,13,0,1,0,1
0.0,31,0,0.001445684,4841.0,2,1,0,1,3
0.11746212,39,0,0.04323919,4000.0,6,0,0,0,2
0.691617951,56,1,0.269059248,4708.0,7,1,1,0,4
0.019446935,85,0,0.001430104,5593.0,4,0,0,0,0
0.888668522,52,0,0.635822554,12600.0,17,0,2,0,3
0.0,94,0,1531.0,5400.0,5,0,1,0,0
0.588432631,40,0,0.396319306,8530.0,7,0,1,0,4
0.095084939,33,0,0.290337859,6333.0,8,0,1,0,0
0.000842673,99,0,0.0,5400.0,4,0,0,0,0
0.53977296,59,0,0.346661335,2500.0,9,0,0,0,0
0.9999999,50,0,0.191391238,1300.0,1,1,0,1,2
0.964530587,49,3,0.479934559,10390.0,13,0,4,0,4
0.125554653,28,0,0.44761508,4800.0,5,0,2,0,0
0.017754665,62,0,0.040758023,10500.0,19,0,0,0,0
0.036145491,75,0,0.037654115,3000.0,17,0,0,0,0
0.881491345,45,0,0.110481586,6000.0,2,0,0,1,0
0.675476552,48,1,1.009648518,1450.0,12,0,1,0,1
0.147142726,35,0,0.26675719,8100.0,5,0,1,0,2
0.001374983,68,0,799.0,5400.0,14,0,1,0,0
0.666710143,38,0,0.29095958,3240.0,6,0,0,0,1
1.044955045,23,0,0.040121581,1644.0,2,0,0,0,0
0.475330576,61,1,0.440248934,14300.0,11,0,3,0,1
0.9999999,48,1,167.0,5400.0,6,0,0,2,0
0.306667987,54,0,0.59073724,6347.0,10,0,2,0,1
0.9999999,41,1,0.215949693,6996.0,1,0,1,0,0
0.153928202,43,0,0.521277893,8200.0,6,0,2,0,2
0.289750978,52,0,0.50509898,5000.0,12,1,1,0,3
0.097848982,63,0,1630.0,5400.0,3,0,1,0,0
0.0,27,0,0.0,0.0,2,0,0,0,0
0.44826026,49,1,0.230265426,2900.0,10,0,0,1,0
0.01555156,59,0,0.067327723,12000.0,10,0,1,0,0
0.98876045,46,0,0.438056554,6400.0,8,0,1,0,1
0.0,24,0,0.338051624,1200.0,2,0,0,0,0
0.009190462,80,0,1631.0,5400.0,20,0,2,0,0
0.023966961,54,0,1629.0,5400.0,7,0,2,0,2
0.118534133,39,0,0.496613267,9300.0,10,0,3,0,1
0.024407981,75,0,256.0,5400.0,6,0,0,0,0
0.424372853,45,0,0.228204451,11366.0,6,0,1,0,1
0.021043112,41,0,528.0,5400.0,10,0,0,0,0
0.139981336,72,1,0.315171207,4000.0,4,0,2,0,0
0.857302,47,0,0.41848208,5691.0,9,0,0,0,2
0.030919925,77,0,0.011976048,3506.0,6,0,0,0,0
0.115752533,68,0,0.584593984,5750.0,14,0,3,0,0
0.513025173,40,0,0.348953452,3200.0,7,0,1,0,0
0.155427143,50,0,0.364393939,5279.0,18,0,0,0,1
0.014349283,81,0,47.0,5400.0,6,0,0,0,0
0.177906127,50,0,0.419267854,12237.0,16,0,2,0,2
0.272482616,45,0,0.110750983,14500.0,7,0,0,0,3
0.05381329,63,0,0.177589071,5416.0,3,0,1,0,0
0.407772815,66,0,0.246444862,7453.0,5,0,2,0,2
0.097700329,40,0,0.281554951,6250.0,6,0,1,0,2
0.279627447,80,0,1.472868217,1031.0,16,0,1,0,0
0.155057296,63,0,0.298056731,30000.0,12,0,2,0,3
0.0,45,0,0.499793132,4833.0,4,0,2,0,0
0.497087018,65,0,0.61479815,8000.0,13,0,3,0,1
0.054426516,63,0,0.017507623,10166.0,9,0,0,0,0
0.0,76,0,0.189438605,3900.0,5,0,1,0,0
0.052673771,68,0,0.109453543,6166.0,6,0,1,0,0
0.514630201,46,0,0.371219357,3140.0,5,0,1,0,0
0.9999999,38,0,21.0,5400.0,0,2,0,0,0
0.007062745,62,0,0.395962733,7083.0,19,0,3,0,1
0.033657989,51,0,62.0,5400.0,9,0,0,0,0
0.025236117,81,0,57.0,0.0,15,0,0,0,0
0.9999999,52,0,0.0,2500.0,1,0,0,0,0
0.387357878,50,0,0.277196653,5735.0,9,0,1,0,1
0.824590456,43,1,0.407118363,8456.0,9,0,1,0,1
0.023628149,78,0,0.141978157,6500.0,14,0,1,0,0
0.37077874,51,0,0.35941063,5700.0,9,0,1,0,0
0.038664224,53,0,0.264398221,8316.0,6,0,2,0,2
0.090119368,29,0,1501.0,5400.0,9,0,1,0,0
0.590865842,67,0,269.0,5400.0,4,0,0,0,0
0.081616037,67,0,0.442246331,3133.0,11,0,2,0,0
0.416195004,70,0,0.725455195,2800.0,7,0,1,0,0
0.632269169,61,0,5758.0,5400.0,8,0,2,0,0
0.171363811,73,0,2597.0,5400.0,6,0,1,0,0
0.001053957,72,0,0.165594855,1243.0,5,0,0,0,0
0.088874528,68,1,0.225798388,16000.0,8,0,2,0,1
0.9999999,36,0,0.0,1600.0,0,1,0,0,1
0.792937935,37,0,0.564773452,4700.0,6,0,1,0,1
0.0979951,43,0,0.183326377,9583.0,4,0,1,0,5
0.07966714,62,0,856.0,5400.0,5,0,1,0,0
0.662125738,53,1,0.710695775,6366.0,13,0,2,0,1
0.438066393,55,0,0.618670506,4166.0,11,0,2,0,0
0.582197011,53,1,0.898000816,2450.0,5,0,1,0,0
0.264342416,45,0,0.491576496,7300.0,15,0,2,0,3
0.017883253,51,0,0.259709653,10607.0,10,0,1,0,0
0.006911341,81,0,767.0,5400.0,8,0,1,0,0
0.013701166,68,0,0.181568088,2180.0,5,0,1,0,0
0.9999999,59,1,1562.0,5400.0,2,0,0,0,2
0.043819389,70,0,0.155223312,10500.0,7,0,1,0,0
0.156016445,62,0,0.905218956,5000.0,9,0,1,0,0
0.9999999,75,0,1783.0,5400.0,2,0,1,0,0
0.67574511,33,0,0.372153305,5400.0,11,0,0,0,0
0.182,49,0,0.025469729,2394.0,1,0,0,0,1
0.9999999,54,0,0.251215902,4728.0,2,0,1,0,0
0.04529547,26,0,0.018792483,2500.0,5,0,0,0,2
1.213683759,42,0,0.200872569,5500.0,2,6,0,2,1
0.072869021,67,0,0.408794079,6890.0,12,0,2,0,1
0.197155114,55,0,0.350909939,15000.0,13,0,2,0,0
0.069746513,54,0,0.193756968,8969.0,5,0,1,0,0
0.743731734,23,1,0.039606523,3862.0,3,0,0,0,1
0.062235499,57,0,0.253926702,4583.0,7,0,1,0,1
0.485502899,26,0,0.194322271,2500.0,4,0,0,0,0
0.076633064,39,0,3190.0,5400.0,11,0,2,0,1
0.004720636,65,0,0.000522349,13400.0,7,0,0,0,0
0.999197432,29,0,264.0,5400.0,4,0,0,0,0
0.9999999,27,1,0.317073171,2500.0,2,0,0,0,1
0.967243613,54,0,0.026112916,56944.0,7,0,0,0,3
0.283067026,38,0,0.154087065,3192.0,6,0,1,0,0
0.923076923,30,1,0.06287497,4166.0,5,0,0,0,0
0.9999999,53,0,0.940029985,2000.0,2,0,1,0,0
0.430569712,39,0,0.604647247,5938.0,10,0,2,0,0
0.9999999,28,0,691.0,5400.0,1,0,0,0,0
0.0,67,2,4027.0,5400.0,6,0,2,0,0
0.073210714,81,1,0.033828806,1950.0,11,0,0,0,0
0.635139308,50,0,0.966456004,4113.0,11,0,1,0,2
0.95170037,42,0,0.021449464,40000.0,6,0,0,0,0
0.057727747,57,0,0.145985401,10000.0,10,0,1,0,3
1.42192691,25,0,292.0,5400.0,3,2,0,1,0
0.674835816,51,1,0.286064903,14667.0,9,0,2,0,2
0.966274386,52,4,0.923659497,3300.0,6,1,1,1,2
0.495710878,69,0,24475.0,5400.0,14,0,1,0,0
1.007390983,45,0,0.494320062,9066.0,9,0,1,0,0
0.065409958,84,0,0.169827753,10333.0,26,0,1,0,0
0.156968731,36,0,0.441026389,6858.0,11,0,1,0,0
0.004499906,40,0,0.463197205,8300.0,7,0,2,0,3
0.0,49,0,0.151540383,1200.0,8,0,0,0,0
0.227966351,51,0,0.62149088,12609.0,17,0,3,0,1
0.392659299,40,0,0.591589775,6610.0,9,0,2,0,1
0.11117353,53,0,59.0,5400.0,4,0,0,0,0
0.032970234,47,0,0.367647059,135.0,6,0,0,0,3
0.394061767,68,0,0.156807199,6000.0,8,0,0,0,0
0.218114185,42,0,1.396641343,2500.0,6,0,1,0,2
0.399375671,54,0,0.064989518,6200.0,5,0,1,0,2
0.700729807,54,0,0.435451438,9945.0,11,0,2,0,0
0.013646935,73,0,0.140313528,5166.0,22,0,0,0,0
0.333317461,30,0,1743.0,5400.0,9,0,1,0,0
0.07285298,70,0,38.0,5400.0,4,0,0,0,0
0.393152051,66,0,0.840152236,6305.0,13,0,2,0,2
0.074037397,66,0,115.0,0.0,5,0,0,0,0
0.9999999,48,1,0.842205323,525.0,3,1,0,1,2
0.00135126,65,0,0.258666667,11249.0,9,0,1,0,0
0.9999999,49,1,0.186587908,8633.0,5,0,1,0,0
0.053998683,63,0,0.455155947,6700.0,9,0,3,0,1
0.078167598,71,0,4840.0,5400.0,11,0,2,0,0
0.085721904,57,0,0.229935267,19000.0,5,0,2,0,0
0.14543936,73,0,0.413463181,5852.0,7,0,1,0,0
0.372556609,32,0,0.328736445,8483.0,15,0,3,0,2
0.032676798,62,0,0.157273769,8729.0,9,0,1,0,0
0.0410887,59,0,4078.0,5400.0,7,0,1,0,0
0.005416344,30,0,0.662157084,2660.0,12,0,1,0,1
0.313019682,46,0,0.454388489,3474.0,5,0,1,0,1
0.000707056,89,0,0.00020404,4900.0,4,0,0,0,1
0.74765566,38,1,0.499011743,8600.0,9,0,2,0,1
0.354437551,57,0,0.263315779,15000.0,11,0,2,0,1
0.009299845,90,0,0.00199975,8000.0,4,0,0,0,0
0.035407599,24,0,9.0,5400.0,1,0,0,0,0
0.613277345,40,0,0.380170508,3166.0,4,0,0,0,3
0.004282444,76,0,0.000857061,10500.0,6,0,0,0,0
0.031296593,63,0,0.059917943,24616.0,16,0,0,0,0
1.2576949,54,1,0.260144525,1798.0,7,3,0,0,1
0.000340624,69,0,0.0,5206.0,5,0,0,0,0
0.002707774,48,0,3997.0,5400.0,8,0,1,0,0
0.9999999,26,0,0.0,1100.0,0,2,0,0,1
0.020781542,53,0,0.282312307,5500.0,8,0,1,0,2
0.243934579,49,0,0.167715661,2700.0,5,0,0,0,0
0.320071571,33,0,0.077977721,2333.0,3,0,0,0,0
0.961350511,38,0,0.08411215,4600.0,4,0,0,0,0
0.9999999,54,0,0.805970149,1875.0,4,0,1,0,1
1.067350697,31,0,0.247996228,2120.0,4,0,1,1,1
0.058741454,67,0,0.343539498,3265.0,10,0,0,0,0
0.025947387,40,0,1487.0,5400.0,9,0,1,0,0
0.549164326,59,0,0.134186581,10000.0,8,0,0,0,0
0.01575958,82,0,0.003644647,4389.0,8,0,0,0,0
0.9999999,28,1,0.34608985,600.0,1,0,0,0,1
0.063680859,25,0,0.028204213,2800.0,7,0,0,0,0
0.78483716,70,2,0.4838573,11800.0,12,0,3,0,1
0.042295124,27,0,0.028249574,22902.0,18,0,0,0,0
0.221175694,75,0,0.237190915,12900.0,19,0,3,0,1
0.9999999,54,1,0.186414108,7654.0,2,1,1,0,3
0.030738174,70,0,0.379137691,3594.0,10,0,3,0,0
0.23554247,47,1,0.848860456,2500.0,11,0,2,0,3
0.960879957,45,0,0.458007998,5250.0,15,0,2,0,2
0.760106662,36,0,0.202707738,8050.0,7,0,2,0,0
1.070670901,49,2,0.354059666,9150.0,7,0,2,1,4
0.0,65,0,17.0,5400.0,6,0,0,0,0
0.18319084,80,0,0.023181625,4701.0,2,0,0,0,0
0.050566653,68,0,0.14400562,12811.0,7,0,1,0,2
0.000899955,86,0,0.0,2300.0,1,0,0,0,0
0.119004478,73,0,0.422938073,3600.0,4,0,1,0,0
0.9999999,31,0,0.162598262,4833.0,2,0,2,0,0
0.54347976,54,0,0.183376178,3500.0,11,0,0,0,0
0.035232543,67,0,2.575083426,898.0,7,0,1,0,0
0.245557121,36,1,0.241894307,7833.0,13,0,0,0,3
0.00147612,49,0,2940.0,5400.0,5,0,2,0,0
0.9999999,39,0,0.443019943,2807.0,7,0,0,0,2
1.521906226,45,2,0.047810097,2990.0,3,2,0,1,0
0.576037721,65,0,0.416291854,2000.0,9,0,0,0,0
0.143755514,62,0,0.057929471,15000.0,10,0,0,0,1
0.040253082,52,0,2267.0,5400.0,5,0,1,0,0
0.278993492,52,0,0.279704999,3660.0,10,0,0,0,2
0.9999999,91,0,0.0,5400.0,0,0,0,0,0
0.9999999,54,0,0.306550456,7342.0,2,0,1,0,0
0.207575908,29,0,0.159392425,5200.0,5,0,0,0,0
0.906685863,49,5,0.943097576,4990.0,16,1,1,1,3
0.0,32,0,0.271363961,4200.0,5,0,1,0,0
0.9999999,69,0,0.135348837,2149.0,1,0,0,0,0
0.0,76,0,0.0,5400.0,4,0,0,0,0
0.088760385,33,0,0.950605443,8340.0,20,0,2,0,2
0.006205288,74,0,0.258195336,2958.0,6,0,1,0,1
0.028414299,56,0,0.145284905,3000.0,6,0,0,0,1
0.166499814,38,0,2474.0,5400.0,11,0,2,0,0
0.026856184,52,0,0.135224839,9339.0,5,0,1,0,3
0.860886899,55,0,3374.0,5400.0,11,0,2,0,1
0.033848308,45,0,0.451854815,10000.0,5,0,2,0,0
0.031442698,55,0,444.0,5400.0,3,0,1,0,0
0.682907075,58,1,0.622729108,4953.0,13,0,2,0,1
0.050364341,54,0,0.12242222,25166.0,17,0,1,0,0
0.024023414,92,0,0.004878049,3484.0,6,0,0,0,0
0.103440613,35,0,1943.0,5400.0,5,0,1,0,0
0.043471855,53,0,0.459142473,5200.0,25,0,3,0,0
0.9999999,60,0,99.0,5400.0,2,2,0,0,0
0.877137429,57,0,0.516431462,10132.0,4,0,2,0,1
0.0,51,0,0.065733567,4000.0,4,0,0,0,1
0.0,81,0,0.0,5400.0,6,0,0,0,0
0.253306668,41,0,0.037758019,120000.0,4,0,1,0,0
0.008337584,60,0,1182.0,5400.0,12,0,1,0,0
0.0,52,1,1493.0,5400.0,8,0,2,0,1
0.389707353,51,0,0.362646037,6333.0,9,0,2,0,0
0.076802014,61,0,94.0,5400.0,5,0,0,0,0
0.076874299,74,0,0.709141274,1443.0,10,0,1,0,0
0.008469513,49,0,0.549855491,6919.0,12,0,2,0,2
0.038377351,63,0,51.0,1.0,5,0,0,0,0
0.02930119,49,0,0.289296856,8333.0,15,0,1,0,0
0.51911978,52,0,0.660935626,2500.0,11,0,1,0,0
0.096046891,59,0,2077.0,5400.0,13,0,1,0,1
0.017354036,62,0,0.803194044,8327.0,10,0,5,0,2
0.72207745,58,0,0.47886415,3098.0,6,0,0,0,0
0.12785447,44,0,0.081621523,5500.0,3,0,0,0,2
0.685226939,56,1,0.56635139,3488.0,8,1,1,1,0
0.010679786,54,0,0.102272727,2111.0,8,0,0,0,0
0.006096576,74,0,1202.0,5400.0,5,0,1,0,0
0.293947104,62,1,0.373313343,2000.0,7,0,0,0,0
0.0,64,0,849.0,5400.0,2,0,1,0,0
0.037127729,59,0,0.294298557,12680.0,12,0,2,0,5
0.639778832,31,0,0.49204233,12000.0,7,0,2,0,2
0.205063871,67,0,0.367514721,9000.0,11,0,2,0,4
0.9999999,35,2,0.298650568,2815.0,2,1,1,1,3
0.001746883,60,0,0.755414862,3000.0,6,0,2,0,0
0.501623421,51,0,0.552058824,6799.0,18,0,1,0,0
0.019151758,61,0,672.0,5400.0,14,0,4,0,0
0.025676249,55,0,0.182826416,5950.0,6,0,2,0,0
0.070616947,58,0,0.176212613,11400.0,9,0,2,0,1
0.565843005,34,0,0.136543015,3800.0,9,0,0,0,0
0.025331645,61,0,0.344386979,3286.0,5,0,1,0,0
0.078811892,69,0,94.0,5400.0,5,0,0,0,0
0.063660642,61,0,892.0,5400.0,13,0,1,0,1
0.000714257,60,0,0.0,5400.0,5,0,0,0,0
0.139638749,62,0,0.001999962,53000.0,8,0,0,0,0
0.005955902,89,0,0.003041825,3944.0,7,0,0,0,0
0.588168409,53,0,1.047229791,1100.0,17,0,0,0,0
0.147334739,54,0,0.031626085,3572.0,8,0,0,0,1
0.426697421,63,0,1.002695418,2225.0,17,0,1,0,1
0.335708036,32,0,0.855863192,1227.0,9,0,1,0,0
0.487219233,67,0,480.0,5400.0,3,0,0,0,0
0.9999999,66,0,50.0,5400.0,4,0,0,0,0
0.0,49,3,0.405020096,13186.0,6,0,2,1,4
0.011996718,53,0,0.363000636,12583.0,19,0,2,0,2
0.9999999,61,0,0.128990648,3100.0,2,1,0,1,0
0.91805463,23,0,0.101910828,3610.0,4,0,0,0,2
0.093060169,57,1,3105.0,5400.0,15,0,2,0,0
0.007749539,89,0,0.004482478,7361.0,7,0,0,0,0
0.143781116,39,0,0.380959849,6375.0,11,0,1,0,1
0.865349278,47,1,4090.0,5400.0,16,0,2,0,0
0.055622242,47,1,0.158778829,7500.0,16,0,0,0,3
0.83317488,63,1,0.587220639,6666.0,22,0,2,0,0
0.838122139,41,0,0.527705061,4583.0,6,0,1,0,2
1.232587299,59,0,2696.0,5400.0,14,0,2,0,0
0.228983697,81,0,0.385285824,3900.0,8,0,1,0,0
0.280737547,70,1,0.510848126,4055.0,10,0,1,0,0
0.439105231,60,0,0.265455757,6000.0,7,0,1,0,0
0.116796282,52,0,0.55368843,12972.0,31,0,3,0,0
0.012665611,29,0,0.09598511,3760.0,3,0,0,0,0
0.01519848,55,0,0.003610108,3600.0,3,0,0,0,0
0.972228287,47,0,3522.0,5400.0,5,0,2,1,2
0.116425373,70,0,0.237269603,6401.0,6,0,0,0,1
0.016927362,71,1,7.0,5400.0,3,0,0,0,0
0.76185831,39,0,0.387801743,7000.0,3,0,1,0,3
0.136879988,62,0,0.576462875,6100.0,19,0,2,0,0
0.041379621,68,0,709.0,5400.0,15,0,1,0,0
0.003833014,73,0,0.34612557,6800.0,7,0,1,0,1
0.352623973,57,0,0.428401899,7583.0,9,0,3,0,0
0.46708068,51,1,1.308563812,3000.0,11,0,2,0,0
0.9999999,49,1,0.034975279,5460.0,3,0,0,0,3
0.09854044,59,0,36.0,0.0,2,0,0,0,0
0.525468026,74,0,0.434852547,3729.0,5,0,1,0,1
0.0,58,0,1.0,5400.0,5,0,0,0,0
0.435659297,41,0,0.374453193,8000.0,8,0,2,0,2
0.9999999,36,0,0.099475131,4000.0,5,0,0,0,0
0.987872177,64,0,0.280057595,12500.0,8,0,0,0,2
0.2976096,72,0,0.156136688,9100.0,9,0,1,0,0
0.9999999,86,0,1.0,5400.0,1,0,0,0,0
0.040827474,65,0,1527.0,5400.0,6,0,1,0,0
0.455103802,41,0,0.226780508,4801.0,3,0,1,0,1
0.055264363,57,0,0.285055114,3900.0,8,0,0,0,0
0.155544123,57,0,0.408583627,13350.0,9,0,3,0,1
0.979503416,48,0,0.323955317,7250.0,10,0,2,0,3
0.485621681,45,0,0.054717324,5500.0,6,0,0,0,0
0.969457322,30,0,0.282557222,3800.0,3,0,0,0,2
0.555013165,51,0,2026.0,5400.0,8,0,2,0,1
0.914160449,42,3,0.884566442,5500.0,10,0,3,0,2
0.635184827,35,1,1.34611172,1825.0,9,0,1,0,2
0.15092269,57,0,0.274,9499.0,14,0,1,0,1
0.900940151,26,0,1.387283237,864.0,6,0,0,0,0
0.295983556,49,0,0.365550344,9166.0,4,0,2,0,0
0.309921089,59,1,0.306444135,2156.0,8,0,2,0,0
0.194766548,58,1,0.303703193,14500.0,22,0,2,0,0
0.9999999,58,0,0.0,3190.0,0,0,0,0,0
0.0,68,0,0.344049823,5940.0,9,0,1,0,1
0.095581299,39,0,2902.0,5400.0,10,0,2,0,0
0.218398629,59,0,3243.0,5400.0,9,0,2,0,0
0.000924235,55,0,0.287186587,6500.0,11,0,1,0,0
0.019020149,84,0,0.004315335,9500.0,8,0,0,0,0
0.75739064,66,0,0.44022391,2500.0,3,0,0,0,1
0.088381216,65,0,0.15651307,27083.0,5,0,1,0,0
0.631032494,43,1,0.363545485,3000.0,7,0,0,0,0
0.174408816,51,0,0.304412036,5416.0,7,0,2,0,1
1.016596681,42,2,0.979596001,4900.0,4,0,2,0,0
0.690683851,55,0,0.432552146,12416.0,7,0,2,0,2
0.022782114,39,0,0.023937762,1670.0,10,0,0,0,1
0.00729326,34,1,0.107104605,2800.0,4,0,0,0,1
0.014360712,74,0,0.002908562,5500.0,5,0,0,0,1
0.908990011,51,4,714.0,5400.0,2,1,0,0,1
0.056111867,73,0,0.108111288,17000.0,15,0,3,0,1
0.466613355,28,0,0.14474651,1360.0,4,0,0,0,0
0.012283541,35,0,2143.0,1.0,8,0,2,0,2
0.117307582,27,0,304.0,5400.0,7,0,0,0,0
0.676043194,50,0,0.588773789,4150.0,11,0,1,0,0
1.01779822,44,2,0.465957985,3950.0,4,0,1,0,0
0.0483289,88,0,0.040564374,1700.0,4,0,0,0,0
0.202908212,58,0,0.061134124,7000.0,6,0,1,0,0
0.661195142,59,0,0.709907014,8710.0,20,0,5,0,0
0.016534326,56,0,0.501931212,5436.0,14,0,2,0,1
0.006230152,61,0,0.001274581,5491.0,6,0,0,0,0
0.049295372,64,0,4133.0,5400.0,9,0,2,0,0
0.431106131,71,0,0.477175898,4928.0,8,0,1,0,0
0.02437567,61,0,0.257233035,1900.0,6,0,0,0,1
0.04116996,59,0,0.678116094,6666.0,15,0,1,0,0
0.065774728,72,0,0.232751916,9000.0,5,0,1,0,1
0.059335784,30,0,2.039257673,1400.0,7,0,1,0,0
0.032532211,39,1,0.093080132,6950.0,5,0,0,0,0
0.773645271,35,0,0.039766884,2916.0,1,0,0,0,1
0.827585708,50,0,0.835531082,6900.0,13,0,1,0,0
0.083116583,36,0,0.225462423,6000.0,3,0,1,0,0
0.9999999,46,0,0.0,6000.0,1,0,0,1,4
0.074961923,45,0,0.003548006,9300.0,5,0,0,0,1
0.142277136,54,1,0.33614956,11125.0,11,0,3,0,2
1.094905095,26,1,0.027801911,1150.0,1,0,0,0,0
1.060091253,36,0,0.601358149,3975.0,10,0,2,0,1
0.776667241,60,2,401.0,5400.0,16,1,0,0,0
0.004473637,74,0,0.003308519,3626.0,8,0,0,0,0
0.0,57,0,0.190586064,6500.0,3,0,0,0,0
0.191723652,58,0,0.211241218,14944.0,5,0,3,0,0
0.023121523,74,0,0.414234306,2500.0,4,0,1,0,0
0.35552064,33,0,0.790949139,2496.0,5,3,0,0,0
0.343813717,63,1,0.513258948,6900.0,12,0,2,0,0
0.14500703,42,0,0.157449427,13000.0,6,0,1,0,3
0.26061064,50,0,589.0,5400.0,5,0,0,0,2
0.008649935,66,0,0.177379561,7700.0,11,0,1,0,2
0.504815275,42,0,0.742880956,7198.0,6,0,2,0,1
0.002526183,53,0,0.516847516,1750.0,5,0,1,0,2
0.9999999,63,1,0.598890302,8650.0,5,0,1,0,2
0.769046191,78,0,0.26183844,1435.0,6,0,1,0,0
0.404004495,47,1,0.203234579,6986.0,10,0,1,0,2
0.028419716,62,0,0.33065524,5600.0,18,0,2,0,0
0.105137541,55,1,0.53481332,4954.0,10,0,1,0,1
0.954560604,39,2,0.519349593,9224.0,7,0,2,0,2
0.026107032,47,0,0.075828865,9138.0,9,0,0,0,3
0.0,34,0,0.0,1000.0,5,0,0,0,1
0.0,71,0,0.0,5400.0,3,0,0,0,0
0.095225851,55,0,99.0,5400.0,2,0,0,0,0
0.9999999,32,0,0.0,5400.0,0,1,0,0,0
0.063077477,29,0,0.660570795,3608.0,7,0,1,0,0
0.540087872,43,0,0.204776332,5610.0,7,0,0,0,0
0.630170102,48,0,0.677003942,7609.0,8,0,2,0,0
0.039288961,61,0,0.705076172,17000.0,7,0,3,0,0
0.0,58,0,0.206182367,22547.0,6,0,2,0,0
0.0,47,0,0.315679443,7174.0,4,0,1,0,1
0.081483001,47,0,0.173916149,14000.0,6,0,1,0,2
0.385863268,36,1,0.499914545,5850.0,10,0,1,0,2
0.13756753,61,0,0.87052158,6000.0,19,0,1,0,0
0.986463621,56,0,2443.0,5400.0,8,0,1,0,1
0.067986403,33,0,0.701049825,6000.0,3,0,1,0,1
0.485138854,66,0,4097.0,5400.0,9,0,2,0,0
0.088703073,53,0,70.0,0.0,3,0,0,0,0
0.0,68,0,1598.0,5400.0,7,0,1,0,0
0.015390024,73,0,0.001047519,10500.0,4,0,0,0,0
0.271338669,58,2,0.403401275,7996.0,20,0,2,0,0
0.304529513,62,2,0.31556148,3000.0,13,0,1,1,0
0.122037559,60,0,0.159962139,4225.0,11,0,0,0,0
0.009558452,34,0,0.336133193,6666.0,13,0,1,0,2
0.015459376,58,0,0.053596427,15000.0,12,0,1,0,2
0.003701064,68,0,561.0,5400.0,8,0,1,0,0
0.111878122,68,0,1925.0,5400.0,8,0,1,0,0
0.015481989,60,5,1.175824176,1000.0,13,0,1,0,0
0.972285564,58,5,0.529176513,5500.0,10,2,2,0,0
0.440866418,57,0,2528.0,0.0,10,0,1,0,0
0.263185413,51,0,0.248671808,5834.0,8,0,1,0,0
0.302748828,67,0,3059.0,5400.0,7,0,1,0,0
0.009230582,75,0,13.0,5400.0,4,0,0,0,0
0.550494627,40,0,0.191643782,5097.0,9,1,1,0,2
0.0,42,0,0.335424427,5100.0,6,0,2,0,0
0.444403596,45,0,0.719856029,5000.0,13,0,1,0,0
0.041174983,56,0,0.356725146,5300.0,8,0,1,0,2
0.223086324,45,1,0.61347649,2700.0,7,0,2,0,2
0.225868669,33,0,0.627074585,5000.0,11,0,2,0,1
0.065889711,48,0,0.019575856,5516.0,2,0,0,0,0
0.060228512,47,0,0.372934497,11800.0,10,0,3,0,3
0.044220257,85,0,0.003558424,12083.0,4,0,0,0,0
0.021815049,49,0,0.26225209,6100.0,7,0,1,0,1
0.022320437,62,0,491.0,5400.0,13,0,1,0,0
0.312291264,53,0,5584.0,5400.0,15,0,3,0,0
0.573672935,80,0,0.050176678,1414.0,2,0,0,0,0
0.312808368,29,0,0.287356322,2000.0,6,0,0,0,0
0.39120923,53,0,0.314263774,10417.0,17,0,1,0,0
0.119959274,50,0,2051.0,5400.0,9,0,1,0,0
0.011566281,53,0,0.001411831,7082.0,1,0,0,0,2
0.878353608,62,0,0.50533727,4402.0,7,2,2,0,1
0.108484076,34,0,0.263345831,5600.0,17,0,1,0,2
0.337839158,53,0,2729.0,5400.0,10,0,1,0,1
0.9999999,39,0,0.0,3565.0,1,1,0,0,1
0.054392748,46,0,0.321873558,4333.0,6,0,1,0,0
0.024842871,62,0,0.018710596,4916.0,6,0,0,0,0
0.0,32,0,1398.0,5400.0,3,0,2,0,0
0.9999999,27,1,0.498753117,1202.0,6,0,0,0,0
0.531244793,40,0,2084.0,5400.0,5,0,2,0,0
0.0,64,0,809.0,5400.0,3,0,1,0,0
0.088097798,45,0,0.374461418,5105.0,12,0,1,0,2
0.055075511,53,0,3048.0,5400.0,5,0,1,0,0
0.12234826,65,0,0.694061188,5000.0,18,0,2,0,0
0.750031328,38,0,0.392925228,4720.0,6,0,1,0,2
0.159743884,38,0,0.153102605,18000.0,12,0,1,0,2
0.0,22,0,0.0,820.0,2,0,0,0,0
0.968611234,52,0,1300.0,5400.0,8,0,0,1,2
0.227818533,50,0,0.299045599,7543.0,10,0,2,0,0
1.027716849,47,1,0.018331151,8400.0,2,0,0,2,3
0.031858531,78,0,0.028417819,1301.0,13,1,0,0,0
0.644355644,21,0,0.023142509,820.0,1,0,0,0,0
0.094802753,54,0,0.461463793,5150.0,15,0,1,0,0
0.002013842,73,0,183.0,5400.0,7,0,0,0,0
0.160678344,29,0,0.201632406,3307.0,5,0,0,0,0
1.337528012,39,1,0.339449541,3378.0,6,1,0,3,0
0.042917588,72,0,0.261115926,15000.0,9,0,4,0,0
0.01772949,68,1,1613.0,5400.0,9,0,2,0,1
0.9999999,43,0,0.140396855,2670.0,3,0,0,0,0
0.267732268,24,0,8.0,0.0,1,0,0,0,0
0.652758715,46,0,0.322256305,5867.0,7,0,1,0,0
1.000109087,61,0,0.424572317,4500.0,7,0,2,0,0
0.009941497,48,0,49.0,5400.0,17,0,0,0,0
0.054443364,49,0,0.138377641,4400.0,11,0,1,0,3
0.027073479,61,0,0.08244772,5833.0,14,0,0,0,0
0.007690563,67,0,0.205517793,2500.0,11,0,0,0,1
0.30746483,42,0,1651.0,5400.0,12,0,2,0,0
0.049213274,66,0,31.0,5400.0,4,0,0,0,0
0.745460924,54,0,0.752148746,5700.0,9,0,2,0,1
0.037105381,87,0,1386.0,5400.0,6,0,1,0,0
0.082861143,48,0,0.014225298,2600.0,2,0,0,0,0
0.089407736,55,0,3798.0,5400.0,9,0,2,0,0
0.607756897,31,0,0.047990402,5000.0,5,0,0,0,0
0.070666596,50,0,0.084939329,1400.0,11,0,0,0,0
0.9999999,44,0,0.005597761,2500.0,1,0,0,0,1
0.9999999,41,0,0.422694549,5833.0,2,0,0,0,3
0.127844098,29,0,37.0,5400.0,2,0,0,0,0
0.097848465,51,0,0.185940814,9900.0,6,0,1,0,0
0.082009134,49,0,0.424485745,11083.0,14,0,2,0,0
0.04339566,51,0,1273.0,5400.0,5,0,1,0,0
0.0,33,0,0.308648369,1930.0,8,0,0,0,1
0.00817451,52,0,0.376389624,5666.0,14,0,3,0,1
0.307417091,29,0,0.623951538,4291.0,8,0,2,0,3
0.929354446,63,0,0.045131291,3655.0,5,0,0,0,0
0.9999999,33,0,0.0,2912.0,1,5,0,0,0
0.607577976,66,0,2250.0,5400.0,7,0,0,0,1
0.0,66,0,0.0,4000.0,1,0,0,0,0
0.03265084,57,0,0.754591637,5117.0,8,0,4,0,0
0.0,77,0,7.0,5400.0,4,0,0,0,0
0.123662545,71,0,111.0,5400.0,2,0,0,0,0
0.003482639,35,0,0.000829187,3617.0,2,0,0,0,0
0.9999999,34,2,0.094695918,3600.0,3,1,0,0,4
0.000999667,29,0,0.121964097,3787.0,2,0,0,0,2
0.91031134,41,0,0.125068209,18325.0,8,0,1,0,0
1.00759962,58,0,0.272414358,6100.0,4,0,1,0,0
0.125755517,40,0,1898.0,5400.0,20,0,2,0,0
0.23715616,72,0,0.329949875,15959.0,25,0,2,0,1
0.285933897,50,0,0.234689846,2530.0,4,0,0,0,0
0.026599409,74,0,0.004036909,8669.0,6,0,0,0,0
0.009411211,62,0,6887.0,5400.0,9,0,3,0,0
0.9999999,60,2,87.0,5400.0,0,2,0,0,0
0.0,53,1,0.928340359,10200.0,22,0,6,1,0
0.207618574,61,0,0.187426745,9384.0,7,0,0,0,0
0.018243752,55,0,0.599361336,4070.0,10,0,2,0,0
0.0,53,0,2480.0,5400.0,7,0,1,0,0
0.907809375,47,0,0.12857366,6400.0,3,0,0,0,1
0.057172039,38,1,0.379943292,6700.0,13,0,2,0,3
0.684276675,46,0,0.669628971,4500.0,10,0,1,0,3
0.074201874,48,0,0.935136971,8833.0,27,0,3,0,3
0.0,65,0,0.323632031,11750.0,6,0,2,0,0
0.518792671,51,0,0.339703137,11250.0,8,0,1,0,0
0.012729712,72,0,11.0,5400.0,4,0,0,0,0
0.9999999,30,1,0.0,5400.0,0,1,0,0,0
0.107535548,36,0,0.708094556,5583.0,14,0,3,0,3
0.9999999,33,0,0.331261101,1125.0,1,0,0,0,1
1.112273147,49,1,0.331390508,1200.0,4,0,0,0,2
0.441989087,48,1,0.680574555,8771.0,13,0,2,0,3
0.00440507,76,0,0.006170599,2754.0,14,0,0,0,0
0.468361493,39,1,0.293391287,10122.0,12,0,2,0,0
0.498542885,46,0,0.074342772,12818.0,6,0,0,0,3
0.9999999,39,1,0.440984999,3532.0,3,3,1,0,0
0.088092011,70,0,0.280235988,6101.0,7,0,1,0,2
0.019210957,33,0,0.001285531,7000.0,2,0,0,0,0
0.682008676,28,0,0.207754206,4100.0,8,0,0,0,0
0.032712403,79,0,2.0,5400.0,1,0,0,0,0
0.0,63,0,0.153685012,5250.0,12,0,0,0,0
0.776963072,48,0,0.415153907,3800.0,8,0,1,0,0
0.30751603,36,0,0.477991419,6292.0,13,0,1,0,1
0.231448903,50,0,0.439137645,15074.0,15,0,3,0,1
0.003088144,41,0,0.000181818,10999.0,5,0,0,0,3
0.657848668,52,1,0.533240997,2165.0,4,2,1,1,1
0.017153041,77,0,2794.0,5400.0,11,0,2,0,0
0.719559466,45,0,0.485811385,5884.0,8,0,1,0,1
0.000435477,62,0,0.0,4700.0,6,0,0,0,0
0.9999999,35,0,0.313965115,9000.0,7,0,2,0,3
0.007362368,46,0,0.377328676,12023.0,8,0,1,0,4
0.0,73,0,0.06784745,7000.0,6,0,1,0,1
0.121722966,51,0,0.597809668,5295.0,10,0,2,0,0
0.236258855,56,0,786.0,5400.0,6,0,0,1,1
0.9999999,42,0,18.0,5400.0,6,0,0,0,0
0.820272658,50,0,0.785919083,3138.0,9,1,2,1,0
0.026136217,47,0,0.239458348,5833.0,4,0,2,0,0
0.031952189,76,0,0.016306563,2452.0,3,0,0,0,0
0.475789403,66,2,0.357153603,6646.0,7,1,2,0,0
0.641196013,35,0,0.149570086,5000.0,4,0,0,0,0
0.617935283,44,0,1.160007647,5230.0,9,0,3,0,0
0.631410541,48,1,0.29130626,6820.0,4,1,1,0,2
0.007532831,85,0,0.000479923,6250.0,3,0,0,0,0
0.202389881,42,0,4.698773285,2200.0,19,0,10,0,3
0.0,70,0,0.0,5400.0,2,0,0,0,0
0.120879121,23,0,0.003329634,900.0,2,0,0,0,0
0.042716463,93,0,58.0,5400.0,5,0,0,0,0
1.079607415,46,4,0.127104655,3028.0,9,1,0,0,4
0.751673614,36,0,0.171686747,5311.0,5,0,0,0,3
0.5249501,25,0,0.005380477,1300.0,1,0,0,0,0
0.342566838,37,0,0.955217913,2500.0,5,0,1,0,0
0.010392966,89,0,10.0,5400.0,7,0,0,0,0
0.130434783,27,0,0.177793645,2800.0,2,0,0,0,1
0.001899905,48,0,4201.0,5400.0,14,0,3,0,0
0.492502499,52,0,0.22354717,6624.0,5,0,1,0,3
0.004230356,39,0,0.146094878,9000.0,15,0,1,0,3
0.0,75,0,0.0,10500.0,4,0,0,0,0
0.072951782,68,0,0.086286138,6744.0,4,0,1,0,0
0.844402706,34,0,0.225318312,15000.0,9,0,1,0,1
0.003580026,40,0,0.000230521,4337.0,2,0,0,0,0
0.054591103,41,0,0.334940174,11616.0,15,0,3,0,0
0.043109195,50,0,0.074347039,7733.0,7,0,0,0,0
0.9999999,59,0,0.0,14550.0,3,0,0,0,0
0.513486513,23,0,27.0,0.0,3,0,0,0,0
0.788303503,36,0,0.367151047,7500.0,7,0,1,0,1
0.159051273,28,0,899.0,0.0,6,0,1,0,0
0.045356063,67,0,0.013410818,4473.0,4,0,0,0,0
0.330950826,40,0,0.460378623,5968.0,8,0,2,0,2
0.890110989,41,0,0.220677857,9352.0,7,0,2,0,1
0.073998391,62,0,0.270454924,6000.0,9,0,2,0,0
0.040739232,47,0,1249.0,5400.0,8,0,1,0,2
0.0,46,0,0.15359616,40000.0,5,0,1,0,2
0.595310057,63,1,0.767096522,2558.0,15,0,1,0,0
0.544293656,64,1,0.546892039,1833.0,11,0,0,0,0
0.444079155,61,0,0.761633615,5092.0,18,0,1,0,0
0.9999999,47,0,0.190374123,5131.0,7,1,0,0,0
0.267279075,68,0,2383.0,5400.0,8,0,1,0,0
0.153736031,62,1,2297.0,5400.0,11,0,2,0,0
0.069866467,34,0,0.629592602,4000.0,18,0,1,0,0
0.339317694,64,0,0.446637196,6333.0,14,0,2,0,0
0.068451735,59,0,0.356017356,4378.0,12,0,1,0,0
0.01925807,88,0,0.125446322,4200.0,2,0,1,0,0
1.213786214,27,0,0.207669108,2320.0,3,0,0,1,3
0.996365289,40,1,0.153339605,2125.0,3,0,0,0,3
0.117915961,56,0,0.317410139,17081.0,11,0,2,0,2
0.9999999,44,0,5358.0,5400.0,7,0,2,0,1
0.267997119,34,0,0.564833872,3400.0,10,0,1,0,0
0.021047118,54,0,0.357685642,7500.0,13,0,1,0,0
0.9999999,31,0,0.108396947,2619.0,5,0,0,0,1
0.0,78,0,0.432311978,8974.0,20,0,3,0,0
0.461766151,60,0,1284.0,5400.0,11,0,0,0,0
0.9999999,48,2,761.0,5400.0,3,2,1,0,2
0.787799212,78,0,0.283053158,2200.0,6,0,0,0,0
0.417873775,61,0,0.200549451,2183.0,3,0,0,0,0
0.02709729,46,0,0.361374258,7916.0,10,0,2,0,0
0.038454642,56,0,0.147285271,10000.0,7,0,2,0,3
0.9999999,58,0,0.849537616,4000.0,6,1,1,0,1
0.9999999,30,1,0.244186047,1375.0,1,1,0,0,1
0.455735799,49,2,3779.0,5400.0,12,0,1,0,0
0.231488398,60,0,0.381858903,6250.0,11,0,1,0,0
0.771292782,45,0,1.434719606,6900.0,11,0,2,0,2
0.01568549,49,0,0.348540246,18324.0,15,0,3,0,1
0.832609991,72,1,0.318594104,6173.0,9,3,1,0,1
0.0,38,1,0.397320536,5000.0,5,0,1,0,0
0.74245151,63,0,0.539054364,4800.0,9,0,1,0,0
0.127474606,48,0,0.288801572,7125.0,5,0,1,0,0
0.993704869,28,1,0.103136182,4750.0,13,0,0,0,3
0.0,40,0,0.012329267,85000.0,13,0,0,0,4
0.243523902,66,0,0.094326241,11279.0,12,0,0,0,0
0.656177003,48,0,0.470122574,3915.0,5,0,1,0,1
0.0,32,0,0.0,5400.0,3,0,0,0,0
0.10444625,64,0,0.512470234,7978.0,18,0,4,0,0
0.050470892,74,0,377.0,5400.0,14,0,0,0,0
0.002976302,42,0,0.239616024,5416.0,10,0,1,0,2
0.190707821,43,1,3925.0,5400.0,12,0,3,0,1
0.520644945,47,0,1.185199241,5269.0,6,0,2,0,3
0.797240552,37,2,0.470603919,7500.0,9,0,2,0,3
0.309038387,33,0,0.781687325,2500.0,8,0,1,0,1
0.63503264,37,0,0.468539907,5800.0,4,0,1,0,1
0.065138464,72,0,0.34252019,7800.0,8,0,2,0,1
0.057691724,50,0,0.352464941,6916.0,11,0,1,0,1
0.350577783,61,0,0.248603715,7698.0,11,0,0,0,1
0.0,31,0,0.086364981,3380.0,6,0,0,0,0
0.061334774,52,1,0.293541292,5000.0,7,0,1,0,2
0.059971897,61,0,0.215941275,17300.0,12,0,2,0,3
0.336188794,71,0,0.199392713,8891.0,4,0,1,0,1
0.019393461,50,0,0.165245869,40000.0,15,0,1,0,3
0.031871136,49,0,0.475652657,5400.0,11,0,2,0,1
0.899808551,54,0,0.431739432,10100.0,5,0,3,0,0
0.179209674,75,0,0.179666085,4012.0,8,0,0,0,0
0.011693639,41,0,0.459660736,4833.0,11,0,1,0,0
0.10708913,64,0,0.407858861,12469.0,23,0,3,0,1
0.176958067,47,0,0.054328806,12000.0,10,0,0,0,1
0.109492179,46,0,0.457990115,1213.0,5,0,0,0,0
0.020703266,65,0,0.305392977,4783.0,18,0,1,0,0
0.011727311,66,0,0.0117624,5100.0,28,0,0,0,0
0.9999999,51,4,4221.0,0.0,9,1,1,1,2
0.026621361,37,2,0.347153713,7500.0,17,0,1,0,0
0.008965839,66,0,0.037214886,5830.0,10,0,0,0,1
0.035054057,53,0,1543.0,5400.0,5,0,1,0,0
0.174614635,52,0,0.471241591,19176.0,13,0,6,0,0
0.11812054,51,0,0.309822799,14333.0,18,0,3,0,2
0.165085906,51,0,1.904076739,833.0,7,0,1,0,3
0.861602667,43,4,0.695602756,14076.0,15,1,2,4,1
0.280059161,36,0,0.458857082,9466.0,19,0,1,0,3
0.364487949,79,0,0.15880547,7165.0,4,0,1,0,0
0.007570888,26,0,0.142222222,5174.0,4,0,0,0,0
0.0,66,0,0.0,5400.0,7,0,0,0,0
0.203502067,52,0,0.062566278,6600.0,6,0,0,0,1
0.163283111,46,0,0.407335658,7742.0,7,0,1,0,2
0.572250377,29,0,0.207512875,3300.0,5,2,0,0,1
0.103294835,77,0,324.0,5400.0,11,0,1,0,0
0.029684635,63,0,0.721879687,6000.0,16,0,4,0,0
0.08326079,70,0,1932.0,5400.0,10,0,2,0,0
0.9999999,54,0,0.065947242,833.0,0,0,0,0,0
0.9999999,43,0,76.0,5400.0,0,2,0,0,0
0.000798697,73,0,0.0,5400.0,4,0,0,0,0
0.235687414,48,0,0.248924609,8833.0,10,0,2,0,1
0.193612774,35,0,0.136452242,4616.0,3,0,0,3,0
0.0,63,0,3985.0,5400.0,7,0,1,0,1
0.024305102,82,0,0.859285179,4000.0,12,0,2,0,0
0.085278996,71,1,1502.0,5400.0,7,0,2,0,0
0.186195862,58,0,0.344123711,14549.0,10,0,2,0,2
0.647653676,54,0,0.262126988,7606.0,10,0,1,0,4
0.347305389,63,0,3565.0,5400.0,12,0,1,0,1
0.008733654,53,0,0.191512997,4500.0,24,0,1,0,0
0.048830238,69,0,2100.0,5400.0,16,0,2,0,1
0.709560403,49,0,0.40305224,5110.0,10,0,1,0,1
0.100062033,52,1,0.524618845,4000.0,21,0,1,0,0
0.334109238,47,0,0.418742406,6583.0,10,0,2,0,4
0.037236913,53,0,1467.0,5400.0,8,0,1,0,0
0.22475646,64,0,0.437731196,3243.0,14,0,1,0,0
0.9999999,44,0,0.088982204,5000.0,1,0,0,0,0
0.0,42,0,0.594356261,3401.0,11,0,1,0,0
0.174996759,47,0,0.437734277,4801.0,12,0,1,0,0
0.093217043,54,0,0.476209516,2500.0,10,0,1,0,0
0.9999999,54,1,0.097073259,5500.0,4,0,0,0,1
0.575475628,36,0,0.263065179,5108.0,6,0,0,0,0
0.065233692,23,0,0.504369538,800.0,3,0,0,0,0
0.075931568,57,0,0.239695341,6695.0,4,0,2,0,0
0.006589519,80,0,0.171261248,7000.0,12,0,1,0,1
0.102870042,40,0,1953.0,0.0,5,0,1,0,0
1.096914385,54,2,0.467333095,2800.0,7,0,1,1,0
0.044041027,48,1,0.276830778,10500.0,4,0,2,0,2
0.441122221,24,0,0.131464031,4350.0,4,0,0,0,1
0.381151723,57,0,0.256590053,7700.0,8,0,1,0,0
0.45340572,67,0,0.129623459,6001.0,22,0,0,0,0
0.470389547,35,0,0.383654938,12333.0,9,0,1,0,1
0.323487927,51,0,0.257369419,5800.0,6,0,2,0,2
0.0,50,0,0.014390305,3960.0,4,0,0,0,1
0.0,59,0,0.346543857,11833.0,8,0,1,0,0
0.381482185,66,0,0.339522925,7000.0,11,0,1,0,0
0.9999999,38,0,0.008509064,5405.0,2,0,0,0,0
0.906704759,52,3,3178.0,5400.0,12,0,1,0,0
0.851645158,32,1,0.483198799,5326.0,7,0,1,0,0
0.0,46,0,2345.0,5400.0,10,0,1,0,3
0.658581183,53,0,0.321926625,9321.0,9,0,2,0,0
0.456912253,59,0,0.186265461,5416.0,14,0,1,0,1
0.687312687,30,0,0.494235204,1300.0,9,0,0,0,0
1.07831158,45,0,0.347135184,4467.0,4,0,0,1,0
0.029086347,34,1,3609.0,5400.0,9,0,2,0,0
0.024773394,62,0,0.306361049,13000.0,3,0,1,0,0
0.432132283,64,0,0.391128614,9648.0,21,0,2,0,0
0.009317088,57,0,0.004497751,2000.0,6,0,0,0,0
0.0,77,0,0.0,3913.0,4,0,0,0,0
0.213196899,61,0,0.203867849,13650.0,13,0,2,0,0
0.898168147,34,0,0.367862969,2451.0,6,0,0,0,1
0.063592646,79,0,0.100079428,3776.0,8,0,0,0,0
0.141123925,65,0,0.327226053,19866.0,10,0,2,0,1
0.614755052,36,0,0.34717797,8787.0,12,0,1,0,2
0.04209579,36,0,0.132135613,3450.0,6,0,0,0,2
0.780183181,56,0,28.0,5400.0,1,0,0,1,0
0.727784233,43,0,0.419970785,9583.0,17,0,2,0,2
0.02212609,51,0,0.002755664,3265.0,2,0,0,0,0
0.306894079,56,1,0.671465707,5000.0,14,0,1,0,1
0.06554156,88,0,1100.0,5400.0,7,0,1,0,0
0.013841136,34,0,0.610807933,7512.0,10,0,3,0,0
0.0,32,0,0.15137648,13766.0,3,0,2,0,0
0.063106707,39,0,0.21044088,15400.0,9,0,2,0,4
0.359614193,52,2,0.750296209,3375.0,12,0,2,1,2
0.989274677,30,0,0.141220088,8900.0,3,0,0,0,1
0.0,55,0,2896.0,5400.0,4,0,2,0,0
0.714323808,28,0,0.300531084,3200.0,7,0,0,0,0
0.695320851,38,0,0.618575064,7859.0,8,0,2,0,3
0.055949753,53,0,0.052868391,2666.0,7,0,0,0,0
0.583236127,29,2,0.323709051,1800.0,13,0,0,1,3
0.078289235,45,0,0.024411135,2334.0,8,0,0,0,0
0.957569542,54,0,0.371125775,5000.0,11,2,1,1,2
0.035869811,54,0,0.022099448,3800.0,4,0,0,0,1
0.058728655,73,0,0.142522681,6833.0,6,0,1,0,0
0.003071735,61,0,0.000970685,5150.0,9,0,0,0,1
0.326949085,55,0,0.389145047,18000.0,13,0,3,0,0
0.043611965,61,0,2820.0,5400.0,12,0,1,0,0
0.498797136,43,0,0.269735472,4800.0,6,0,0,0,0
0.476731073,46,0,1.404537589,5200.0,11,0,3,0,1
1.142233313,42,3,0.322568243,2600.0,5,1,0,0,1
0.052358079,64,0,1.156562292,1500.0,9,0,1,0,1
0.929669798,51,1,0.562251746,7300.0,20,0,1,0,1
0.043639494,27,0,2.620915033,764.0,6,0,2,0,0
0.036618821,43,0,0.238180946,8333.0,12,0,2,0,0
0.9999999,26,0,0.055511707,3800.0,1,0,0,0,0
0.945746372,40,0,0.331960946,8500.0,8,0,1,0,0
0.311646014,62,0,0.284895347,7500.0,10,0,1,0,0
0.034700198,36,0,0.00449925,6000.0,3,0,0,0,5
0.254165858,33,0,0.390048867,4501.0,10,0,0,0,4
0.007364828,44,0,0.08697101,3000.0,4,0,0,0,2
0.05941906,64,0,0.321659536,10050.0,7,0,1,0,0
1.142952349,25,0,102.0,5400.0,1,0,0,0,0
0.007764032,45,1,0.029558792,4600.0,14,0,0,0,2
0.0,54,0,2138.0,5400.0,9,0,1,0,0
0.9999999,70,0,0.0,11000.0,1,0,0,0,0
0.01459854,75,0,4.0,5400.0,2,0,0,0,0
0.01196252,64,0,2017.0,5400.0,6,0,1,0,0
0.07824837,52,0,0.269654666,4082.0,8,0,1,0,1
0.016899578,85,0,0.133880757,2800.0,3,0,0,0,0
0.390034855,39,0,0.588162149,4020.0,10,0,0,0,0
0.092158845,62,0,0.275603289,22252.0,13,0,2,0,0
0.97790221,43,2,0.3877858,3323.0,5,0,0,0,1
0.012135812,74,0,1830.0,5400.0,5,0,2,0,0
0.023093622,61,0,4093.0,5400.0,9,0,3,0,2
0.589632784,38,0,0.133564888,6333.0,4,0,0,0,3
0.384244163,49,1,0.773424191,1760.0,8,0,1,0,4
0.601866613,49,0,0.336340569,3546.0,6,0,0,0,4
0.00565485,50,0,0.347912088,9099.0,8,0,1,0,0
0.060795925,87,0,0.085993485,1534.0,10,0,0,0,0
0.088642584,52,0,0.413896526,4000.0,7,0,1,0,1
0.647668394,31,0,0.317305403,4200.0,10,0,0,0,0
0.147151463,58,0,3146.0,5400.0,6,0,2,0,0
0.001045738,73,0,0.000349101,5728.0,5,0,0,0,1
0.587457187,81,0,0.133216696,4000.0,11,0,0,0,0
0.043538927,52,0,68.0,5400.0,6,0,0,0,0
0.409829238,30,0,0.394616887,4606.0,8,0,2,0,2
0.010103634,32,0,0.013398295,820.0,5,0,0,0,0
0.157425764,79,0,0.146488294,1494.0,5,0,0,0,0
0.9999999,40,0,1.31746504,3360.0,6,0,1,0,0
0.0,44,0,0.474693252,2607.0,3,0,1,0,4
0.41282614,27,0,0.151673186,2300.0,7,0,0,0,0
0.260567717,47,0,0.106366658,11732.0,12,0,2,1,2
0.139501826,49,0,0.471950321,9500.0,11,0,3,0,2
0.03267642,58,0,2332.0,5400.0,5,0,3,0,0
0.0,61,0,6556.0,5400.0,8,0,4,0,0
0.637151936,42,1,1.587930727,5600.0,20,0,5,0,1
0.016199751,73,0,0.004861982,6375.0,9,0,0,0,0
0.05537669,67,0,0.021191523,2500.0,3,0,0,0,0
0.9999999,52,0,0.256670902,1573.0,2,0,0,0,0
0.541454879,43,1,0.204881849,11552.0,6,0,1,0,0
0.0,67,0,6.0,5400.0,10,0,0,0,0
0.514383259,55,2,5366.0,5400.0,16,0,3,0,1
0.873473918,32,0,23.0,5400.0,1,0,0,0,0
0.448302068,79,0,0.412184674,2100.0,2,0,0,0,0
0.95690988,39,0,4151.0,5400.0,8,0,2,0,3
0.008884851,79,0,21.0,5400.0,11,0,0,0,0
0.548804876,34,0,172.0,5400.0,3,0,0,0,3
0.025886595,77,0,1598.0,5400.0,8,0,2,0,1
0.009643521,43,0,0.205316224,12000.0,8,0,1,0,1
0.01022392,53,0,13.0,5400.0,5,0,0,0,0
0.016859493,59,0,14.0,5400.0,2,0,0,0,0
0.003785778,65,0,0.230544544,4792.0,7,0,1,0,0
0.091501834,65,0,0.227013918,9483.0,6,0,2,0,3
0.012890846,53,0,0.061196345,5800.0,14,0,0,0,0
0.335116663,67,2,0.30598723,8300.0,12,0,1,0,0
0.068348921,27,0,0.330393367,5668.0,8,0,2,0,0
0.9999999,35,0,0.180327869,2500.0,2,1,0,0,2
0.653118346,54,0,3789.0,5400.0,24,0,2,0,0
0.0,35,0,1797.0,5400.0,6,0,1,0,2
0.172134271,53,0,0.259977393,11500.0,14,0,3,0,0
0.05834391,68,0,0.312488638,5500.0,8,0,2,0,0
0.017813917,62,0,0.004126805,5330.0,5,0,0,0,1
0.048438045,67,0,1762.0,5400.0,15,0,1,0,0
0.009507109,58,0,0.352253499,6500.0,15,0,2,0,0
0.953253896,52,0,0.727970239,4300.0,7,0,2,0,1
0.047617439,71,0,438.0,5400.0,9,0,1,0,0
0.059681403,67,0,0.413917421,14700.0,8,0,2,0,0
0.115377219,34,0,0.275164735,4400.0,3,0,1,0,3
0.461733135,64,0,0.508234143,6132.0,23,0,1,0,0
0.0,62,0,0.447063806,7083.0,11,0,1,0,1
0.040973139,47,0,1.081986336,6000.0,19,0,6,0,0
0.492216926,44,0,0.450119986,2916.0,4,0,0,0,2
0.363171485,76,0,0.11026616,4996.0,4,0,0,0,0
0.10816216,55,0,0.234635382,7500.0,3,0,1,0,0
0.246810703,50,0,2.955044955,1000.0,5,0,2,0,1
0.528000776,53,0,2315.0,5400.0,16,0,2,0,1
0.548058349,54,1,0.849787553,4000.0,8,0,1,0,0
0.0,51,0,0.349907919,3800.0,11,0,1,0,0
0.756532723,46,0,0.105109133,8200.0,2,0,0,0,2
0.405929523,39,0,0.310441665,3916.0,8,0,1,0,0
0.012783763,77,0,44.0,5400.0,14,0,0,0,0
0.200058216,40,0,0.321799898,17600.0,12,0,2,0,0
0.115258983,45,0,1689.0,5400.0,6,0,2,0,0
0.257188753,49,0,0.10455892,39833.0,10,0,1,0,4
0.024125771,55,0,0.204256535,7000.0,18,0,1,0,3
0.018558536,72,0,0.368576308,6440.0,10,0,1,0,0
1.001333197,39,0,0.2797218,4600.0,8,0,0,0,2
0.207546642,45,0,0.320984866,4426.0,6,0,1,0,3
0.071118657,73,0,0.063929708,6600.0,3,1,1,0,2
0.41945746,62,0,0.477255004,7693.0,18,0,1,0,0
0.147213124,63,0,0.282179455,4000.0,7,0,2,0,1
1.089460292,63,1,1288.0,5400.0,5,2,0,2,0
0.131741878,60,0,0.112077837,10688.0,15,1,2,0,0
0.9999999,29,0,0.0,1801.0,0,0,0,0,0
0.064727428,58,0,0.155526498,13000.0,6,0,2,0,3
0.056105148,66,0,1.001195522,9200.0,19,0,5,0,0
0.684630739,56,0,0.310201167,8400.0,6,0,2,0,0
0.137074517,51,1,3743.0,5400.0,8,0,1,0,0
0.013998833,93,0,5.0,5400.0,2,0,0,0,0
0.170882912,35,0,0.532391362,3750.0,4,0,1,0,0
0.0,37,0,0.428293316,1540.0,13,0,1,0,2
0.880249382,54,0,0.200573579,5578.0,3,0,0,0,1
0.073548215,61,0,0.18648668,14000.0,7,0,1,0,2
0.273460978,46,0,0.340733693,9458.0,14,0,1,0,3
0.00471574,28,0,0.002888247,4500.0,12,0,0,0,0
0.048760343,66,0,0.164778714,7591.0,14,0,2,0,0
0.9999999,85,0,0.024062934,2160.0,1,0,0,0,0
0.011335228,29,0,3161.0,5400.0,10,0,3,0,0
0.866427998,48,0,0.470346528,7300.0,11,0,2,1,0
0.554013442,46,0,0.641529873,12000.0,6,0,1,0,0
0.214889256,65,0,0.312365795,15833.0,4,0,3,0,0
0.0,47,0,0.068767908,5583.0,4,0,0,0,1
0.041753414,60,0,0.110391188,12346.0,5,0,1,0,1
0.876084194,50,0,0.440239963,4333.0,8,0,1,0,3
0.633878871,56,0,1064.0,5400.0,4,0,0,0,2
0.221471141,28,0,0.476601545,2200.0,9,0,0,0,0
0.043082615,66,0,0.377952756,8000.0,12,0,2,0,0
0.039176924,53,1,0.361047411,18750.0,16,0,3,0,3
0.031514444,47,0,0.251749806,9000.0,17,0,2,0,2
0.003289807,53,0,0.20794305,10675.0,11,0,2,0,1
0.037680629,40,0,1.158895159,3366.0,7,0,2,0,0
0.013589395,75,0,0.039245094,8000.0,6,0,0,0,0
0.010427082,73,0,0.73096976,2876.0,11,0,1,0,0
0.610999805,70,0,0.39633312,10962.0,14,0,4,0,1
0.618484416,58,0,0.436692506,8900.0,8,0,1,0,0
1.154477518,62,0,0.339709204,14167.0,13,0,2,0,0
0.9999999,38,0,0.477927652,3261.0,3,0,1,0,0
0.9999999,36,0,0.240886018,4333.0,4,0,1,0,0
0.136511946,32,0,0.593654933,2300.0,9,0,1,0,2
0.892605773,32,2,0.34844829,12018.0,13,0,1,0,1
0.030468763,55,1,0.451767357,7100.0,13,0,2,0,2
0.365938006,42,1,0.195014914,29166.0,13,0,1,0,0
0.963190184,36,0,0.160541017,3400.0,4,2,0,0,0
0.671168296,41,0,0.448854022,6500.0,10,0,0,0,1
0.221725359,26,0,0.034182522,3100.0,3,0,0,0,0
0.025576431,68,0,0.160921824,10066.0,7,0,1,0,0
0.203996329,62,0,0.318370386,9400.0,12,0,1,0,1
0.53106169,58,0,0.381146128,14500.0,23,0,2,0,0
0.033866798,67,0,0.186232505,3500.0,5,0,0,0,0
0.708790798,50,0,0.530865754,15858.0,19,0,1,0,2
0.164373474,62,0,0.196765075,6367.0,6,0,1,0,0
0.024866156,87,0,0.002699055,5927.0,4,0,0,0,0
0.310772282,32,1,0.361599448,2900.0,8,0,1,0,2
0.301410954,29,0,0.133333333,3554.0,5,0,0,0,0
0.862445084,29,1,0.05367856,3166.0,2,0,0,0,0
0.127903757,62,0,2409.0,5400.0,10,0,2,0,0
0.045214243,70,0,0.13813017,12813.0,7,0,2,0,0
0.017159314,38,0,0.185579345,15879.0,4,0,1,0,1
0.528879393,59,0,0.639218915,8500.0,19,0,1,0,0
0.494407051,63,0,0.724283493,4500.0,6,0,1,0,0
0.69480872,52,0,0.549165779,8450.0,8,0,2,0,0
0.0,41,0,0.585269981,14500.0,17,0,2,0,1
0.9999999,45,1,0.416738075,3500.0,2,0,1,2,1
0.147258574,67,3,0.59445431,7320.0,15,0,2,0,2
0.205839221,41,0,0.174591563,4100.0,7,0,1,0,1
0.266671318,55,0,0.361358709,4150.0,13,0,1,0,1
0.027237694,67,0,1944.0,5400.0,10,0,2,0,0
0.430272292,37,2,0.391408998,5400.0,6,0,1,0,1
0.004284385,58,0,742.0,5400.0,8,0,1,0,2
0.073634132,46,0,0.444150344,5666.0,9,0,1,0,3
0.945346698,55,4,1.608956417,2500.0,17,0,1,6,1
0.778447313,53,0,0.555879328,5833.0,4,0,1,0,0
0.0,36,0,1896.0,5400.0,7,0,1,0,0
0.422420977,54,0,0.230077519,3224.0,5,0,0,0,3
0.865686908,64,4,0.212443717,7328.0,12,0,1,2,1
0.0,53,0,0.064768529,4600.0,4,0,1,0,3
0.0,44,1,503.0,1.0,4,0,1,0,2
0.063898403,47,1,0.120575885,5000.0,11,0,0,0,1
0.0,70,0,2.776353276,701.0,15,0,1,0,0
1.002038736,59,0,0.35920019,4200.0,4,0,1,0,0
0.001698584,66,0,0.185029644,4047.0,6,0,1,0,0
0.76023976,41,0,0.659624413,3833.0,5,0,1,0,3
0.347176468,37,2,0.185305592,3075.0,10,0,0,0,0
0.05704176,65,0,0.658948014,6520.0,11,0,2,0,0
0.035476637,53,0,0.510311211,2666.0,8,0,1,0,0
0.222503022,31,0,0.550544323,4500.0,12,0,1,0,0
0.380148761,48,0,1041.0,5400.0,6,0,0,0,0
0.220811687,45,0,0.264519535,20833.0,6,0,2,0,4
0.901139924,51,0,0.210798492,11408.0,7,0,2,0,0
0.624614172,43,0,0.700814762,8345.0,14,0,2,0,1
0.000491219,73,0,1564.0,5400.0,8,0,1,0,0
0.258608177,33,0,2626.0,5400.0,8,0,1,0,0
0.000573939,65,0,0.231576842,10000.0,7,0,2,0,1
0.096936052,33,0,0.141750228,8775.0,4,0,1,0,3
0.359747375,49,1,0.446012703,4250.0,10,0,1,0,2
1.664451827,52,1,1808.0,5400.0,5,0,1,0,0
0.093078174,58,0,0.708009847,5280.0,12,0,2,0,0
0.105170284,60,0,1732.0,5400.0,7,0,1,0,0
0.506715157,38,1,0.104686549,11500.0,7,0,0,0,0
0.81517069,34,0,0.238050609,3200.0,4,0,0,0,1
0.860093271,30,0,38.0,0.0,3,0,0,0,2
0.145791003,51,0,0.310452418,7050.0,10,0,2,0,1
0.013256764,60,0,1933.0,0.0,12,0,2,0,0
0.642277379,28,0,0.64583854,4000.0,9,0,1,0,0
0.92020399,31,0,2022.0,5400.0,3,0,1,0,0
0.032869289,74,0,2108.0,5400.0,7,0,2,0,0
0.270926578,28,0,0.146153846,3249.0,4,0,0,0,0
0.9999999,51,0,0.145141196,4815.0,2,0,0,0,0
0.034146015,32,0,0.080678912,4300.0,5,0,0,1,0
0.001967149,78,0,0.000239981,4166.0,3,0,0,0,0
0.492325384,40,0,4901.0,5400.0,5,0,2,0,0
0.199987501,42,0,0.974554707,2750.0,7,0,1,0,1
0.304745331,48,0,0.94041082,4916.0,12,0,4,0,0
0.236292124,38,0,5994.0,5400.0,7,0,2,0,1
0.019322269,73,0,0.004666045,7500.0,4,0,0,0,0
0.534573271,43,0,0.275097784,2300.0,4,0,0,0,2
0.104059729,71,0,0.324566738,6577.0,11,0,5,0,0
1.029725869,57,1,1.022630835,9190.0,8,0,1,0,2
0.9999999,52,0,552.0,5400.0,3,0,0,0,0
0.082393618,75,0,854.0,5400.0,7,0,1,0,0
0.9999999,34,0,0.016311497,3800.0,0,0,0,0,4
0.041123972,62,0,0.927560366,1200.0,8,0,1,0,0
0.0,49,0,90.0,5400.0,8,0,0,0,0
0.038800016,69,1,0.12782194,9434.0,8,0,0,0,0
0.54264484,46,0,0.513226174,7900.0,9,0,1,0,1
0.047944903,68,0,0.379655086,4000.0,5,0,1,0,0
0.892293408,56,0,1.257116621,3266.0,10,0,1,0,0
0.072658547,64,0,0.134736698,14583.0,9,0,1,0,0
0.026933985,54,0,0.14447371,10250.0,9,0,2,0,0
0.17262187,30,0,0.212882223,8600.0,5,0,2,0,0
0.013058136,53,0,0.095592353,12500.0,7,0,0,0,1
0.234707412,51,0,0.670241287,3356.0,16,0,2,0,0
0.516375906,64,0,0.71813775,9901.0,22,0,5,0,0
0.057140579,55,0,0.403463293,9643.0,14,0,1,0,0
0.039348033,60,0,3147.0,5400.0,3,0,1,0,0
0.9999999,61,2,187.0,0.0,1,6,0,1,0
0.00179991,88,0,13.0,5400.0,2,0,0,1,0
0.062841003,55,0,0.234742762,4800.0,8,0,2,0,0
0.055728006,68,0,0.276635929,9000.0,5,0,1,0,1
0.105707977,63,0,577.0,5400.0,3,0,0,0,0
0.0,69,0,0.004041721,7669.0,4,0,0,0,0
0.036096681,79,0,0.092423906,4500.0,3,0,1,0,1
0.018955417,76,0,0.0029521,10500.0,13,0,0,0,0
0.04479888,62,0,0.630415026,3300.0,6,0,2,0,0
0.27924661,43,0,0.169406929,10217.0,8,0,0,0,1
0.079820501,70,0,0.026141241,2562.0,5,0,0,0,0
0.572553431,58,1,0.434754312,3072.0,8,0,1,0,0
0.577153828,52,2,5435.0,5400.0,8,0,3,0,3
0.9999999,66,0,1433.0,5400.0,3,0,0,0,0
0.0,54,1,0.61391087,2400.0,4,0,1,0,2
0.050479254,39,0,0.606748746,10964.0,11,0,6,0,2
0.9999999,55,0,0.5152,1874.0,2,0,0,0,0
0.057860076,70,0,2055.0,5400.0,8,0,2,0,0
0.148142593,68,0,0.252887356,6666.0,6,0,1,0,0
0.035964211,63,0,55.0,5400.0,5,0,0,0,0
0.706505117,71,1,0.216924911,3355.0,8,0,0,0,0
0.066286186,38,0,0.187007496,15608.0,20,0,1,0,0
0.248343216,57,1,1072.0,5400.0,7,0,2,0,0
0.874765654,37,0,0.20345153,7416.0,4,0,0,0,2
0.101285958,63,1,0.389269991,9766.0,19,0,1,0,1
0.8911473,53,0,0.445082468,8184.0,10,0,1,0,4
0.0,69,0,0.394467601,7916.0,12,0,2,0,1
0.62540801,37,1,0.753042233,4190.0,15,0,1,0,2
0.9999999,39,2,0.458314954,6800.0,10,0,1,0,1
0.146961773,72,0,0.016706444,9636.0,16,0,0,0,0
0.9999999,41,1,0.0,5500.0,1,0,0,2,0
0.0,52,0,0.45581273,3801.0,8,0,1,0,2
0.012715073,52,0,0.145931718,12916.0,12,0,2,1,0
0.480728915,26,1,0.031774366,2800.0,2,0,0,0,0
0.0,68,0,0.210322419,8001.0,7,0,2,0,1
0.002277715,54,0,0.376871451,5810.0,8,0,1,0,2
0.108516812,60,0,0.385604113,3500.0,18,0,1,0,0
0.982403519,28,0,0.082209173,6300.0,5,0,0,0,1
0.322846168,36,1,0.092886537,1700.0,4,0,0,0,0
0.080116105,56,0,0.259635748,14165.0,10,0,2,0,3
0.102191606,39,0,1277.0,5400.0,7,0,1,0,0
0.002111625,65,0,5.0,5400.0,6,0,0,0,0
0.845474614,26,0,0.089638622,7083.0,5,1,0,0,0
0.376322876,58,0,0.483471394,12916.0,13,0,3,0,2
0.164856143,44,0,0.317585302,8000.0,5,0,2,0,1
0.424343772,52,0,0.644101685,3500.0,8,0,1,0,2
0.050632329,68,0,0.145054607,6500.0,12,0,1,0,0
0.195207639,57,2,0.622343908,16800.0,12,0,4,0,0
0.038768447,52,0,3673.0,5400.0,20,0,6,0,2
0.314437351,36,0,0.305936073,8759.0,7,0,1,0,1
0.373470387,27,0,0.248764996,2833.0,6,0,0,0,0
0.192314195,51,0,0.197432678,7166.0,8,0,2,0,2
0.183789045,46,0,0.449125312,2800.0,4,0,1,0,2
0.661934491,56,0,0.411614142,6250.0,11,0,1,0,2
0.036910679,51,0,0.224387242,9750.0,8,0,2,0,0
0.061673591,43,0,0.487267614,6400.0,11,0,2,0,2
0.0,54,0,433.0,5400.0,7,0,1,0,0
0.008487393,69,1,1.137308534,1827.0,12,0,2,0,0
0.527261401,53,0,1368.0,5400.0,5,0,1,0,1
0.050391957,62,0,0.310737852,5000.0,6,0,2,0,0
0.0,32,0,0.001129305,1770.0,6,0,0,0,0
0.169766047,27,0,0.00571298,4375.0,1,0,0,0,0
0.167879194,63,0,0.395100817,6000.0,11,0,2,0,0
0.167422004,80,0,0.176483421,4583.0,13,0,0,0,0
0.301739224,36,0,0.192252352,9034.0,6,0,1,0,3
0.160951041,29,0,0.364515054,9000.0,4,0,1,0,0
0.9999999,34,0,0.013089719,3666.0,0,2,0,0,1
0.184338636,61,0,4347.0,5400.0,12,0,2,0,1
0.116165055,44,0,0.160236293,10833.0,8,0,1,0,0
0.597337178,54,3,0.745779266,7166.0,28,0,2,0,1
0.03860775,56,0,324.0,5400.0,2,0,0,0,2
0.017395707,55,0,852.0,5400.0,8,0,1,0,0
0.129787735,61,0,0.248975876,8787.0,11,0,2,0,0
0.146781436,53,0,2789.0,5400.0,11,0,1,0,0
0.112916884,58,0,0.272864625,9927.0,10,0,2,0,1
0.211802497,31,0,0.139676393,7230.0,6,0,0,0,0
0.0,41,0,2451.0,0.0,4,0,1,0,2
0.009502251,67,0,0.06231856,5166.0,3,0,0,0,0
0.839754134,34,0,0.086114236,8000.0,9,0,0,0,1
0.228167918,58,0,3.052519517,1408.0,14,0,2,0,0
0.777892249,33,0,0.135237846,7630.0,7,0,0,0,4
0.523324618,47,1,0.4333174,8367.0,6,0,2,0,1
0.113596971,45,0,0.316323819,18812.0,11,0,2,0,2
1.154795577,66,1,0.539598333,7916.0,10,0,1,0,0
0.047599295,61,0,0.048554184,11100.0,9,0,0,0,0
0.002342237,55,0,0.221551961,7293.0,6,0,2,0,1
0.674925992,68,3,0.275972403,10000.0,14,0,2,0,0
0.58277994,28,0,0.796002352,1700.0,4,0,1,0,1
0.131871703,54,0,0.528157281,3000.0,10,0,1,0,0
0.041453289,70,0,0.276888177,7493.0,6,0,2,0,0
0.155084492,35,0,0.257376466,5625.0,6,0,2,0,0
0.853419932,49,1,0.527781589,7288.0,16,0,2,0,4
0.070898734,74,0,3884.0,5400.0,13,0,4,0,0
0.009166448,62,0,0.248125669,2800.0,14,0,1,0,0
0.036824812,58,1,0.167692425,13160.0,8,0,1,0,0
0.0,60,0,0.0,5400.0,5,0,0,0,0
0.007377122,35,0,0.000835422,2393.0,3,0,0,0,0
0.00018109,66,0,0.389494927,18333.0,21,0,5,0,0
0.541004624,73,0,4223.0,5400.0,16,0,2,0,0
0.9999999,75,0,1808.0,5400.0,5,0,1,0,0
0.86871043,27,0,0.444484113,2800.0,6,0,0,0,0
0.052398328,50,0,0.522405387,8613.0,13,0,3,0,2
0.0,53,0,0.256738988,6083.0,9,0,2,0,0
0.0,74,0,0.0,5400.0,2,0,0,0,0
0.841031794,55,0,0.159525379,3033.0,2,0,0,0,0
0.941097001,40,2,0.717195408,8100.0,8,0,2,3,2
0.064531182,32,0,1632.0,5400.0,6,0,1,0,0
0.30304367,27,0,0.279920023,3500.0,4,0,0,0,0
0.000163486,44,0,0.318584071,3615.0,17,0,1,0,1
0.9999999,66,0,0.24375125,5000.0,1,0,1,0,0
0.35893711,58,0,0.923208923,2330.0,10,2,1,0,0
0.606224914,59,1,0.571448803,7060.0,9,0,1,0,1
0.246768088,41,0,0.278024843,13041.0,8,0,2,0,0
0.091574696,58,0,0.00839944,15000.0,9,0,1,0,0
0.015866138,72,0,1407.0,5400.0,7,0,1,0,0
0.122294172,43,0,0.417146319,3300.0,19,0,2,0,1
0.149053992,54,0,11692.0,5400.0,13,0,3,0,0
0.916338355,51,1,0.292909045,3990.0,8,0,0,0,0
0.024734466,81,0,0.007323944,5324.0,8,0,0,0,0
0.029331552,79,0,998.0,5400.0,4,0,1,0,0
0.661601858,59,0,0.336811216,9200.0,13,0,0,0,0
0.318967139,68,0,0.260058097,13769.0,21,0,1,0,2
0.069521884,61,0,0.428409275,6166.0,15,0,1,0,0
0.9999999,24,2,0.062256809,3083.0,2,0,0,0,0
0.119289639,36,0,3633.0,5400.0,7,0,1,0,0
0.112550539,72,0,0.628135661,4982.0,14,0,2,0,1
0.007088428,55,0,0.372425249,3009.0,6,0,1,0,0
0.973506623,40,1,0.277527441,8654.0,12,0,2,0,3
0.44536763,25,0,0.15818707,4500.0,18,0,0,0,0
0.041959139,64,1,1402.0,5400.0,3,0,1,0,0
0.362987045,51,0,0.123024349,2340.0,4,0,0,0,1
0.478937408,48,0,1.304199219,2047.0,13,0,1,0,3
0.0,52,0,0.192640535,13750.0,9,0,1,0,3
0.0147326,62,0,0.013435701,2083.0,14,0,0,0,0
0.008266391,82,0,80.0,5400.0,4,0,0,0,0
0.000588166,48,0,1018.0,5400.0,7,0,1,0,0
1.102564103,36,0,0.003578399,3073.0,3,9,0,0,0
0.019266633,71,0,0.212523719,6850.0,10,0,2,0,0
0.177625304,44,0,0.514536225,6500.0,14,0,2,0,0
0.006105879,66,0,0.217052249,11540.0,14,0,2,0,1
0.784804402,67,0,1.047449321,4488.0,12,0,1,0,0
0.86980671,39,0,0.304770066,3500.0,7,0,1,0,0
0.198121105,38,1,0.425540765,4807.0,7,0,2,0,3
0.23981594,42,0,0.565565184,10500.0,16,0,3,0,4
0.001309043,56,0,0.18025634,11000.0,6,0,1,0,1
1.1005996,53,1,0.772305496,1400.0,4,1,0,2,0
0.9999999,85,0,0.382130763,3838.0,3,0,1,0,0
0.046380284,55,0,0.364775328,8300.0,10,0,3,0,2
0.092034602,33,0,0.276895415,10010.0,8,0,1,0,3
0.001439358,59,0,0.276144771,5000.0,9,0,1,0,0
0.0,23,0,0.0,820.0,2,0,0,0,0
0.283810155,81,0,0.184001649,9700.0,9,0,1,0,0
0.0,61,0,0.0,5400.0,3,0,0,0,0
29110.0,58,0,0.402559744,10000.0,7,0,1,0,0
0.921552586,36,0,1165.0,5400.0,3,0,0,0,0
0.080284567,48,0,2419.0,0.0,6,0,1,0,3
0.161206015,69,0,1486.0,5400.0,5,0,1,0,0
0.082679859,48,0,685.0,5400.0,2,0,1,0,0
0.009997369,39,0,315.0,5400.0,5,0,0,0,0
0.0,35,0,3092.0,5400.0,7,0,1,0,0
0.055673827,35,0,0.606590724,2457.0,9,0,1,0,1
0.106485703,45,0,0.177442282,20400.0,10,0,3,0,2
0.563334492,51,0,6647.0,5400.0,8,0,2,0,0
0.0,57,0,0.019025349,18816.0,3,0,0,0,0
0.101882488,74,0,0.223243753,8483.0,23,0,2,0,0
0.027739872,56,0,0.56457417,2500.0,4,0,1,0,0
0.14012623,54,0,0.133280867,21600.0,8,0,2,0,1
0.053881447,68,0,0.21361133,5083.0,13,0,1,0,2
0.019712103,61,0,3107.0,5400.0,10,0,1,0,0
0.113411478,34,0,0.080611536,4316.0,4,0,0,0,2
0.241952681,51,0,0.345465453,10000.0,12,0,2,0,2
0.743628186,32,2,0.436113714,3200.0,4,1,0,0,3
0.953725831,43,0,0.283799137,4400.0,4,0,0,0,0
0.9999999,30,0,0.106950175,3150.0,2,0,0,0,0
1.463571889,42,0,0.189170665,2917.0,6,2,0,2,2
0.994545579,47,0,0.65318818,3857.0,7,0,1,0,1
0.067015234,57,0,0.230615399,11000.0,7,0,1,0,3
0.900415917,65,0,0.441564675,12500.0,10,0,2,0,0
0.0,81,0,17.0,5400.0,4,0,0,0,0
0.146107157,40,0,0.266479225,3200.0,6,0,0,0,1
0.742658668,26,0,0.239876986,3901.0,15,0,1,0,2
1.082907439,53,0,0.466328167,3741.0,7,0,2,0,1
0.088780995,43,0,0.274675046,7000.0,13,0,1,0,4
0.0,26,0,1.0,5400.0,2,0,0,0,0
0.282257052,51,0,0.356085775,6621.0,16,0,2,0,0
0.008849853,75,0,0.20950623,6500.0,11,0,1,0,0
0.012691045,28,0,253.0,5400.0,5,0,0,0,0
0.0,70,0,0.85159263,7000.0,8,0,3,0,0
0.246501033,48,0,0.063489418,6000.0,5,0,0,0,1
0.891841543,61,1,0.34156746,10079.0,10,0,0,0,3
0.0,30,0,0.272606088,4500.0,2,0,1,0,0
0.552018335,59,0,0.480105831,9826.0,16,0,2,0,1
0.300468157,72,0,0.282670564,13000.0,15,0,3,0,1
0.005361542,33,0,0.187078452,5633.0,8,1,1,1,0
0.241137943,39,0,0.700341006,4691.0,9,0,2,0,0
0.133811031,32,0,0.524277812,4880.0,6,0,1,0,2
0.004870474,54,0,0.243300893,7500.0,8,0,1,0,0
0.9999999,52,0,0.0,5400.0,2,3,0,0,0
0.027661193,87,0,29.0,5400.0,8,0,0,0,0
0.0,57,0,1.946953091,2280.0,9,0,3,0,0
0.038439269,65,0,0.503398641,2500.0,6,0,2,0,0
0.310564992,37,0,0.210365232,4900.0,7,0,1,0,0
0.06359576,58,0,0.011285772,2480.0,2,0,0,0,0
0.015359386,57,0,11.0,5400.0,1,0,0,0,0
3629.0,46,1,1407.0,5400.0,5,3,1,0,0
0.014029878,75,0,0.195530726,3400.0,14,0,1,0,0
0.9999999,44,0,2398.0,5400.0,3,0,1,0,0
0.982716755,33,0,0.083064516,2479.0,1,0,0,0,1
0.539550375,47,1,393.0,5400.0,4,0,0,1,3
0.019564981,68,0,0.129186146,10480.0,12,0,1,0,0
0.869752638,53,0,0.503054545,13749.0,21,0,2,0,1
0.186130465,54,0,1618.0,5400.0,6,0,2,0,0
0.010522704,86,0,0.196695096,1875.0,10,0,1,0,0
0.9999999,40,0,0.0,3191.0,1,0,0,0,1
0.075161043,33,0,0.041533546,2503.0,5,0,0,0,0
0.027533698,55,0,0.136972605,5000.0,7,0,1,0,3
0.752921787,68,0,0.747460261,8366.0,25,0,1,0,1
0.9999999,50,1,0.171681416,3389.0,2,3,1,1,0
0.545687622,29,0,0.478402229,4305.0,6,0,1,0,1
0.001960707,80,0,1.0,5400.0,1,0,0,0,0
0.033085977,69,1,1595.0,5400.0,18,0,2,0,0
0.736579913,73,0,0.181530899,5695.0,13,0,0,0,1
0.072839549,43,0,1303.0,5400.0,6,0,1,0,0
0.025664294,60,0,0.232501129,15500.0,11,0,3,0,1
0.005497619,75,0,10.0,5400.0,7,0,0,0,0
0.585480557,55,0,0.49771321,3716.0,12,0,1,0,0
0.21481963,69,0,0.233261918,3733.0,6,0,0,0,2
0.00975251,65,0,0.340965092,9739.0,28,0,2,0,1
0.272727273,47,0,0.289259259,10799.0,5,0,1,0,1
0.121075886,45,0,0.251617457,8500.0,12,0,1,0,2
0.714906562,66,2,0.384708007,6643.0,5,1,3,0,1
0.073995067,43,0,0.512743628,2000.0,10,0,2,0,0
0.780730897,37,0,0.122552448,5719.0,8,0,0,0,1
0.024176603,53,0,1553.0,5400.0,13,0,2,0,0
0.0,50,0,1237.0,5400.0,7,0,1,0,0
0.714741741,53,2,2503.0,5400.0,14,0,2,0,1
0.892581659,33,0,0.442687747,4300.0,8,0,1,0,0
0.775790506,63,0,0.164208948,4000.0,4,0,0,0,1
0.006533973,83,0,0.170139302,8398.0,9,0,1,0,0
0.97811008,73,0,1511.0,5400.0,5,0,1,0,0
0.091356973,47,0,0.12606082,5655.0,4,0,0,0,2
0.010296042,70,0,86.0,5400.0,8,0,1,0,0
0.12634994,57,0,0.014688094,5786.0,2,0,0,0,0
0.094110245,34,1,0.636681659,2000.0,11,0,1,0,0
0.048897222,37,0,0.084652558,6000.0,5,0,0,0,3
0.559248025,48,0,0.215063319,4500.0,2,0,0,0,1
0.021894278,63,0,0.449275362,5864.0,9,0,2,0,0
0.029226493,47,0,0.076236973,10650.0,15,0,0,0,1
0.9999999,57,1,2516.0,5400.0,7,0,1,0,0
0.379562044,62,0,0.821756895,1957.0,6,0,2,0,0
0.987001444,33,0,0.103992572,3230.0,3,0,0,0,2
0.617178823,58,0,0.042729152,1450.0,8,0,0,0,0
0.525513848,79,0,0.062992126,3936.0,3,0,1,0,0
0.022869167,60,0,2120.0,5400.0,7,0,2,0,0
0.131039498,57,0,0.274706437,11666.0,9,0,2,0,1
0.9999999,54,0,0.122244944,4400.0,2,2,0,0,0
0.547785167,63,0,0.440697902,5100.0,9,0,0,0,0
0.190429641,61,0,2031.0,5400.0,13,0,2,0,0
0.104115835,50,0,0.345522068,7000.0,6,0,2,0,1
0.201713586,51,0,0.444200748,7750.0,14,0,2,0,0
0.369609902,43,0,0.266381003,5600.0,11,0,0,0,6
0.846418883,58,3,0.392260774,10000.0,10,0,2,0,1
0.042900458,49,0,0.29838295,17500.0,11,0,3,0,0
0.10783798,65,0,0.058917622,3750.0,2,0,0,0,2
0.000735258,43,0,0.909764488,3778.0,8,1,1,0,2
0.032441422,58,0,44.0,5400.0,3,0,0,0,0
0.0,48,0,0.250281361,11550.0,9,0,1,0,1
0.280663134,62,0,0.685667752,5525.0,13,0,2,0,1
0.833739264,35,2,0.423732885,4162.0,7,2,0,0,0
0.053090552,64,0,3033.0,5400.0,9,0,1,0,1
0.972461366,39,0,0.057477701,25000.0,7,0,0,0,0
0.017895558,50,0,0.002562908,8583.0,3,0,0,0,0
1.010380623,41,0,2740.0,5400.0,7,0,1,0,0
0.004457058,49,0,2766.0,5400.0,10,0,1,0,0
0.806364773,48,2,0.561622765,5200.0,7,1,1,2,0
0.944657955,45,2,0.481265612,1200.0,7,1,0,1,0
0.054561647,47,0,0.31160175,4800.0,14,0,2,0,0
0.987958148,55,0,10527.0,5400.0,12,0,5,0,1
0.000865709,60,0,0.531376303,4700.0,13,0,1,0,1
0.520576781,29,0,0.141554702,4167.0,4,0,0,0,0
0.007687632,55,0,0.099505999,4250.0,13,0,0,0,5
0.012810461,73,0,1411.0,5400.0,14,0,1,0,0
0.0,76,0,0.0,5400.0,2,0,0,0,0
0.961454639,62,0,5011.0,5400.0,9,0,2,0,0
0.161908583,40,1,0.297881795,6750.0,6,0,1,0,3
0.742132039,56,3,0.404492923,7700.0,25,0,1,0,0
0.048422651,45,0,0.25715844,11000.0,12,0,3,0,5
0.010107835,67,0,943.0,5400.0,6,0,1,0,0
0.007567506,65,0,0.439312138,5000.0,16,0,4,0,0
0.728649443,62,0,0.405081091,32000.0,12,0,2,0,0
0.775927256,67,0,0.37161346,11589.0,12,0,2,0,0
0.021028793,58,0,1249.0,5400.0,6,0,1,0,1
0.99670492,52,0,0.770472895,2600.0,3,0,1,0,0
0.316222178,70,0,0.916583345,7000.0,16,0,3,0,0
0.016431988,46,0,0.004555809,3950.0,2,0,0,1,0
0.0,43,0,0.0,11416.0,6,0,0,0,0
0.839216571,48,0,1.261719618,4500.0,13,0,1,0,1
0.062976171,59,0,0.843056035,17381.0,17,0,4,0,1
0.233301655,71,0,0.20417685,4500.0,11,0,1,0,0
0.265318593,33,0,0.255854461,5166.0,9,0,0,0,0
0.989139792,31,0,0.342009465,5493.0,6,0,1,0,3
0.0,47,0,1891.0,5400.0,5,0,1,0,0
0.202120897,57,0,1291.0,1.0,18,0,1,0,0
0.91322264,58,0,0.227753999,4438.0,2,0,0,0,2
0.517309844,71,0,2316.0,5400.0,8,0,1,0,0
0.046781287,41,0,1325.0,5400.0,2,0,1,0,0
0.281507527,31,0,0.247005811,8432.0,5,0,1,0,2
0.821402425,65,0,2965.0,5400.0,12,0,0,0,0
0.000549991,47,0,0.226945835,10984.0,12,0,2,0,0
0.089200909,52,1,0.132339967,10200.0,7,0,1,0,2
0.072334886,41,0,0.216298594,18700.0,9,0,3,0,3
0.822392826,51,0,0.934454848,6300.0,8,0,2,0,0
0.226964484,59,0,0.454226587,2850.0,7,0,2,0,0
0.027474463,83,0,20.0,5400.0,3,0,0,0,0
0.038354504,57,0,0.327423168,4229.0,12,0,1,0,1
0.366919077,48,0,0.272444946,7083.0,18,0,1,0,0
1.029962547,23,0,483.0,5400.0,4,0,0,1,0
0.102774497,51,0,0.162936832,9070.0,9,0,1,0,1
0.9999999,63,0,0.070182448,7508.0,2,0,0,0,0
0.234358633,34,0,73.0,5400.0,1,0,0,0,0
0.010840032,76,0,0.0029994,5000.0,7,0,0,0,0
0.381582316,49,0,0.822137727,7100.0,21,0,4,0,1
0.030145416,82,0,0.231323132,1110.0,8,0,0,0,0
0.024297046,56,0,0.360264473,6200.0,10,0,1,0,0
0.24246943,51,0,0.690788651,8000.0,12,0,2,0,0
0.928538097,38,1,0.521457966,1700.0,5,0,1,1,3
0.9999999,55,0,0.631881247,13405.0,10,0,2,0,0
0.107845844,29,1,0.161941374,2080.0,8,0,0,0,0
0.021701922,63,0,0.225382086,5168.0,21,0,1,0,0
0.042737272,43,0,0.003084778,9400.0,2,0,0,0,1
0.620995564,61,0,0.643789188,5900.0,6,0,1,0,1
0.354830646,47,0,0.184489654,5750.0,7,0,1,0,0
0.0,34,0,0.647696105,7291.0,9,0,2,0,1
0.681015017,40,0,0.124458204,9689.0,7,0,0,0,1
0.030700985,63,0,36.0,5400.0,2,0,0,0,0
0.12258839,65,0,0.056491367,42802.0,22,0,2,0,1
0.586048869,63,1,0.438624893,10500.0,15,0,2,0,0
0.379735861,43,0,1.743179546,7000.0,17,0,4,0,0
0.419513475,36,0,0.235656053,6500.0,8,0,1,0,3
0.638104472,56,0,0.659805939,3400.0,4,0,1,0,1
0.045123204,59,1,0.880599885,5200.0,13,0,3,0,1
0.044964123,37,0,0.011690509,6500.0,4,0,0,0,0
0.635578752,53,0,0.38988155,4980.0,6,0,2,0,0
0.074475169,64,0,1.01585601,4666.0,14,0,2,0,0
0.866311858,42,1,0.338908535,10462.0,7,1,1,0,3
0.190061563,42,0,0.26234753,5000.0,10,0,1,0,1
0.200469988,51,0,240.0,5400.0,4,0,0,0,0
0.104919344,75,0,1263.0,5400.0,4,0,1,0,0
0.011343476,61,1,1242.0,5400.0,6,0,1,0,0
0.233084167,65,1,1969.0,0.0,11,0,2,0,0
0.030099445,66,0,81.0,5400.0,11,0,0,0,0
0.039998864,47,0,1.160752794,5100.0,8,0,4,0,0
0.002257992,56,0,0.640899331,7916.0,12,0,4,0,1
0.086382684,45,1,0.183874094,21666.0,14,0,2,0,4
0.0,54,0,1807.0,5400.0,7,0,1,0,0
0.0,79,0,0.0,5400.0,2,0,0,0,1
0.013382956,53,0,0.687816815,5720.0,9,0,2,0,0
0.005808595,67,0,0.393694733,2600.0,7,0,1,0,0
0.9999999,62,2,0.4375,2095.0,6,1,1,1,0
0.007753608,50,0,4313.0,5400.0,8,0,3,0,0
0.915402071,48,2,1.005998286,3500.0,20,0,1,0,0
0.0,27,0,0.0,5400.0,1,0,0,0,0
0.054495497,24,1,0.466809422,1400.0,8,0,0,1,0
0.287994566,84,1,1415.0,5400.0,15,0,1,0,0
0.449161533,44,0,0.520373302,12000.0,10,0,5,0,2
0.200307282,66,0,0.279737681,43000.0,28,0,6,0,1
0.0,64,0,0.273389571,5215.0,6,0,1,0,2
0.542710218,49,0,0.518365573,4600.0,14,0,1,0,3
0.005776922,66,0,0.475319927,546.0,12,0,0,0,0
0.189800486,52,0,0.10076148,13000.0,4,1,0,1,1
0.062265632,87,0,708.0,5400.0,5,0,1,0,0
1.027016912,52,0,1.170960946,6170.0,14,0,4,0,0
0.288607172,74,0,0.654373287,4012.0,18,0,2,0,2
0.073759959,41,0,0.154222367,9200.0,5,0,1,0,2
0.276182679,48,1,0.013366412,39501.0,4,0,0,0,1
0.012660166,43,1,0.216267655,9982.0,19,0,1,0,2
0.0,83,0,0.0,5400.0,2,0,0,0,0
0.219718685,38,0,0.039184326,2500.0,2,0,0,0,2
0.002218506,48,0,3.0,5400.0,5,0,0,0,0
0.938369781,32,1,0.191269577,3000.0,7,0,0,0,0
0.664440294,54,0,0.87285086,2500.0,9,0,1,0,0
0.9999999,60,0,0.022584228,2700.0,0,2,0,0,0
0.066520496,48,0,3312.0,5400.0,14,0,2,0,1
0.9999999,27,0,0.025851939,850.0,0,1,0,0,0
0.090383741,30,0,0.320895522,6833.0,5,0,2,0,0
0.462160639,59,0,0.339483395,10297.0,13,0,1,0,1
0.0479297,46,0,0.006269285,20416.0,12,0,0,0,0
0.790895535,33,0,0.144106622,2400.0,6,0,0,0,0
0.9999999,41,0,0.898387702,8000.0,5,0,2,0,0
0.019130171,66,0,0.006398976,6250.0,7,0,0,0,0
0.255902668,54,0,0.216849489,13400.0,5,0,1,0,5
0.0,64,1,0.914107486,2083.0,11,1,1,0,0
0.0,55,0,0.152854921,4500.0,5,0,0,0,0
0.0,31,0,0.315321984,1350.0,2,0,0,0,1
0.017364592,64,0,2530.0,5400.0,11,0,3,0,1
0.896485811,42,0,0.229007634,2750.0,3,0,0,0,3
0.103697408,51,0,0.767209369,3500.0,6,0,2,0,0
0.133146671,53,0,0.321653378,4765.0,3,0,1,0,0
0.031387436,29,0,63.0,1.0,4,0,0,0,0
0.350630802,49,0,0.005543656,7936.0,2,0,0,0,3
0.0,26,0,0.043812452,1300.0,2,0,0,0,0
0.357950461,52,0,163.0,5400.0,3,0,0,0,0
0.527511812,46,0,0.698600254,5500.0,7,0,1,0,2
0.001262095,54,1,1915.0,5400.0,12,0,2,0,0
0.025437481,62,0,0.202137693,3180.0,7,0,1,0,2
0.480365164,56,0,0.106207289,3511.0,3,0,0,0,1
0.053574831,42,0,0.772091164,2500.0,15,0,1,0,2
0.9999999,70,0,0.0,5400.0,5,0,0,0,0
0.96872285,46,1,0.316534777,2400.0,6,0,0,0,2
0.9999999,24,0,0.10075188,1994.0,2,0,0,0,0
0.606866657,45,0,0.271980279,3650.0,6,0,0,0,0
0.671535643,54,0,0.653421442,11500.0,16,0,2,0,4
0.830144657,46,1,0.844710362,3676.0,8,0,1,0,3
0.007099645,63,0,0.30441118,7548.0,7,0,1,0,0
0.9999999,21,0,0.0,0.0,1,0,0,0,0
0.009679742,74,0,10.0,5400.0,5,0,0,0,0
0.541754875,40,0,0.323216272,6292.0,11,0,0,0,1
0.122813604,68,0,3774.0,5400.0,8,0,2,0,0
0.153710692,63,0,0.440114522,6286.0,6,0,2,0,1
0.034640104,58,1,0.122219506,4090.0,6,0,1,0,0
0.9999999,46,0,0.569664903,1700.0,4,0,1,0,3
0.480807486,66,0,2712.0,0.0,15,0,1,0,0
0.0,58,0,0.0,3692.0,2,0,0,0,0
0.01455215,61,0,0.706826046,3178.0,16,0,1,0,0
0.000967638,87,0,1044.0,5400.0,4,0,1,0,0
0.017507623,65,0,16.0,5400.0,2,0,0,0,0
0.135280899,37,0,0.394470951,7125.0,9,0,1,0,2
0.9999999,71,2,0.426476264,2590.0,6,1,1,0,0
0.535452914,52,0,0.726080072,4420.0,6,0,1,0,0
0.269058449,80,0,2989.0,5400.0,10,0,2,0,0
0.158894704,37,0,0.898367211,3000.0,15,0,1,0,2
0.216275034,51,0,0.388709203,3400.0,12,0,2,0,0
0.201297644,50,0,0.273801935,17256.0,4,0,1,0,3
0.0079998,89,0,0.00143977,6250.0,5,0,0,0,0
0.353512529,50,0,0.280357586,4026.0,5,0,0,0,2
0.024197799,52,0,0.192874047,7605.0,4,0,1,0,0
0.387144918,66,0,0.240323267,2350.0,7,0,0,0,0
0.064678484,47,1,1587.0,5400.0,5,0,1,0,2
0.555981467,44,0,0.225729051,5417.0,6,1,0,0,1
0.047882313,35,0,0.004999138,5800.0,3,0,0,0,0
0.58068575,60,0,0.618423209,6100.0,9,0,1,0,0
0.9999999,54,0,0.140868731,12500.0,11,0,1,0,2
0.085122872,38,0,932.0,5400.0,5,0,1,0,0
0.9999999,28,2,0.666666667,2573.0,4,2,0,1,2
0.070385923,52,0,0.2047381,4600.0,3,0,1,0,2
0.091928836,72,0,157.0,5400.0,3,0,0,0,0
0.628963854,50,0,0.256107914,10600.0,8,0,1,0,2
0.008449578,41,0,0.166574125,1800.0,10,0,0,0,1
0.513420582,58,0,0.635227273,4399.0,10,0,2,1,1
0.836838772,45,0,0.438737264,18942.0,11,0,3,0,2
0.206832701,50,0,0.167013278,6250.0,2,0,1,0,0
0.215725157,74,0,1111.0,5400.0,14,0,0,0,0
0.233131756,63,0,146.0,5400.0,3,0,0,0,4
0.05537327,55,0,0.256744714,12342.0,12,0,1,0,0
0.078823029,50,0,0.391900579,14000.0,11,0,4,0,3
0.636988088,32,0,1.094830049,3500.0,10,0,2,0,3
0.239147356,37,0,0.112221945,4000.0,11,0,0,0,0
0.071776741,65,0,0.020995801,5000.0,9,0,0,0,0
0.279436028,32,0,0.697638338,5800.0,9,0,2,0,0
0.043782587,59,0,0.296431173,6864.0,13,0,2,0,1
0.027034098,39,0,0.264957265,8891.0,10,0,5,0,0
0.030159397,54,0,0.197826739,30000.0,10,0,2,0,4
0.123652386,63,0,0.491701886,9700.0,9,0,4,0,1
0.641414343,50,0,0.80413642,7300.0,14,0,2,0,0
0.0,67,0,0.022846264,2100.0,3,0,1,0,0
0.03175485,58,0,0.117510599,12500.0,11,0,0,0,0
1.045129963,57,3,0.420315937,5000.0,5,1,1,2,0
0.622096915,44,0,0.593047753,5695.0,16,0,1,0,2
0.031211261,76,0,0.013194722,2500.0,5,0,0,0,0
0.039824915,53,0,0.218430034,9668.0,12,0,4,0,1
0.042737863,62,0,3041.0,5400.0,11,0,1,0,0
0.06598516,74,0,0.075851393,5167.0,7,0,0,0,0
0.652650206,46,0,1.025919526,4050.0,10,0,0,0,0
0.010187898,35,0,1355.0,5400.0,13,0,1,0,0
0.009551882,33,0,0.351891506,1400.0,17,0,1,0,0
0.0,36,0,3481.0,5400.0,3,0,1,0,0
0.01099945,56,0,3008.0,5400.0,7,0,2,0,0
0.06153928,78,0,34.0,5400.0,2,0,0,0,0
0.9999999,50,0,0.035926273,3200.0,5,0,0,0,1
0.267739968,45,0,1433.0,5400.0,18,0,1,1,0
0.22918694,39,1,0.446006171,5833.0,10,0,1,0,3
0.171094297,60,1,2791.0,5400.0,6,0,2,0,0
1.042478761,54,0,0.488470191,3555.0,8,0,0,0,0
0.215692492,65,1,0.088186277,21000.0,11,0,0,0,1
0.184390966,53,0,0.254624229,6000.0,12,0,2,0,0
0.300955272,46,2,0.768369298,3660.0,10,1,2,0,2
0.073908201,45,0,0.420402261,7606.0,10,0,2,0,1
0.144158266,78,0,0.097380524,5000.0,6,0,1,0,0
0.033260147,50,0,629.0,5400.0,5,0,1,0,0
0.0,63,0,0.078230442,4000.0,5,0,0,0,1
0.057376828,68,0,2175.0,5400.0,11,0,2,0,2
0.049337026,53,0,805.0,5400.0,12,0,1,0,0
0.008440423,42,0,3.264957265,350.0,6,0,1,0,2
0.472029104,57,0,0.297081168,2500.0,8,0,0,0,0
0.345561381,37,0,0.448197688,4410.0,10,0,3,0,0
0.6351936,37,0,0.456608127,7800.0,13,0,2,0,2
0.20854397,49,0,0.080821248,6136.0,3,0,0,0,2
0.154175793,40,0,0.062782805,1767.0,3,0,0,0,3
0.068191796,39,1,6.462686567,200.0,6,0,1,0,3
0.046703135,53,0,1.240759241,1000.0,4,1,2,0,3
0.797308663,37,0,0.72395417,3752.0,9,0,1,0,4
0.042669043,40,0,0.369005153,5045.0,8,0,1,0,1
0.050489249,63,0,0.16160563,7672.0,4,0,1,0,1
0.9999999,50,0,0.578555473,1342.0,2,0,1,0,0
0.124650047,32,0,446.0,5400.0,2,0,0,0,0
0.0,46,0,0.054350161,4654.0,4,0,0,0,1
0.0,62,0,0.506117577,3350.0,7,0,1,0,0
0.150120417,42,0,0.313796598,18750.0,6,0,3,0,0
0.63519218,31,0,85.0,5400.0,1,0,0,1,2
0.118587608,22,0,0.005376344,929.0,2,0,0,0,0
0.189567536,32,0,0.873750291,4300.0,8,0,2,0,2
0.015214464,42,1,0.688615569,6666.0,6,0,3,0,1
0.016815731,62,0,0.103275885,7600.0,18,0,0,0,0
0.306192415,38,1,0.817355747,2200.0,8,0,1,2,0
0.9999999,65,3,0.196399045,5442.0,6,3,0,2,2
0.071630217,73,0,1125.0,5400.0,9,0,1,0,0
1.018178513,76,2,0.321163166,3094.0,7,0,0,0,0
0.0,48,1,0.059623911,13081.0,7,0,0,0,1
0.9999999,22,0,0.0,1.0,1,0,0,0,0
0.979103454,37,0,0.209503527,15025.0,8,0,1,0,0
0.618480341,35,2,0.480108311,4800.0,7,0,1,1,0
0.620780279,43,0,0.488500767,15000.0,8,0,2,0,0
0.9999999,50,2,0.590803066,3000.0,5,0,0,0,1
0.009576739,55,0,0.349450885,19667.0,14,0,2,0,1
0.358667283,75,1,0.420539445,7896.0,23,0,3,0,0
0.109089091,38,0,0.248297625,6020.0,8,0,1,0,0
0.0,59,0,0.239711259,21333.0,13,0,3,0,0
0.004247553,65,0,1062.0,5400.0,12,0,1,0,0
0.651112054,63,2,0.486378405,4000.0,10,0,1,1,0
0.252643722,52,0,1374.0,5400.0,10,0,1,0,0
0.004847079,46,0,0.063234941,8333.0,16,0,0,0,2
0.881839898,41,0,0.525756824,10074.0,7,0,2,0,3
0.986320547,43,0,0.476532173,8500.0,8,0,1,0,2
0.00359928,52,0,0.204704818,4420.0,5,0,1,0,1
0.682317682,41,0,0.238568588,3520.0,4,1,0,0,1
0.000899719,45,0,0.221789883,2826.0,5,0,1,0,2
1.201554692,27,3,0.264273504,2924.0,7,0,0,0,0
0.069276814,86,0,838.0,5400.0,15,0,1,0,0
0.108246993,70,0,0.038987004,3000.0,5,0,0,0,0
0.009281813,60,0,2622.0,5400.0,7,0,2,0,0
0.0,44,0,0.607922991,2700.0,2,0,1,0,1
0.389553338,49,0,3355.0,5400.0,5,0,1,0,0
0.049829913,28,0,0.185394772,3710.0,7,0,0,0,0
0.022781404,62,0,0.184578744,6717.0,8,0,2,0,1
0.335172008,35,1,0.554068605,6500.0,16,0,2,0,2
0.019460956,69,0,229.0,5400.0,6,0,0,0,0
0.009243117,38,1,0.001454281,5500.0,6,0,0,0,0
0.054314137,47,0,0.456129277,7920.0,18,0,2,0,3
0.006154686,63,0,0.042174042,10100.0,10,0,1,0,3
0.077728151,43,0,0.679773409,3000.0,6,0,2,0,0
0.012433493,67,0,0.182221659,7885.0,11,0,1,0,0
0.213191726,55,0,0.548445362,7750.0,28,0,2,0,2
0.057929247,45,0,0.271375465,7800.0,8,0,3,0,1
0.0,63,5,30.32646669,8300.0,16,1,2,1,0
0.025299368,70,0,1.416763873,6000.0,8,0,1,0,0
0.43517955,50,0,0.070767428,8534.0,3,0,0,0,1
0.001441556,47,0,0.138469638,5697.0,13,0,0,0,1
0.0,50,0,0.0,5400.0,3,0,0,0,0
0.69484189,51,0,0.474747475,4850.0,10,0,1,0,2
0.014689353,37,0,2417.0,5400.0,7,0,1,0,0
0.080985587,44,0,8538.0,5400.0,10,0,3,0,0
0.9999999,25,0,0.0,5400.0,0,1,0,0,0
0.0,31,0,0.084971676,3000.0,4,0,0,0,0
0.082413011,41,0,0.38324934,12500.0,12,0,2,0,2
0.003253475,44,0,0.666448517,4583.0,10,0,3,0,1
0.081289221,53,0,0.385561444,10000.0,11,0,2,0,1
1.078768493,56,1,0.482559431,4500.0,5,0,2,0,3
0.9999999,59,3,0.526412265,6000.0,4,0,2,0,0
0.9999999,30,0,0.0,2700.0,0,0,0,0,0
0.280387652,80,0,0.152387809,4166.0,11,0,0,0,0
0.192634561,33,0,0.304173957,4000.0,3,0,1,0,0
0.328348797,46,0,0.326719577,3023.0,9,0,2,0,1
0.827930175,38,0,0.737408689,2600.0,4,0,2,1,0
0.094060972,46,0,1.685657171,2000.0,15,0,1,0,0
0.00851503,58,0,0.179863269,8044.0,6,0,1,0,1
0.416514034,43,0,0.499275152,3448.0,9,0,1,0,0
0.001257557,68,0,1622.0,5400.0,8,0,1,0,0
0.0,67,0,0.331605258,5400.0,22,0,2,0,0
0.9999999,27,0,0.0,1000.0,0,0,0,0,1
0.00347431,68,0,0.151773467,10205.0,10,0,1,0,0
0.193451637,49,0,1723.0,5400.0,2,0,1,0,0
0.0,51,0,0.0,5400.0,4,0,0,0,0
0.052703758,74,0,0.249859839,5350.0,11,0,1,0,0
0.05537093,59,0,0.437051694,4042.0,11,0,2,0,0
0.43655361,56,0,1424.0,5400.0,11,0,1,0,1
0.392777498,52,0,0.392321536,5000.0,5,0,1,0,1
0.053035399,70,0,0.214691098,6166.0,5,0,1,0,0
0.096829477,36,0,0.19957339,7500.0,3,0,1,0,5
0.382247636,53,1,0.340978171,10856.0,15,0,2,0,2
0.0,64,0,0.03310431,1600.0,2,0,0,0,1
0.028886528,41,0,0.380243572,4433.0,16,0,2,0,2
0.093912238,64,1,794.0,1.0,8,0,1,0,0
0.735852829,28,0,0.201014774,6700.0,3,0,1,0,0
0.483243243,51,1,0.793470711,4318.0,19,0,3,0,0
0.0,41,0,0.234168174,10500.0,14,0,1,0,3
0.021798547,42,0,0.199768187,14666.0,12,0,2,0,0
0.4545035,41,0,0.463872517,4580.0,8,0,1,0,0
0.337070716,29,0,0.214261913,3000.0,7,0,0,0,0
1.04636291,70,1,0.026858214,1600.0,5,1,0,0,0
0.229448971,60,0,0.357169322,8096.0,15,0,1,0,1
0.114608406,33,0,0.23465067,2833.0,5,0,0,0,0
0.9999999,33,0,0.830939829,5500.0,12,0,2,0,1
0.030773119,79,0,0.004535147,10142.0,2,0,0,0,0
0.012829514,37,0,0.189740513,6666.0,13,0,1,0,2
0.34633562,56,1,2948.0,5400.0,14,0,1,0,1
1.00559777,48,3,0.3978795,15750.0,20,0,1,0,1
0.034843657,66,0,0.311952415,12440.0,9,0,1,0,0
0.9999999,62,0,0.0,5500.0,0,0,0,0,0
0.79194276,44,4,0.59757827,9166.0,13,0,1,2,1
0.020121995,59,0,0.002279909,25000.0,8,0,0,0,0
0.0,29,0,0.0,2125.0,2,0,0,0,0
0.010889665,37,0,0.286315199,3565.0,4,0,1,0,2
0.132867254,48,0,0.264173136,4250.0,16,0,1,0,2
0.381358483,51,1,1705.0,5400.0,6,0,1,0,2
0.9999999,29,18,0.009314141,1180.0,0,18,0,18,1
0.966413496,66,8,0.672762104,5741.0,10,1,1,0,0
0.15865261,79,0,0.166180088,43500.0,5,0,3,0,0
0.024954352,72,0,0.523738131,2000.0,12,0,0,0,0
0.862018398,30,1,0.462336014,4725.0,6,0,2,1,0
0.911985428,47,0,0.45345246,9065.0,12,0,2,0,2
0.0,30,0,0.0,1100.0,1,0,0,0,0
0.108730917,42,0,0.816439621,4330.0,14,0,1,0,2
0.010570026,55,0,0.144714117,11000.0,14,0,1,0,3
0.0,31,0,0.238354919,4400.0,8,1,1,0,0
0.009730395,87,0,1178.0,5400.0,9,0,1,0,0
0.804783662,66,3,0.432837785,7600.0,11,0,1,0,0
0.039498481,57,0,0.286897048,8333.0,7,0,2,0,0
0.202154488,47,1,0.463845655,6167.0,9,0,1,0,2
0.9999999,22,0,0.0,820.0,1,0,0,0,0
0.140921477,69,0,0.102243938,5525.0,10,0,0,0,0
0.096899659,64,0,0.320382802,7000.0,33,0,1,0,0
0.01294916,64,0,0.354633737,8340.0,18,0,2,0,1
0.562909342,26,0,0.311844078,1333.0,5,0,0,0,0
0.0,61,0,0.459247,4833.0,10,0,1,0,0
0.120879121,22,0,3.0,5400.0,1,0,0,0,0
0.149129585,55,0,0.181778072,9065.0,13,0,1,0,2
0.9999999,58,0,8010.0,5400.0,9,0,4,0,0
0.024233704,62,0,1710.0,5400.0,6,0,1,0,0
0.003710834,70,0,2698.0,5400.0,10,0,1,0,0
0.131759095,90,0,791.0,5400.0,2,0,1,0,0
0.348536115,68,0,0.221955609,5000.0,14,0,1,0,0
0.170192625,58,2,0.389317181,5447.0,12,0,1,0,0
0.189664358,63,0,0.136840291,34806.0,18,0,2,0,1
0.9999999,41,0,0.01142606,4550.0,3,0,0,0,2
0.00249987,60,0,0.384202882,8950.0,9,0,2,0,0
0.150271108,36,0,0.504021008,6092.0,9,0,1,0,0
0.156672655,84,0,0.02592523,5322.0,3,0,0,0,1
0.689464458,45,0,1221.0,5400.0,7,0,1,0,0
0.567542943,64,0,0.297160379,7500.0,7,0,1,0,0
0.026343519,54,0,0.143387604,3500.0,7,0,0,0,3
0.354314056,36,0,0.288456923,8333.0,16,0,0,0,2
0.010133063,63,0,0.276482345,1500.0,3,0,1,0,1
0.094131239,78,0,0.257000903,2213.0,19,0,1,0,0
0.026135401,49,0,2.740165129,2058.0,11,0,3,0,1
0.023413003,74,0,0.20919729,4870.0,9,0,1,0,0
0.586449028,61,0,0.477753708,6000.0,9,0,2,0,0
0.0,49,0,1877.0,0.0,8,0,1,0,1
0.024817801,48,0,0.342297627,11080.0,16,0,3,0,2
0.002352902,63,0,0.138272638,7166.0,13,0,1,0,0
0.101659426,53,0,0.043366472,5833.0,6,0,0,0,2
0.9999999,25,0,0.0,764.0,1,0,0,0,0
0.248450235,30,0,0.201813532,4300.0,15,0,0,0,0
0.747662617,48,0,0.620306599,4500.0,7,0,2,0,0
0.819436113,42,0,0.325430576,9405.0,6,0,1,0,1
0.028804176,70,0,1120.0,5400.0,6,0,1,0,0
0.300380769,44,0,0.29961181,8500.0,16,0,2,0,2
0.465807682,51,1,1.045070847,6633.0,14,0,3,0,0
0.353613253,56,0,0.51867394,2382.0,3,0,1,0,0
0.003860124,50,0,0.049284928,4544.0,8,0,0,0,0
0.0203158,80,0,0.020783373,2501.0,7,0,0,0,0
0.001366857,55,0,0.000477783,2092.0,4,0,0,0,0
0.276531924,38,0,0.124058396,15000.0,2,0,1,0,0
0.224324115,80,0,0.445796773,3532.0,10,0,1,0,0
0.755628818,40,1,0.221565098,11666.0,11,0,1,1,2
0.361754212,39,1,0.531886527,13500.0,17,0,2,0,3
0.46040142,46,0,0.368820589,5400.0,7,0,1,0,0
0.016725675,75,0,0.23893083,4900.0,11,0,1,0,0
0.934095902,50,0,0.253679654,6929.0,7,0,0,0,2
0.126886176,36,0,0.179685417,3750.0,8,0,0,0,0
0.030855967,65,0,0.004476777,5360.0,6,0,0,0,0
0.213922299,63,0,0.297075078,7418.0,13,0,1,0,0
0.002158816,69,0,0.416775315,2300.0,11,0,1,0,3
0.132688875,43,2,0.281190079,16166.0,9,0,3,0,2
0.968521641,62,2,0.725913957,4950.0,14,0,1,0,0
0.684663067,50,0,0.391875888,8443.0,5,0,2,0,3
0.938428875,29,0,0.691744509,3960.0,14,0,2,0,2
0.0,38,0,0.497682029,11000.0,9,0,2,0,1
0.083072923,41,0,1579.0,5400.0,3,0,1,0,2
0.042740336,74,0,0.012974052,9017.0,12,0,0,0,0
0.094565311,56,0,0.471280969,9000.0,19,0,2,0,0
0.006100109,58,0,0.004585653,3052.0,4,0,0,0,0
0.337303364,44,0,627.0,5400.0,5,0,0,0,0
0.508511213,23,0,0.182752294,2724.0,2,0,0,0,2
0.500988609,45,0,0.51934108,6798.0,12,0,1,0,3
0.090636665,73,1,0.164213431,6521.0,16,0,2,0,0
0.239375328,36,0,0.054885261,4226.0,4,0,0,0,0
0.054597231,43,0,0.541537401,2900.0,15,0,1,0,2
0.003230246,54,0,2.0,5400.0,3,0,0,0,0
0.1339933,32,0,0.022703818,3875.0,5,0,0,0,1
0.962459913,31,0,484.0,5400.0,2,0,0,0,0
0.9999999,35,0,755.0,5400.0,9,0,0,0,0
0.060524337,36,0,5355.0,5400.0,15,0,2,0,2
0.008967287,45,0,0.382420844,6063.0,6,0,2,0,0
0.696775269,54,2,0.479521,5761.0,10,0,1,0,0
0.00366038,78,0,152.0,5400.0,4,0,0,0,1
0.0,30,0,0.015357543,6250.0,2,0,0,0,0
0.000443934,52,0,0.215518226,8750.0,24,0,2,0,2
0.978167796,55,0,0.410596993,6850.0,7,0,2,0,1
0.9999999,23,0,0.0,5400.0,0,0,0,0,0
0.141148112,63,0,0.010471204,4583.0,6,0,0,0,0
0.128466923,64,0,2336.0,5400.0,8,0,1,0,0
0.439780785,43,0,0.104196967,9625.0,7,0,0,0,0
0.213742181,54,0,0.323039325,4500.0,8,0,2,0,2
1.038952085,24,3,1206.0,5400.0,9,0,0,0,2
0.510437422,64,0,0.808399458,5166.0,12,0,3,0,0
0.149775016,63,0,0.657690006,1670.0,5,0,1,0,0
0.9999999,40,0,578.0,5400.0,3,0,0,0,0
0.091622843,25,0,0.641705069,867.0,3,0,0,0,0
0.116026787,64,0,0.368926215,1666.0,10,0,0,0,0
0.720698254,55,0,0.063080822,3550.0,2,0,0,0,0
0.015050324,49,0,1633.0,5400.0,15,0,1,0,0
0.221078831,62,0,4042.0,5400.0,18,0,2,0,1
0.126541495,66,0,0.003561701,9545.0,1,0,0,0,0
0.007866404,48,0,996.0,5400.0,4,0,1,0,0
0.0,47,1,0.464956136,10600.0,16,0,7,0,1
0.011352273,43,0,0.095272104,7000.0,4,0,1,0,0
0.0,41,0,0.054529963,7041.0,5,0,0,0,2
0.079210459,25,0,0.038039216,2549.0,6,0,0,0,0
0.425914817,48,1,0.096001409,5676.0,3,1,0,1,3
0.0093822,69,1,0.177731563,6250.0,9,0,1,0,1
0.784530387,34,0,0.225215744,4750.0,8,0,1,0,0
0.006938931,59,0,0.097370137,4600.0,12,0,0,0,1
0.046223107,62,0,0.416561792,3972.0,8,0,2,0,0
0.278756507,62,0,0.406362379,3614.0,8,0,1,0,0
0.032647926,40,0,1.120751699,2500.0,5,0,1,0,2
0.398600045,44,0,0.314778518,7652.0,6,0,1,0,1
0.9999999,21,0,17.0,5400.0,0,0,0,0,0
1.417165669,26,0,0.109838626,1920.0,2,0,0,1,0
0.9999999,25,0,0.148638968,2791.0,7,0,0,0,0
0.353046263,41,0,0.395360464,10000.0,8,0,2,0,2
0.850709697,46,0,0.541390972,6800.0,18,0,2,0,1
0.034125892,47,0,46.0,5400.0,5,0,0,0,0
0.063374865,61,0,2306.0,5400.0,5,0,1,0,5
0.947744316,44,0,0.383846794,1200.0,5,0,0,0,3
0.30188214,57,0,0.184393224,3600.0,8,0,1,0,0
0.053686502,61,0,1483.0,5400.0,8,0,1,0,0
0.034333245,28,1,1556.0,5400.0,4,0,2,0,0
0.028667199,48,0,0.142455483,3200.0,14,0,1,0,0
0.0,56,0,0.498908297,1831.0,3,0,1,0,1
0.051799309,63,0,0.770687088,4700.0,16,0,1,0,1
0.000765214,73,0,0.000369208,5416.0,11,0,0,0,1
0.9999999,71,0,0.229150685,9124.0,3,0,2,0,0
0.006129579,52,0,0.019739958,65450.0,12,0,1,0,0
0.17478042,34,0,0.08815871,8064.0,5,0,0,0,0
0.007459359,61,0,0.332266756,11875.0,19,0,2,0,1
0.033587848,82,0,0.023992003,3000.0,5,0,0,0,0
0.445856019,39,0,0.426799807,6208.0,12,0,1,0,2
0.494078537,35,1,0.161709573,4000.0,11,0,0,0,0
0.072329242,46,1,0.06812425,7500.0,12,0,0,0,2
0.829759769,61,0,0.47398746,5900.0,12,0,1,0,1
0.007768238,73,0,424.0,5400.0,3,0,1,0,0
0.096726038,52,0,0.360813929,14300.0,7,0,3,0,2
0.9999999,39,0,0.067364846,7065.0,1,0,0,0,1
0.9999999,71,0,1392.0,5400.0,5,0,1,0,0
0.799800011,34,0,0.831433713,5000.0,5,0,1,0,1
0.155525949,42,0,0.892586773,7000.0,13,0,4,0,3
0.112726772,46,0,3938.0,5400.0,4,0,1,0,0
0.522730303,26,0,0.284318081,2250.0,4,0,0,0,0
0.117909571,56,0,2291.0,5400.0,6,0,1,0,0
0.013812389,29,1,215.0,0.0,7,0,0,0,0
0.103444233,42,0,662.0,5400.0,8,0,0,0,1
0.023998452,34,0,187.0,5400.0,5,0,0,0,1
0.101849349,50,0,0.027847197,2800.0,5,0,0,0,0
0.013525632,41,0,0.287271273,10000.0,9,0,2,0,0
0.380324661,42,0,0.305641197,12000.0,12,0,2,0,4
0.331337325,70,0,448.0,5400.0,3,0,0,0,0
0.880549764,49,0,0.144285238,3000.0,3,0,0,0,0
0.07559622,42,1,0.568886223,5000.0,20,0,2,0,0
0.006502377,33,0,0.00149925,2000.0,4,0,0,0,0
0.62633527,63,0,2810.0,5400.0,11,0,1,0,0
0.390804598,71,0,0.090489381,1082.0,9,0,0,0,0
0.04188733,63,0,0.244393658,7000.0,13,0,1,0,0
0.399533489,27,0,0.122776573,4609.0,5,0,0,0,0
1.321357285,44,1,0.007596961,2500.0,1,0,0,0,0
0.374679059,58,0,0.159288374,4833.0,10,0,0,0,0
0.006896076,68,0,0.139941691,2400.0,4,0,0,0,0
0.011129975,59,1,0.095659876,6773.0,3,3,0,1,1
0.014408215,40,0,0.06344301,5500.0,4,0,0,0,1
0.072936471,54,0,3868.0,5400.0,7,0,2,0,2
0.019349033,65,0,1879.0,5400.0,12,0,1,0,0
0.078343724,38,0,0.270865253,12400.0,6,0,2,0,2
0.548682969,62,0,0.574062165,4664.0,12,0,2,0,0
0.0,24,0,0.0,820.0,2,0,0,0,0
0.177830904,56,0,0.374233129,4400.0,9,0,1,0,2
1.347305389,36,1,116.0,5400.0,1,0,0,0,0
0.0,42,0,6750.0,5400.0,7,0,3,0,0
0.490733692,40,1,0.413547758,10259.0,14,0,3,0,4
0.020188203,64,0,0.013121547,2895.0,15,0,0,0,0
0.022757248,65,0,893.0,5400.0,8,0,2,0,0
0.069833884,56,0,0.256097561,5083.0,9,0,1,0,3
0.501830762,49,0,0.633862999,7488.0,11,0,2,0,2
0.9999999,27,0,0.194041552,2550.0,1,1,0,0,0
0.377396888,69,0,0.482122261,2600.0,12,0,0,0,1
0.022747547,69,0,1249.0,5400.0,7,0,1,0,0
0.573628425,50,0,0.582854286,4000.0,10,0,2,0,1
0.604828015,40,0,0.353182752,7791.0,10,0,2,0,0
0.100109078,31,0,0.211531262,2670.0,4,0,0,1,0
0.85341786,47,0,5435.0,0.0,10,0,1,0,3
0.011413036,59,0,0.003879728,6185.0,7,0,0,0,0
0.170367107,45,0,0.346446425,4600.0,11,0,0,1,3
0.790524578,49,0,0.572528302,6624.0,9,0,1,0,2
0.607471402,25,1,750.0,0.0,7,0,0,0,5
0.590178183,29,0,0.198063105,3200.0,3,2,0,0,0
0.9999999,75,0,0.0,3400.0,0,0,0,0,0
0.426042845,50,0,0.241026711,9583.0,6,0,1,0,0
0.23252859,29,0,0.050721955,2700.0,7,0,0,0,1
0.0,61,0,0.00951912,6092.0,3,0,0,0,2
0.124825002,50,0,0.362704662,8000.0,13,0,2,0,4
0.911286367,45,1,0.228270261,5786.0,5,0,0,2,0
0.099706461,57,0,0.309601253,8300.0,4,0,1,0,1
1.01039896,40,0,0.054899109,5500.0,5,0,0,0,2
0.043810249,62,0,0.274118714,18750.0,14,0,1,0,0
0.15705446,34,0,0.14969049,3553.0,7,0,0,0,2
0.093809551,56,0,0.436056394,10000.0,15,0,3,0,0
0.216887754,53,0,0.196645035,24500.0,13,0,3,0,4
0.9999999,24,0,0.0,5400.0,1,0,0,0,0
0.013899537,61,0,0.40226036,7166.0,11,0,2,0,0
0.013013832,56,0,0.216609814,7621.0,15,0,1,0,0
0.081824029,48,1,0.501679866,8333.0,15,0,2,0,1
0.616111724,62,2,0.421674225,10583.0,17,0,2,0,0
0.179341033,31,0,4639.0,5400.0,6,0,2,0,0
0.183881612,37,0,0.595015576,8666.0,6,0,3,0,1
0.9999999,74,0,8.0,5400.0,0,0,0,0,0
0.038555906,76,0,64.0,5400.0,6,0,0,0,0
0.09007185,71,0,0.39310115,6000.0,9,0,1,0,0
0.021135064,70,0,0.252622082,8866.0,15,0,2,0,0
0.031512013,51,0,0.946812321,5583.0,8,0,1,0,0
0.010906444,60,0,0.041106544,9000.0,9,0,0,0,3
0.932512649,51,1,4401.0,5400.0,13,0,2,0,4
0.067568787,91,0,0.017757159,6250.0,4,0,0,0,0
0.014308831,61,0,0.274729116,2860.0,9,0,1,0,0
0.23872016,44,0,0.779406864,3000.0,5,0,1,0,1
0.0,44,0,1.003997335,1500.0,7,0,1,0,0
0.842196783,58,3,2612.0,5400.0,14,1,2,1,0
1.677740864,37,0,33.0,5400.0,1,1,0,1,2
0.121762915,51,0,0.340933216,21666.0,14,0,3,0,2
0.20789636,41,0,0.227537332,3950.0,15,0,0,0,1
0.041268337,54,0,0.036801454,2200.0,16,0,0,0,0
0.321632116,62,1,0.317043741,3314.0,5,0,1,0,1
0.222633955,79,1,0.32791802,4000.0,20,0,2,0,0
0.9999999,42,0,181.0,5400.0,1,0,0,0,0
0.032815483,53,0,0.140475103,8755.0,6,0,1,0,1
0.00025396,65,0,0.0,2400.0,4,0,0,0,0
0.176359804,25,1,654.0,5400.0,5,2,0,0,0
0.272304473,44,0,0.04519774,2300.0,5,0,0,0,0
0.133811291,39,2,0.449137716,4000.0,11,0,1,0,0
0.788869937,56,0,1066.0,0.0,11,0,0,0,3
0.879282219,42,2,0.094055013,5634.0,3,2,0,0,2
0.338407351,41,0,0.2850243,33333.0,9,0,4,0,2
0.003474913,75,0,0.139033223,6350.0,7,0,1,0,0
0.043941604,76,0,0.020350547,8500.0,8,0,0,0,2
0.658796001,46,0,0.438931298,1833.0,6,0,0,0,1
0.527081494,44,0,0.243491057,8833.0,10,0,1,0,0
0.055917064,75,0,0.02054172,5500.0,9,0,0,0,0
0.021575514,45,0,0.46299447,4701.0,5,0,1,0,3
0.038539774,29,0,0.026347791,4933.0,7,0,0,0,0
0.054071164,68,0,3414.0,5400.0,11,0,1,1,0
0.018071746,42,0,0.256681575,9166.0,6,0,1,0,1
0.057592874,58,0,0.254468191,8000.0,13,0,2,0,0
0.030422497,69,0,2110.0,5400.0,8,0,1,0,0
0.250101999,40,0,0.353532905,8250.0,7,0,1,0,3
0.002773513,60,0,0.002999,3000.0,11,0,0,0,0
0.071393959,62,0,0.352858701,6418.0,4,0,1,0,0
0.423832414,27,0,0.256687536,3513.0,9,0,0,0,0
0.191912484,68,0,0.675435047,9883.0,18,0,2,0,1
0.5301505,41,0,1.059202059,1553.0,4,0,1,0,2
0.0,69,0,715.0,5400.0,3,0,1,0,0
0.309771259,47,0,0.903594382,4200.0,6,0,2,0,0
0.041481195,85,0,0.273464164,2343.0,4,0,1,0,0
0.096207448,60,0,0.165257494,1300.0,7,0,0,0,0
0.010321089,52,0,0.241524762,6400.0,11,0,1,0,1
0.034595277,52,0,0.005839674,5650.0,11,0,0,0,1
0.002409745,69,0,26.0,5400.0,12,0,0,0,0
0.0,61,0,0.095133797,10500.0,11,0,2,0,0
0.084855278,57,0,115.0,5400.0,4,0,0,0,0
0.001533878,61,0,0.00019604,5100.0,4,0,0,0,0
0.9999999,45,1,0.189039652,7590.0,3,0,1,0,0
0.9999999,32,0,0.365769128,3750.0,8,0,2,0,0
0.820876746,54,0,0.410346389,8833.0,8,0,1,0,0
0.386624505,48,0,0.292553791,8876.0,15,0,1,0,2
0.924624419,46,3,0.552141802,3384.0,7,0,0,1,0
0.240459789,35,0,0.623288725,6500.0,11,0,2,0,2
0.83292428,52,0,0.279050396,2400.0,3,0,0,0,1
0.017224229,63,0,0.172206948,4000.0,6,0,1,0,0
0.941389586,49,1,0.577642236,10000.0,40,0,2,0,0
0.088784045,45,0,0.561370482,2655.0,17,0,1,0,2
0.034548273,73,0,1.027473925,3930.0,4,0,2,0,0
0.9999999,62,0,357.0,5400.0,7,0,0,0,0
0.113368543,52,0,0.279229839,10750.0,14,0,2,0,2
0.070725856,58,0,0.060136738,7166.0,8,0,1,0,0
0.051996414,39,0,0.274241919,3000.0,5,0,0,0,2
0.033626627,67,0,555.0,5400.0,9,0,0,0,0
0.636415579,45,0,0.324658546,5417.0,5,0,1,0,0
0.0,52,0,0.413813459,6775.0,8,1,1,0,1
0.404435457,45,0,0.819248826,3833.0,11,0,2,0,2
0.0,50,0,740.0,5400.0,3,0,1,0,0
0.002428522,84,0,0.149323927,1700.0,9,0,0,0,1
0.0,38,0,0.058992626,8000.0,2,0,0,0,0
0.693843594,27,0,0.043536206,2250.0,3,0,0,0,0
0.017983034,54,0,2648.0,5400.0,5,0,2,0,1
0.190903267,60,0,0.828798661,2388.0,11,0,1,0,0
0.007983315,79,0,0.164645161,3874.0,8,0,1,0,0
0.259787011,48,0,0.189112455,8100.0,9,0,1,0,3
0.9999999,55,0,0.0,5400.0,0,0,0,0,1
0.0,30,0,0.552164435,3210.0,7,0,1,0,0
0.336688777,38,1,0.48185118,6611.0,5,0,1,0,2
0.847516394,60,0,3666.0,5400.0,10,0,1,0,1
0.037312787,48,0,1814.0,5400.0,7,0,1,0,0
0.976695428,27,0,2175.0,5400.0,11,0,0,0,0
0.001782366,65,0,326442.0,5400.0,6,0,1,0,0
0.807999769,83,0,0.534098582,2961.0,8,0,1,0,0
0.007188711,66,0,0.167603085,10500.0,18,0,1,0,0
0.42973003,34,0,0.301908353,8750.0,6,0,0,0,2
0.076313047,53,0,2897.0,5400.0,13,0,1,0,0
0.035312292,53,1,0.167230584,25712.0,22,1,2,0,0
0.007254783,76,0,0.094891838,5500.0,11,0,1,0,0
0.600418259,49,0,0.279772023,10000.0,16,0,2,0,4
0.118342107,29,0,0.853053435,3667.0,15,0,1,0,0
0.088696944,52,0,0.096390361,10000.0,5,0,0,0,3
0.03490996,60,0,0.443567482,3800.0,7,0,2,0,0
0.09197707,71,0,0.347706537,8000.0,12,0,1,0,0
0.9999999,39,0,0.740996831,3470.0,4,2,1,2,2
0.169123082,45,1,0.284943011,5000.0,6,0,2,0,0
0.610243136,46,0,0.20042523,7054.0,4,0,0,0,1
0.014092696,80,0,17.0,5400.0,6,0,0,0,0
0.491968476,34,0,0.580903183,6000.0,9,0,1,0,0
0.392535821,36,2,1425.0,5400.0,11,0,1,1,0
0.075333253,60,0,0.169991174,5664.0,11,0,0,0,0
0.884452165,40,2,0.93304767,5600.0,12,0,1,0,0
0.514148585,50,0,0.571777571,8595.0,11,0,3,0,3
0.934206579,53,0,0.159703504,7419.0,3,0,1,0,3
0.201988118,49,0,0.456852792,6500.0,5,0,1,0,1
0.349656816,70,0,0.567717996,3233.0,20,0,0,0,0
0.0,70,0,0.2055993,8000.0,6,0,2,0,0
0.103602346,77,0,459.0,5400.0,11,0,1,0,0
0.9999999,34,0,0.640830318,5250.0,4,0,2,0,2
0.12903533,75,0,0.666780939,5833.0,6,0,2,0,0
0.230579911,54,0,1636.0,5400.0,5,0,1,0,0
0.000839983,55,0,1354.0,5400.0,5,0,1,0,0
0.9999999,29,0,0.0,2300.0,1,1,0,0,0
0.652426831,76,0,0.760932945,2400.0,5,0,1,0,0
0.171625962,27,0,0.200933022,3000.0,7,0,0,0,0
0.264135604,59,0,0.244893606,18750.0,6,0,3,0,3
0.082619628,54,6,0.395577396,6918.0,14,0,1,1,2
0.558110268,65,0,1.099336331,4670.0,12,0,2,0,1
0.002437114,74,0,0.067993524,10500.0,15,0,1,0,0
0.01969803,41,0,0.087988492,4170.0,3,0,0,0,0
0.787925655,40,0,1.200095359,6291.0,9,0,2,0,1
0.037664873,76,0,0.006754772,3404.0,5,0,0,0,0
0.9999999,42,0,0.29716266,9233.0,3,0,1,0,1
0.44330378,50,0,0.41232346,8000.0,7,0,2,0,0
0.524436534,79,0,0.931105931,3860.0,10,0,1,0,0
0.004169444,47,1,0.46730484,14833.0,10,0,1,0,0
0.098965603,65,0,0.053591216,9926.0,6,0,0,0,0
0.439889003,54,0,0.509479242,4166.0,7,0,1,0,2
0.0068924,53,0,0.498615811,3250.0,14,0,2,0,0
0.191054516,71,0,0.689277204,6294.0,6,0,2,0,3
0.26301097,59,1,0.679364127,3333.0,12,0,1,0,1
0.050410095,55,0,0.242471162,12916.0,8,0,2,0,0
0.091911902,61,0,221.0,5400.0,9,0,0,0,1
0.858156028,31,2,0.15390163,6932.0,4,0,0,1,0
0.013923261,59,0,0.537395749,7433.0,6,0,2,0,0
0.171814586,41,0,0.333396819,10500.0,9,0,2,0,2
0.78787553,66,0,0.8785907,6300.0,9,0,1,0,0
0.982055994,52,0,0.340949555,3369.0,8,0,0,0,1
0.141624525,56,0,0.274745051,5000.0,3,0,1,0,0
0.017980476,57,0,0.02066487,16694.0,10,0,0,0,1
0.028967845,60,0,0.011158798,2329.0,4,0,0,0,0
0.011128178,75,0,1149.0,5400.0,9,0,0,0,0
0.634209221,55,0,0.44848638,23750.0,22,0,2,0,0
0.007695398,87,0,11.0,5400.0,8,0,0,0,0
0.045155938,49,0,0.179831453,7000.0,12,0,1,0,0
0.0,44,0,0.230195713,2145.0,9,1,0,0,2
0.246939637,29,0,0.635252731,5400.0,15,0,2,0,0
0.9999999,81,0,0.153258795,11000.0,4,0,3,0,0
0.04127562,50,0,3243.0,5400.0,11,0,2,0,0
0.072723182,66,0,0.26174765,5000.0,5,0,1,0,1
0.9999999,55,0,3235.0,5400.0,5,0,2,0,0
0.132040518,46,0,0.309564329,5875.0,24,0,1,0,0
0.379191481,47,0,0.725897263,46000.0,16,0,1,0,2
0.040231085,82,0,0.124987501,10000.0,7,0,1,0,0
0.0,26,0,0.259870065,2000.0,5,0,0,0,0
0.115213044,33,0,0.29387298,6250.0,2,0,1,0,0
0.100664126,63,0,0.011809327,11600.0,9,0,0,0,0
0.53368742,44,0,1141.0,5400.0,4,0,0,0,2
0.9999999,57,2,0.572085583,5000.0,3,0,2,0,0
0.242940565,40,0,1285.0,5400.0,6,0,1,0,0
0.621400686,44,1,0.59490085,6000.0,11,0,1,0,0
4116.0,62,0,0.318609023,12767.0,6,0,1,0,3
0.056062983,54,0,0.228783833,19100.0,14,0,2,0,1
0.266771475,60,0,0.358292831,6583.0,7,0,1,0,0
0.229272946,45,0,1533.0,5400.0,4,0,1,0,0
0.017228074,87,0,8648.0,5400.0,19,0,10,0,0
0.365904046,68,0,0.273310557,12000.0,14,0,1,0,1
0.002499875,58,0,3216.0,5400.0,3,0,2,0,0
0.354017944,52,1,0.400163094,8583.0,16,0,3,1,1
0.160372802,48,1,2670.0,5400.0,13,0,1,0,0
0.036474088,60,0,0.305498694,28333.0,12,0,2,0,1
0.004674577,42,0,0.322382517,7000.0,7,0,1,0,0
0.094098543,40,0,0.245625729,6000.0,3,0,1,0,0
0.0,55,1,0.234460923,6000.0,6,0,1,1,1
0.026249401,45,1,2369.0,5400.0,15,0,1,0,0
0.292727933,48,0,0.251384183,12100.0,13,0,2,0,0
0.0,81,0,0.017310849,6700.0,5,0,0,0,0
0.114828235,61,0,1033.0,5400.0,5,0,0,0,0
0.670133195,41,1,2720.0,5400.0,5,0,1,0,0
0.038855909,48,0,0.197450637,4000.0,7,0,1,0,0
0.02453072,73,0,0.25760974,3120.0,14,0,0,0,1
0.330829983,65,0,0.90020049,4488.0,12,0,2,0,0
0.684696801,40,0,0.354177898,1854.0,3,0,0,0,2
0.257432342,54,0,0.694243364,2900.0,11,0,1,0,0
0.018514902,67,0,14.0,5400.0,3,0,0,0,0
0.316177245,55,0,0.221450403,3598.0,6,0,0,0,1
0.210946055,57,0,0.302008853,2936.0,7,0,1,0,0
0.161403216,33,0,0.460192308,5199.0,10,0,1,0,3
0.017849108,73,0,176.0,5400.0,8,0,0,0,0
0.340966338,44,0,0.307381408,4700.0,7,0,1,1,1
0.82699187,41,3,0.242605194,7200.0,19,0,0,0,3
0.241885535,38,0,1227.0,5400.0,6,0,1,0,0
0.017749113,49,0,0.659456371,12250.0,10,1,4,0,0
0.113415119,67,0,0.028660436,8024.0,10,0,0,0,0
0.456646979,51,0,0.268400176,13613.0,24,0,1,0,2
0.183312965,46,0,0.154772141,2325.0,5,0,0,0,0
0.287670737,42,1,0.39310115,6000.0,9,0,2,0,1
0.43408117,39,0,0.535340314,4583.0,10,0,2,0,0
0.831145118,39,0,0.602888087,3600.0,6,0,1,0,3
0.615823464,53,0,0.382208227,5080.0,9,0,0,0,1
0.5980755,29,1,0.147327249,2300.0,5,1,0,0,2
0.119745286,59,2,0.308160707,16750.0,8,0,1,0,0
0.852917666,28,2,0.118515784,5416.0,4,0,0,0,2
0.171097043,51,0,0.192931991,14600.0,7,0,2,0,3
0.393808754,62,0,0.341105929,1500.0,3,0,0,0,0
0.026523337,53,0,0.373848764,8251.0,13,0,2,0,0
0.078882766,52,0,0.499280387,7642.0,7,0,2,0,1
0.023146494,40,0,0.439094975,3800.0,16,0,1,0,2
0.9999999,49,0,469.0,0.0,6,0,0,0,0
0.012241419,61,1,0.601865285,4824.0,24,0,1,0,0
0.284245258,51,0,0.524822003,10252.0,11,0,2,0,0
0.0,56,0,0.0,3333.0,9,1,0,0,0
0.653707304,30,2,0.140619793,3000.0,6,0,0,1,0
0.003448038,67,0,4731.0,5400.0,10,0,2,0,0
0.739732349,42,3,0.01329149,10833.0,2,1,0,0,0
0.249772137,48,0,4338.0,5400.0,14,0,2,0,1
0.955215885,41,1,1.114295235,3000.0,9,1,2,0,2
0.0,70,0,0.337288362,7500.0,14,0,1,0,0
0.000545435,74,0,0.221796866,8358.0,9,0,2,0,0
0.362201643,25,0,0.148839842,5300.0,9,0,0,0,0
0.124236962,62,0,0.780882353,2719.0,13,0,1,0,0
0.028110393,75,0,0.213412289,13002.0,15,0,3,0,0
0.157996375,60,0,0.390201225,8000.0,24,0,1,0,0
0.446221511,27,0,0.040194884,820.0,2,0,0,0,0
0.169367943,50,0,0.536480142,7880.0,9,0,2,1,0
0.267331066,38,1,0.337777267,8700.0,8,0,2,0,0
0.483660278,32,0,0.163367327,5000.0,8,0,0,0,2
0.187207111,77,0,1.056377449,2500.0,18,0,2,0,0
0.009936132,56,0,0.162354706,8000.0,11,0,1,0,1
0.048005199,46,0,0.353791724,6500.0,16,0,2,0,1
0.227077292,64,0,0.016995751,4000.0,3,0,0,0,1
0.127112958,63,0,0.20626607,10500.0,20,0,1,0,0
0.790877167,42,2,0.600342808,7000.0,12,0,1,0,0
0.5044991,56,0,0.286302175,1700.0,3,0,0,0,1
0.00340351,80,0,0.001666111,3000.0,10,0,0,0,0
0.020470767,61,0,0.003563377,13750.0,10,0,0,0,1
0.002142755,87,0,160.0,5400.0,2,0,1,0,0
0.278965129,59,1,0.553711976,4700.0,5,0,1,0,0
0.016407618,73,0,0.080952894,9276.0,17,0,1,0,0
0.182637877,41,0,0.247323736,2708.0,8,0,0,0,3
0.129996429,42,0,0.355697662,9538.0,12,0,2,0,0
0.0,71,0,0.0,1945.0,3,0,0,0,0
0.009753719,26,0,0.001996008,500.0,7,0,0,0,0
1.594810379,47,2,0.379348631,5403.0,4,1,1,0,2
0.129233139,58,0,0.176089681,14361.0,14,0,1,0,2
0.119725753,30,0,0.326168458,4000.0,8,0,1,0,0
1.172413793,28,2,72.0,5400.0,2,0,0,0,0
0.001692359,36,0,0.657159659,3400.0,13,0,1,0,0
0.030260093,63,0,0.24895021,5000.0,7,0,1,0,0
0.072478797,85,0,0.006723079,8626.0,3,0,0,0,0
0.079384401,39,1,0.470273029,3918.0,3,0,1,0,1
0.860784804,32,0,0.029420166,3500.0,1,0,0,0,0
0.022426556,78,0,0.553259565,7500.0,16,0,3,0,0
0.018115205,66,3,0.362457229,12566.0,10,0,1,2,1
0.04598133,45,0,0.180606465,3000.0,13,0,0,1,0
0.991603359,23,2,0.172206833,2165.0,4,1,0,0,0
0.375046417,42,2,0.428960964,6967.0,12,0,1,0,2
0.034359375,77,0,520.0,5400.0,4,0,1,0,3
0.386185299,41,0,0.619942061,10700.0,15,0,3,0,1
0.020978277,32,0,0.020884248,4500.0,6,0,0,0,0
0.004157595,80,1,0.500719942,8333.0,16,0,4,0,1
0.037817322,59,0,0.310421666,5833.0,6,0,3,0,0
0.041382384,47,0,3158.0,5400.0,15,0,1,0,0
0.00881738,47,0,0.753881988,6439.0,6,0,2,0,2
0.012237893,40,0,1799.0,5400.0,4,0,1,0,0
0.0,37,0,0.372604566,6000.0,7,0,2,0,0
0.9999999,25,0,0.603396603,1000.0,3,0,0,0,0
0.176891155,52,1,0.33840139,6905.0,9,0,2,0,0
0.007917225,78,0,1607.0,5400.0,15,0,1,0,0
0.114514721,93,0,0.03832056,3000.0,3,0,0,0,0
0.343500445,54,0,0.464480874,8600.0,14,1,2,0,2
0.011055404,44,0,0.241050853,6508.0,13,0,2,0,3
0.6245,60,0,0.7124,4999.0,16,0,1,0,1
0.031083531,41,0,2194.0,5400.0,7,0,1,0,2
0.058541907,24,0,0.010745891,3163.0,3,0,0,0,0
0.798201451,43,2,0.448219569,9800.0,12,0,1,0,0
0.012746392,71,0,0.029828362,6000.0,12,0,1,0,1
0.006460639,93,0,0.000527148,7587.0,6,0,0,0,0
0.785483988,51,0,0.546167418,5100.0,9,0,0,0,1
0.096007272,41,0,774.0,5400.0,4,0,0,0,0
0.522206073,74,0,0.293437106,9507.0,9,0,1,0,0
0.099280343,54,0,1604.0,5400.0,12,0,1,0,0
0.006425757,62,0,0.292518862,11000.0,15,0,3,0,0
0.006841205,78,0,52.01785714,55.0,6,0,2,0,0
0.032161583,60,0,0.123011016,3267.0,6,0,0,0,0
0.002601871,70,0,0.172182782,10000.0,26,0,1,1,0
1.660678643,33,2,2303.0,5400.0,8,4,0,2,0
0.361360676,37,0,0.423165667,6500.0,13,0,1,0,1
0.746659945,33,1,0.297250529,5200.0,9,1,0,0,4
0.02479752,40,1,0.243455497,4583.0,6,0,0,0,3
0.0,85,0,0.0,3000.0,4,0,0,0,0
0.001442576,63,0,0.000112423,8894.0,4,0,0,0,0
0.556041854,31,0,574.0,5400.0,5,0,0,0,0
0.045727236,28,0,0.175274908,3000.0,5,0,0,0,0
0.04419779,67,0,734.0,5400.0,2,0,1,0,0
0.206576229,66,1,0.386625094,9300.0,17,0,2,0,1
0.157375287,38,0,0.245668592,2250.0,6,0,0,0,0
0.0,42,1,0.842386898,6166.0,13,0,3,0,3
0.361696094,45,0,0.59289966,9407.0,14,0,5,0,0
0.601098604,49,1,3325.0,5400.0,18,0,2,0,2
0.031707938,65,0,0.273347448,4250.0,8,0,0,0,0
0.230398618,40,0,2033.0,5400.0,3,0,1,0,0
0.9999999,53,0,0.279367792,2340.0,3,0,0,0,1
0.037050193,55,0,0.038987004,3000.0,12,0,0,0,1
0.012789893,82,0,0.002394029,7100.0,4,0,0,0,0
0.520920299,29,2,0.129243737,4270.0,7,0,0,0,0
0.17321742,41,0,127.0,5400.0,7,0,0,0,0
0.670896751,45,0,0.275338491,10339.0,7,0,3,0,0
0.041330274,82,0,70.0,5400.0,12,0,0,0,0
0.0,45,0,0.460930641,3416.0,5,0,2,0,2
0.034358468,49,0,0.143702906,3715.0,7,0,1,0,1
0.056200048,51,0,0.241158319,12638.0,13,0,2,0,1
0.030323232,36,1,0.073493876,12000.0,4,0,0,0,0
0.766201998,55,0,0.466964801,6931.0,22,0,2,0,0
0.487674883,29,0,0.142857143,4500.0,5,0,0,0,0
0.002254877,63,0,0.220456293,3900.0,8,0,1,0,0
0.443094274,30,0,0.190607735,3257.0,6,0,0,0,2
0.367724409,34,2,0.176058237,3708.0,6,0,1,0,0
0.017356037,47,1,0.249590983,5500.0,12,0,1,0,3
0.30076965,30,0,685.0,5400.0,4,0,0,0,0
0.9999999,37,0,3368.0,5400.0,4,0,2,0,0
0.326419387,52,0,4885.0,5400.0,9,0,2,0,1
0.030389555,56,0,0.036296686,1900.0,9,0,0,0,0
0.035696899,48,0,0.603199289,4500.0,19,0,2,0,2
0.9999999,30,0,36.0,5400.0,1,1,0,0,0
0.039835521,35,0,0.099063771,20400.0,13,0,1,0,2
0.830755721,52,0,0.743262546,10500.0,14,0,8,0,3
0.045385726,44,0,0.21541502,5565.0,8,0,1,0,2
0.071879113,52,0,0.392720737,4450.0,5,0,1,0,4
0.118192098,42,0,0.197518382,10879.0,10,0,2,0,3
0.092095315,70,0,0.281674738,6400.0,9,0,1,0,1
0.006929377,54,0,0.305969403,10000.0,18,0,2,0,0
0.222793591,51,0,0.708822794,4000.0,19,0,1,0,2
0.17362842,59,0,0.190161968,5000.0,7,0,2,0,2
0.0,36,1,2.487929773,4100.0,8,0,4,0,0
0.002814745,45,0,0.11387089,8333.0,8,0,2,0,0
0.00428551,43,0,0.029294274,750.0,2,0,0,0,0
0.19594065,48,0,1.676529388,2500.0,9,0,1,0,0
0.368004594,41,0,0.320072129,8872.0,6,0,1,0,2
0.266262985,57,0,0.115109969,3500.0,5,0,0,1,0
0.290873058,78,0,0.132376867,6760.0,16,0,1,0,1
0.194069976,57,0,0.176621571,18700.0,16,0,2,0,3
0.996806857,52,1,0.612567541,4996.0,12,0,1,0,1
0.035421861,77,0,0.233629066,7100.0,13,0,2,0,0
0.9999999,78,0,38.0,5400.0,2,0,0,0,0
0.010639574,84,0,0.003197807,2188.0,3,0,0,0,0
0.538606765,57,0,0.145332855,8366.0,6,0,0,0,1
0.118334533,59,1,0.2011997,4000.0,9,0,0,0,3
0.255744256,27,0,0.51974013,2000.0,2,0,0,0,0
0.25801855,51,0,0.131490935,5680.0,2,0,0,0,0
0.0,58,0,0.240783948,15000.0,10,0,3,0,3
0.9999999,58,0,0.0,6351.0,0,1,0,0,0
0.047877713,48,0,0.195108184,5314.0,5,0,1,0,2
0.028899684,72,0,310.0,5400.0,5,0,0,0,0
0.797465996,30,0,0.21980638,6300.0,7,0,0,0,2
0.108876976,48,0,0.360953187,8266.0,15,0,1,0,0
0.0,60,1,1068.0,5400.0,5,0,1,0,0
0.169660679,43,1,0.270665953,5600.0,3,1,2,3,0
0.231038456,55,0,0.043241773,7353.0,7,0,0,0,0
0.34768068,73,1,0.43561705,4480.0,8,1,1,0,3
0.287133231,55,0,0.087700981,4788.0,17,0,0,0,1
0.127742636,77,0,0.371345736,4138.0,15,0,2,0,0
0.021162463,81,0,0.218960864,2963.0,20,0,0,0,0
0.006030789,81,0,0.00016284,6140.0,5,0,0,0,0
0.038219521,44,0,0.045581767,2500.0,16,0,0,0,1
0.04351424,67,0,18.0,5400.0,1,0,0,0,0
0.847843978,50,0,0.259522695,10684.0,6,0,0,0,0
0.0,42,0,0.476469804,7500.0,7,0,2,0,0
0.064122856,78,0,0.493835388,3000.0,14,0,1,0,0
0.00434959,42,0,0.164285714,3219.0,6,0,0,0,2
0.575910602,68,0,0.255379928,5250.0,5,0,0,0,3
0.9999999,32,1,0.023992618,3250.0,3,2,0,0,0
0.076863951,39,0,0.183308892,7500.0,11,0,2,0,2
0.300591406,72,0,0.62805951,6250.0,9,0,1,0,0
1.009948169,39,1,0.241647827,3980.0,13,1,0,3,1
0.557857657,44,0,0.290935673,2735.0,6,0,0,0,2
0.603396603,22,0,0.02247191,800.0,1,0,0,0,0
0.014862113,61,0,23.0,5400.0,5,0,0,0,0
0.139997183,68,1,0.313634318,13333.0,8,0,2,0,0
0.9999999,45,0,0.120625561,7800.0,3,0,0,0,1
0.696265249,42,0,0.303688497,15100.0,8,0,1,0,1
0.9999999,49,2,2808.0,5400.0,5,2,1,1,0
0.780406531,60,0,0.127790179,3583.0,6,0,0,0,2
0.010024749,42,0,0.1298027,6740.0,3,0,0,0,3
0.006928588,33,0,0.043444829,2600.0,3,0,0,0,0
0.0,85,0,0.0,5400.0,4,0,0,0,0
0.003071209,63,0,0.270751847,2300.0,8,0,2,0,0
0.01699932,91,0,0.016793283,2500.0,9,0,0,0,0
0.9999999,47,0,0.014162006,11085.0,3,1,0,0,0
0.9999999,44,0,0.0,9000.0,0,0,0,0,6
0.060079165,57,0,0.705843146,4500.0,7,0,2,0,1
0.114342855,39,0,0.515844436,5553.0,3,0,1,0,3
0.139694202,60,0,0.028709455,14489.0,10,0,0,0,1
0.048625334,66,0,4715.0,5400.0,7,0,2,0,0
0.039721236,31,0,0.051166438,5100.0,13,0,0,0,0
0.002456112,69,0,0.001170503,5125.0,7,0,0,0,0
0.811907551,90,0,1.66827853,3101.0,24,0,2,0,0
0.034150741,49,0,0.370836942,12700.0,6,0,2,0,1
0.016199676,38,0,0.198924731,7253.0,6,0,1,0,3
0.118565783,51,0,0.125124982,7000.0,5,0,1,0,1
0.9999999,49,0,0.0,3683.0,0,0,0,0,1
0.04576242,84,0,55.0,5400.0,5,0,0,0,0
0.549535635,64,0,2978.0,5400.0,28,0,0,0,2
0.032475575,32,0,0.042970574,6422.0,4,0,0,0,0
0.9999999,45,0,0.35523275,3028.0,3,0,0,0,0
1.020979021,31,0,0.160473254,6000.0,4,0,0,0,0
0.820589705,36,0,0.430622634,7660.0,6,0,3,0,1
0.9999999,54,0,0.00299987,7666.0,1,4,0,0,1
0.000499986,52,0,0.417903379,6333.0,8,0,2,0,2
0.648133797,56,0,0.179487179,21800.0,8,0,1,0,1
0.051799137,62,0,0.008544653,10883.0,4,0,0,0,1
0.127574485,28,0,0.206176203,1100.0,5,0,0,0,0
0.459988052,48,1,0.286823235,15200.0,9,1,2,0,4
0.01884328,71,0,0.210232285,3400.0,8,0,1,0,0
0.947670155,42,0,1463.0,5400.0,5,0,0,0,0
0.200031127,38,0,1900.0,5400.0,9,0,2,0,0
1.026991003,26,0,0.14606476,4230.0,7,0,0,0,0
0.386445539,52,0,2.287260616,1200.0,8,0,1,0,1
0.954070086,42,0,0.472651967,8208.0,8,0,1,0,0
0.13726494,72,0,0.265141938,8700.0,5,0,1,0,0
0.0,34,0,0.084149136,4800.0,3,0,0,0,0
0.024171811,46,1,0.576745047,5400.0,8,0,1,0,2
0.073219943,68,0,123.0,5400.0,7,0,0,0,0
0.9999999,30,0,0.02617801,2291.0,0,0,0,0,0
0.006939844,63,0,0.224750875,7425.0,10,0,1,0,0
760.0,63,0,0.060827936,3550.0,2,0,0,0,0
1.149833518,42,1,0.040196595,5696.0,6,2,0,0,0
0.401279936,36,2,0.345269506,7958.0,9,0,2,0,2
0.740416158,60,0,1.582633957,3097.0,10,0,1,0,0
0.885154671,66,0,1.071270105,3605.0,6,0,2,0,0
0.189620758,44,0,0.164573408,2308.0,3,0,0,0,3
0.9999999,44,0,0.086964448,5484.0,1,1,0,0,1
0.598913514,47,0,0.317766497,3939.0,7,0,1,0,2
0.018076952,54,0,0.354050279,5727.0,10,0,1,0,3
0.177152914,60,0,0.317938801,8790.0,7,0,1,0,0
0.126179633,74,0,1589.0,5400.0,14,0,1,0,0
0.339424895,48,0,0.200262516,5332.0,10,0,1,0,1
0.431120033,62,0,4640.0,5400.0,11,0,2,0,0
0.009634169,84,0,0.003378378,8879.0,14,0,0,0,0
0.0,79,0,0.0,5400.0,5,0,0,0,0
0.03129825,66,0,0.279883647,11000.0,11,0,2,0,0
0.519193234,52,0,0.68903887,8000.0,15,0,1,0,2
0.069458941,54,0,0.864497529,7283.0,12,0,4,0,1
0.9999999,56,0,0.035528942,2504.0,1,0,0,0,0
0.350125553,67,0,662.0,5400.0,6,0,0,0,2
0.775736287,27,1,0.390724799,3600.0,8,0,0,0,1
0.0,82,0,0.0,5400.0,3,0,0,0,0
0.969945431,52,0,1.181954511,4000.0,12,0,2,0,0
0.176712405,58,3,0.69035533,4333.0,8,0,1,0,0
0.0,61,0,460.0,5400.0,4,0,0,0,0
0.038180372,46,0,0.313102799,4250.0,8,1,0,0,3
0.226117997,45,1,0.694093813,6416.0,24,0,1,0,3
0.0,77,0,432.0,5400.0,4,0,0,0,0
0.9999999,34,0,0.0,1500.0,1,0,0,0,0
0.040165328,76,0,0.003794094,9751.0,9,0,0,0,0
0.000679986,50,0,0.000184604,5416.0,3,0,0,0,0
0.0,32,0,0.0,2313.0,2,0,0,0,0
0.9999999,38,0,0.536932883,5333.0,3,0,1,0,3
0.12485365,74,0,195.0,5400.0,4,0,0,0,0
0.007685755,47,0,0.107181824,15580.0,14,0,2,0,4
0.043449657,69,0,0.151957849,8350.0,14,0,1,0,0
0.002696569,61,0,0.00029997,10000.0,5,0,0,0,1
0.000135131,50,0,0.193251055,6400.0,9,0,1,0,0
0.379175422,53,0,3780.0,5400.0,3,0,1,0,0
0.938544767,74,0,1.341847935,5010.0,18,0,2,0,0
0.049231433,42,0,0.142925602,8346.0,7,0,2,0,0
0.366326735,54,0,0.336415896,4000.0,5,0,1,0,0
0.000706134,47,0,3633.0,5400.0,11,0,2,0,3
2990.0,56,0,0.048947719,10500.0,10,0,1,0,0
0.9999999,63,0,0.0,5400.0,0,0,0,0,0
0.126168945,43,0,0.185781727,3600.0,6,0,0,0,0
0.081763637,72,0,0.037192561,5000.0,7,0,0,0,1
0.029946829,48,0,0.668587281,4685.0,13,0,3,0,2
0.341533259,35,0,0.666416698,8000.0,11,0,1,0,2
0.220754123,45,0,0.226034111,5100.0,6,0,0,0,3
0.90181912,68,3,0.364725906,14100.0,17,0,3,0,0
0.331078785,82,0,0.70272042,3050.0,12,0,1,0,0
0.393663776,51,1,0.382304165,10250.0,23,0,2,0,2
0.260387387,36,0,0.222129645,6000.0,8,0,0,0,2
0.0,41,0,0.070755624,5200.0,2,0,0,0,2
0.40672402,70,0,0.326614363,8284.0,13,0,2,0,0
0.9999999,56,1,0.116289199,4591.0,3,0,0,0,0
0.569038957,45,0,0.260245036,7100.0,7,0,1,0,0
0.049560624,45,0,0.268781302,9583.0,11,0,3,0,0
0.018561485,55,0,2058.0,5400.0,6,0,1,0,2
0.627038401,31,0,0.216594469,3000.0,4,1,0,1,3
0.790066829,49,0,0.263157895,8758.0,9,0,0,0,2
0.026462597,81,0,0.24686941,6148.0,6,0,1,0,0
0.469228086,47,0,0.747977277,5808.0,12,0,3,0,0
0.027718812,67,0,0.259247649,3189.0,13,0,1,0,0
1.007736097,63,0,299.0,5400.0,13,0,0,0,0
0.085980255,61,0,0.252390057,7844.0,8,0,1,0,0
0.105675773,53,0,0.194513716,400.0,5,0,0,0,0
0.027281906,41,0,0.027798098,4100.0,5,0,0,0,1
0.403195765,76,0,2662.0,5400.0,10,0,2,0,0
0.23062684,70,0,0.807747489,5575.0,28,0,2,0,0
0.445895919,72,0,0.147760646,5447.0,8,0,0,0,1
0.84007138,43,1,0.43218927,3000.0,11,0,0,0,0
0.003483692,66,0,2633.0,5400.0,7,0,1,0,1
0.022902302,68,0,0.002428225,7000.0,3,0,0,0,0
0.036915737,44,0,489.0,5400.0,8,0,0,0,0
0.445582177,57,0,0.82304287,8583.0,6,0,4,0,0
0.67044984,49,0,2994.0,5400.0,13,1,1,0,0
0.997012377,30,0,0.22610261,5554.0,5,0,0,0,2
0.05267618,78,0,0.016216216,2774.0,11,0,0,0,0
0.334005333,32,0,0.466010314,6398.0,8,0,3,1,3
0.0,61,0,0.0,2773.0,4,0,0,0,1
0.281422547,45,0,249.0,1.0,5,0,1,0,1
0.77952215,60,1,0.497838172,6475.0,11,1,4,1,0
0.006077995,63,0,9.0,5400.0,10,0,0,0,0
0.140766419,45,0,0.78459441,4400.0,11,0,1,0,3
0.070599151,69,0,0.021331302,10500.0,8,0,0,0,0
0.188558601,83,0,0.065547562,1250.0,7,0,0,0,0
0.075511473,47,4,0.640670666,6500.0,8,0,1,0,3
0.051550304,59,0,0.3977813,4416.0,13,0,0,0,0
0.776351971,47,0,0.390318054,4275.0,9,0,2,0,3
0.531884201,56,0,849.0,5400.0,3,0,1,0,0
0.100228057,72,0,0.23726628,1550.0,8,0,0,0,1
0.868657272,54,0,0.785553969,4900.0,15,1,2,0,0
0.746809447,47,0,0.357940343,6000.0,9,0,1,0,1
0.01864651,49,0,2468.0,5400.0,5,0,1,0,0
0.004247198,67,0,4.0,5400.0,5,0,0,0,0
0.021471075,65,0,0.003721425,13166.0,5,0,0,0,1
0.863464992,51,0,1600.0,5400.0,7,0,0,0,1
1.030993801,58,0,0.337220926,3000.0,3,1,2,0,1
0.9999999,58,0,0.30514921,3417.0,1,0,1,0,0
0.051047064,63,0,0.037820958,8645.0,5,0,0,0,0
0.0,37,0,0.360127974,5000.0,9,0,1,0,0
0.035447466,48,0,2213.0,5400.0,14,0,1,0,0
0.295576492,63,0,0.22163755,4750.0,8,0,0,0,1
0.048376446,60,0,0.014997001,5000.0,5,0,0,0,0
0.0,38,0,0.114563631,3700.0,2,0,0,0,3
0.95220478,28,0,0.07587798,3900.0,3,0,0,0,0
0.0,52,0,0.075855231,6050.0,7,0,0,0,3
0.005442969,42,0,0.118880397,9681.0,10,0,1,0,0
0.2184709,53,0,1629.0,5400.0,7,0,1,0,0
0.139996185,58,1,0.627946606,14083.0,12,0,4,0,2
0.099201516,61,0,0.353145396,7200.0,6,0,1,0,0
0.035474887,67,0,0.147330188,23952.0,20,0,1,0,1
0.9999999,37,1,0.0,6100.0,0,2,0,0,0
0.059972368,66,0,338.0,5400.0,11,0,1,0,0
0.75595289,55,0,3657.0,5400.0,8,0,1,0,1
0.320026666,48,0,0.219241556,8200.0,10,0,1,1,3
0.379020198,44,0,0.272514841,15833.0,16,0,2,0,2
0.338888851,67,1,1.040489878,4000.0,10,0,2,0,0
0.108629851,75,0,0.026986786,5372.0,7,0,0,0,0
0.005183247,74,0,5.0,5400.0,5,0,0,0,0
0.450604939,52,0,0.346505144,10400.0,11,0,2,0,1
0.102278054,38,0,0.241252916,3000.0,9,0,0,0,0
0.109856367,41,0,635.0,5400.0,5,0,0,0,1
0.021862808,50,0,0.289471053,10000.0,22,0,2,0,1
0.007517069,97,0,0.001124859,8000.0,7,0,0,0,0
4321.0,71,0,129.0,5400.0,2,0,0,0,0
0.658544156,53,0,0.951917573,5240.0,17,0,4,1,1
0.020088442,74,0,0.023616798,10500.0,11,0,1,0,0
0.0,64,0,0.036156375,57195.0,6,0,1,0,1
0.9999999,63,0,0.044367527,3177.0,1,2,0,0,1
0.0,64,0,0.00790798,1390.0,17,0,0,0,0
0.001647446,34,0,0.486240619,4396.0,5,0,1,0,0
0.9999999,33,0,49.0,5400.0,0,1,0,0,0
0.734159224,42,0,0.092098158,16666.0,5,0,0,0,0
0.9999999,63,0,0.531893621,5000.0,6,0,2,0,0
0.023621196,57,0,0.008746356,4458.0,9,0,0,0,1
0.284929399,58,0,0.46177726,2576.0,5,0,0,0,0
0.0,65,1,297.0,5400.0,7,0,0,0,0
0.9999999,79,0,0.03992016,500.0,2,0,0,0,0
0.809616997,46,0,0.994001714,3500.0,16,0,2,0,2
0.007083137,69,0,0.682878081,1500.0,7,0,1,0,0
0.0,50,0,0.0,5400.0,7,0,0,0,0
0.772901946,47,0,0.528277932,8663.0,7,0,2,1,0
0.451979311,53,3,0.340929671,6625.0,11,0,2,0,0
1.027720973,42,2,0.260497001,3500.0,5,2,0,1,2
0.056842052,53,1,0.245716952,15000.0,14,0,1,0,0
0.105772356,68,0,0.108211144,3409.0,6,0,0,0,0
0.0,34,0,0.305157919,4400.0,8,0,1,0,1
0.0,32,0,0.088182792,2800.0,4,0,0,0,0
0.531069032,47,0,0.997933382,8225.0,18,0,4,0,3
0.013174671,43,0,0.324110672,7083.0,5,0,1,0,3
0.090140044,75,1,0.169516082,3450.0,11,0,1,0,0
0.016016265,52,0,0.120092825,5170.0,7,0,0,0,0
0.545806884,50,0,0.810330229,3542.0,8,0,1,0,0
0.010722106,46,0,1467.0,5400.0,6,0,1,0,0
0.241312697,48,0,0.345003287,6083.0,14,0,2,0,1
0.993335555,46,2,0.145532308,8650.0,9,3,0,0,0
0.095598241,52,0,1458.0,5400.0,4,0,1,0,3
0.248302721,40,0,0.858456617,2500.0,4,0,2,0,1
0.279134882,55,0,0.02929707,10000.0,8,0,0,0,0
0.041328741,26,0,0.669609079,792.0,3,0,0,0,0
0.650194182,39,0,0.411372631,4800.0,5,0,1,0,3
0.002615284,74,0,2.0,5400.0,4,0,0,0,0
0.0,82,0,1169.0,5400.0,5,0,1,0,0
0.512184013,66,1,0.774206194,7652.0,11,0,1,0,1
0.170200677,59,0,1618.0,5400.0,3,0,1,0,0
1.018142296,61,0,0.295574542,10416.0,11,0,1,0,0
0.008622009,60,0,0.114247312,2975.0,6,0,0,0,0
0.016337296,73,0,0.00390439,10500.0,13,0,0,0,0
0.025524972,56,0,0.177734375,3583.0,4,0,1,0,1
0.004336193,46,0,0.003207698,3740.0,12,0,0,0,2
0.0,61,0,0.0,6667.0,5,0,0,0,0
0.064747843,107,0,939.0,5400.0,9,0,1,0,0
0.901238304,50,0,0.282762692,6775.0,6,0,0,0,1
0.0,71,0,0.423326134,3703.0,13,0,1,0,0
0.102561886,73,0,2337.0,5400.0,9,0,1,0,2
0.016449589,38,0,0.051561912,7970.0,3,0,0,0,0
0.090502593,35,0,0.318173021,5166.0,13,0,2,0,0
0.857142857,33,0,0.422042371,4200.0,6,0,2,0,0
0.46458502,63,0,5164.0,5400.0,8,1,1,0,0
0.051226708,68,0,106.0,5400.0,5,0,0,0,0
0.008767882,28,0,0.073363044,5833.0,5,0,0,0,0
0.002709503,46,0,39.0,5400.0,3,0,0,0,0
0.052047382,40,0,0.257350315,8400.0,9,0,1,0,0
0.0,78,0,0.432168968,1230.0,11,0,0,0,0
0.728386883,40,1,0.191233017,3900.0,3,1,0,0,0
0.863975451,48,0,0.664067187,5000.0,11,0,1,0,2
0.9999999,52,0,0.0,3932.0,0,0,0,0,0
0.281709551,43,0,0.276062417,6023.0,8,0,0,0,3
0.137492534,67,0,1.051082033,3973.0,19,0,5,0,0
0.063293671,62,0,0.650545562,3390.0,8,0,2,0,0
0.972471108,65,0,1583.0,5400.0,9,0,1,0,0
0.103368713,26,0,25.0,5400.0,3,0,0,0,0
0.361118438,62,0,0.298200212,8500.0,8,0,2,0,0
0.004446157,72,0,0.166460337,10500.0,16,0,1,0,0
0.049683871,47,0,0.178019802,5049.0,3,0,1,0,2
0.0,22,0,0.0,2713.0,2,0,0,0,0
0.04462908,37,0,77.0,5400.0,16,0,0,0,3
0.059106733,38,1,0.084446972,7033.0,8,0,0,0,0
0.013188718,68,0,1760.0,5400.0,14,0,2,0,2
0.069398265,63,0,0.380870561,3491.0,5,0,1,0,0
0.022244284,58,0,0.078427016,4500.0,8,0,0,0,2
0.079942898,49,2,3.0,5400.0,4,0,0,1,0
0.981818182,28,1,0.199636474,3300.0,5,0,0,1,3
0.356155298,45,0,0.736522092,4933.0,8,0,2,0,1
0.830599019,44,0,0.492304676,10200.0,10,0,2,0,4
0.118547036,49,0,142.0,0.0,8,0,0,0,2
0.9999999,32,0,0.0444247,2250.0,1,1,0,1,0
0.084349958,63,0,2078.0,5400.0,18,0,2,0,0
0.542585077,47,0,2.90699462,1300.0,17,0,1,0,1
0.002322628,50,0,0.401967765,15448.0,11,0,2,0,2
0.569781975,48,0,122.0,5400.0,3,2,0,0,1
0.025999536,58,0,0.055327186,9000.0,11,0,0,0,3
0.752805816,52,0,0.187858076,9948.0,5,0,0,0,1
0.417539355,59,0,0.372393247,3020.0,5,0,1,0,0
0.0,59,0,0.463731121,4700.0,6,0,1,0,0
0.006420884,57,3,0.233775704,6856.0,20,0,1,1,2
0.022767217,54,0,0.009154421,4150.0,7,0,0,1,3
0.484953758,71,0,3209.0,5400.0,8,0,1,0,1
0.11249178,69,1,4710.0,5400.0,13,0,3,0,1
0.003846964,75,0,0.317270992,6287.0,15,0,2,0,0
0.717504837,42,0,0.392301295,8416.0,9,0,1,0,2
0.15088123,42,0,0.014830862,6000.0,3,0,0,0,3
0.007571158,68,0,0.162046452,9342.0,6,0,1,0,0
0.0,25,0,0.601156069,864.0,2,0,0,1,0
0.013921114,34,0,1.173041218,2692.0,11,0,1,0,0
0.524699238,46,1,0.033316881,12155.0,3,0,0,0,0
0.278859194,49,1,0.566308244,5300.0,11,0,4,0,1
0.057917683,52,0,3808.0,5400.0,7,0,2,0,0
0.9999999,51,0,0.23213231,5078.0,3,0,1,0,1
0.141533018,53,0,0.168983102,10000.0,6,0,1,0,0
0.155653696,66,0,0.387497927,6030.0,8,0,1,0,0
0.583157706,53,0,0.075843812,7554.0,5,0,0,0,3
0.0,83,0,1199.0,5400.0,3,0,1,0,0
0.9999999,59,1,0.506425512,2100.0,1,0,1,0,0
0.156623272,43,2,0.863917526,2424.0,11,2,1,1,3
0.9999999,77,0,0.022248948,3325.0,0,2,0,0,0
0.020389788,54,0,0.242551406,4765.0,7,0,1,0,0
0.492775361,61,0,0.190974493,7644.0,4,0,0,0,0
0.30876223,38,0,0.676441186,3000.0,13,0,1,0,1
0.271818787,25,1,0.011994003,2000.0,1,1,0,1,0
0.0,52,0,0.422680412,3200.0,8,0,1,0,1
0.017187462,68,1,0.134228188,4916.0,7,0,1,0,1
0.354218225,34,0,0.431590258,5583.0,11,0,1,0,1
0.103536429,43,0,0.268654188,11806.0,17,0,2,0,5
0.04019836,74,0,0.309335047,14000.0,11,0,2,0,0
0.387907473,55,0,0.132366727,16000.0,4,0,2,0,0
0.0,55,0,0.0,9000.0,6,0,0,0,0
0.045139633,27,0,0.076749436,3100.0,5,0,0,0,0
0.119555393,58,0,0.910885505,3545.0,8,0,1,0,1
0.001446778,74,0,1590.0,5400.0,10,0,1,0,0
0.742902839,28,0,0.372712146,600.0,2,0,0,0,0
0.934810952,35,0,0.388736553,4740.0,9,0,2,1,2
0.438147525,55,0,0.375721094,3986.0,8,0,0,0,5
0.0402041,50,0,0.103958362,7300.0,7,0,1,0,4
0.301528182,25,0,0.330955777,4906.0,11,0,0,0,4
0.099469352,40,0,258.0,5400.0,6,0,0,0,0
0.017204613,33,0,0.263578893,7750.0,5,0,1,0,1
0.38094813,66,0,0.232972815,3420.0,5,0,0,0,0
0.170802544,42,0,0.056194381,10000.0,4,0,0,0,1
0.007029471,37,0,0.336698212,4754.0,8,0,2,0,0
0.9999999,24,18,0.0,3345.0,0,18,0,18,0
0.577039527,67,0,0.860027994,5000.0,9,0,2,0,0
0.00279408,54,0,0.559410558,5360.0,10,0,2,0,0
0.014768781,41,0,0.400999884,8600.0,7,0,2,0,2
0.009331275,80,0,0.04149585,10000.0,9,0,1,0,1
0.038685082,52,0,1036.0,5400.0,4,0,1,0,0
0.746709801,33,0,0.516451479,2400.0,8,0,0,0,2
0.540236818,44,0,0.481304031,9600.0,9,0,2,0,3
0.9999999,65,0,0.231010568,6055.0,2,0,1,0,1
0.052173696,48,1,0.479116991,13000.0,8,0,1,0,2
0.16464956,42,0,0.541576404,6000.0,12,0,2,0,3
0.799963341,47,0,0.147590361,7967.0,6,0,0,0,0
0.131726547,48,0,0.338517942,9000.0,5,0,1,0,4
0.0,69,1,0.302752294,7411.0,3,0,0,0,0
0.064603078,31,0,0.058453182,16200.0,8,0,0,0,2
0.956841035,47,0,0.135920019,4200.0,9,4,0,0,0
0.005104401,74,0,0.062633729,5140.0,9,0,0,0,0
0.032488345,36,0,0.011728503,17222.0,13,0,0,0,0
0.593084763,54,0,0.327258922,3950.0,5,0,0,0,0
0.754126846,47,0,0.065313779,5863.0,4,0,0,1,2
0.144890214,49,0,0.201493048,14600.0,9,0,2,0,0
0.007848247,75,0,0.498800959,1667.0,7,0,1,0,0
0.9999999,50,0,0.37714401,14866.0,6,0,4,0,0
0.064323165,35,0,0.58669945,8540.0,9,0,1,0,0
0.009332678,59,0,0.41109815,6000.0,7,0,1,0,1
0.029727524,78,0,0.06432942,6046.0,4,0,0,0,0
0.853505743,67,3,1.146778043,2513.0,7,3,1,0,1
0.140680124,57,0,2059.0,5400.0,8,0,1,0,0
0.0,56,0,0.323181532,17500.0,9,0,6,0,1
0.364787359,49,0,0.514588641,12166.0,6,0,4,0,0
0.0,67,0,0.007984032,500.0,4,0,0,0,0
0.467741408,58,0,0.667156719,3400.0,15,0,1,0,3
0.9999999,55,0,0.200444198,1800.0,3,0,0,0,1
0.021229379,71,0,1103.0,5400.0,8,0,0,0,0
0.003192579,34,0,787.0,5400.0,6,0,0,0,0
0.016970944,64,0,0.140258297,7200.0,7,0,1,0,0
0.0,29,0,0.075754663,5200.0,2,2,0,0,3
0.105132294,50,0,0.031743746,125000.0,7,0,1,0,0
0.095069306,60,0,1.291336693,4166.0,5,0,1,0,0
0.009203857,79,0,0.046707613,7000.0,9,0,0,0,1
0.087086574,31,0,0.308717379,1800.0,4,0,0,0,0
0.055408507,58,1,0.214016482,15652.0,14,0,3,0,0
0.047044159,50,0,0.368414306,7800.0,15,0,2,0,5
0.017731527,50,0,0.278773707,3848.0,7,0,1,0,1
0.739070686,44,0,0.272359425,7166.0,15,0,0,0,1
0.163497978,76,0,170.0,5400.0,10,0,0,0,0
0.018925906,64,0,1305.0,1.0,6,0,1,0,0
0.200457654,66,0,0.567299752,4843.0,12,0,1,0,0
0.188874515,59,0,1.120994617,3900.0,7,0,3,0,0
0.0,60,0,0.305585782,5513.0,7,0,1,0,1
0.119507863,65,0,0.240026054,6140.0,8,0,1,0,0
0.9999999,38,0,0.002806525,5700.0,1,1,0,0,0
0.003210396,84,0,6.0,5400.0,5,0,0,0,0
0.0,55,0,0.0,5400.0,6,0,0,0,0
0.31556148,36,0,0.359017076,2400.0,4,0,0,0,2
0.067963574,53,0,0.528122656,12000.0,11,0,3,0,0
0.0,53,0,0.0,5400.0,2,0,0,0,0
0.0,31,0,388.0,5400.0,2,0,1,0,0
0.04154673,39,0,0.544229515,4600.0,10,0,1,0,2
0.009563366,85,0,0.117952819,2500.0,11,0,0,0,0
0.012199512,50,0,1204.0,5400.0,9,0,2,0,2
0.57691206,48,0,1.295855169,2098.0,15,0,1,0,1
0.124596216,25,0,0.662606577,820.0,5,0,0,0,0
0.812596006,43,2,0.334195898,10433.0,7,0,2,0,2
0.175893095,32,0,1.03070332,2800.0,9,0,2,0,0
0.9999999,63,0,0.535631518,3451.0,4,0,1,0,0
0.011471904,63,0,0.004063664,2952.0,5,0,0,0,0
0.163085679,52,0,0.310799292,15250.0,19,0,4,0,0
0.0,37,0,0.077640786,3000.0,4,0,0,0,1
0.78135297,34,0,4338.0,5400.0,15,0,1,0,1
0.016594649,61,0,0.159094896,5700.0,11,0,2,0,0
0.110928126,69,0,0.030277064,3500.0,2,0,0,0,0
0.9999999,63,0,218.0,5400.0,0,0,0,0,0
0.97655816,43,0,0.268574066,4333.0,6,0,1,0,1
0.015445455,83,0,0.012851023,2100.0,6,0,0,0,0
0.669442888,49,0,0.777926064,7492.0,17,0,2,0,2
1.0089985,26,0,1.431027589,2500.0,3,0,2,0,0
0.948785237,33,0,0.630826027,4333.0,10,0,1,0,0
0.109063427,54,0,0.376925155,3700.0,4,0,1,0,0
0.049647518,37,0,0.511641194,7000.0,7,0,2,0,0
0.043682862,45,0,0.318053079,9532.0,14,0,2,0,1
0.02156428,58,0,14.0,5400.0,1,0,0,0,0
0.865168539,55,2,1.768526228,1200.0,9,0,1,0,0
0.258369211,47,0,0.466095857,10160.0,19,0,1,0,2
0.9999999,38,0,0.858428314,5000.0,6,0,1,0,3
0.840855844,56,1,9564.0,5400.0,14,0,3,0,1
0.9999999,48,0,0.039588689,5834.0,3,0,0,0,2
0.204526608,55,0,0.164646836,8168.0,8,0,1,0,0
0.194744797,43,0,0.300169862,4120.0,12,0,0,0,0
0.830732776,66,0,1.192718552,4586.0,14,0,2,0,0
0.9999999,60,0,0.0,2712.0,1,0,0,0,0
0.755756106,47,0,0.220772193,31416.0,11,0,3,0,1
0.9999999,32,0,0.946872322,3500.0,6,1,2,0,2
0.103275871,39,0,0.224507284,3500.0,7,0,1,0,4
0.577449623,35,1,0.47316072,6333.0,6,0,2,0,0
0.186138318,50,0,3452.0,5400.0,14,0,3,0,0
0.279773465,32,0,0.165833578,3400.0,10,0,0,0,0
0.9999999,61,0,0.317428428,3981.0,4,0,1,0,1
1.097587481,40,6,1135.0,5400.0,7,4,0,5,0
0.058462515,41,0,1248.0,5400.0,9,0,1,0,0
0.162865762,47,0,0.484416189,6448.0,27,0,2,0,1
0.9999999,68,0,0.305441963,3178.0,3,0,0,0,0
0.903246595,62,1,0.322031533,21500.0,18,0,2,0,0
0.006286331,48,1,11622.0,5400.0,19,0,5,0,2
0.116168109,60,0,0.093791179,12900.0,6,0,1,0,2
0.921323147,56,0,0.270670583,16000.0,6,0,2,0,0
0.191938975,50,0,1044.0,5400.0,12,0,1,0,1
0.0,61,0,0.0,2500.0,5,0,0,0,0
0.06659788,53,0,0.450531139,4800.0,9,0,1,0,0
0.391022452,54,0,0.610115095,9035.0,10,0,3,0,5
0.008347584,65,0,0.143809365,6000.0,7,0,1,0,0
0.024637305,53,0,1.018392643,2500.0,12,0,3,0,0
0.0,53,0,0.306481755,10166.0,8,0,1,0,0
0.543464478,43,0,0.577284543,5000.0,8,0,1,0,0
0.003105825,33,0,0.305698372,4667.0,8,0,1,0,0
0.9999999,48,0,0.59311788,4300.0,6,0,2,0,1
0.043659828,45,0,0.060437729,9000.0,10,0,0,0,1
0.292134003,62,0,0.306169965,11166.0,11,0,1,0,1
1.000666223,39,0,1911.0,5400.0,5,0,2,0,0
0.0,62,0,0.355728854,5000.0,6,0,1,0,1
0.032721814,74,0,1017.0,5400.0,7,0,1,0,1
0.265117038,54,0,0.336702532,9200.0,14,0,3,0,1
0.094545273,75,0,0.706798569,4750.0,5,0,1,0,0
0.066592795,63,0,0.203841276,11037.0,8,0,1,0,0
0.724084842,51,0,0.822294426,4000.0,12,0,1,0,1
0.023339771,45,0,2516.0,5400.0,8,0,1,0,2
0.295889901,61,0,0.409097515,6880.0,8,0,2,0,0
0.509943661,49,0,0.404731728,7100.0,15,0,0,0,0
0.0506083,62,0,0.003063725,9791.0,5,0,0,0,0
0.000461493,61,0,0.000184604,5416.0,21,0,0,0,0
0.284085817,41,1,0.338356554,3516.0,10,0,0,0,2
1.011046918,38,0,0.25881104,4709.0,6,0,0,0,1
0.587179948,45,2,0.528596187,7500.0,11,0,2,0,3
0.000841326,47,0,0.603267496,4100.0,14,0,2,0,1
0.401381567,24,0,0.713763703,820.0,5,0,0,0,0
0.126958261,46,0,102.0,5400.0,2,0,0,0,0
0.9999999,57,1,0.0,9833.0,0,1,0,0,0
0.046241302,60,0,0.282316119,3194.0,18,0,2,0,0
0.121575685,61,0,0.131328841,5786.0,3,0,1,0,0
0.017349918,75,0,30.0,0.0,3,0,0,0,0
0.049665011,56,0,1606.0,5400.0,5,0,1,0,2
0.022670715,56,0,1260.0,5400.0,7,0,1,0,0
0.217662587,27,0,2495.0,5400.0,5,0,2,0,0
0.006166324,29,0,692.0,0.0,8,0,0,0,0
0.031368097,55,0,0.278368513,6300.0,18,0,1,0,0
0.012027444,85,0,13.0,5400.0,4,0,0,0,0
0.108178364,36,0,0.662162162,9397.0,10,0,2,0,1
1.006044627,53,0,0.399334443,1201.0,8,0,0,1,0
0.0928365,37,0,0.269141531,6033.0,8,0,1,0,0
0.939146231,35,3,0.072782741,4588.0,16,0,0,1,0
0.005062184,41,0,1095.0,5400.0,3,0,1,0,0
0.239047593,58,0,0.017548507,15100.0,6,0,0,0,1
0.9999999,51,1,0.266717518,7865.0,9,0,2,0,0
0.002729192,78,0,0.007122507,3509.0,13,0,1,0,0
1.054011572,38,2,1.732909974,2676.0,12,0,2,2,0
0.856491681,55,0,0.377489801,4166.0,12,0,1,0,0
0.081447141,46,0,0.342420938,2750.0,5,0,1,0,0
0.020021777,69,0,0.079209923,14833.0,9,0,1,0,0
0.153528737,50,0,0.463844394,4369.0,10,0,1,0,3
0.9999999,55,1,0.167373751,7306.0,3,1,0,0,1
0.977232065,63,3,0.492945326,3401.0,9,0,0,0,0
0.0,46,0,0.489404238,2500.0,3,2,0,0,0
0.659565805,66,0,0.63363697,4500.0,6,0,0,0,0
0.402410463,53,2,0.362909273,4000.0,15,0,2,1,0
0.972149523,54,4,0.359870849,10839.0,12,3,1,1,2
0.209462919,34,0,0.379436655,7916.0,14,0,2,0,2
0.9999999,63,0,0.499656593,2911.0,7,0,0,0,1
0.746946607,58,1,0.292633189,7845.0,8,0,0,0,0
0.0,45,0,0.215729838,4500.0,4,0,0,0,0
0.104038031,31,0,0.055194805,3695.0,6,0,0,0,0
0.9999999,43,0,0.083596656,25000.0,5,0,1,0,0
0.24279393,67,0,0.240697093,14000.0,7,0,2,0,0
0.359202119,60,0,209.0,5400.0,4,0,0,0,0
3050.0,49,0,0.558573571,6000.0,6,0,2,1,2
0.064299133,67,0,31.0,5400.0,6,0,0,0,0
0.932315958,39,0,0.468055684,10846.0,9,0,2,0,1
0.718785152,36,1,0.4381036,10250.0,12,0,2,0,2
0.062730467,55,0,1327.0,5400.0,9,0,1,0,0
0.08819412,54,0,39.0,5400.0,1,0,0,0,0
0.068551075,49,0,0.465804067,5950.0,17,0,2,0,2
0.204240607,66,0,911.0,5400.0,11,0,0,0,0
0.537239909,58,0,0.468185607,3598.0,6,0,2,0,1
0.012947725,53,0,0.30743509,5083.0,11,0,2,0,2
0.786220687,40,0,0.467535602,8285.0,7,0,2,0,2
0.404418326,31,0,0.27373873,10425.0,9,0,2,0,1
0.198769704,58,0,0.280171388,4200.0,6,0,1,0,2
0.126879711,43,0,1.256092608,4923.0,16,0,5,0,0
0.586226267,29,0,0.588810891,4700.0,9,0,2,0,1
0.346528133,60,0,0.848537866,4000.0,14,0,1,0,0
0.872844739,65,0,1795.0,5400.0,5,0,0,0,1
0.212627669,57,0,0.189946328,7638.0,4,0,1,0,0
0.246438926,36,0,0.441376027,8400.0,12,0,4,0,2
0.009357173,40,0,0.547626474,16030.0,19,0,6,0,1
0.0,46,0,0.286059074,8700.0,10,1,1,0,1
0.625145681,38,0,2922.0,5400.0,7,0,1,0,2
0.191876794,46,0,0.254334645,9400.0,12,0,3,0,0
0.399422865,62,0,0.485177866,7083.0,13,0,1,0,1
0.124867196,70,0,0.009831695,6000.0,2,0,0,0,0
0.049387974,70,0,0.234137291,5389.0,5,0,1,0,1
0.022837973,78,0,37.0,5400.0,5,0,0,0,0
0.412590077,62,1,0.17329004,14166.0,7,1,1,0,0
0.08425031,49,0,0.036902381,5500.0,10,0,0,0,5
0.060414693,33,0,0.143792038,5500.0,10,0,0,0,0
0.199862667,46,2,320.0,5400.0,8,0,1,0,0
0.733212341,33,0,0.197795071,3083.0,4,0,0,0,0
0.262989628,40,0,0.172394366,12424.0,10,0,0,0,1
0.445413865,59,0,0.551288795,1900.0,5,0,0,0,0
0.589136954,35,0,0.200076511,5227.0,6,0,1,0,0
0.9999999,24,0,0.170637971,1300.0,3,0,0,0,0
0.081127925,39,0,0.474682025,8333.0,5,0,3,0,2
0.059273316,73,0,0.248937553,20000.0,12,0,1,0,2
0.368259989,39,0,0.515105412,4600.0,9,0,1,0,1
0.004484794,47,1,0.341655278,30000.0,8,0,4,0,4
0.9999999,40,0,0.362341772,1895.0,2,0,0,0,1
0.061560801,62,0,0.367118915,7517.0,11,0,2,0,0
0.0,63,0,555.0,5400.0,4,0,1,0,0
0.057994957,28,0,0.646264626,2221.0,6,0,1,0,1
0.227973881,46,0,0.471531676,3740.0,12,0,1,0,0
0.343399311,63,0,0.779131521,3200.0,12,0,1,0,0
0.031431898,62,0,30.0,5400.0,4,0,0,0,0
0.060327335,63,0,0.103057905,7684.0,10,0,1,0,0
0.9999999,24,1,0.120055517,1440.0,2,0,0,0,0
0.9999999,54,2,5001.0,5400.0,7,3,2,3,0
0.048811483,49,0,0.454463154,5522.0,3,0,1,0,2
0.015749606,67,0,0.203811746,5141.0,6,0,1,0,1
0.04919877,85,0,0.009075527,6500.0,3,0,0,0,0
0.045715905,64,0,0.228626179,6783.0,8,0,1,0,1
0.018290845,75,0,0.004882514,3276.0,6,0,0,0,0
0.635134595,38,0,9164.0,5400.0,5,0,3,0,0
0.003151647,74,0,0.005450942,4035.0,8,0,0,0,0
0.170063101,39,0,873.0,5400.0,8,0,0,0,4
0.062234074,64,0,1416.0,5400.0,18,0,1,0,0
0.9999999,31,3,0.301395543,4800.0,6,0,0,0,2
0.006380649,60,0,0.001212121,3299.0,2,0,0,0,0
0.10340179,55,0,4344.0,5400.0,12,0,2,0,0
0.181319109,65,0,871.0,5400.0,13,0,0,0,0
1.006997667,52,2,0.175149014,4361.0,5,0,0,2,7
0.055800789,52,0,0.319902229,13500.0,13,0,1,0,1
0.017278968,65,0,0.142558344,9083.0,6,0,1,0,2
0.04259858,72,0,38.0,5400.0,3,0,0,0,0
0.284904355,39,1,3586.0,5400.0,11,0,2,0,0
0.0,23,0,0.0,820.0,2,0,0,0,0
0.012537022,82,0,634.0,5400.0,10,0,0,0,1
0.000416655,57,0,0.364338907,7116.0,6,0,2,0,0
1.156146179,43,0,1321.0,5400.0,5,0,1,0,0
0.0,73,0,0.0,1642.0,2,0,0,0,0
0.62215114,33,0,0.026495584,6000.0,2,0,0,0,0
0.508143734,50,1,0.536692661,5000.0,11,0,2,0,0
0.725970369,33,1,0.278491859,3500.0,7,0,0,0,0
0.068827347,30,2,0.414065104,9000.0,6,0,2,0,0
0.0,52,0,0.59161055,7127.0,4,0,2,0,1
0.744454303,54,0,0.58899593,19410.0,25,0,4,0,3
0.169961162,34,0,0.143309448,6000.0,6,0,0,0,0
0.010553208,65,0,0.549725137,2000.0,19,0,1,0,0
0.112853683,54,0,0.636049724,5791.0,12,0,2,0,0
0.097994933,31,0,0.366275716,5200.0,14,0,1,0,1
0.757467351,45,0,0.298720417,8830.0,11,0,1,0,0
0.481458848,64,0,2261.0,5400.0,7,0,1,0,0
1.147748621,30,0,0.346896071,4300.0,11,0,0,0,0
0.03522786,50,1,2.718080548,1166.0,10,0,4,1,2
0.041305645,80,0,0.071219812,6500.0,4,0,0,0,0
0.619557459,24,0,0.009024644,2880.0,1,0,0,0,0
0.051442756,54,0,0.147387447,6085.0,6,0,0,0,0
0.023799048,53,0,0.281781587,7700.0,3,0,1,0,2
0.022887794,67,0,1414.0,5400.0,8,0,2,0,0
0.055903394,75,0,2833.0,5400.0,17,0,2,0,0
0.0,56,0,0.27835957,14800.0,7,0,2,0,0
0.014505818,68,0,1.34156051,1255.0,20,0,3,0,0
0.764572722,51,2,1439.0,5400.0,11,0,1,0,1
0.80954813,70,0,0.474521142,8300.0,8,0,1,0,0
0.250442274,69,0,0.428850378,4096.0,8,0,1,0,0
0.561064795,31,0,0.112084738,10384.0,11,0,0,0,0
0.057917683,62,0,0.353264066,5100.0,5,0,1,0,0
0.0,40,0,2249.0,5400.0,6,0,1,0,0
0.404452139,40,0,0.074376125,45000.0,9,0,2,0,1
0.712136123,37,0,0.218397372,7000.0,9,0,0,0,1
0.21466808,53,0,0.1979901,6666.0,12,0,0,0,1
0.0,58,0,0.0,5400.0,7,0,0,0,0
0.00419504,35,0,0.413711021,4200.0,18,0,1,0,4
0.593086886,37,1,0.650569886,6667.0,10,0,2,0,3
0.179378255,39,0,0.250099987,7500.0,21,0,1,0,3
0.035976542,32,0,0.176974718,7000.0,16,0,0,0,0
0.055326817,59,0,0.71914043,2000.0,16,0,1,0,0
0.266576531,56,0,0.021871583,6400.0,5,0,0,0,6
0.861138861,46,0,0.014084507,2200.0,3,0,0,0,0
0.080413316,43,0,0.065755449,8120.0,3,0,0,0,1
0.9999999,40,4,0.236705318,2500.0,6,0,0,1,2
0.0,57,0,0.0,5000.0,3,0,0,0,0
0.017881737,58,0,0.279753893,5200.0,13,0,2,0,0
0.004703195,51,0,0.387378944,3200.0,16,0,1,0,1
0.439941341,53,2,0.471799808,5194.0,9,1,1,0,0
0.011349716,73,0,0.014271152,980.0,3,0,0,0,0
0.033530488,84,0,0.003098155,7100.0,3,0,0,0,0
0.020871968,72,0,16.0,5400.0,3,0,0,0,0
0.291257719,58,0,0.657907662,4071.0,9,0,1,0,0
0.940930681,49,0,0.254697759,4416.0,6,0,0,0,0
0.37312984,65,0,0.026297086,5627.0,4,0,0,0,1
0.033109836,57,0,0.303097938,11200.0,8,0,2,0,2
0.9999999,42,1,0.254372814,2000.0,4,1,0,0,1
0.404334886,53,2,0.394157663,7496.0,11,0,0,0,1
0.367254425,58,0,0.21937468,11705.0,19,1,2,1,1
0.367116103,52,0,0.643981852,3746.0,10,0,1,0,0
0.000840816,69,0,0.283250287,7826.0,8,0,1,0,0
0.033999015,73,0,0.176100629,2702.0,10,0,0,0,0
0.429069092,33,0,0.287742683,3450.0,4,0,0,0,0
0.0,57,0,0.0,9000.0,3,0,0,0,0
0.744170553,46,0,0.25109956,2500.0,3,0,1,0,0
1.145712783,59,2,569.0,5400.0,9,0,0,0,1
0.028133109,62,0,7970.0,5400.0,19,0,6,0,0
0.756157035,74,3,0.232900137,2923.0,5,0,0,0,0
0.047986962,58,0,0.279588565,7485.0,6,0,1,0,2
0.111213839,64,0,243.0,5400.0,12,0,0,0,0
0.531437458,24,0,1.269614836,700.0,4,0,0,0,0
0.033242436,54,0,0.207858638,4300.0,6,0,1,0,0
0.051413798,53,0,2817.0,5400.0,7,0,1,0,0
0.013401574,54,0,0.449461053,4916.0,12,0,2,0,3
0.436656417,48,1,0.382193912,13500.0,11,0,2,0,1
0.023393703,46,0,0.238273142,7226.0,16,0,1,0,2
0.803361604,40,1,1.551368421,4749.0,9,0,2,0,2
0.9999999,61,0,0.0,5400.0,0,0,0,0,0
0.263241513,76,0,0.140358184,2400.0,14,0,0,0,0
0.035748603,41,0,0.364961983,9600.0,14,0,2,0,2
0.339852839,61,1,0.395344186,25000.0,24,0,10,0,0
0.9999999,45,0,0.278144371,5000.0,6,0,1,0,2
0.009011366,42,0,2627.0,5400.0,10,0,2,0,0
0.106121513,55,0,0.495267298,7500.0,8,0,1,0,1
0.126387361,52,0,0.02292769,1700.0,2,0,0,0,0
0.85618493,39,0,0.357607065,6000.0,4,0,2,0,0
0.642401022,69,0,2104.0,5400.0,6,0,1,0,0
1.051089406,25,0,0.035990403,3750.0,3,0,0,0,0
0.69652437,42,0,0.615297392,9700.0,12,0,2,0,1
0.820830831,44,0,0.61610467,9400.0,5,0,2,0,0
0.344403971,65,0,0.367013999,9500.0,8,0,1,0,1
0.029988843,84,0,0.014746313,4000.0,10,0,0,0,0
0.138771256,43,2,0.256754072,10067.0,10,0,2,1,1
0.342754758,44,1,0.251147267,7190.0,11,0,2,0,2
0.041897905,57,0,0.209089035,9703.0,12,0,2,0,2
0.061990463,26,0,0.17988008,1500.0,6,0,0,0,0
0.108191439,31,0,0.274952015,2083.0,6,0,0,0,0
0.072512448,43,1,0.203215371,10200.0,15,0,2,0,5
0.637064322,29,0,3066.0,5400.0,12,0,3,0,0
638.0,35,0,0.972864896,3500.0,9,0,2,0,2
0.851821636,50,0,0.69065713,6710.0,16,0,5,0,0
0.019430699,43,0,0.009006259,6550.0,8,0,0,0,0
0.316803517,41,0,0.169721495,4200.0,7,0,0,0,0
0.970686209,50,0,0.101353697,2880.0,3,0,0,0,1
0.320370924,56,1,5903.0,5400.0,10,0,4,0,0
0.9999999,61,2,0.00259948,5000.0,2,1,0,0,1
0.034413715,50,0,0.014513788,6200.0,3,0,0,0,0
0.130546923,55,1,0.212275035,6500.0,6,0,1,0,2
0.173767359,64,0,0.49741837,13750.0,11,0,2,0,1
0.272541498,48,0,2492.0,5400.0,14,0,1,0,0
0.22625383,26,0,0.538820393,3000.0,6,0,1,0,1
0.656813113,36,0,0.381736831,4916.0,12,0,1,0,2
0.203186909,65,0,0.328053756,4166.0,17,0,0,0,0
0.041281409,57,0,0.355669745,14400.0,13,0,2,0,3
0.242039741,38,0,0.394555645,6244.0,7,0,1,0,3
0.924075503,67,0,16788.0,5400.0,12,0,1,0,0
0.018999627,70,0,0.005499083,6000.0,5,0,0,0,0
0.0,36,0,0.0,1000.0,3,0,0,0,0
0.172101267,40,0,0.34624032,4002.0,15,0,0,0,3
0.073785243,46,0,0.290677331,4000.0,8,0,0,0,2
0.730878187,32,0,0.935907336,2589.0,7,0,1,0,0
0.449945078,33,0,0.202387545,16250.0,11,0,2,0,1
0.0,69,0,0.0,5400.0,2,0,0,0,0
0.089995187,58,0,0.457565116,6833.0,5,0,1,0,2
0.631827866,67,0,0.301196809,7519.0,7,0,0,0,3
0.0,47,0,3723.0,5400.0,10,0,3,1,2
0.568915427,66,0,1.130217446,4000.0,11,0,1,0,0
0.071267557,55,0,0.36854576,10128.0,6,0,2,0,1
0.32896076,47,0,0.379675371,2833.0,10,0,0,1,0
0.118382344,65,0,2174.0,5400.0,7,0,1,0,0
0.125894209,82,2,0.163907285,2415.0,9,0,0,0,0
0.995001136,37,0,0.321441843,2690.0,18,0,0,0,2
0.066335751,61,0,0.868065967,2000.0,9,0,2,0,0
1.014375453,61,1,4761.0,5400.0,11,0,2,0,2
0.9999999,33,1,0.13197196,3280.0,2,1,0,0,0
0.200842448,65,0,0.105649058,6000.0,4,0,0,0,1
0.214826172,57,0,239.0,5400.0,5,0,0,0,0
0.103181556,32,0,0.38293825,6833.0,14,0,1,0,1
0.053951658,67,0,0.262651889,7488.0,6,0,1,0,0
0.0,68,0,0.294916325,3166.0,5,0,1,0,0
0.03050813,79,0,0.018878401,1800.0,13,0,0,0,0
0.705687518,45,0,0.367766087,9883.0,10,0,1,0,2
0.0,61,0,1.089285714,3583.0,6,0,1,0,0
0.077189345,42,0,0.207362378,8882.0,13,0,2,0,1
0.609793995,38,1,0.168561873,4484.0,13,0,0,0,3
0.800847163,43,2,0.703218391,4349.0,6,0,1,0,1
0.0,39,0,1084.0,5400.0,3,0,1,0,0
0.099905281,61,0,3386.0,5400.0,11,0,2,0,0
0.854004867,38,0,0.189668232,6600.0,4,0,0,0,0
0.315323778,57,0,0.080979755,4000.0,5,0,0,0,0
0.058795296,62,0,22.0,5400.0,1,0,0,0,0
0.786697903,33,0,2.35514942,4048.0,15,0,13,0,0
0.377238383,52,0,0.264315989,11088.0,15,0,2,0,1
0.0,30,0,0.358547151,3000.0,6,0,1,0,2
0.124750014,41,0,0.115864968,8086.0,6,0,1,0,0
0.018073031,68,0,160.0,5400.0,15,0,1,0,0
0.01175953,73,0,15.0,5400.0,4,0,0,0,0
0.188558042,32,0,0.202069812,5700.0,11,0,0,0,3
0.379153975,49,0,3819.0,5400.0,15,0,3,1,3
0.27019957,61,0,0.349093775,6344.0,8,0,2,0,0
0.0,52,0,0.27220327,8500.0,13,0,1,0,0
0.256349421,46,0,0.92580872,2843.0,13,0,1,0,2
0.156295777,49,0,0.100322186,9000.0,8,0,0,0,1
0.292509357,44,0,1.343385214,3083.0,12,0,2,0,0
0.2713846,41,2,3088.0,0.0,15,0,2,0,2
0.354252596,64,0,0.179518184,10750.0,8,0,2,0,0
0.100219754,45,0,0.165614649,16000.0,15,0,2,0,1
0.012938684,69,0,0.353473637,4418.0,12,0,2,0,0
0.776428897,40,0,0.176818656,5745.0,8,0,0,0,0
0.060508325,46,0,0.324668833,4000.0,13,0,1,0,2
0.017889656,55,0,569.0,5400.0,14,0,1,0,0
0.0,60,0,1798.0,5400.0,5,0,1,0,0
0.286670256,39,0,0.488145049,3584.0,9,0,1,0,3
0.9999999,53,0,0.207270909,14000.0,4,0,1,0,1
0.093170824,57,0,0.214139153,5360.0,8,0,1,0,0
0.020299994,62,0,0.200059988,3333.0,4,1,0,0,0
0.425249169,38,1,0.273418735,2497.0,4,1,0,1,2
0.0,82,0,0.0,5400.0,3,0,0,0,0
0.900097635,47,0,0.301479751,12839.0,17,0,2,0,1
0.9999999,22,3,0.162918541,2000.0,3,1,0,0,1
0.567020535,60,0,0.546568627,9791.0,15,0,1,0,1
0.02291428,32,0,0.680088864,3600.0,11,0,2,0,1
0.818545449,37,0,0.378557145,6500.0,14,1,1,0,0
0.008132791,57,1,0.111377724,5000.0,3,0,0,0,0
0.941922581,52,0,0.91622027,4666.0,9,0,2,0,0
0.112305151,70,0,3497.0,5400.0,8,0,2,0,0
0.67232371,47,0,0.795621974,4750.0,15,0,2,0,0
0.002291043,66,0,2.0,5400.0,10,0,0,0,0
0.091571737,41,0,0.465251204,8100.0,5,0,1,0,2
0.013134034,59,0,484.0,5400.0,7,0,1,0,0
0.027953487,74,0,0.346326837,2000.0,13,0,1,0,0
0.127020646,51,0,0.027240298,9250.0,5,0,0,0,0
0.0,26,1,0.0,1666.0,2,0,0,0,0
0.391690208,60,0,0.476960253,12000.0,9,0,2,0,1
0.76137909,58,0,0.25,4699.0,5,0,0,0,0
0.008074798,43,0,5066.0,5400.0,6,0,2,0,0
0.844157581,54,1,0.224955009,5000.0,7,0,0,0,1
0.061792231,56,0,0.007141837,7000.0,3,0,0,0,0
0.039863971,47,0,0.287471587,7478.0,10,0,1,1,1
0.041354608,54,0,145.0,5400.0,10,0,0,0,0
0.005847549,46,0,0.456076618,3027.0,11,0,1,0,1
0.025443502,33,0,2786.0,5400.0,11,0,1,0,3
0.126743438,32,0,0.437802568,4750.0,6,0,2,0,0
0.252177649,68,0,0.115376925,5000.0,14,0,0,0,0
0.000208586,68,0,0.165074428,4500.0,9,0,1,0,0
0.145981378,66,0,2506.0,5400.0,8,0,2,0,0
0.030349371,33,0,0.990484071,2416.0,8,0,2,0,0
0.353806371,68,0,1634.0,5400.0,9,0,0,0,3
0.000956005,56,1,0.928448276,3479.0,15,0,3,0,1
0.9999999,39,1,0.783777298,4166.0,4,0,1,0,0
0.9999999,41,18,0.0,2300.0,0,18,0,18,1
0.196759552,49,0,0.262870386,6040.0,11,0,2,0,1
0.151998123,52,0,0.113312693,3229.0,11,0,0,0,0
0.202041998,41,0,0.33761264,8100.0,4,0,1,0,2
0.359988158,39,1,0.910294746,2340.0,8,0,1,0,0
0.115300261,41,0,0.773840935,2652.0,10,0,2,0,3
0.0,82,0,0.333418043,3934.0,9,0,1,0,0
0.566455392,51,0,0.979345199,4550.0,14,0,2,0,3
0.892672171,42,0,0.663334058,4600.0,12,0,1,0,1
0.000224994,53,0,0.03446712,6614.0,7,0,0,0,3
0.000177776,33,0,0.420225682,7000.0,14,0,2,0,2
1.45508982,35,2,0.065604499,3200.0,3,6,0,1,1
0.343925337,40,0,1547.0,5400.0,4,0,1,0,0
0.043406261,48,1,0.301629238,9083.0,8,0,1,0,3
0.24687814,34,0,0.136993899,5408.0,9,0,0,0,0
0.034518619,54,0,0.072971351,13333.0,2,0,1,0,4
0.13986014,64,1,0.161382462,3500.0,11,0,0,0,0
0.033944567,45,2,0.159061989,5500.0,9,0,1,0,0
0.168926474,83,0,0.107166778,2985.0,4,0,0,0,0
0.024931252,77,0,32.0,5400.0,5,0,0,0,0
0.049859866,33,0,618.0,5400.0,5,0,1,0,0
0.948103792,41,0,0.84728214,1158.0,4,0,1,1,1
0.430794677,55,0,0.119253831,1500.0,10,2,0,0,0
1.018836279,36,0,0.333427442,3541.0,4,0,0,0,1
0.01773889,49,0,0.268582755,13116.0,10,0,2,0,2
0.150147667,33,0,0.657994827,6572.0,8,0,2,0,0
0.9999999,85,0,0.0,5400.0,2,0,0,0,0
0.309606003,45,0,0.318640423,12091.0,13,0,1,0,6
0.228982386,30,0,0.123312565,7703.0,7,0,0,1,0
0.37544982,38,0,0.59771483,4200.0,5,0,1,1,0
0.972246164,73,0,0.203276868,3600.0,7,0,1,0,0
0.492209561,39,1,0.26002805,3564.0,8,0,0,0,1
0.10559472,36,0,0.382973348,7916.0,7,0,1,0,0
0.358602427,37,0,0.415850963,3166.0,9,0,1,0,0
0.597928157,74,0,1439.0,5400.0,5,0,1,0,0
0.497730819,44,0,0.393387816,8075.0,9,0,0,0,2
0.062826643,71,0,0.271433058,9552.0,17,0,2,0,0
0.049371661,57,0,0.142086217,15750.0,7,0,2,0,0
0.435571688,40,3,0.060479873,5042.0,4,0,0,0,0
0.0,66,0,86.0,5400.0,4,0,0,0,0
0.022086122,40,0,0.326895606,17500.0,7,0,1,0,2
0.090422739,52,0,771.5,1.0,9,0,1,0,0
0.002535624,46,0,0.53323162,10486.0,13,0,4,0,1
0.33855517,71,0,0.397285068,14364.0,12,0,2,0,0
0.017579227,46,0,0.25176417,4392.0,9,0,1,0,1
0.034699306,75,0,0.557377049,2500.0,7,0,1,0,0
0.096445178,56,0,0.18627797,14166.0,3,0,1,0,2
0.778702163,49,1,0.06572457,7500.0,4,1,0,1,0
0.225145893,56,1,8081.0,5400.0,6,0,2,0,3
0.9999999,53,0,0.299666752,3900.0,8,0,0,0,2
0.596179757,53,0,0.204965839,6000.0,4,0,0,0,2
0.200087374,32,0,0.576459895,4400.0,8,0,2,0,4
0.012169695,68,0,0.002332556,3000.0,6,0,0,0,1
0.710028478,60,1,0.350087159,3441.0,13,0,1,0,0
0.0,52,1,0.286716671,8265.0,8,0,1,0,2
0.207159761,80,0,186.0,5400.0,1,0,0,0,0
0.28932739,40,0,0.376599257,4845.0,15,0,1,0,1
0.033026026,64,0,0.179468164,9438.0,12,0,1,0,0
0.0,22,0,0.0,0.0,1,0,0,0,0
0.0,84,0,0.0,5400.0,1,0,0,0,0
0.669211026,47,0,0.251875973,7062.0,5,0,1,0,1
0.00398508,44,0,0.401364545,8500.0,12,0,1,0,0
0.451766498,30,2,0.322297191,6372.0,8,0,2,0,0
0.785526444,80,0,0.477805349,3626.0,12,0,0,1,0
0.132714112,65,0,0.04924044,1908.0,3,0,0,0,0
0.880336455,33,0,0.260140926,5250.0,14,0,0,0,2
0.026004018,46,0,0.276993709,5880.0,4,0,1,0,5
0.242613743,43,0,9052.0,5400.0,16,0,4,0,0
0.406181187,56,0,0.338107699,7260.0,9,0,2,0,5
0.042036708,43,0,525.0,5400.0,4,0,0,0,1
0.937088576,39,3,0.467978757,3200.0,3,0,1,0,1
0.143735412,46,0,0.461661626,5620.0,11,0,2,0,0
0.017988689,55,0,0.083783243,5000.0,16,0,0,0,0
0.121852287,52,0,0.2332705,8487.0,9,0,1,0,0
0.742219053,51,0,0.562538863,20906.0,14,0,3,0,2
0.635425662,46,0,0.497263772,5481.0,6,0,1,0,1
0.046153057,63,0,0.375913361,7663.0,6,0,1,0,0
0.120714767,49,0,0.187866253,2900.0,4,0,0,0,0
0.048762596,69,0,0.224727273,1374.0,9,0,0,1,2
0.863359156,41,0,0.652143523,4291.0,13,0,2,0,2
0.065461085,66,0,0.208576795,9583.0,3,0,1,0,0
0.032768056,88,0,342.0,5400.0,2,0,1,0,0
0.866323559,57,0,0.309406362,5878.0,8,0,2,0,0
0.032953048,73,0,21.0,5400.0,1,0,0,0,0
0.9999999,60,0,0.115722508,3300.0,4,0,0,0,0
0.146540293,39,0,0.358528294,5000.0,11,0,2,0,3
0.100424381,49,0,0.070625759,6583.0,5,0,0,0,0
0.194436689,55,0,0.183471455,4343.0,7,0,1,0,1
0.45262793,51,0,0.492063492,8000.0,7,0,1,0,0
0.131690786,66,0,0.118234804,1200.0,5,0,0,0,0
0.235288696,61,0,0.407274468,4178.0,7,0,2,0,0
0.455845248,35,0,0.239617512,10666.0,8,0,2,0,2
0.419183233,57,0,0.323486565,12355.0,7,0,1,0,0
0.000973994,70,0,0.0,2083.0,10,0,0,0,0
0.423096151,25,0,0.821571238,750.0,7,0,0,1,0
0.074261883,49,0,0.24943187,11000.0,5,0,2,0,2
0.07253419,62,0,0.221355729,5000.0,9,0,0,0,1
0.443164529,23,0,0.074299635,820.0,3,0,0,0,0
0.152376806,60,0,0.137048394,7500.0,12,0,0,0,0
0.06719552,61,0,0.288229151,6702.0,9,0,1,0,0
0.007238898,81,0,0.285340827,15300.0,22,0,2,1,1
0.12038977,64,0,0.292123085,22000.0,24,0,2,0,0
0.9999999,50,0,396.0,5400.0,3,0,0,0,0
0.944449382,41,0,0.672443674,7500.0,6,0,2,0,2
0.016260163,49,0,0.120864662,5319.0,7,0,0,0,0
0.616067812,38,0,0.240069686,2869.0,8,0,0,2,1
0.158448052,47,0,0.418161896,7300.0,17,0,3,0,1
0.9999999,32,0,0.129181084,2600.0,5,0,0,0,3
0.9999999,41,18,0.0,5400.0,0,18,0,18,0
0.007416027,38,0,0.182840483,2400.0,6,0,0,0,0
0.027271039,35,1,0.138914378,14166.0,10,0,1,0,1
1.053324869,36,2,0.186700767,5864.0,5,2,1,2,2
0.958521659,38,0,1.223888056,2000.0,5,0,0,0,2
0.188562471,65,0,0.056463207,7650.0,9,0,0,0,1
0.9999999,53,1,0.095825115,6083.0,1,2,0,0,0
0.091516339,71,0,0.004856796,14000.0,4,0,0,0,0
0.190192392,49,0,385.0,5400.0,6,0,1,0,0
0.005198017,77,1,0.50509898,5000.0,8,0,1,0,1
0.814558059,48,2,0.800799467,1500.0,3,3,0,0,0
0.13739313,50,0,809.0,5400.0,5,0,0,0,0
0.9999999,29,0,0.0,2240.0,1,0,0,0,0
0.659217262,51,2,0.523377213,11014.0,18,0,2,0,5
0.0,60,0,0.003262814,9500.0,22,0,0,0,0
0.052539568,74,0,107.0,5400.0,14,0,0,0,0
0.0,71,1,0.94212548,3904.0,9,0,2,0,1
0.039078954,47,0,3609.0,5400.0,16,0,3,0,0
0.005440483,57,0,0.238251678,7000.0,14,0,2,0,1
0.555584736,54,0,0.251981506,9083.0,8,0,2,0,0
0.028172688,49,0,0.358764868,8322.0,4,0,2,0,0
0.364989591,67,0,0.301548592,8200.0,19,0,2,0,0
0.031393579,62,0,1663.0,1.0,12,0,3,0,0
0.9999999,52,0,0.378046579,5538.0,4,0,2,0,0
0.202562857,45,0,2255.0,5400.0,22,0,2,0,0
0.079719214,49,0,0.453226538,6616.0,16,0,2,0,0
0.0164781,68,0,10.0,0.0,6,0,0,0,0
0.090336571,84,0,0.024665402,19500.0,17,0,0,0,0
0.007222918,58,0,1846.0,5400.0,10,0,2,0,0
0.049381661,68,0,0.904849192,6000.0,20,0,4,0,0
0.025115695,66,0,0.256467207,7653.0,5,0,2,0,3
0.460892956,39,0,1456.0,5400.0,6,0,1,0,2
0.010226808,49,0,3516.0,5400.0,11,0,2,0,3
0.003788379,70,0,5519.0,0.0,9,0,2,0,0
0.00832697,88,0,1723.0,5400.0,8,0,1,0,0
0.030933616,58,0,0.008618128,3364.0,2,0,0,0,0
0.048134611,48,0,0.150803896,8520.0,3,0,1,0,2
0.001630242,70,0,3066.0,5400.0,21,0,2,0,0
3264.0,52,0,0.247576943,5880.0,2,0,1,0,1
0.133693994,55,0,0.139332514,9767.0,6,0,1,0,2
0.005193437,48,2,0.461733713,13000.0,14,9,1,2,2
0.123499432,73,0,153.0,5400.0,5,0,0,0,0
0.529319618,27,0,0.140700809,7419.0,15,0,0,0,0
0.007726687,72,0,1.020096668,3930.0,13,0,4,0,1
0.304889271,56,0,0.43764059,4000.0,5,0,1,0,0
0.0,59,0,0.133923788,28000.0,11,0,2,0,2
0.106327079,54,0,0.227616762,5416.0,11,0,1,0,0
0.091338323,56,0,0.162925475,12250.0,6,0,1,0,1
0.525849757,45,0,0.5476221,7800.0,9,0,2,0,2
0.090502981,46,0,0.54893168,3790.0,12,0,1,0,0
0.020483458,67,0,0.007246377,4001.0,4,0,0,0,0
0.011609485,62,0,0.227733253,6612.0,12,0,1,0,0
0.151893156,55,0,1601.0,5400.0,6,0,1,0,0
0.024776401,42,0,2452.0,5400.0,2,0,1,0,0
0.0,78,0,0.0,5168.0,2,0,0,0,0
0.712365293,30,0,0.414560162,3955.0,8,0,1,0,0
0.019278524,56,0,121.0,5400.0,12,0,0,0,0
0.024112906,73,0,29.0,5400.0,14,0,0,0,0
0.500741717,41,1,0.350583658,2569.0,4,0,1,0,1
0.416450734,60,0,0.070116235,2666.0,5,1,0,0,0
0.242177779,52,0,0.221014493,6347.0,15,0,1,0,2
0.040520725,30,0,0.004304161,7666.0,5,0,0,0,0
0.06578776,48,0,0.35486904,7444.0,13,0,1,0,2
0.0649594,40,0,0.06482253,6000.0,6,2,0,0,3
0.26127292,51,1,0.242493349,2630.0,14,0,0,0,0
0.9999999,39,0,431.0,5400.0,2,1,0,0,0
0.263326187,28,0,0.170159585,5200.0,12,0,0,0,0
0.951603226,58,2,0.385717051,5166.0,4,2,1,2,0
0.984265439,52,0,3457.0,5400.0,12,0,2,0,0
0.164503612,42,0,0.259811682,12000.0,27,0,1,0,3
0.040830535,64,0,2921.0,5400.0,12,0,2,0,0
0.010170783,70,0,0.339480116,4500.0,19,0,1,0,0
0.075701616,56,1,0.204993304,10453.0,14,0,1,0,0
0.056348591,51,0,941.0,5400.0,3,0,1,0,0
0.011492932,43,0,0.205358928,5000.0,3,0,1,0,0
0.003991775,89,0,4.0,5400.0,9,0,0,0,0
0.0,59,0,0.0,3400.0,2,0,0,0,0
0.262299844,67,1,0.440757286,4700.0,11,0,2,0,0
0.9999999,60,0,0.0,5400.0,1,0,0,0,0
0.204059752,65,0,0.230664209,14648.0,14,0,2,0,1
0.001462936,69,0,0.000526177,3800.0,5,0,0,0,0
0.007856208,40,0,0.282926829,2254.0,9,0,0,0,1
0.345879959,38,0,0.50012499,12000.0,10,0,1,0,0
0.9999999,31,0,240.0,5400.0,1,0,0,0,0
0.231846115,61,0,5873.0,5400.0,12,0,4,0,0
0.9999999,37,0,134.0,5400.0,3,2,0,1,3
0.9999999,51,1,0.545816733,6525.0,9,0,3,0,0
0.119010268,59,0,0.656859917,10400.0,22,0,3,0,0
0.051294261,71,0,3202.0,5400.0,15,0,1,0,0
0.013686645,80,0,0.003198976,6251.0,7,0,0,0,0
0.03149685,67,1,0.198593297,7250.0,7,0,2,0,0
0.213910105,48,0,0.225533301,6140.0,10,0,0,1,0
3081.0,31,0,3465.0,5400.0,2,0,1,0,0
0.005920663,32,0,0.783073704,4300.0,6,0,2,0,1
0.0,52,0,0.0,3647.0,1,0,0,0,0
0.735242159,57,0,0.496111591,8100.0,7,0,2,0,1
0.197114054,62,0,362.0,5400.0,3,0,0,0,0
1.101932045,66,2,279.0,5400.0,4,0,0,0,0
0.0,54,0,0.256484567,6900.0,9,0,2,0,0
0.00790764,58,0,0.389913612,4282.0,11,0,2,0,1
0.122109115,60,0,0.092685178,13000.0,6,0,1,0,0
0.174205942,48,0,1926.0,5400.0,6,0,1,0,0
0.117148076,52,0,124.0,5400.0,4,0,0,0,0
0.000275044,53,1,0.0,5800.0,6,0,0,0,1
0.638872226,50,0,0.172965407,5000.0,7,1,0,0,3
0.682317682,63,4,0.421834887,7400.0,10,1,3,0,0
0.583683263,66,0,0.387552616,3325.0,5,0,1,0,0
0.386428966,50,1,2357.0,5400.0,12,0,1,0,0
0.794220578,69,0,0.737511353,1100.0,8,0,0,0,0
0.9999999,44,0,0.0,1500.0,1,0,0,0,2
0.0,46,0,0.182909126,10332.0,5,0,3,0,4
0.005489732,63,0,0.296618357,5174.0,13,0,1,0,0
0.9999999,65,0,0.046829431,12000.0,4,0,0,0,1
0.064351427,58,0,0.342487608,17550.0,11,0,5,0,0
0.367132293,56,0,0.278407286,9442.0,12,0,2,0,2
0.747532633,74,0,0.541741959,5533.0,14,0,1,0,0
0.16277011,28,0,382.0,5400.0,7,0,0,0,0
0.0,45,0,0.335538847,9974.0,5,0,3,0,0
0.000705615,67,0,0.520533881,2921.0,18,0,1,0,0
0.018798926,31,0,0.172303473,2187.0,4,0,0,0,0
0.336057707,33,0,0.075214071,4320.0,3,0,0,0,0
0.100519984,56,0,123.0,5400.0,6,0,0,0,0
0.9999999,40,0,0.165573508,6250.0,4,0,1,0,0
0.0,42,0,0.399103139,5797.0,14,0,1,0,1
0.373643675,54,0,0.48378803,7000.0,7,0,2,0,2
0.121085863,44,0,0.281636777,3958.0,7,0,1,0,0
0.144963145,33,0,1329.0,1.0,10,0,2,0,0
0.266191955,74,0,0.169736187,2008.0,7,0,0,0,1
0.029271226,78,0,27.0,5400.0,5,0,0,0,0
0.024844335,71,0,0.789727831,6833.0,11,0,3,0,0
0.522496786,52,0,0.215895887,4302.0,4,0,0,0,1
0.011159888,61,0,2274.0,5400.0,9,0,1,0,0
0.215802673,60,0,0.351571874,8333.0,8,0,1,0,1
0.531446855,62,0,0.038636909,4166.0,6,0,0,0,1
0.32016749,51,0,0.211995473,2650.0,3,0,1,0,0
0.17548021,51,0,0.272356971,5400.0,11,0,1,0,0
0.199899041,53,0,0.270079339,9200.0,15,0,1,0,2
0.012591185,70,0,0.393023772,4500.0,11,0,1,0,2
0.028219584,69,0,0.148833765,2700.0,8,0,0,0,0
0.236021749,64,1,0.518753168,11837.0,17,0,2,0,0
0.14773841,42,0,0.251264461,17200.0,19,0,2,0,2
0.510190861,65,0,0.725672703,5908.0,17,0,2,0,0
0.832550295,43,0,0.143222506,4300.0,5,0,0,0,1
0.9999999,36,0,0.225718481,4766.0,2,0,1,0,1
0.232956735,57,0,2071.0,5400.0,5,0,2,0,0
0.481157681,52,0,6343.0,5400.0,10,0,3,0,2
0.965438446,41,3,0.117397715,5425.0,4,0,1,0,1
0.065842777,81,0,51.0,5400.0,4,0,0,0,0
0.019872964,70,0,0.211564442,3700.0,6,0,1,0,0
0.099000041,67,0,971.0,5400.0,5,0,1,0,0
0.025389625,75,0,0.00497086,5833.0,4,0,0,0,0
0.109178164,27,0,0.0358193,3740.0,2,0,0,0,0
0.182899867,51,0,0.598108747,3383.0,13,0,1,0,0
0.017379918,44,0,0.403919216,5000.0,3,0,1,0,2
0.215015963,56,0,0.13253012,3900.0,11,0,0,0,0
1.00528964,34,0,1.811042361,2100.0,12,0,2,0,3
0.058378172,24,0,0.014888337,2417.0,4,0,0,0,0
0.408757386,41,1,0.295626148,14700.0,4,0,2,0,2
0.000248432,54,1,0.196544276,8333.0,7,0,0,0,1
0.111111111,40,0,0.175582188,10262.0,6,0,1,0,0
0.950209958,28,0,0.637801832,1200.0,5,0,0,0,0
0.032765574,44,0,0.239180866,12500.0,5,0,2,0,3
0.104844758,44,0,0.106926458,8416.0,5,0,1,0,1
0.984112876,33,0,0.344514043,4948.0,3,0,1,0,1
0.10849854,50,0,634.0,5400.0,5,0,1,0,0
0.50815164,58,1,1.666319082,3835.0,11,0,2,0,1
0.136062131,58,0,0.244628948,11682.0,4,0,2,0,2
0.661537959,49,0,11782.0,5400.0,10,0,2,0,1
0.992793117,45,1,0.510097036,3812.0,8,0,1,0,4
0.034874693,49,0,0.511805999,4700.0,4,0,1,0,1
0.0,43,0,2792.0,5400.0,5,0,1,0,0
0.347061078,44,0,0.497426849,6800.0,11,0,1,0,0
0.348601428,46,0,0.647107032,6100.0,11,0,1,0,1
0.290232337,75,3,0.257828542,7791.0,17,0,3,0,0
0.058792388,55,0,346.0,0.0,5,0,0,0,0
0.9999999,74,0,0.0,5500.0,0,0,0,0,0
0.035855435,57,0,2119.0,5400.0,5,0,1,0,0
0.450410468,38,0,2723.0,5400.0,4,0,1,0,0
0.9999999,44,1,0.339787633,1600.0,1,1,1,0,0
0.397521359,45,0,0.291498834,4716.0,11,0,0,1,4
0.072327776,58,0,0.503190172,10500.0,9,0,4,0,1
0.737138504,36,0,0.665497508,5416.0,9,0,2,0,1
0.021400261,46,0,44.0,5400.0,6,0,0,0,0
0.015936092,71,0,0.008072511,7060.0,13,0,0,0,0
0.896190797,47,0,4379.0,5400.0,14,0,4,0,3
0.0,68,0,0.0,2184.0,4,0,0,0,0
0.036308096,65,0,0.74989899,2474.0,8,0,1,0,0
0.082775975,44,0,0.42543021,2091.0,7,0,1,0,0
0.112998954,63,0,0.061143732,7833.0,15,0,0,0,0
0.0,76,0,0.226768377,2883.0,10,0,0,0,0
0.9999999,33,2,0.220731386,3800.0,4,0,0,1,0
0.322253864,44,1,0.528171574,2750.0,8,0,0,0,2
0.786612586,51,0,0.357556038,5531.0,6,0,0,0,0
0.9999999,37,1,0.36031984,2000.0,10,0,0,1,0
0.9999999,75,0,0.0,5400.0,1,0,0,0,0
0.01319975,51,0,0.500454463,5500.0,13,0,3,0,1
0.382067843,41,0,0.560362067,9500.0,19,0,2,0,5
0.838258087,27,0,0.393114936,1800.0,3,0,0,1,1
0.697583608,47,0,0.315034666,10528.0,16,0,2,0,1
0.024025025,50,0,0.235701906,7500.0,6,0,2,0,1
0.388584885,66,0,0.645362432,2565.0,8,0,1,0,1
0.127640638,42,0,1973.0,5400.0,3,0,1,0,0
0.012897146,48,0,27.0,5400.0,8,0,0,0,5
0.017646367,75,0,2063.0,5400.0,11,0,2,0,1
0.02859714,67,0,1971.0,5400.0,3,0,1,0,1
0.717583236,47,0,0.375797804,11750.0,9,0,2,0,1
0.333924777,39,0,0.553206685,7000.0,9,0,1,0,3
0.040820255,58,0,0.217346589,5833.0,13,0,2,0,0
0.0,60,0,0.421407651,11266.0,6,0,3,0,0
0.695617775,81,0,0.658352668,6895.0,8,0,3,0,0
0.121746604,77,0,2075.0,5400.0,9,0,2,0,0
0.020666416,70,0,818.0,5400.0,18,0,0,0,0
0.064836086,52,0,0.343147358,6792.0,10,0,2,0,1
0.458392064,60,1,0.542408693,6625.0,11,0,2,0,1
0.533679216,34,0,0.191349934,3051.0,7,0,0,0,1
0.9999999,67,0,0.119400115,5200.0,3,0,0,0,0
0.124518833,67,0,0.41575468,18000.0,33,0,4,0,1
0.145910281,55,0,4913.0,5400.0,15,0,1,0,0
0.606505161,75,0,2735.0,5400.0,8,0,2,0,0
0.236657966,67,0,0.421223355,2157.0,8,0,0,0,0
0.031714014,75,0,360.0,5400.0,8,0,1,0,0
0.01009899,32,0,0.187904968,4166.0,2,0,1,0,0
0.921790096,82,0,1.144146685,7089.0,14,0,2,0,0
0.29999184,68,0,0.288883124,7708.0,12,0,1,0,1
0.135917282,53,0,0.190480952,10000.0,3,0,1,0,0
0.590729717,31,0,0.741788061,3500.0,13,0,1,0,1
0.636832247,78,0,0.532492264,4200.0,11,0,1,0,0
0.022341704,42,0,0.007152746,4333.0,6,0,0,0,0
0.9999999,50,18,0.0,5400.0,0,18,0,18,0
0.959040959,36,1,0.693172942,6400.0,7,0,1,0,1
0.0,49,0,1.377950311,3219.0,10,0,2,0,2
0.001034104,56,0,0.109554047,13700.0,18,0,2,0,0
0.491447298,43,0,0.499683844,6325.0,13,0,2,0,1
0.374632144,46,0,0.424242424,2903.0,13,0,0,0,3
0.00243525,41,0,0.304122253,10600.0,11,0,3,0,0
0.020675862,55,0,1473.0,5400.0,3,0,1,0,0
0.0,59,0,0.355955506,8000.0,8,0,2,0,0
0.15784313,51,0,0.595854579,15100.0,13,0,4,0,2
0.030184073,80,0,0.02574171,4583.0,12,0,0,0,0
0.9999999,32,0,420.0,5400.0,2,0,0,0,0
0.013301512,46,0,0.214946863,8750.0,5,0,1,0,3
0.9999999,34,0,0.015546918,1800.0,0,0,0,0,0
0.075689533,46,0,8276.0,5400.0,9,0,7,0,0
0.0,53,0,0.0,5400.0,2,0,0,0,0
0.0,56,0,0.509719222,8333.0,10,0,3,0,0
0.117793231,60,0,0.451177441,6666.0,8,0,2,0,0
0.047552722,61,0,0.263091641,3971.0,7,0,2,0,2
0.003466205,28,0,0.0,5400.0,2,0,0,0,0
0.379930922,53,0,0.305881427,12700.0,7,0,1,0,2
0.608101214,60,0,483.0,5400.0,4,1,0,0,0
0.163583642,70,0,302.0,5400.0,5,0,0,0,0
0.035347467,27,0,0.005998667,4500.0,3,0,0,0,0
0.015713537,43,0,0.393168547,12500.0,12,0,2,0,2
0.480709731,68,0,3.70383693,833.0,18,0,2,0,0
0.9999999,46,1,0.167574108,1652.0,1,0,0,0,2
0.9999999,52,0,0.160791888,2070.0,2,0,0,0,0
0.0,30,0,0.430116833,4621.0,5,0,1,0,2
0.083623311,54,0,0.306008103,11600.0,9,0,2,0,1
0.9999999,61,0,3.6900369,2438.0,2,0,0,0,1
0.540719036,63,3,0.525405787,2833.0,13,0,3,0,0
0.345827086,25,0,0.02056962,2527.0,4,0,0,0,0
0.003928218,76,0,52112.0,5400.0,27,0,23,0,0
0.370235935,26,3,0.234678045,2577.0,3,0,0,2,0
0.086913087,30,0,0.930143946,2361.0,8,0,1,0,1
0.041178978,49,0,0.398393933,4482.0,15,0,1,0,0
0.723025946,29,0,1.202331391,1200.0,6,0,0,0,3
0.9999999,24,0,0.018990505,2000.0,0,1,0,0,0
0.804391218,61,1,1.644733783,4300.0,4,0,2,0,0
0.024679719,85,0,0.01076647,3900.0,7,0,0,0,0
0.92908222,62,0,0.432220725,20042.0,13,0,2,0,0
0.243919878,45,0,0.066340146,31850.0,11,0,0,0,3
0.021726591,39,0,0.157421289,2000.0,8,0,0,0,0
0.03787017,69,0,0.520233463,2569.0,4,0,1,0,0
0.016018629,52,0,0.343640067,5400.0,16,0,1,0,0
0.070032079,67,0,0.32513395,4105.0,11,0,2,0,0
1.274542429,51,4,1.097180564,5000.0,10,0,2,1,0
0.070795989,79,0,394.0,5400.0,10,0,0,0,0
0.012459622,22,0,0.002150538,929.0,5,0,0,0,0
0.020221473,82,0,16.0,5400.0,4,0,0,0,0
0.043189369,35,0,0.00467886,2350.0,4,0,0,0,4
0.114385823,40,0,0.430895522,6699.0,10,0,2,0,2
0.034961668,35,1,3266.0,5400.0,5,0,1,0,0
0.9999999,41,0,0.520112915,4250.0,4,0,1,0,2
0.9999999,53,0,4252.0,5400.0,14,0,4,0,0
0.070117906,36,0,0.451172092,9000.0,17,0,2,0,3
0.000341458,47,0,0.194000513,11700.0,10,0,1,0,3
0.731453709,49,0,0.028540849,8408.0,5,0,0,0,0
0.464976751,44,0,1276.0,5400.0,4,0,1,0,4
0.017891976,51,0,0.200638928,12833.0,6,0,1,0,0
0.13810546,74,0,0.158874638,2416.0,10,0,0,0,0
0.836744217,37,0,0.220617641,4500.0,3,0,0,0,1
0.614914093,73,0,0.412606991,12500.0,27,0,1,0,0
0.017862824,46,1,0.341532923,6666.0,7,0,2,0,2
0.707379789,56,1,0.259198136,10300.0,10,1,1,0,1
0.645959855,45,0,0.33886829,6202.0,7,0,0,0,0
0.360305588,59,0,0.081274104,7000.0,6,0,0,0,0
0.216602304,58,1,0.380017841,4483.0,13,0,2,0,0
0.008835709,74,1,0.545342922,5700.0,17,0,2,0,1
0.116696589,31,0,0.652042775,3646.0,10,0,2,0,0
0.027614677,43,0,0.216222702,8333.0,9,0,2,0,2
0.0,80,0,0.01029897,10000.0,4,0,0,0,0
0.166320565,45,0,0.506958887,6250.0,9,0,1,0,0
1.45508982,34,3,1.565028002,1606.0,7,0,1,0,0
0.960345415,54,0,0.145052977,6700.0,3,0,1,0,0
0.022391288,75,0,26.0,5400.0,2,0,0,0,0
0.562471876,41,0,0.392737978,5094.0,12,0,1,0,0
0.504285454,50,0,0.246615288,4800.0,8,0,2,0,0
0.9999999,66,1,2862.0,5400.0,2,1,1,1,0
0.338631175,42,0,38793.0,5400.0,14,0,4,0,1
0.307057154,71,0,0.596286973,3177.0,6,0,1,0,0
0.619574201,39,0,0.616024773,10333.0,22,0,2,0,1
1.031069936,46,1,0.158099047,8500.0,15,0,2,0,0
0.363235766,63,0,0.31886096,5688.0,16,0,1,0,1
0.0,47,0,0.054955604,4166.0,1,3,0,0,1
0.07159642,55,0,0.553602206,2900.0,7,0,1,0,0
0.088794472,74,0,0.336554482,3000.0,6,0,1,0,0
0.9999999,46,1,0.753123438,2000.0,4,1,2,0,2
0.0,33,0,2308.0,5400.0,10,0,3,0,0
0.0,72,0,0.11409396,2979.0,4,0,0,0,0
0.064823269,74,0,0.006499188,8000.0,2,0,0,0,1
0.521785155,52,0,0.150961655,24800.0,10,0,1,0,6
0.013120054,64,0,0.261131635,5142.0,7,0,1,0,1
0.057998,41,0,0.237735583,14166.0,5,0,1,0,0
0.032539411,40,0,0.534032753,11723.0,18,0,2,0,4
0.024228861,51,0,0.277594031,13000.0,13,0,1,1,1
0.0,56,0,0.029599731,2972.0,5,0,1,0,1
0.027762552,60,0,0.159335158,14980.0,12,0,2,0,1
0.353713632,47,0,0.262655377,5550.0,6,0,1,1,0
0.446755711,27,0,0.233647529,3500.0,6,0,0,0,0
0.047622437,60,0,0.020616431,9700.0,8,0,0,0,2
0.339163023,25,0,0.023359288,898.0,3,0,0,0,0
0.239933263,65,2,0.582722304,7500.0,15,0,2,0,0
0.237756011,41,0,0.162769874,10050.0,9,0,0,0,2
0.9999999,78,1,0.203995794,950.0,5,0,0,0,0
0.115477683,56,0,769.0,5400.0,3,0,1,0,0
0.352668019,52,1,0.302707558,7792.0,11,0,2,0,1
0.034872387,41,1,0.72811245,4979.0,7,0,1,0,3
0.114888202,34,0,0.006664198,2700.0,1,0,0,0,0
0.875271764,74,0,0.514960156,6650.0,18,0,0,0,0
0.02741847,63,0,0.233764136,6189.0,5,0,2,0,3
0.024008479,60,0,0.41509144,6506.0,26,0,1,0,0
0.00174371,64,0,0.432813878,3400.0,5,0,1,0,0
0.240578373,55,0,0.399733511,1500.0,4,0,0,0,0
0.021135547,57,0,0.198823859,3570.0,17,0,1,0,1
0.001564694,62,0,16.0,5400.0,4,0,0,0,0
0.049982173,49,0,0.068150047,8583.0,10,0,0,0,2
0.144184889,31,0,0.383736431,5250.0,8,0,1,0,0
0.253974104,49,1,0.349943535,7083.0,11,0,2,0,1
0.746822382,42,2,0.152873148,8300.0,8,1,0,1,4
0.9999999,54,0,0.0,3150.0,1,0,0,0,0
0.027380403,34,0,0.033671833,1870.0,4,0,0,0,0
0.012825909,53,0,0.129686198,3600.0,9,0,1,0,1
0.142198573,50,0,0.468632842,4000.0,8,0,1,0,2
0.080103778,73,0,44.0,5400.0,3,0,0,0,0
0.976458488,60,4,0.651220919,5200.0,12,1,1,0,2
0.0178068,40,0,2222.0,5400.0,4,0,1,0,0
0.415873104,27,0,0.208936698,2416.0,7,0,0,0,0
0.001171783,68,0,3231.0,5400.0,3,0,1,0,0
0.002409856,72,0,0.458392649,7726.0,7,0,2,0,0
0.733902509,50,0,5376.0,5400.0,19,0,2,0,1
0.183742094,32,0,2207.0,5400.0,10,0,1,0,0
0.737608913,25,0,0.197540658,5041.0,11,0,0,0,0
0.0,58,0,0.135308698,8875.0,11,0,2,0,0
0.474305505,40,0,0.320607713,7700.0,10,0,1,0,2
0.0,60,0,0.0,4792.0,2,0,0,0,1
0.0,50,0,0.0,5400.0,1,0,0,0,0
0.9999999,74,2,0.361409648,4000.0,4,1,1,1,0
0.323301475,50,0,0.264797314,16083.0,7,0,2,0,0
0.046427742,58,0,0.008913267,8750.0,8,0,0,0,0
0.057886538,59,0,34.0,5400.0,1,0,0,0,0
0.834145091,28,0,0.114961679,3000.0,3,0,0,0,0
0.044248274,64,0,0.010384356,7414.0,5,0,0,0,0
0.0564059,57,0,0.507246377,6416.0,9,0,1,0,1
0.099778971,29,0,0.248412138,4250.0,7,0,0,0,0
0.038749031,51,0,0.274767184,11274.0,2,0,1,0,1
0.00515306,54,0,0.518979058,4583.0,11,0,1,0,1
0.9999999,49,0,0.227843427,2707.0,3,0,0,0,1
0.020113736,47,0,0.35579415,2700.0,12,0,1,0,2
0.234840713,51,0,0.302051084,5167.0,28,0,1,0,0
0.0,38,0,0.632121885,6300.0,6,0,1,0,0
0.9999999,51,0,1157.0,5400.0,1,0,1,0,0
0.613593594,45,0,0.158871675,6841.0,7,0,1,0,2
0.558351735,58,0,0.38501769,6500.0,6,0,1,0,1
0.536227045,72,0,0.802991233,9694.0,24,0,4,0,0
0.0,28,0,0.10974192,4300.0,4,0,0,0,0
0.11564021,63,0,0.131137034,7800.0,30,0,1,0,0
0.41905931,68,0,0.4499091,10450.0,13,0,2,0,0
0.540213539,47,0,0.252338197,5345.0,7,0,0,0,1
0.0,80,0,0.037345284,9371.0,12,0,1,0,0
0.103075337,45,0,0.106609531,7700.0,6,0,0,0,0
0.006633112,80,0,65.0,5400.0,1,0,0,0,0
0.002555829,73,0,0.207606352,5100.0,6,0,1,0,0
0.026728225,33,0,0.202616415,6420.0,11,0,1,0,0
0.731427789,57,0,0.285790456,3750.0,7,0,0,0,0
0.215699769,36,0,0.372525849,3384.0,3,0,1,0,1
0.165579746,59,0,0.461634591,4000.0,9,0,1,0,0
0.88644209,31,1,0.085351788,2600.0,7,0,0,0,0
0.0,63,0,0.188378471,5833.0,9,0,2,0,0
0.9999999,38,0,1660.0,0.0,2,0,1,0,0
0.180419062,44,0,0.249839764,7800.0,9,0,1,0,3
0.014742436,73,0,0.205235117,4316.0,7,0,1,0,0
0.857495576,45,2,0.399340274,9700.0,13,0,1,0,2
0.051645334,47,0,0.199328714,9235.0,12,0,2,0,4
0.042595485,68,0,1991.0,5400.0,4,0,1,0,0
0.9999999,69,0,0.474034621,4505.0,6,0,1,0,0
0.581653422,79,0,0.548092002,3825.0,8,0,2,0,1
1.053406239,39,0,0.312601088,6800.0,20,0,1,0,2
0.984116338,29,0,0.342776204,6000.0,4,0,0,0,3
0.376393899,62,0,0.667688182,5220.0,17,0,2,0,0
0.135418899,69,0,0.111267358,5688.0,4,0,1,0,1
0.009363922,61,0,646.0,5400.0,5,0,1,0,0
0.049631366,73,0,64.0,5400.0,6,0,0,0,0
0.9999999,69,0,0.063387323,5000.0,2,0,1,0,0
0.691803424,68,0,0.969484391,2850.0,8,0,0,0,0
0.029998446,52,0,0.012341447,2916.0,12,0,0,0,1
0.031383499,83,0,0.343483557,2462.0,14,0,1,0,0
0.002638235,74,0,0.000564653,14167.0,15,0,0,0,0
0.165605642,48,0,0.305221695,9900.0,7,0,1,0,0
0.534774212,58,0,3104.0,5400.0,9,0,1,0,1
0.037981203,50,0,0.710292667,3040.0,7,0,1,0,1
0.027198187,49,0,0.002953483,4062.0,2,0,0,0,0
0.047882136,49,0,923.0,5400.0,9,0,0,0,3
0.044120786,68,0,0.249583472,3000.0,11,0,1,0,1
0.841100244,65,0,2399.0,5400.0,9,0,1,0,0
0.027054053,57,0,1795.0,5400.0,4,0,1,0,0
0.020799406,38,0,0.121590188,4728.0,6,0,0,0,0
0.942531378,54,0,0.253624396,6000.0,16,0,0,0,0
1.224270353,57,0,0.02416264,6000.0,5,3,0,1,3
0.9999999,61,0,875.0,5400.0,3,0,1,0,0
0.383261208,62,4,11193.0,5400.0,19,0,1,0,0
0.800516046,29,0,0.09823772,8000.0,3,3,0,0,0
0.707265975,34,1,0.320714476,3750.0,7,0,0,0,1
0.022176364,41,0,0.007834496,8168.0,10,0,0,0,2
0.307426125,74,0,0.241030467,8500.0,15,1,1,0,0
0.467135209,69,0,1.018296341,3333.0,7,0,2,0,2
0.370756365,66,0,0.517607165,11500.0,20,0,2,0,0
0.465893188,67,0,0.55736066,4000.0,5,0,1,0,0
0.0,56,0,0.655955441,2333.0,12,0,2,0,0
0.006993007,23,0,0.0,0.0,2,0,0,0,0
0.297349049,46,1,0.380945579,7000.0,9,0,2,0,5
0.957335704,35,0,516.0,5400.0,2,0,0,0,0
0.132241417,55,0,0.527788884,2500.0,20,0,0,0,0
0.9999999,56,1,2438.0,0.0,3,0,1,0,0
0.032867556,77,0,0.247608927,1881.0,7,0,0,0,2
0.274727258,46,0,0.479558107,11495.0,16,0,3,0,0
0.114710189,65,0,0.490169943,3000.0,6,0,0,0,1
0.108330556,39,0,1.752623688,2000.0,8,0,1,0,0
0.0,56,0,1355.0,5400.0,5,0,1,0,0
0.114913937,69,0,0.383593691,13250.0,9,0,1,0,0
0.886900775,40,1,0.230283912,3803.0,4,0,0,1,0
0.094672066,37,0,0.41256525,5363.0,11,0,1,0,3
0.067405853,67,0,0.25694861,5000.0,10,0,1,0,0
0.138693065,34,0,0.600383939,6250.0,7,0,2,0,1
0.022088452,55,0,0.271328411,16116.0,5,0,3,0,1
0.9999999,49,1,0.038692262,3333.0,2,0,0,0,1
0.843853463,48,0,0.403951036,8250.0,10,0,2,0,2
0.345863002,52,1,0.123278774,23093.0,13,0,2,0,1
0.512138215,55,0,0.317468253,10000.0,12,0,1,0,0
0.002078893,51,0,0.223577236,5165.0,13,0,2,1,1
0.144963364,50,0,195.0,5400.0,4,0,0,0,0
0.100943759,48,0,0.356552962,2784.0,6,0,1,0,2
0.183979933,47,0,0.398360164,10000.0,33,0,3,0,1
0.0,34,0,0.197355534,4083.0,6,0,0,0,0
0.0,54,6,1.55536116,4000.0,3,0,1,1,3
0.0,56,0,0.727802537,5833.0,12,0,2,0,0
0.120906591,59,0,0.005201403,8266.0,2,0,0,0,0
0.182064247,51,0,290.0,5400.0,6,0,0,0,0
0.9999999,27,0,0.015410246,2400.0,1,0,0,0,0
0.0,62,0,0.235718384,12200.0,20,0,1,0,0
0.022185186,67,0,3262.0,5400.0,10,0,1,0,0
0.9999999,65,1,0.402399128,2750.0,3,1,2,0,1
0.020484228,62,0,0.439454691,9975.0,5,0,1,0,0
0.9999999,39,0,0.578333905,8750.0,3,0,2,0,0
0.999938631,53,1,694.0,5400.0,4,0,0,0,0
0.014699483,83,0,2359.0,5400.0,16,0,2,0,0
0.067649406,29,0,0.84729064,3450.0,10,0,2,0,0
0.081316747,45,0,0.536811106,7130.0,8,0,2,0,0
0.692522991,33,0,0.697975709,3704.0,9,0,1,0,0
0.31971404,62,0,0.348443005,10500.0,10,0,2,0,0
0.124043798,43,0,1.241208648,3838.0,7,0,2,0,0
0.071946403,70,0,0.242952833,7165.0,6,0,1,0,1
0.0,50,0,0.121813829,7100.0,7,0,1,0,1
0.114859009,31,0,0.578855286,4000.0,7,0,1,0,0
0.996154142,70,0,2608.0,5400.0,6,0,1,0,0
0.011681151,68,0,426.0,5400.0,6,0,0,0,0
0.015700878,75,0,5078.0,5400.0,19,0,5,0,0
0.203951842,48,0,0.169800333,12019.0,8,0,1,0,1
0.968555252,56,0,0.455966839,13750.0,17,0,1,0,6
0.047512272,82,0,41.0,5400.0,5,0,0,0,0
0.015232826,49,0,0.294947331,5600.0,4,0,1,0,0
0.035575555,75,0,0.009814613,2750.0,12,0,0,0,0
0.446020342,51,0,0.416400426,8450.0,15,0,3,0,2
0.127335266,42,0,0.478738851,4820.0,10,0,1,0,1
0.0916005,39,0,0.051199657,4667.0,12,0,0,0,2
0.9999999,39,3,0.20783848,1683.0,2,2,0,0,3
0.13246921,53,0,1734.0,5400.0,7,0,1,0,0
0.001989617,46,0,0.09086899,6800.0,10,0,0,0,1
0.050840321,86,0,0.012383049,3633.0,5,0,0,0,0
0.066300832,63,0,1410.0,5400.0,9,0,1,0,0
0.061176865,38,0,0.127687231,10000.0,13,0,0,0,0
0.771681888,39,1,0.231109841,7000.0,5,0,1,0,2
0.9999999,38,1,0.453291052,11667.0,10,0,3,0,3
0.024144577,65,0,3125.0,5400.0,11,0,2,0,0
0.042276273,86,0,82.0,0.0,5,0,0,0,1
0.38521765,61,0,0.359300146,4800.0,10,0,0,0,3
0.009077403,66,0,0.2292,7499.0,7,0,1,0,1
0.718065096,54,0,0.736313184,6666.0,10,0,2,0,2
0.0,48,0,0.0,13000.0,4,0,0,0,2
0.87111762,46,0,0.378593342,8800.0,5,0,1,0,1
0.086937441,69,0,248.0,5400.0,8,0,0,0,0
0.025184459,55,0,2480.0,5400.0,10,0,2,0,0
0.9999999,43,0,0.192859233,3416.0,3,0,0,0,2
0.095424677,44,0,0.02561288,2732.0,4,0,0,0,0
0.013400572,67,3,0.514998421,6333.0,22,0,3,0,0
0.005261377,51,0,0.165772024,9500.0,14,0,1,0,1
0.074510028,56,0,0.149889533,14483.0,4,0,1,0,2
0.001907611,60,0,0.139731051,8179.0,14,0,1,0,0
0.005159794,81,0,3.0,5400.0,3,0,0,0,0
0.289530067,24,0,0.042559269,3500.0,2,0,0,0,0
0.074706218,32,0,0.210522268,13000.0,10,0,2,0,1
0.038734456,73,0,0.159968634,5100.0,8,0,2,0,1
0.356427777,69,0,0.063197472,25000.0,10,1,1,0,0
0.9999999,23,18,0.0,2800.0,0,18,0,18,0
0.031271306,72,0,0.076340694,1584.0,11,0,0,0,0
0.0,45,0,2351.0,5400.0,10,0,2,0,2
0.25354929,46,0,4171.0,5400.0,6,0,4,0,0
0.341002653,69,0,0.355211797,6916.0,17,0,0,0,2
0.681847504,51,1,0.614094941,10258.0,6,0,2,0,1
0.0,80,0,0.0,3630.0,2,0,0,0,0
0.003295556,62,0,0.212052074,7450.0,15,0,2,0,0
0.014006834,25,0,0.005999333,9000.0,20,0,0,0,0
1.026904199,31,0,0.12374208,2682.0,4,0,0,1,0
0.383820998,59,0,0.612692893,4600.0,9,0,1,0,0
0.211870816,33,0,0.15992004,2000.0,8,0,0,0,0
0.9999999,44,1,0.256685829,4000.0,5,0,0,0,0
0.814860033,41,0,0.379924015,5000.0,4,0,1,0,0
0.332390063,31,0,1.084812623,3041.0,10,0,2,0,1
0.320792871,47,0,8501.0,5400.0,6,0,1,0,0
0.042608734,67,0,622.0,5400.0,4,0,1,0,0
0.07069227,47,0,0.281362837,10800.0,8,0,2,0,0
0.097728236,62,0,1964.0,5400.0,5,0,1,0,0
0.2658005,54,1,0.474353823,7466.0,10,0,1,0,1
0.577482686,45,0,0.05747011,9952.0,4,0,0,0,0
0.007062059,48,0,0.555035567,10683.0,14,0,3,0,0
0.079130809,58,0,1285.0,5400.0,16,0,1,0,0
0.0,59,0,0.330040072,14473.0,6,0,1,0,1
0.019136346,49,0,1901.0,5400.0,9,0,1,0,2
0.059558778,72,0,0.010380623,2600.0,3,0,0,0,0
0.0,63,0,0.004142265,7000.0,2,0,0,0,0
0.078385407,70,0,0.254274168,3216.0,7,0,1,0,0
0.634710331,50,0,4025.0,5400.0,7,0,3,0,0
0.577147324,66,0,0.355357531,4600.0,7,1,1,0,1
0.0,49,0,0.0,5400.0,3,0,0,0,0
0.026672242,33,0,1741.0,5400.0,7,0,1,0,0
0.237110923,61,0,0.119703776,8236.0,15,0,0,0,1
0.35125907,39,0,0.352138308,2197.0,7,0,0,0,0
0.045381018,57,0,730.0,5400.0,5,0,1,0,0
0.887407506,40,0,0.554257447,9500.0,10,0,3,1,1
0.006352792,54,0,0.538395612,5833.0,12,0,1,0,3
0.002112577,36,0,0.000666223,1500.0,8,0,0,0,2
0.80883556,37,0,0.607906476,6500.0,12,0,2,0,4
0.025597023,90,0,0.00485668,10500.0,14,0,0,0,0
0.0,32,1,1974.0,5400.0,4,0,1,0,0
0.850468439,61,0,1.704675783,4533.0,10,0,3,0,2
0.197665627,58,0,0.746511144,4800.0,14,0,4,0,1
0.555725834,34,1,0.50259896,2500.0,10,0,1,0,0
0.167131305,45,0,0.715497043,8962.0,21,0,2,0,2
0.0,23,0,0.0,864.0,2,0,0,0,0
0.401938416,76,1,0.387390073,6708.0,14,0,2,0,1
0.052727958,43,0,0.328839153,14833.0,7,0,2,0,4
0.9999999,75,0,139.0,5400.0,2,0,0,0,0
0.118939459,48,0,0.540762614,7788.0,5,0,3,0,5
0.764641861,47,0,3182.0,5400.0,8,0,2,0,0
0.857544535,56,0,1.21695245,8222.0,14,0,3,0,2
0.013689513,67,0,4011.0,5400.0,20,0,2,0,0
0.195182925,39,1,0.169973442,6400.0,7,0,1,0,4
0.00642009,33,0,0.654154636,6233.0,12,0,2,0,1
0.9999999,70,0,294.0,5400.0,7,0,0,0,0
0.9999999,27,0,0.042744657,2666.0,1,0,0,0,0
0.012799147,53,0,0.002014504,2481.0,5,0,0,0,0
0.0,47,0,0.680308198,7916.0,10,0,3,0,3
0.029551422,67,0,0.229580574,1811.0,8,0,0,0,0
0.195006164,50,0,0.327112148,6000.0,25,0,1,0,0
0.012019991,71,1,0.082312327,14772.0,14,0,1,0,1
0.9999999,28,0,0.17775571,4027.0,1,2,0,0,0
0.239496317,57,0,0.272363664,13000.0,4,0,1,0,0
0.931253183,47,1,0.795800145,4142.0,7,0,2,0,3
0.348165825,41,0,0.222184007,5814.0,13,0,0,0,1
1.628951747,45,2,0.20951967,4600.0,6,0,0,2,1
0.037701948,44,0,0.058848736,7000.0,5,0,0,0,0
0.016247061,71,0,0.249928592,3500.0,11,0,2,0,0
0.039753062,61,0,0.085336538,6655.0,7,0,2,0,0
0.0,67,0,0.223864015,9000.0,11,0,1,0,0
0.002914119,39,0,0.113656828,9994.0,12,0,0,0,1
0.233781047,45,0,0.40647482,1667.0,8,0,1,0,2
0.035738708,70,0,0.359433569,2400.0,29,0,0,0,0
0.435129741,25,0,0.18832467,2500.0,2,0,0,0,0
0.004955665,49,0,0.002059429,3398.0,7,0,0,0,1
0.317008275,42,0,0.417993203,5590.0,11,0,1,0,4
0.322595132,39,0,1155.0,5400.0,4,0,0,0,0
0.00555487,52,0,0.082399273,3300.0,2,0,0,0,2
0.055493719,63,0,2394.0,5400.0,9,0,4,0,0
0.001688686,62,0,0.431268749,5666.0,6,0,1,0,1
0.9999999,22,1,0.025948104,500.0,0,0,0,0,0
0.249169435,44,2,1.143966126,4250.0,13,3,1,0,2
0.091413191,65,0,0.414482572,3700.0,18,0,1,0,1
2.158596491,61,0,0.591755115,6500.0,12,0,2,0,0
0.765186098,63,0,2.256776034,700.0,15,0,0,0,0
0.213002974,57,0,0.384130793,20000.0,10,0,1,0,2
0.053968538,43,0,0.178512092,10833.0,12,0,2,0,0
0.9999999,48,2,0.219304773,9406.0,3,4,1,0,3
0.433101328,50,0,2433.0,5400.0,15,0,1,0,2
0.063227527,75,0,1239.0,5400.0,5,0,1,0,0
0.33405125,55,0,0.306417825,5250.0,6,0,0,0,0
0.016973238,66,0,0.01233566,6160.0,9,0,0,0,0
0.434164558,51,2,0.018445096,5800.0,3,0,0,0,0
0.016745766,56,0,8135.0,5400.0,18,0,6,0,2
0.357617313,37,1,0.191968005,6000.0,5,0,1,0,3
0.9999999,40,0,0.020744814,4000.0,5,2,0,1,1
0.613673425,60,1,3472.0,5400.0,13,0,2,0,0
0.291387915,43,1,0.322119816,4339.0,6,0,1,0,2
0.230017539,54,0,0.293969386,16266.0,19,0,2,0,1
0.762843489,71,0,1501.0,5400.0,6,0,1,0,0
0.059632397,74,0,0.371925615,5000.0,10,0,1,0,1
0.016022547,82,0,0.00359928,3333.0,6,0,0,0,0
0.024685962,62,0,0.214157169,5000.0,9,0,1,0,0
0.41656305,69,0,1935.0,5400.0,11,0,1,0,0
0.443001086,59,0,0.634335252,14072.0,10,0,3,0,0
0.594325289,65,0,0.251456966,16300.0,18,0,1,0,0
0.199432555,52,0,0.293202106,4368.0,11,0,1,0,3
0.276648223,71,0,1.009406232,1700.0,8,0,1,0,0
0.0,60,0,0.077513799,4166.0,7,0,0,0,0
0.9999999,38,0,0.0,5400.0,0,4,0,0,0
0.362062132,39,0,1776.0,5400.0,7,0,1,0,0
0.0,71,0,0.107277764,3970.0,3,0,0,0,0
0.103407421,50,0,1792.0,5400.0,6,0,2,0,0
0.19716371,33,0,0.314876391,6916.0,6,0,1,0,0
0.277881238,57,1,0.185359815,151855.0,31,0,13,0,0
0.357513341,59,0,1806.0,5400.0,10,0,0,0,0
0.00899955,76,0,5.0,5400.0,3,0,0,0,0
0.052170581,69,0,0.32185504,3600.0,14,0,2,0,0
0.041997104,30,0,0.31472764,4460.0,3,0,1,0,0
0.0,92,0,0.0,3538.0,7,0,0,0,0
0.093299129,42,0,0.29552272,9000.0,7,0,1,0,2
0.965544826,34,0,0.308338332,5000.0,6,0,0,0,3
0.163097961,79,0,0.286345838,7916.0,12,0,1,0,0
0.379825549,51,0,0.461406026,6969.0,12,0,1,0,1
0.961359094,45,2,439.0,5400.0,7,1,0,1,0
0.051664753,36,0,0.014780101,2773.0,2,0,0,0,0
0.9999999,63,0,0.0,5400.0,1,0,0,0,0
0.157965756,63,0,0.222686784,5500.0,12,0,0,0,0
0.076054402,51,0,2.294274301,750.0,13,0,1,0,2
0.232340547,65,0,97.0,5400.0,3,0,0,0,0
0.262558471,54,0,0.25674865,5000.0,6,0,2,0,0
0.002333256,68,0,0.000438308,4562.0,3,0,0,0,0
0.9999999,64,0,0.46975089,5900.0,8,0,1,0,1
0.559891988,31,0,0.445982498,6284.0,10,0,2,0,2
0.98076077,34,0,0.392463471,3900.0,6,0,0,0,1
0.909689072,60,0,1383.0,5400.0,6,0,1,0,0
0.119353874,30,0,0.031910804,2600.0,8,0,0,0,0
0.061687518,53,1,1309.0,5400.0,10,0,1,0,5
0.791709912,61,2,716.0,5400.0,10,0,0,1,0
0.0110215,59,0,1097.0,5400.0,14,0,1,0,0
0.461724791,64,0,0.258616288,7833.0,9,0,1,0,0
0.001153812,89,1,1.0,5400.0,6,0,0,0,0
0.024682148,50,0,0.533302569,6500.0,8,0,2,0,0
0.687758892,57,0,0.247792035,6000.0,10,0,1,0,1
0.090238195,60,0,0.396412292,6800.0,11,0,1,0,1
0.135128829,62,0,0.164605138,7356.0,4,0,1,0,0
0.898023966,31,7,0.484587615,3600.0,14,0,2,0,0
0.877076412,51,0,0.081326155,3528.0,3,3,0,0,0
0.034855483,40,0,0.156421181,11500.0,9,0,1,0,3
0.9999999,25,0,0.35353095,2293.0,3,1,0,0,0
0.055703245,68,0,0.081466204,10666.0,12,0,1,0,0
0.0,39,0,0.386055375,8920.0,11,0,4,0,3
0.783868708,65,0,0.352684865,7802.0,11,0,2,0,0
0.615084819,57,0,0.530253405,5800.0,10,0,2,0,0
0.555471361,48,0,0.679932345,10050.0,16,0,1,0,1
0.278856053,42,0,0.538428547,11657.0,12,0,2,0,1
0.190972903,45,0,0.234330962,7450.0,6,0,1,0,1
0.287329174,55,0,4486.0,5400.0,20,0,2,0,0
0.080973009,36,0,0.206016756,2625.0,3,0,1,0,0
0.246240637,54,0,1.040989753,4000.0,10,0,1,0,1
0.809685963,45,0,0.349093351,7444.0,8,0,2,0,0
0.058313735,41,0,0.024661186,4500.0,13,0,0,0,3
0.00758915,63,0,506.0,5400.0,3,0,0,0,0
0.390841243,50,1,0.218220991,6497.0,4,0,1,0,0
0.04781173,50,0,3785.0,5400.0,9,0,4,0,0
0.437854205,59,0,0.700442223,5200.0,23,0,2,0,0
1.26450116,64,1,14.39989192,3700.0,6,4,0,1,0
0.79314085,43,1,0.431642089,4000.0,7,1,1,1,1
0.088463938,52,0,0.510354171,5166.0,8,0,1,0,0
0.9999999,27,0,0.083007048,2553.0,1,0,0,0,0
0.000837942,46,0,0.0,5400.0,4,0,0,0,0
0.332051381,33,0,0.394926294,8750.0,15,0,1,0,1
0.236718216,82,0,0.527490699,7256.0,25,0,1,0,0
0.331455238,65,0,1686.0,5400.0,9,0,1,0,0
0.704091342,70,2,0.00999524,2100.0,3,0,0,2,0
0.020195961,85,0,3.0,5400.0,8,0,0,0,0
0.152843926,50,0,0.38869005,6984.0,11,0,2,0,0
0.056520366,28,0,0.002357448,6786.0,5,0,0,0,1
0.9999999,68,0,0.0,1117.0,0,0,0,0,0
0.039990972,63,0,0.047301799,3001.0,15,0,0,0,0
0.001741358,55,0,0.438066465,6950.0,12,0,2,0,0
0.058425789,55,0,0.477920347,6000.0,6,0,2,0,0
0.684222081,60,0,3976.0,5400.0,25,0,2,0,2
0.761421792,35,0,0.326390335,4800.0,8,0,1,1,1
0.430569431,25,0,0.026512576,1470.0,1,0,0,0,0
0.178220626,45,1,0.631179411,5400.0,19,0,1,0,1
0.020379857,34,0,0.339871284,3262.0,9,0,0,0,0
0.101921775,35,0,0.165259884,2250.0,4,0,0,0,0
0.121459291,35,0,0.27450507,8283.0,11,0,2,0,1
0.425646424,45,0,0.361875085,7380.0,8,0,1,0,2
0.025754252,68,0,0.004456634,5833.0,3,0,0,0,0
0.023390287,52,0,1667.0,5400.0,7,0,1,0,0
1.013996001,32,1,2611.0,5400.0,9,0,2,1,0
0.065221486,49,0,0.082756545,6645.0,9,0,1,0,2
0.4005999,35,0,1463.0,5400.0,4,0,1,0,1
0.77092303,45,0,0.312888672,8200.0,6,0,1,0,2
0.045404618,66,0,0.154517999,12250.0,11,0,1,0,0
0.766017999,28,0,1340.0,5400.0,6,0,1,0,0
0.034999607,61,0,0.007869352,11817.0,7,0,0,0,0
0.573010442,68,0,3265.0,5400.0,21,0,0,0,0
0.161347092,54,0,0.156351498,11083.0,10,0,1,0,0
0.528238098,49,0,0.612297647,7350.0,17,0,2,0,1
0.9999999,21,0,0.0,5400.0,0,0,0,0,0
0.102505328,62,0,0.0099996,25000.0,7,0,0,0,0
0.527744548,48,2,514.0,5400.0,8,0,0,0,1
0.0,50,0,0.0,13000.0,4,0,0,0,1
0.343276394,34,0,0.557103064,4666.0,13,0,2,0,1
0.0,33,0,0.552153791,2808.0,6,0,1,0,0
0.037984245,64,0,0.067988669,6000.0,9,0,0,0,0
0.012940923,50,0,0.658514075,6500.0,15,0,4,0,0
0.285767028,48,0,0.385107659,15000.0,13,0,2,0,1
0.0,48,0,0.386687307,3229.0,8,0,1,0,1
0.707292707,26,0,0.105157937,2500.0,5,0,0,0,1
0.022821598,56,0,2528.0,5400.0,14,0,1,0,0
0.880008053,51,0,1.058859784,3244.0,9,0,1,0,0
0.0,60,0,0.0,5400.0,1,0,0,0,0
0.9999999,54,0,0.054625829,3166.0,7,1,0,0,1
0.031677466,52,0,0.42822109,5300.0,7,0,1,1,0
0.423772681,55,0,0.391145747,6030.0,6,0,1,0,0
0.035110623,88,0,532.0,5400.0,7,0,1,0,0
0.95034161,43,0,1306.0,5400.0,6,4,0,0,0
0.718664406,57,2,0.603788477,3800.0,14,0,1,0,0
0.762408771,39,0,0.529433543,2700.0,6,0,0,0,4
0.78033027,80,0,0.551654458,7917.0,10,0,2,0,0
0.0,67,1,0.0,5400.0,1,0,0,0,0
0.121623638,28,0,0.112830279,4200.0,6,0,0,0,3
0.0,37,3,0.347937544,4290.0,6,0,1,0,0
0.023550383,64,0,0.109880501,10292.0,10,0,1,0,0
0.9999999,58,1,0.018796241,5000.0,9,0,0,0,1
0.004692187,55,0,0.134193696,17511.0,7,0,1,0,1
0.056832318,68,0,1197.0,5400.0,9,0,2,0,0
0.169069722,68,0,0.248650562,11300.0,19,0,1,0,0
0.447387742,63,0,0.647198239,5906.0,14,0,2,0,0
0.042437617,77,0,0.04484433,3500.0,19,0,0,0,0
0.9999999,46,0,0.25419493,2800.0,2,0,0,0,0
0.9999999,68,0,0.486502699,5000.0,6,0,2,0,0
0.0,77,0,5.505952381,167.0,6,0,0,0,0
0.000231574,63,0,0.055523612,40000.0,6,0,1,0,0
0.18853215,61,0,4903.0,5400.0,14,0,2,0,1
0.026822883,42,0,1290.0,5400.0,7,0,1,0,1
0.120025958,89,0,0.01219878,10000.0,4,0,0,0,0
0.731053789,35,1,0.499102794,3900.0,5,0,1,0,3
0.290919318,43,0,0.629237076,10000.0,13,0,4,0,0
0.300082315,35,0,0.85791194,5200.0,12,0,3,0,0
0.0,56,1,0.296459778,11100.0,11,0,2,0,3
0.278922669,61,0,0.368134587,8083.0,7,0,2,0,0
0.16194516,41,0,0.670664668,2000.0,5,1,1,0,4
0.248837558,42,0,0.294056475,12500.0,7,0,1,0,2
0.3111677,51,0,0.36218198,9000.0,26,0,0,0,1
0.0,57,0,0.19488,6249.0,5,0,1,1,1
0.099597363,31,0,0.387302735,8300.0,9,0,2,0,0
0.751544832,63,0,0.552604994,6928.0,16,0,2,0,0
0.15344584,57,1,1.353089989,5533.0,16,0,3,0,5
0.28854027,47,0,0.271525386,9000.0,12,0,2,0,3
0.257698973,71,0,58.0,5400.0,5,0,0,0,0
0.000466459,40,0,0.327534493,5000.0,8,0,1,0,5
0.061620078,42,0,0.325142857,3499.0,3,0,1,0,2
0.037543566,84,0,973.0,5400.0,8,0,1,0,0
0.9999999,42,3,0.40632806,1200.0,1,2,0,0,4
0.094545051,81,0,0.003332889,7500.0,5,0,0,0,0
0.113630822,29,1,0.075569772,2500.0,3,0,0,0,0
0.259501181,68,0,0.186703324,4000.0,17,0,0,0,0
0.192377495,60,0,7.0,5400.0,2,0,0,0,0
0.351071593,40,0,0.498611265,9000.0,6,0,4,0,0
0.567312063,43,0,0.325765466,4800.0,6,0,2,0,1
0.439230949,36,0,1.00939812,5000.0,15,0,1,0,0
0.0,65,1,0.0,4500.0,1,0,0,0,0
0.065942195,64,0,0.248735573,7710.0,8,0,0,0,0
0.042271854,54,0,0.339263804,4889.0,9,0,2,0,1
0.029896291,45,0,0.292296616,8333.0,10,0,1,0,1
0.149407228,74,1,0.593806374,3325.0,9,0,2,0,2
0.190874843,54,0,0.60511048,8100.0,4,0,2,0,0
0.743280507,64,0,0.475812381,6800.0,7,0,1,0,1
0.098980204,58,1,0.334404571,5600.0,5,0,2,0,0
0.786065704,34,0,0.022931515,6453.0,2,0,0,0,2
0.003967525,47,0,0.315900788,5200.0,13,0,2,0,0
0.089962324,71,0,0.139854796,7850.0,18,0,1,0,0
0.01894849,55,0,0.789516347,3700.0,20,0,2,0,0
0.198958528,59,1,0.208855823,16666.0,5,0,2,0,1
0.209757386,50,0,1.183275699,3180.0,12,0,2,0,4
0.0,71,0,0.401599543,3500.0,12,0,1,0,0
0.91513228,46,0,0.393836019,8500.0,6,0,1,0,2
0.165302645,43,3,0.153384747,4667.0,16,0,0,0,2
0.817113077,42,0,0.328802589,3089.0,4,0,0,0,1
0.97780148,36,0,0.747600349,4583.0,7,0,2,0,0
0.326345281,46,1,0.034281796,2916.0,2,0,0,0,2
0.0,64,0,0.332444593,6000.0,6,0,1,0,0
0.035612645,57,0,0.005414411,2400.0,2,0,0,0,0
0.063490773,31,0,0.667526604,3100.0,8,0,1,0,2
0.9999999,23,0,0.281575037,1345.0,1,0,0,0,0
0.441094655,41,0,0.244748188,10900.0,8,0,2,0,3
0.04649535,50,2,0.56193465,5416.0,4,1,2,0,1
0.095589538,42,0,0.300676699,9900.0,8,0,1,0,5
0.030102929,74,0,60.0,5400.0,12,0,0,0,0
0.914811358,62,1,0.707188161,945.0,9,0,0,0,0
0.505825074,61,0,0.323635273,3333.0,5,0,1,1,0
0.822650536,41,0,0.855485935,7500.0,9,0,2,0,1
0.0,46,0,0.296220108,3888.0,6,0,0,0,1
0.070397989,44,1,0.226037126,20416.0,10,0,2,0,4
0.344266393,47,0,0.122622183,6833.0,7,0,0,0,3
0.057263267,74,0,0.029697148,3400.0,10,0,0,0,0
1.1745503,34,2,0.190904548,2000.0,3,1,0,0,0
0.030314754,63,0,0.172588832,6500.0,15,0,1,0,1
0.918204837,55,0,0.17366559,6500.0,7,0,0,0,0
0.032315223,61,0,0.095726068,4000.0,4,0,0,0,0
0.0,51,0,6281.0,5400.0,18,0,4,0,3
0.102272106,71,0,0.027521188,10500.0,14,0,0,0,0
0.083613145,55,0,0.403886281,7667.0,20,0,1,0,1
0.081215174,44,0,0.343169919,2100.0,5,0,1,0,2
0.017134002,67,0,0.005013193,3789.0,10,0,0,0,0
0.344955168,53,0,0.167479163,6358.0,9,0,1,0,0
0.03452002,44,0,0.300966862,12100.0,12,0,2,0,2
0.636623859,48,1,0.358325523,3200.0,12,0,0,0,0
0.260168496,46,0,0.180191972,4583.0,5,0,0,0,0
0.024621377,58,1,818.0,5400.0,6,0,1,0,0
0.48976951,41,0,0.95201371,3500.0,5,0,2,0,0
0.992308876,55,0,2.19502244,2450.0,8,0,3,0,0
1.006965277,37,0,0.815290179,3583.0,13,0,3,0,0
0.010865942,77,0,0.00079984,5000.0,5,0,0,0,0
0.019442284,64,0,582.0,5400.0,14,0,0,0,0
0.230587506,64,0,0.395269446,4100.0,6,0,1,0,0
0.004868101,42,0,0.419144114,7500.0,7,0,2,0,2
0.228692356,72,0,2982.0,5400.0,10,0,2,0,0
0.083190865,66,0,0.182522124,12655.0,5,0,2,0,0
0.304982689,50,0,0.316907695,5600.0,7,0,1,0,2
0.22324159,44,0,0.250066649,3750.0,5,0,1,0,0
0.0,74,2,1784.0,5400.0,5,0,1,0,0
0.239195645,40,0,0.094600831,6500.0,8,0,0,0,0
0.067909454,33,1,412.0,5400.0,3,1,0,1,0
0.164702725,43,0,0.413698288,8000.0,21,0,2,0,0
0.379965458,49,0,1939.0,5400.0,2,0,1,0,0
0.052752027,64,0,3534.0,5400.0,12,0,2,0,1
0.552558272,38,1,0.345142244,3725.0,7,0,0,0,0
0.117350575,83,0,0.380485095,5400.0,13,0,2,0,0
0.441917418,55,0,0.901191849,5201.0,21,0,2,0,1
0.127271818,52,1,0.394960504,10000.0,6,0,2,0,2
0.109804681,35,0,2.376410256,974.0,7,0,1,0,3
0.422126382,48,2,0.823236196,5215.0,24,1,3,0,2
0.084319686,48,0,0.311939268,10142.0,7,0,2,0,1
0.024707304,52,0,0.177433322,11547.0,11,0,2,0,1
0.611391151,79,0,0.420574337,2750.0,15,0,0,0,1
0.676038113,42,1,0.384199312,6100.0,9,0,0,0,1
0.055331678,47,1,2.010618364,1600.0,11,0,2,0,2
0.695760599,43,1,1872.0,5400.0,6,0,0,0,0
0.104511984,36,0,0.458726078,3500.0,6,0,2,0,0
0.311867893,59,0,0.759406142,4916.0,17,0,1,0,0
0.0,50,1,0.285640821,17500.0,15,0,3,0,1
0.9999999,29,4,0.990213523,2247.0,7,0,2,2,2
0.008730005,69,0,0.148335204,5345.0,12,0,2,0,0
0.733173137,59,0,0.365605732,6000.0,12,0,0,0,1
0.669604271,51,2,0.307791372,3105.0,15,1,0,0,1
0.0,47,0,0.225980608,9075.0,5,0,1,0,2
0.000777756,53,0,2692.0,5400.0,8,0,2,0,3
0.024931744,62,0,0.237636318,3942.0,9,0,1,0,0
0.548060497,33,0,0.419132939,6250.0,7,0,2,0,1
0.007909243,41,0,0.521778917,5463.0,6,0,2,0,0
0.460471918,54,0,0.433391447,9750.0,10,0,2,0,4
0.0,67,0,0.0,5400.0,4,0,0,0,0
0.257236817,43,0,0.087353325,2300.0,5,0,0,0,0
0.03558837,76,0,765.0,5400.0,6,0,1,0,0
0.659835041,31,0,0.030437681,4500.0,4,0,0,0,0
0.040533311,69,0,0.397148009,6100.0,7,0,1,0,0
1.440559441,57,0,53.0,5400.0,3,0,0,0,0
0.288094797,27,0,0.414585415,1000.0,5,0,0,0,0
0.0,51,0,2.751400259,2320.0,12,0,4,0,1
0.118653483,73,1,0.028551035,1400.0,1,0,0,0,0
0.864271457,37,0,0.042420256,3040.0,2,0,0,1,0
0.767057801,46,1,0.396067416,4983.0,4,0,2,0,2
0.000444432,65,0,0.00709563,6200.0,6,0,0,0,0
0.508213685,50,0,0.189047944,4400.0,11,0,0,0,0
0.0,44,0,0.287443922,18500.0,9,0,1,0,3
0.293323556,73,0,1940.0,5400.0,5,0,1,0,0
0.9999999,44,1,1.490392006,1300.0,4,1,1,1,2
0.514848515,34,0,0.371279255,4400.0,4,0,1,0,3
0.035165408,54,0,0.008115419,4435.0,8,0,0,0,1
0.884522578,78,3,423.0,5400.0,4,0,1,0,0
1.01242236,66,3,0.734853029,3333.0,8,0,1,0,0
0.106736658,43,0,0.200519965,15000.0,6,0,1,0,1
0.734436377,48,2,0.368718002,9570.0,9,2,1,1,2
0.16968534,53,0,0.242177053,7477.0,12,0,2,0,1
0.566893801,45,0,0.310980865,5800.0,7,0,0,0,2
0.149292413,46,0,1220.0,5400.0,14,0,2,0,0
4.62e-05,50,0,0.240200713,13750.0,8,0,2,0,0
0.852857357,43,0,2424.0,5400.0,6,0,1,0,4
0.124912847,51,2,0.24933724,14333.0,18,0,2,0,1
0.792218319,49,1,0.680746863,3266.0,9,1,1,2,0
0.746523418,60,0,0.243920413,9498.0,12,0,1,0,0
0.9999999,42,0,0.003911343,2300.0,0,0,0,0,2
0.252250325,62,0,0.341628708,9000.0,5,0,1,0,0
0.271072587,65,0,0.38559629,6900.0,8,0,1,0,0
0.422138622,50,0,0.339088024,12916.0,22,0,1,0,4
0.170482952,35,1,0.430395324,6500.0,7,0,2,0,0
0.9999999,30,0,0.145194274,4400.0,4,0,0,0,1
0.000469557,73,0,2457.0,5400.0,18,0,2,0,0
0.930570702,78,0,340.0,5400.0,7,0,0,0,0
0.220463935,43,0,0.462053795,10000.0,6,0,1,0,2
0.031322573,60,0,0.075181546,2340.0,39,0,0,0,0
0.262342207,45,0,0.100842737,7000.0,5,0,0,0,1
0.978206203,54,3,0.592592593,3833.0,10,3,2,1,0
0.035172902,73,0,3886.0,5400.0,12,0,1,0,1
0.9999999,57,0,1255.0,5400.0,4,0,0,0,0
0.010336038,72,0,1180.0,5400.0,10,0,1,0,0
0.550011306,53,0,3389.0,5400.0,8,0,3,0,0
0.99806514,43,4,0.021941397,7200.0,12,2,0,1,0
0.50083176,58,0,0.270450433,10500.0,10,0,2,0,0
0.316176922,81,0,708.0,5400.0,3,0,1,0,0
0.096255655,72,0,3.325750682,1098.0,10,0,2,0,0
0.084661023,84,0,0.658936425,2500.0,8,0,1,0,0
0.9999999,57,0,0.362457338,4394.0,2,0,1,0,2
0.176770862,52,0,0.50655709,5718.0,19,0,1,0,4
0.820080267,32,1,0.206164098,2400.0,6,1,0,1,0
0.75226277,63,0,0.422084326,24333.0,14,0,1,0,0
0.78462531,51,0,0.961574508,3200.0,12,0,2,0,0
0.009246513,65,1,0.215291107,6251.0,9,0,1,0,0
0.9999999,48,0,0.0,5400.0,0,0,0,0,0
0.025667864,47,0,0.307969203,10000.0,12,0,2,0,0
0.035132819,27,0,13.0,5400.0,2,0,0,0,0
0.005497183,85,0,1095.0,5400.0,12,0,0,0,0
0.081265997,60,0,0.362030647,8548.0,13,0,2,0,1
0.263703601,45,0,0.486664296,5623.0,6,0,1,0,3
0.425686063,54,0,4.62063228,600.0,9,0,1,0,0
0.32740131,56,0,0.493223728,4500.0,18,0,2,0,2
0.094411286,38,0,0.424780803,4333.0,6,0,1,0,2
0.448835365,52,0,0.120117598,50000.0,13,0,2,0,2
0.9999999,28,0,0.247770069,1008.0,7,6,0,0,0
0.0,54,0,0.0,5172.0,1,0,0,0,0
0.030106068,68,0,26.0,5400.0,1,0,0,0,0
0.493402757,46,0,0.618578899,3250.0,4,0,1,0,3
0.0,44,0,0.087899963,5437.0,7,0,0,0,1
0.02557082,39,0,0.552154903,1600.0,10,0,1,0,1
0.0,87,0,0.254553155,2360.0,4,0,1,0,0
0.155839279,71,0,0.260830926,4500.0,12,0,0,0,0
0.000258616,31,0,0.918065548,2501.0,11,0,1,0,0
0.209395342,51,0,0.371741041,10240.0,10,0,2,0,0
0.305994899,48,0,0.31929748,9166.0,9,0,1,0,1
0.0,57,0,707.0,5400.0,18,0,1,0,0
0.59233062,35,0,0.569714743,3750.0,7,0,0,0,3
0.126372615,42,1,0.406792744,2590.0,6,0,1,0,1
0.123819285,70,0,0.401736385,3800.0,7,0,1,0,0
0.491852543,63,0,0.219388263,10036.0,7,0,1,0,0
0.286713287,25,0,1086.0,5400.0,3,0,1,0,0
0.713950057,46,1,0.743714026,3300.0,8,0,1,0,2
0.32117015,49,0,0.426104622,7875.0,13,0,2,0,5
0.657624223,44,0,0.454819845,5300.0,11,0,1,0,2
0.010117843,66,0,1.0,5400.0,2,0,0,0,0
0.624978817,43,1,0.115836758,10462.0,7,0,0,0,2
0.005730549,33,0,0.097235836,5100.0,4,0,0,0,0
0.884315143,53,1,0.507880458,11610.0,20,0,4,0,2
0.509345794,53,0,3057.0,5400.0,18,0,2,0,1
0.124935167,58,0,0.58972412,3950.0,6,0,2,0,2
0.030991119,61,0,0.225059952,8339.0,14,0,1,0,1
0.877604085,45,1,0.408167698,9206.0,8,0,2,0,0
0.015573786,60,0,0.294629898,6200.0,7,0,1,0,1
0.20918774,64,0,0.344155043,8100.0,6,0,1,0,0
0.463159148,44,0,0.283286935,20833.0,8,0,4,0,2
0.184154176,63,0,0.01165681,11666.0,5,0,0,0,1
0.448109901,41,0,6238.0,5400.0,12,0,6,0,2
0.822242998,68,2,3929.0,5400.0,14,0,2,0,0
0.9999999,26,0,0.081583683,5000.0,8,0,0,0,0
0.058336548,57,0,0.152597403,7083.0,10,0,1,0,2
0.034015074,66,0,3164.0,5400.0,18,0,1,0,1
0.617090001,33,0,0.8684786,3200.0,12,0,1,0,1
0.299110969,44,0,0.254289961,7400.0,17,0,1,0,0
0.03806426,39,0,0.08281953,6000.0,9,0,0,0,4
0.365356839,45,0,0.351316157,10750.0,6,0,2,0,0
0.128727099,60,0,0.351149007,9616.0,10,0,2,0,0
0.838291569,31,0,0.663627483,3070.0,8,0,1,0,3
0.238970726,49,0,570.0,5400.0,6,0,0,0,0
0.0,57,0,0.483712354,4880.0,6,0,1,0,1
0.664971792,46,0,0.28179669,4229.0,3,0,0,0,1
0.917665867,55,0,0.081766917,3191.0,6,0,0,0,0
0.00095648,67,0,0.0,5400.0,2,0,0,0,0
0.211596135,40,0,0.117951669,3475.0,4,0,0,0,0
0.445624162,44,0,1903.0,5400.0,11,0,2,1,2
0.023530354,41,0,1.306695464,925.0,5,0,2,0,2
0.9999999,22,0,0.119960013,3000.0,1,1,0,0,0
0.0,34,0,0.148470306,3333.0,4,0,0,0,0
0.2498554,59,0,2.604252664,20833.0,13,0,2,0,0
0.182182474,53,0,0.466333369,9400.0,8,0,2,0,1
0.122726413,33,0,0.163278907,3000.0,6,0,0,0,1
0.062422971,53,0,0.708658268,5000.0,15,0,1,0,0
0.066611829,34,0,0.206383489,8333.0,5,0,1,0,0
0.105298234,75,0,0.005260082,1710.0,2,0,0,0,1
0.045563897,54,0,0.530791789,5114.0,9,0,1,0,1
0.0,63,0,1877.0,5400.0,8,0,1,0,0
0.30039199,54,0,0.397297916,4366.0,7,0,1,0,2
0.053925311,86,0,0.200906344,1985.0,13,0,0,0,0
0.12604994,42,0,0.26461883,12500.0,4,0,1,0,1
0.26215763,23,0,387.0,5400.0,8,0,0,0,0
0.718635531,54,1,1157.0,5400.0,5,3,0,0,0
0.007298748,70,0,20.0,5400.0,7,0,0,0,0
0.0,44,0,11247.0,5400.0,4,0,2,0,0
0.200304902,51,1,0.382897256,4700.0,7,0,1,0,0
0.130666733,46,0,0.252138955,9700.0,18,0,2,0,2
0.9999999,25,0,0.035909446,1280.0,0,0,0,0,0
0.296882102,60,0,3915.0,5400.0,12,0,1,0,0
0.018567706,46,0,87.0,5400.0,13,0,0,0,0
0.025679658,89,0,0.004889766,11656.0,5,0,0,0,2
0.003138873,59,0,0.111629457,3000.0,5,0,0,0,0
0.030848509,60,0,0.336348532,5416.0,30,0,2,0,0
0.093481114,51,0,0.503703704,13094.0,16,0,4,0,1
0.97029703,44,1,0.55922039,2000.0,11,0,1,0,3
0.288745562,54,0,0.286988245,7400.0,8,0,1,0,0
0.9999999,40,0,0.405759162,2291.0,4,0,2,0,0
0.214213177,57,0,0.275995126,9847.0,5,0,1,0,1
1.074641786,29,2,0.122696289,3960.0,8,0,0,1,0
0.479296437,58,0,0.505715168,3236.0,7,0,2,0,0
0.526702125,33,0,0.299668752,13584.0,18,0,1,0,1
0.254674533,82,0,0.24095181,5000.0,6,0,1,0,0
0.055201122,48,0,0.689862028,5000.0,10,0,2,0,0
0.095197461,50,0,1610.0,5400.0,7,0,1,0,2
0.355857773,53,0,0.511008919,7175.0,13,0,1,0,3
0.659129365,56,0,0.661354582,3011.0,5,0,1,0,0
0.019811546,56,0,0.067488752,6000.0,19,0,1,0,0
0.013079759,68,0,0.254867567,5700.0,12,0,1,0,0
0.0,31,0,0.629446064,3429.0,5,0,1,0,0
0.165981705,41,0,0.319400049,12200.0,10,0,3,0,1
0.098483825,56,0,0.476435304,3500.0,6,0,1,0,3
0.001995226,93,0,0.000590388,8468.0,3,0,0,0,0
0.0,47,0,0.067819508,3700.0,3,0,0,0,3
0.075372138,77,0,0.224721707,8623.0,7,0,1,0,0
0.064321889,56,0,0.165127281,13316.0,10,0,1,0,2
0.043643688,47,0,0.087530102,9550.0,3,0,0,0,0
0.0,28,0,0.0,2400.0,3,0,0,0,0
0.151620465,69,0,0.274620897,6000.0,18,0,0,0,0
0.055905243,53,0,0.381061825,4350.0,8,0,1,0,0
0.230427076,55,1,0.529515678,6792.0,14,0,1,0,1
0.00899985,60,0,0.293311607,13500.0,10,0,3,0,0
0.002112229,67,0,1872.0,5400.0,16,0,1,0,0
0.322110775,54,0,0.210480728,6926.0,13,0,1,0,0
0.9999999,65,0,48.0,5400.0,4,0,0,0,0
0.514917082,37,0,0.684126349,2500.0,4,0,1,0,0
0.787928748,56,1,1.629213483,800.0,12,0,0,0,1
0.096655941,76,0,70.0,5400.0,2,0,0,0,0
0.636629703,45,1,0.525286868,4705.0,11,0,1,0,2
0.9999999,54,0,0.0,3416.0,1,0,0,0,0
0.140692965,32,0,0.508980007,2950.0,7,0,1,0,0
0.014246562,72,0,0.241911292,4666.0,5,0,2,0,0
0.140421216,50,0,0.413733906,9319.0,10,0,2,0,2
0.951790634,53,0,0.133227457,5666.0,3,0,0,0,1
0.461751275,42,0,0.351256509,8833.0,8,0,3,0,3
0.000292128,30,0,0.776759683,2400.0,5,0,1,1,0
0.031074966,66,0,0.144773617,5366.0,5,0,1,0,0
1.922615477,34,0,722.0,5400.0,10,0,0,0,0
0.001034126,61,0,0.574125486,1800.0,9,0,0,0,0
0.30038269,52,0,0.483036472,7073.0,29,0,1,0,0
0.024123612,70,0,0.004544628,5500.0,8,0,0,0,0
0.071108477,33,0,0.148988052,4100.0,9,0,0,0,2
0.834341874,53,0,0.982096943,10500.0,9,0,3,2,3
0.659305994,37,2,0.391418564,3425.0,6,2,0,0,3
0.0,30,0,0.562299179,2800.0,7,0,1,0,0
0.006771692,80,0,0.386453202,4059.0,7,0,1,0,0
0.382322087,39,0,0.337624983,7300.0,6,0,1,0,2
0.31704553,31,0,0.47350883,3000.0,6,0,1,0,0
0.0,61,0,402.0,5400.0,11,0,0,0,0
0.774313014,50,0,0.156421789,2000.0,2,0,0,0,0
0.09786735,35,0,0.267818864,7463.0,7,0,2,0,2
0.361005668,60,0,5714.0,5400.0,15,0,3,0,0
0.001754355,45,0,0.289549377,7300.0,13,0,1,0,3
0.514817451,48,0,0.764411811,6400.0,19,0,1,0,1
0.007584008,34,0,0.13485892,4500.0,4,0,0,0,0
0.117613113,54,0,8269.0,5400.0,24,0,11,0,0
0.216438566,33,0,0.091956075,11200.0,8,0,0,0,1
0.023114385,40,0,0.365491319,5586.0,9,0,1,0,2
0.9999999,50,0,3525.0,5400.0,6,0,1,0,0
0.076761138,28,0,0.101020621,4800.0,5,0,0,0,0
0.343062775,28,0,0.462249615,1297.0,3,1,0,0,0
0.080088486,45,0,0.447827574,2922.0,9,0,1,0,0
0.340416046,43,0,7300.0,5400.0,19,0,5,0,2
0.092118689,58,0,0.177482252,10000.0,8,0,1,0,1
0.054328197,47,0,1579.0,5400.0,11,0,1,0,2
0.3504802,49,0,0.278200391,4600.0,6,0,1,0,3
0.9999999,40,0,0.193659912,18800.0,6,0,2,0,0
0.133909979,68,0,2925.0,5400.0,10,0,2,0,0
0.108299642,55,0,0.631227387,3592.0,24,0,2,0,2
0.008965759,67,0,0.19284867,5900.0,13,0,1,0,0
0.418177396,42,1,0.169138477,6000.0,18,0,0,0,2
0.0,98,0,0.0,5400.0,3,0,0,0,0
0.794055905,44,0,0.390053632,2050.0,5,0,0,0,2
0.315852412,45,0,0.545703526,5841.0,14,0,1,0,2
0.025290845,34,0,359.0,5400.0,7,0,0,0,4
0.006890376,44,0,0.276682204,8366.0,11,0,1,0,3
0.9999999,45,0,0.110588941,10000.0,4,0,1,0,3
0.371956301,55,0,0.250116877,12833.0,13,0,1,0,4
0.883536649,36,0,0.315244556,2800.0,11,0,0,0,3
0.998181983,37,5,0.169708029,3287.0,4,1,0,2,0
0.112174565,53,0,2058.0,5400.0,5,0,2,0,1
0.017532165,51,0,2115.0,5400.0,5,0,2,0,2
0.025388184,66,3,0.324483023,3916.0,11,0,1,0,0
0.047457888,52,0,126.0,5400.0,11,0,0,0,0
0.057619761,44,2,0.251678332,7000.0,16,0,1,0,1
0.433113377,72,0,0.085193185,4166.0,9,0,0,0,0
0.552967245,30,1,0.259678694,3796.0,5,0,0,0,2
0.016851066,62,0,111.0,5400.0,16,0,0,0,0
0.0,67,0,0.25934813,5000.0,6,0,1,0,0
0.051562699,36,0,0.307724356,12000.0,9,0,3,0,1
0.038654259,54,0,0.317408614,8288.0,9,0,1,0,0
0.245270189,46,0,0.030494918,6000.0,2,0,0,0,0
0.003822453,83,0,0.4488,2499.0,24,0,0,0,0
0.031365566,31,1,403.0,5400.0,9,0,0,0,0
0.404596968,46,0,0.590654481,6783.0,7,0,2,0,1
0.424155196,44,0,0.45225091,12083.0,11,0,3,0,2
0.036053369,73,0,94.0,5400.0,10,0,0,0,0
0.125874949,49,0,2650.0,5400.0,8,0,4,0,0
0.864181092,41,0,0.117120548,5250.0,2,0,0,0,3
0.101885391,35,0,0.258296681,2500.0,7,0,0,0,0
0.020406267,52,0,0.283755475,5250.0,13,0,1,0,2
0.165397603,52,0,0.548890515,4100.0,12,0,1,0,2
0.505885724,61,0,0.523439236,4500.0,13,0,3,0,2
0.00418503,45,0,0.29281768,3800.0,7,0,1,0,2
0.02122303,55,0,0.063064795,5200.0,9,0,0,0,1
0.067753469,88,0,32.0,5400.0,5,0,0,0,0
0.085606502,37,0,0.162917519,4400.0,20,0,0,0,0
0.575221544,60,0,446.5,1.0,3,0,0,0,1
0.0,51,0,0.541666667,3887.0,5,0,1,0,2
0.234588471,73,0,0.607874016,634.0,8,0,1,0,0
0.186331364,39,0,0.903287829,5200.0,20,0,3,0,1
0.117042802,49,0,0.234902124,2400.0,5,0,1,0,0
0.763146458,30,1,0.259037532,4342.0,8,0,0,0,0
0.010749013,33,0,0.167350768,8526.0,10,0,1,0,0
1.023710898,61,0,0.506537456,6500.0,13,0,2,0,1
0.9999999,35,0,66.0,5400.0,0,1,0,0,0
0.647466112,46,0,0.559880936,21500.0,19,0,13,0,0
0.105932731,47,0,0.476458826,5500.0,15,0,1,0,2
0.789767442,36,0,0.387479763,3705.0,8,2,0,1,0
0.629417327,67,0,1.136847572,3850.0,23,0,1,0,0
0.013086814,44,0,534.0,5400.0,13,0,0,0,1
0.206436222,53,1,0.316581167,11500.0,12,0,2,0,2
0.858283433,62,0,0.007652174,2874.0,3,0,0,0,0
0.014284014,54,0,0.272366221,4783.0,4,0,1,0,2
0.014329907,65,0,914.0,5400.0,14,0,1,0,0
0.689613851,36,0,0.361927614,5000.0,12,0,1,0,0
0.096920294,39,0,0.289362357,13000.0,21,0,2,0,1
0.019954723,70,0,1454.0,5400.0,7,0,1,0,0
0.927338783,25,0,0.201170117,2221.0,5,1,0,0,0
0.26178267,67,0,3364.0,5400.0,19,0,2,0,0
0.686052593,38,0,0.608762181,12416.0,13,0,2,0,4
0.385537492,54,0,0.842257276,4500.0,20,0,2,0,0
0.724827056,23,0,0.130699829,4100.0,5,0,0,0,3
0.112795898,73,0,0.307230923,3000.0,5,0,1,0,1
0.413797689,62,0,0.344050563,10916.0,12,0,2,0,3
0.218110552,44,0,0.400660793,4539.0,5,0,1,0,0
0.966667695,65,0,0.883905013,2652.0,9,0,0,0,0
0.580627842,74,0,0.454590902,6000.0,10,0,1,0,0
0.0,67,0,9.45e-05,31750.0,4,0,0,0,0
1.052778888,51,2,3668.0,5400.0,2,0,1,1,0
0.2009124,50,0,0.740378633,11250.0,12,0,3,0,1
0.239572032,53,0,0.193625287,11325.0,15,0,1,0,3
0.550418324,83,0,0.312797336,4203.0,10,0,0,0,0
0.001295638,62,0,0.24611327,7203.0,3,0,1,0,1
0.522353914,64,0,1.167073984,4500.0,20,0,3,0,0
0.002230598,59,0,345.0,5400.0,4,0,1,0,0
0.179256669,33,0,5152.0,5400.0,8,0,2,0,0
0.9999999,36,0,103.0,5400.0,1,2,0,0,0
0.394124011,59,0,0.701471218,7000.0,9,0,2,0,0
0.497284561,55,0,0.357561793,9547.0,13,0,2,0,1
0.0,58,0,0.16227924,3000.0,8,0,0,0,0
0.084082496,48,0,0.418154261,5937.0,14,0,1,0,2
0.13608105,35,0,0.450669685,5300.0,7,0,2,0,0
0.329453716,62,0,0.786777694,7925.0,21,0,3,0,0
0.0,83,0,0.00366049,4370.0,3,0,0,0,0
0.124995766,69,0,0.175494851,16216.0,21,0,2,0,0
0.125485275,36,0,572.0,0.0,4,0,0,0,0
0.51270613,25,0,0.422222222,764.0,7,0,0,0,0
0.027923857,50,0,0.117268463,9166.0,4,0,1,0,1
0.183908286,61,0,0.244539466,8652.0,16,0,2,0,0
0.013787367,64,0,0.314365999,2846.0,18,0,2,0,0
0.071571426,52,0,0.225330813,15869.0,10,0,2,0,2
0.506271587,40,0,0.091009989,900.0,3,0,0,0,2
0.021689615,44,0,0.40191017,7747.0,14,0,2,0,4
0.013447812,29,0,673.0,5400.0,10,0,0,0,0
0.32644201,61,0,0.700573257,7500.0,17,0,3,0,0
0.586670494,33,0,0.270369101,8750.0,8,0,2,0,0
0.539213508,29,0,0.496875781,4000.0,9,0,1,0,0
0.72337457,26,0,0.188246769,4100.0,6,0,0,0,0
0.0,59,0,0.259965063,6296.0,4,0,1,0,0
0.004285102,30,0,0.603387438,1416.0,4,0,2,0,0
0.0,33,1,0.371162606,5048.0,7,0,1,0,0
2.24262607,41,0,170.0,5400.0,3,1,0,2,0
0.0,50,0,1068.0,5400.0,12,0,0,0,0
0.07655519,60,0,213.0,5400.0,16,0,0,0,0
0.038012248,29,0,0.555178268,5300.0,21,0,1,0,0
0.134834607,51,0,0.194401244,4500.0,13,0,0,0,0
0.751557861,34,1,0.367719833,2626.0,6,0,0,0,0
0.289391732,42,0,0.280670422,7278.0,5,0,2,0,2
0.012443753,81,0,0.001817631,3300.0,4,0,0,0,0
0.408658421,56,0,0.145891909,3200.0,13,0,0,0,2
0.05879282,54,0,3037.0,5400.0,3,0,1,0,0
0.165225171,63,0,0.026632547,10550.0,6,0,0,0,1
0.004697934,36,0,1.034593081,5000.0,6,0,2,0,0
0.376321029,60,0,0.508070344,4150.0,10,0,1,0,0
0.120367087,42,0,0.68732507,2500.0,18,0,3,0,2
0.03695781,61,0,45.0,5400.0,3,0,0,0,0
0.928414317,54,1,0.687197678,3100.0,5,0,1,0,1
0.9999999,41,0,0.326013919,8333.0,5,0,1,0,2
0.089246034,61,0,0.401009428,10500.0,8,0,2,0,0
0.712187875,57,0,882.0,5400.0,7,0,1,0,0
0.88752597,60,3,0.404559544,10000.0,9,0,1,0,0
0.061499868,47,1,0.669555074,6000.0,12,0,1,0,1
0.021896874,78,0,25.0,5400.0,4,0,0,0,0
0.036529121,66,0,0.010395842,2500.0,6,0,0,0,0
0.079751588,41,0,0.006380345,10500.0,3,0,0,0,0
0.039459787,56,0,0.253084015,7700.0,8,0,1,0,2
0.0,78,0,35.0,5400.0,3,0,0,0,0
1.039196864,38,0,0.314428547,5800.0,7,0,0,0,0
0.87485578,80,0,0.585646581,1476.0,7,0,1,0,0
0.009872039,69,0,0.017592963,2500.0,17,0,0,0,0
0.084017607,61,0,0.306669804,8500.0,17,0,0,0,2
0.246076172,48,0,358.0,5400.0,11,0,0,0,0
0.851376373,55,5,0.542223228,4416.0,12,0,1,2,0
0.039322373,52,0,1853.0,5400.0,5,0,1,0,0
0.023481678,45,0,0.288739906,6562.0,7,0,2,0,0
0.0,46,0,0.128737621,10400.0,9,0,2,0,1
0.067205539,32,0,0.307159045,7500.0,18,0,1,0,0
0.25613066,55,0,2137.0,5400.0,5,0,2,0,0
0.000899978,55,0,0.257714224,9300.0,7,0,1,0,1
0.000819186,87,0,0.0,8078.0,3,0,0,0,0
1.031968032,36,1,109.0,5400.0,4,0,0,0,0
0.0,80,0,0.002264151,1324.0,11,0,0,0,0
0.475600657,27,0,0.231441048,2289.0,2,0,0,0,0
0.005985243,88,0,0.000257136,11666.0,5,0,0,0,0
0.0,60,0,0.0,13800.0,5,0,0,0,0
0.171621043,63,0,0.447146402,6044.0,18,0,2,0,1
0.045373582,69,0,0.321852061,7083.0,9,0,3,0,0
0.002707805,79,0,0.001666111,3000.0,5,0,0,0,0
0.188246141,36,0,2459.0,5400.0,6,0,1,0,1
0.0,64,0,0.684846832,11000.0,12,0,1,0,2
0.9999999,39,0,0.424548736,4154.0,3,0,1,0,0
0.072870446,39,0,0.019724399,3700.0,4,0,0,0,0
0.148802591,64,0,1.144199611,3085.0,10,0,1,0,0
0.018265449,58,0,1.607321131,600.0,5,0,1,0,0
0.400517405,59,0,8832.0,5400.0,17,0,3,0,0
0.005532964,43,0,0.00037843,5284.0,1,0,0,0,1
0.075689336,69,0,2146.0,5400.0,16,0,1,1,0
0.019888447,79,0,0.009119607,2850.0,2,0,0,0,0
0.202535032,86,0,181.0,5400.0,5,0,0,0,0
0.9999999,65,0,1611.0,5400.0,6,0,1,0,0
0.545738341,48,2,0.047097225,4288.0,6,0,0,0,1
0.320910151,45,0,0.734361611,4667.0,12,0,2,0,0
0.018502493,43,0,0.181180943,8416.0,5,0,1,0,0
0.112708919,33,0,0.572114231,4166.0,10,0,2,0,0
0.9999999,28,0,0.0,5400.0,0,1,0,0,0
0.179959798,47,0,0.221371984,11107.0,15,0,2,0,3
0.052746078,60,0,0.050894911,10000.0,5,0,1,0,1
0.093910665,72,0,0.019320453,3001.0,4,0,0,0,0
0.026849332,80,0,0.008663779,3000.0,3,0,0,0,0
0.022069181,47,0,0.481551845,10000.0,7,0,2,0,2
0.9999999,53,0,0.503475165,5898.0,4,0,2,0,0
0.832613121,52,2,0.610448243,3100.0,19,0,0,1,0
0.003081227,55,0,2240.0,5400.0,6,0,1,0,0
0.624053332,58,0,0.389662975,8396.0,14,0,2,0,0
0.093997195,46,0,0.81975159,3300.0,19,0,1,0,2
0.003616867,43,0,1.238410596,2717.0,7,0,4,0,0
0.727003379,56,0,0.520957469,9733.0,5,0,2,0,0
0.00966228,66,0,0.478612415,3833.0,6,0,1,0,0
0.242940468,53,0,0.047817916,4788.0,8,0,0,0,0
0.407720852,61,0,0.268606976,4500.0,9,0,0,0,1
0.002177847,78,0,0.002631002,4560.0,3,0,1,0,0
0.871525286,52,0,0.380310703,11650.0,20,0,2,0,0
0.9999999,30,2,0.226523056,2970.0,2,0,0,0,0
0.0,47,3,0.226155093,3700.0,10,1,0,1,0
0.20765513,31,0,0.187537688,9949.0,6,0,1,0,0
0.042600415,65,0,0.141384389,4752.0,8,0,1,0,0
0.9999999,57,0,0.331577742,13100.0,9,0,2,0,1
0.04979111,33,0,0.164766024,2542.0,5,0,0,0,1
0.123682795,68,1,0.464004721,5083.0,11,0,1,0,0
0.20665391,76,0,0.730453409,2800.0,8,0,0,0,0
0.0,37,0,1894.0,0.0,5,0,2,0,2
0.374589297,43,1,0.465695489,4255.0,8,0,1,0,4
0.221134392,55,0,0.543316535,4166.0,13,0,2,0,0
0.9999999,54,0,0.455249712,6066.0,6,0,3,0,0
0.01379954,75,0,0.274545091,5000.0,4,0,2,0,0
0.0,31,0,1.184191955,2833.0,15,0,2,0,0
0.822156126,64,0,0.731197455,4400.0,5,0,1,0,0
0.194414647,42,0,0.254645381,3820.0,4,0,0,0,1
0.210789211,26,0,6.0,0.0,2,0,0,0,0
0.027979972,61,0,0.010873641,8000.0,7,0,1,0,0
0.0,74,0,0.001980429,8583.0,4,0,0,0,0
0.774724453,60,0,0.120791675,4900.0,11,0,0,0,1
0.015155866,72,0,0.151962009,4000.0,12,0,1,0,1
0.014992415,66,0,0.136602452,4567.0,10,0,1,0,1
0.435232272,50,0,0.448959845,6200.0,6,0,1,0,0
0.004183261,86,0,1834.0,5400.0,8,0,1,0,0
0.0,22,0,0.0,1.0,2,0,0,0,0
0.081331545,52,0,0.316355405,1766.0,7,0,0,0,1
0.0,73,0,0.0,5200.0,1,0,0,0,1
0.63570578,38,0,0.290236588,3000.0,7,0,0,0,5
0.177909406,34,1,0.299280966,7370.0,18,0,2,0,0
0.020771451,52,1,0.145539906,5750.0,12,0,1,1,0
0.134159592,44,0,1622.0,5400.0,10,0,1,0,0
0.129081882,62,0,55.0,5400.0,4,0,0,0,0
0.0,65,0,0.23951486,10800.0,5,0,2,1,0
0.047579291,51,0,0.444270562,5750.0,16,0,1,0,4
0.947242206,44,0,0.096104635,3516.0,6,0,0,0,3
0.9999999,49,2,0.326270146,12222.0,8,0,3,0,2
0.0,36,0,0.194634909,8312.0,10,0,1,0,0
0.940021045,25,0,0.191635242,2916.0,6,0,0,0,0
0.218751611,61,0,0.114352696,3838.0,7,0,0,0,0
0.219952297,69,0,0.104467891,7676.0,6,0,0,0,0
0.079283084,68,0,0.020119498,8200.0,7,0,0,0,1
0.034598616,86,0,0.003124609,8000.0,2,0,0,0,0
0.211630671,43,0,0.14559721,3440.0,7,0,0,0,2
0.477335392,73,0,2267.0,5400.0,5,0,2,0,0
0.589522356,45,0,0.813575526,4183.0,6,0,2,0,1
0.018332778,58,0,0.405932345,6000.0,11,0,2,0,0
0.323802034,34,5,1.914089347,3200.0,8,4,2,0,3
0.198727733,44,0,0.192215409,3750.0,7,0,0,0,0
0.016233697,54,0,1350.0,5400.0,9,0,2,0,1
0.956338185,75,0,0.211858761,1500.0,7,0,0,0,1
0.766738388,38,2,0.170068027,6467.0,6,0,0,0,3
0.048412124,86,0,0.137372525,5000.0,6,0,1,0,0
0.141281865,60,0,0.613038278,3343.0,7,0,2,0,0
0.0,59,0,8753.0,5400.0,6,0,5,0,0
0.031103747,57,0,0.484591861,4250.0,11,0,1,0,2
0.020209984,44,0,0.734775495,5500.0,11,0,2,0,0
0.337071539,45,1,0.269633702,26917.0,19,0,2,0,2
0.077988859,47,1,0.227554723,8542.0,5,0,2,0,1
0.9999999,50,0,0.690140845,2768.0,6,0,1,2,0
0.24954101,66,0,0.574949731,15416.0,22,0,2,0,2
0.014302118,51,0,0.337848734,6200.0,18,0,2,0,3
0.004680751,72,0,8.0,5400.0,4,0,0,0,0
0.017983179,65,0,0.145979146,7000.0,10,0,0,0,1
0.384536651,36,0,0.459538728,7500.0,9,0,1,0,0
0.9999999,35,0,0.499786962,2346.0,2,0,1,0,1
0.012112392,57,0,0.449820072,2500.0,12,0,1,0,0
1.050599201,31,3,0.623828369,4800.0,11,1,2,0,0
0.347323481,55,0,0.380478088,7027.0,15,0,1,0,0
0.046106007,79,0,0.11036036,443.0,6,0,0,0,0
0.055623035,52,0,0.311684601,10500.0,20,0,3,1,4
0.18169042,43,0,0.700574856,4000.0,16,0,1,0,2
0.059065092,64,0,0.009996924,6501.0,5,0,0,0,0
0.618787918,51,3,0.356967548,11000.0,18,0,2,0,2
0.351201295,38,3,0.020232659,30000.0,10,0,0,0,0
0.749910594,46,0,0.735257357,8800.0,14,0,2,0,3
0.590930341,30,2,0.197131058,4600.0,7,0,0,0,3
0.197160568,82,0,29.0,5400.0,1,0,0,0,0
0.023319067,85,0,18.0,5400.0,8,0,0,0,0
0.0,29,0,0.01386297,3750.0,5,0,0,0,0
0.9999999,35,0,0.336052789,8334.0,2,0,2,0,2
0.115657029,35,0,0.139500107,4680.0,3,0,0,0,2
0.117798852,83,0,0.007713184,7000.0,4,0,0,0,0
0.398924661,53,0,0.310741688,14075.0,10,0,2,0,1
0.019509524,84,0,20.0,5400.0,6,0,0,0,0
0.527702089,37,0,0.188801866,6000.0,9,0,0,0,1
0.9999999,27,0,0.0,4604.0,0,1,0,0,1
0.510802074,58,1,0.437861002,5366.0,9,0,1,0,0
0.083717279,54,0,0.181665088,9500.0,8,0,1,0,0
0.904054797,34,0,0.313624679,2333.0,3,0,0,0,2
0.094575452,57,0,0.503191218,3916.0,12,0,1,0,0
0.032848067,60,0,35.0,5400.0,7,0,0,0,0
0.18790055,57,0,0.159250585,3415.0,3,0,0,0,0
0.065540812,55,1,1.143445032,1700.0,10,0,1,0,0
0.988622728,38,0,0.323503491,14750.0,16,0,4,0,1
0.45625729,35,0,0.589138782,3645.0,4,0,1,0,2
0.280652517,39,6,0.257963148,7000.0,18,1,1,0,0
0.9999999,54,0,0.372751401,3390.0,2,0,1,0,1
0.65591803,45,0,0.894096944,6250.0,16,0,1,0,3
0.040664045,89,0,0.013317337,8334.0,11,0,0,0,0
0.23160153,26,0,124.0,5400.0,5,1,0,1,0
0.55350348,69,0,0.515346939,12249.0,31,0,2,0,0
0.421511213,27,0,248.0,5400.0,7,0,0,0,0
0.616625558,63,0,0.474011374,7560.0,8,0,3,0,1
0.045012534,49,0,0.031860311,12083.0,11,0,1,0,0
0.007710323,71,0,8.0,5400.0,2,0,0,0,1
0.9999999,21,18,0.0,1300.0,0,18,0,18,0
0.006862259,39,0,2392.0,5400.0,5,0,1,0,1
0.564102564,26,0,0.003331113,1500.0,1,2,0,0,0
0.929691894,45,0,0.568288854,5095.0,7,0,3,0,2
0.093490651,41,0,0.224409449,5333.0,7,0,2,0,3
0.314819155,49,4,0.438703141,5921.0,12,0,1,0,2
0.00092147,66,0,115.0,5400.0,3,0,0,0,0
0.675177494,41,0,0.462659789,4458.0,10,0,1,0,2
0.254197742,56,0,0.239444937,3386.0,3,0,0,0,1
0.9999999,59,0,139.0,5400.0,0,0,0,0,0
0.198307754,51,1,0.061750176,2833.0,7,0,0,0,0
0.316565296,50,0,0.282567707,11667.0,10,0,1,0,4
0.524911276,45,0,0.376202975,8000.0,11,0,3,0,2
0.001349966,79,0,0.002091652,5258.0,5,0,0,0,0
0.268687902,35,0,0.315052842,3500.0,11,0,0,0,1
0.0,45,0,0.392502403,3120.0,9,0,1,0,0
0.0,45,0,0.084931985,5733.0,6,0,0,0,4
0.0,38,0,0.05527266,10800.0,6,0,0,0,0
0.941325084,52,3,0.344534179,6933.0,12,0,0,0,2
0.891394464,33,1,0.046999478,90000.0,11,0,2,0,2
0.403305324,33,0,0.302261191,4333.0,7,0,2,0,2
0.305778926,39,0,0.261384632,9200.0,7,0,2,0,1
0.9999999,46,0,0.029411765,1223.0,2,0,0,0,1
0.833488639,65,3,2439.0,5400.0,8,0,2,0,0
0.342818345,65,1,4620.0,5400.0,14,0,1,0,2
0.161698043,44,0,0.028225806,3223.0,6,0,0,0,1
0.076040172,58,0,0.280149552,11500.0,4,0,1,0,1
0.433637662,30,0,0.227060653,2571.0,8,1,0,0,0
0.931635177,48,0,0.405381562,6800.0,8,0,1,0,1
0.735775775,39,0,0.676464457,4796.0,12,0,2,0,0
0.909967333,53,1,0.623126944,3536.0,6,2,1,2,2
0.0,87,0,0.13269514,6789.0,3,0,1,0,0
0.186855183,65,0,1520.0,5400.0,9,0,1,0,0
0.123496118,59,0,1433.0,5400.0,14,0,1,0,0
0.0,41,0,521.0,5400.0,9,0,1,1,0
0.9999999,33,0,0.022720388,3300.0,1,1,0,0,1
0.010159282,68,0,0.18997765,8500.0,13,0,3,0,0
0.166555151,59,0,0.107659347,5600.0,18,0,0,0,1
0.871294474,55,0,0.539213974,5724.0,8,0,2,0,0
0.761607984,49,1,0.694589878,4583.0,14,0,1,0,0
0.316706906,50,0,0.46652144,8721.0,9,0,2,0,1
0.09149591,56,0,0.25094981,5000.0,8,0,1,0,1
0.049398765,67,0,153.0,5400.0,9,0,0,0,0
0.427883973,47,0,0.701621862,4500.0,16,0,2,0,2
0.031825036,51,0,0.187091576,11170.0,9,0,1,0,1
0.001598585,86,0,1.0,5400.0,5,0,0,0,0
0.123590113,69,1,0.079461369,15000.0,5,0,1,0,1
0.0,62,0,0.307738452,5000.0,7,0,2,0,0
0.359317763,43,0,0.757207132,6000.0,14,0,2,0,3
0.04644562,50,1,0.255459509,4395.0,5,0,2,0,0
0.96704304,53,0,0.355960449,9000.0,12,0,2,0,0
0.617913689,50,1,0.637284701,5921.0,16,0,1,0,1
0.706372345,29,1,0.1045771,6750.0,2,0,0,1,0
0.072717829,43,0,0.357910522,4000.0,4,0,2,0,1
0.017110033,75,0,0.009330223,3000.0,10,0,0,0,0
0.9999999,69,0,964.0,5400.0,1,0,0,0,0
0.02832022,73,1,1.118658352,5932.0,10,0,3,0,1
0.154456625,73,0,2.02502317,2157.0,13,0,3,0,1
0.021464421,60,0,0.22884684,2800.0,22,0,1,0,1
0.78427312,50,5,0.518762499,8500.0,11,1,0,0,1
0.005151024,80,0,0.709129087,10000.0,13,0,3,0,0
0.357607055,55,0,0.158208955,4689.0,4,0,0,0,2
0.609770924,67,1,0.645495094,5604.0,9,0,2,0,0
0.98085851,59,1,3.786437247,987.0,5,0,2,0,2
0.044731842,67,0,0.401368524,5114.0,5,0,2,0,0
0.034798608,42,0,0.217516031,5925.0,3,0,1,0,0
0.030104369,55,0,0.152328767,9124.0,8,0,1,0,2
0.0,61,0,0.385069511,5250.0,8,0,5,0,1
0.016084422,68,0,0.790806129,1500.0,7,0,1,0,0
0.869112152,45,0,2.071355759,980.0,8,0,1,0,0
0.023788973,56,0,0.677264547,5000.0,6,0,2,0,0
0.548123564,44,0,0.322059954,1300.0,2,0,0,0,0
0.003759318,40,0,0.124522814,5500.0,7,0,0,0,2
0.858755555,71,0,0.88641645,14200.0,20,0,4,0,0
0.639987259,68,1,0.457617573,10652.0,7,0,1,0,0
0.513837539,41,2,0.367924528,6783.0,14,0,3,0,3
0.505449455,56,0,1.259370315,2000.0,3,0,2,0,0
0.15454935,33,0,0.116212339,7666.0,3,0,1,0,0
0.472459271,41,0,0.04806272,8800.0,10,1,0,2,1
0.977804439,63,0,147.0,5400.0,1,0,0,0,0
0.03856009,40,4,0.162117452,1208.0,8,0,1,0,3
0.0,47,0,95.0,5400.0,2,0,0,0,0
0.240358061,30,0,0.127238156,6310.0,6,0,0,0,2
0.025277793,60,0,0.163167367,5000.0,28,0,1,0,0
0.303960628,56,0,5063.0,5400.0,4,0,3,0,0
0.016926593,55,0,0.002591793,20834.0,7,0,0,0,1
0.058752172,69,1,0.156287887,18145.0,11,0,2,0,1
0.895162476,24,0,0.192692175,2900.0,4,1,0,0,0
0.042245908,71,0,2019.0,5400.0,8,0,1,0,0
0.113603453,40,0,2546.0,5400.0,15,0,3,0,2
0.0,49,0,0.115895458,4667.0,4,0,0,0,0
0.328610329,32,0,0.159806699,6000.0,8,0,0,0,1
0.300914381,49,0,0.366512461,6700.0,16,0,1,0,2
0.402679583,42,0,0.970797159,3800.0,9,0,1,0,0
0.033534104,64,0,0.004867557,8833.0,4,0,0,0,1
0.221014845,66,0,0.870319001,4325.0,18,0,2,0,0
0.198401289,52,2,0.443421443,6733.0,13,0,3,1,1
0.0,51,0,0.689243028,3011.0,6,0,1,0,1
0.21236126,29,0,972.0,5400.0,7,0,0,0,0
0.9999999,43,0,0.583863081,6134.0,5,0,2,0,0
0.695420305,40,0,0.13474117,5350.0,4,0,1,0,1
0.01997976,85,0,0.000353999,166666.0,15,0,0,0,0
0.111743058,58,0,0.358269256,7672.0,6,0,1,0,0
0.039998068,46,0,1850.0,5400.0,5,0,2,0,3
0.262625695,46,1,3835.0,5400.0,8,0,2,0,1
0.23669372,55,0,0.573030968,4100.0,8,0,2,0,1
0.109642823,37,0,1.06931023,3000.0,13,0,2,0,0
0.040986389,49,0,0.004760771,8401.0,6,0,0,0,4
1.093178037,54,1,256.0,5400.0,3,0,1,0,0
0.12885088,36,0,0.318251144,5900.0,6,0,1,0,2
0.042150832,83,0,50.0,5400.0,8,0,0,0,0
0.0,55,0,0.112180674,2700.0,8,0,0,0,0
0.219831755,72,0,0.510998,5500.0,16,0,1,0,1
0.060299985,67,0,0.316566682,6500.0,10,0,2,0,1
0.657851755,63,0,0.540243293,6000.0,11,0,1,0,1
0.629420085,32,0,0.162070634,6200.0,10,0,0,0,2
0.516224099,66,0,0.30117291,18500.0,13,0,3,0,0
0.01311895,85,0,0.080383923,5000.0,4,0,0,0,0
0.17092525,57,1,0.32035361,4750.0,13,0,1,0,1
0.043903216,63,4,816.0,5400.0,7,0,0,0,0
0.049701359,46,1,0.31642098,5833.0,6,0,2,0,3
0.0,61,0,0.13737187,11901.0,9,0,2,0,0
0.360394059,57,1,0.492092347,5500.0,7,0,1,0,2
0.001722127,65,0,0.002586207,2319.0,3,0,0,0,0
0.443827313,50,0,0.271545691,5000.0,9,0,0,0,1
0.050797097,34,0,0.411674347,7811.0,14,0,2,0,2
0.169844021,37,1,0.375862414,10000.0,11,0,1,0,0
0.044740301,69,0,3756.0,5400.0,11,0,3,0,0
0.093864164,63,0,0.318925552,7333.0,11,0,1,0,0
0.394764693,48,0,0.64036919,9100.0,6,0,3,0,3
0.748489196,34,0,1929.0,5400.0,8,0,0,0,0
0.972867798,40,2,0.480458099,5500.0,16,0,0,1,3
0.0,55,0,0.0,5400.0,1,0,0,0,0
0.9999999,47,0,0.383661634,10000.0,5,0,4,0,2
0.085322005,50,0,3.562054208,700.0,21,0,1,2,0
0.9999999,26,0,0.0,864.0,1,0,0,0,0
0.017741618,67,0,0.490193868,17743.0,10,0,5,0,0
0.00475981,59,0,0.053470919,8527.0,4,0,0,0,0
0.039643563,60,0,0.005767138,9189.0,4,0,0,0,1
0.008871302,66,0,0.341228673,16000.0,11,0,1,0,2
0.875983855,26,2,0.163074039,3200.0,5,0,0,0,0
0.348469207,44,0,1.310768923,10000.0,9,0,5,0,1
0.0,55,0,0.267604475,12155.0,7,0,1,0,1
0.051341687,75,0,0.0826483,4500.0,12,0,0,0,1
0.0,36,0,0.0,2000.0,4,0,0,0,0
0.835234762,53,0,0.254131473,10891.0,6,0,1,0,0
1.295540892,74,0,1.163560054,8100.0,11,0,6,0,0
0.039277478,48,0,0.213271303,8167.0,7,0,2,0,2
0.225144629,47,0,0.294877711,6500.0,11,0,1,0,1
0.542390808,71,0,0.636036036,1109.0,6,0,0,0,0
0.199171809,64,1,0.357554088,16500.0,12,0,1,0,2
0.493758789,52,0,0.195040661,7500.0,8,0,0,0,2
0.9999999,62,0,0.209700428,700.0,3,0,0,0,0
0.007073014,43,2,0.597018543,8250.0,14,0,4,0,0
0.017840823,72,0,0.01332889,3000.0,5,0,0,0,0
0.794239842,62,0,0.401504074,4786.0,11,0,1,0,1
0.839398806,36,0,0.505086,5406.0,11,0,0,0,0
0.005581734,62,0,0.489755122,2000.0,20,0,1,0,0
0.0,44,0,0.871170623,4928.0,10,0,2,0,2
0.047278489,49,0,0.494305239,3950.0,7,0,1,0,0
0.049860115,48,0,0.473905219,5000.0,7,0,2,0,0
0.052782596,64,0,5169.0,5400.0,10,0,1,0,0
0.0,33,0,0.602879879,7916.0,7,0,2,0,2
0.9999999,33,0,2264.0,5400.0,3,0,1,0,0
0.728045326,47,0,0.265892003,13166.0,15,0,1,0,2
0.006588892,71,0,202.0,0.0,3,0,0,0,0
0.027251103,52,0,0.276022139,5600.0,7,0,1,0,0
0.280019175,50,0,0.270793407,5217.0,9,0,1,0,1
0.060461263,61,0,0.241101617,16266.0,9,0,2,0,1
0.20543186,69,0,885.0,5400.0,10,0,1,0,0
0.177862714,61,0,0.566058906,3564.0,5,0,2,0,0
0.146496338,51,0,0.22894385,2991.0,15,0,2,0,1
0.144469526,58,0,2210.0,5400.0,6,0,2,0,1
0.118976205,27,0,0.034655115,3000.0,4,0,0,0,0
0.382426747,64,0,0.76426489,2400.0,8,0,2,0,0
0.691853794,44,0,966.0,5400.0,5,0,1,0,1
0.405421921,38,0,218.0,5400.0,1,0,0,0,0
0.003764399,61,1,0.162335066,2500.0,18,0,0,0,0
0.202115471,69,0,0.270768547,4501.0,17,0,0,0,0
0.009881364,76,0,1274.0,5400.0,7,0,2,0,0
0.054627986,66,0,0.537881385,2916.0,8,0,1,0,0
0.19847088,44,0,0.33284954,6200.0,11,0,1,0,3
0.004519467,66,0,0.231799651,5150.0,21,0,0,0,2
0.0,50,3,0.07569808,4583.0,5,0,0,0,2
0.973558494,34,3,0.053589282,5000.0,2,0,0,0,2
0.09603545,33,0,0.374656336,4000.0,8,0,1,0,0
0.934383202,42,0,38.0,5400.0,2,1,0,0,0
0.248816528,41,0,0.261452797,3950.0,7,0,0,0,1
0.950619977,71,0,0.499261136,4736.0,10,0,1,0,0
0.026255064,52,0,0.073323557,7500.0,4,0,0,0,1
0.006470512,67,0,537.0,5400.0,12,0,0,0,0
0.095814597,78,0,0.315246544,4846.0,23,0,2,0,0
0.301858687,49,0,3575.0,5400.0,11,0,1,0,2
0.91206544,40,1,0.551641313,2497.0,5,0,0,0,4
0.021798547,41,0,0.544646824,2250.0,6,0,0,0,0
0.34650918,44,0,0.353479624,7974.0,9,0,2,0,0
0.932544712,58,3,0.739031239,5697.0,13,0,2,0,1
0.301047937,48,0,0.280082749,8700.0,5,0,1,0,0
0.0,41,0,1279.0,5400.0,3,0,1,0,0
0.422154479,37,0,0.275877432,20200.0,12,0,3,0,0
0.08892922,46,0,0.048735462,5416.0,4,0,0,0,2
0.232177135,46,0,928.0,5400.0,9,0,1,0,0
0.445765502,31,0,0.493998153,5414.0,7,0,2,0,0
0.024627756,89,0,0.005135176,6620.0,3,0,0,0,0
0.11902629,54,0,0.783522104,5473.0,18,0,4,0,3
0.233897238,51,0,0.266775396,8583.0,10,0,1,0,1
0.002469377,88,0,0.000792812,3783.0,5,0,0,0,0
0.105056887,49,0,2137.0,5400.0,4,0,1,0,0
0.194260191,46,0,0.62433938,7000.0,8,0,4,0,1
0.077624668,49,0,1433.0,5400.0,5,0,1,0,2
0.492543802,33,0,3115.0,5400.0,9,0,1,0,0
0.529749125,51,0,0.515621095,4000.0,5,0,1,0,2
0.052414618,57,0,0.211693548,2975.0,14,0,1,0,0
0.594587838,44,0,0.279900036,2800.0,6,0,0,0,1
0.0,85,0,0.0,5400.0,8,0,0,0,0
0.035834679,48,0,285.0,5400.0,8,0,1,0,0
0.9999999,23,0,0.32967033,1000.0,2,0,0,0,0
0.07569786,55,0,0.554764601,6180.0,10,0,2,0,2
0.628080657,54,0,1270.0,5400.0,10,0,0,0,0
0.0,36,0,0.413096023,4550.0,4,0,1,0,0
0.0,46,0,1423.0,5400.0,6,0,2,0,0
0.016721913,37,0,0.522729021,13000.0,16,0,10,0,1
0.074031389,59,0,6966.0,5400.0,9,0,2,0,0
0.013697203,46,0,0.006993007,1000.0,5,0,0,0,1
0.099961153,66,0,1566.0,5400.0,12,0,1,0,0
0.101363086,34,0,0.13673688,2800.0,4,0,0,0,0
0.38279297,35,0,0.557431682,4500.0,10,0,1,0,2
0.045175922,82,0,0.215560314,1400.0,13,0,0,0,0
0.025011525,67,0,0.004971475,12269.0,8,0,0,0,0
0.045617053,68,0,1388.0,5400.0,12,0,1,0,0
0.0,75,0,0.000374953,2666.0,7,0,0,0,0
0.00075213,51,0,1.743914981,2916.0,14,0,2,0,3
0.158859615,56,0,0.314900386,13200.0,6,0,2,0,4
0.001285678,80,0,1.0,5400.0,3,0,0,0,0
0.092476381,32,0,0.280494456,5500.0,8,0,1,0,0
0.147426795,40,0,0.542397396,5530.0,17,0,1,0,2
0.012856225,89,0,0.182726909,2500.0,2,0,1,0,0
0.030407262,81,0,0.461512829,3000.0,19,0,1,0,0
0.9999999,23,0,0.024561404,3419.0,2,0,0,0,0
0.616248239,68,0,0.628865979,3200.0,11,0,1,0,0
0.743741423,61,0,0.825603999,3600.0,12,0,2,0,0
0.211368395,46,0,0.235927298,11333.0,7,0,1,0,1
0.03509883,47,0,0.413878327,5259.0,6,0,1,0,0
0.136688928,72,0,0.414667067,6667.0,19,0,1,0,0
0.158912145,61,0,1826.0,5400.0,5,0,1,0,2
0.030849751,35,0,1308.0,5400.0,3,0,1,0,0
0.015170624,76,0,0.005427021,3500.0,4,0,0,0,0
0.117481288,59,0,173.0,5400.0,8,1,0,0,0
0.9999999,45,0,0.046220772,11033.0,7,1,0,0,0
0.004278373,58,0,0.098,4499.0,4,0,0,0,2
0.747527581,50,0,0.543226818,5100.0,12,0,3,0,3
0.036753364,35,0,1652.0,5400.0,10,0,2,0,0
0.067757403,79,0,0.652417303,3929.0,13,0,2,0,1
0.533875932,53,0,0.683985003,5600.0,17,0,1,0,2
0.193362915,52,0,0.532364374,5916.0,12,0,2,0,1
0.0,34,0,0.333825702,7446.0,5,0,1,0,0
0.566024268,32,0,1252.0,5400.0,4,1,0,1,4
0.9999999,49,0,0.324145726,11500.0,5,0,1,0,1
0.435309052,58,0,1.088140286,6500.0,28,0,2,0,2
0.9999999,23,0,0.0,0.0,1,0,0,0,0
0.008078517,61,0,0.184423953,9000.0,16,0,1,0,0
0.279488229,55,0,0.289975835,12000.0,18,0,1,0,2
0.028508061,67,0,3490.0,5400.0,12,0,2,0,0
0.664043802,32,1,0.357856857,2500.0,7,0,0,0,0
0.0,65,1,0.11674402,2800.0,5,0,0,0,2
0.042607006,57,0,0.204729634,21100.0,19,0,2,0,0
0.011126199,88,0,0.005606429,5350.0,6,0,0,0,0
0.031798937,73,0,0.46090535,1700.0,7,0,1,0,0
0.052648155,58,0,0.196028631,8661.0,21,0,2,0,0
0.132591379,28,0,0.241339223,4300.0,3,0,1,0,0
0.000874982,69,0,12.0,5400.0,6,0,0,0,0
0.114144835,48,0,1552.0,0.0,7,0,1,0,1
0.095076631,29,0,0.669693175,3193.0,7,0,1,0,0
0.024662187,61,0,0.027993002,4000.0,8,0,0,0,0
0.387225549,34,0,727.0,5400.0,3,0,1,0,0
0.032620212,41,0,2006.0,5400.0,5,0,1,0,0
0.037064584,73,0,0.200228506,3500.0,10,0,0,0,0
0.294422382,34,0,0.395075616,8000.0,12,0,1,0,2
0.009693941,58,0,0.289244638,6433.0,11,0,2,0,3
0.5834147,42,0,2239.0,5400.0,6,0,2,0,0
0.05859707,56,0,0.384004831,11590.0,12,0,2,0,4
0.598283476,44,0,0.45709571,3029.0,15,0,0,0,0
0.022020375,72,0,0.003874516,8000.0,4,0,0,0,0
0.0,35,0,0.0,5416.0,1,0,0,0,1
0.0,44,2,0.330718351,6500.0,6,0,2,0,3
0.008176538,66,0,0.411073616,8000.0,8,0,1,0,0
0.448297754,34,0,0.152410575,4500.0,7,0,0,0,3
0.001406562,32,0,1.057025077,2910.0,7,0,2,0,0
0.817423073,45,0,0.312511284,5538.0,13,0,1,0,2
0.064695009,63,0,0.524441762,3313.0,6,0,1,0,0
0.9999999,45,0,0.040737894,1300.0,1,0,0,0,0
0.006066065,58,0,2129.0,5400.0,7,0,1,0,0
0.635915601,58,0,2447.0,5400.0,12,0,2,0,0
0.16405971,55,0,0.268932767,4000.0,4,0,1,0,3
0.0,64,0,0.089313486,4500.0,9,0,0,0,1
0.093838765,52,0,0.197395735,15896.0,14,0,2,0,1
0.052791975,33,0,0.547432411,6250.0,9,0,2,0,0
0.015295178,48,0,0.321267873,10000.0,19,0,1,0,3
0.043535431,58,0,2181.0,5400.0,10,0,1,0,0
0.301314857,48,0,493.0,5400.0,4,0,0,0,0
0.010267495,22,0,1.0,5400.0,3,0,0,0,0
0.037432086,49,0,1124.0,5400.0,4,0,1,0,0
0.639439567,49,3,0.919364106,5220.0,10,2,1,0,3
0.9999999,31,0,0.008011653,2745.0,0,3,0,0,3
0.147961735,44,0,0.317701623,7761.0,4,0,1,0,4
0.0447371,77,0,0.2655561,4081.0,9,0,1,0,0
0.41715952,50,1,0.586025344,11205.0,17,0,6,0,1
0.178105976,64,0,0.038891513,6350.0,6,0,0,0,1
0.18322937,39,0,1087.0,5400.0,2,0,1,0,0
0.013550274,67,0,0.31217968,6633.0,13,0,2,0,1
0.044604709,63,0,0.115526999,23500.0,5,0,1,0,1
0.995510815,30,3,0.322225925,3000.0,5,0,0,0,0
0.294373449,47,0,0.242263484,7916.0,7,0,0,0,0
0.05027992,81,0,41.0,5400.0,3,0,0,0,0
0.9999999,57,1,0.594734211,6000.0,5,0,1,0,2
0.584827614,52,0,0.474975466,6113.0,6,0,1,0,1
0.041436497,60,0,0.038061641,5385.0,12,0,0,0,0
0.174607111,40,0,0.190097579,2766.0,5,0,0,0,4
0.26991003,24,0,0.662606577,820.0,3,0,0,0,0
0.51655667,53,1,0.405005382,3715.0,6,0,1,0,0
0.653869226,62,0,0.389566613,6229.0,6,0,1,0,3
0.016356753,45,1,0.307703342,6970.0,9,0,1,0,3
0.006316919,50,0,0.24831667,4900.0,7,0,1,0,1
0.021103211,78,0,0.402641056,4164.0,6,0,2,0,0
0.767169982,47,0,0.317329638,12267.0,10,0,1,0,3
0.24132626,53,0,2711.0,5400.0,10,0,1,0,1
0.172006413,34,0,0.18556701,5916.0,4,0,1,0,1
0.211293041,38,1,0.803173531,5923.0,10,0,4,0,1
0.029085278,38,0,0.031656115,3000.0,7,0,0,0,0
0.059146026,30,0,0.244270964,3970.0,8,0,0,0,0
0.9999999,35,0,0.388255175,4733.0,6,0,0,0,6
0.020843571,55,0,0.209953204,11111.0,21,0,2,0,2
0.812749004,39,2,0.738630685,2000.0,6,1,1,2,1
0.47101932,47,0,0.080570902,4343.0,7,0,0,1,2
0.017979484,74,0,0.359870618,9583.0,18,0,5,0,1
0.137100696,42,0,0.264952687,5600.0,13,0,1,0,0
0.543298243,52,5,0.805235767,6340.0,20,1,3,1,0
0.003914727,44,4,0.424378749,4667.0,11,1,1,0,0
0.004908793,67,0,1133.0,5400.0,5,0,1,0,0
0.175929628,35,0,1341.0,5400.0,8,0,1,0,1
0.014646772,73,0,0.198146002,5177.0,8,0,1,0,0
0.711332173,56,0,0.473079791,6704.0,15,0,2,0,0
0.05893771,38,0,0.524155352,6333.0,6,0,2,0,2
0.258028309,51,0,0.43742503,2500.0,13,0,1,0,2
0.072782449,53,0,0.289661899,3075.0,3,0,1,0,0
0.40260098,56,0,0.579900017,5800.0,19,0,1,0,0
0.149728227,61,1,0.097595811,4200.0,8,0,0,0,1
0.302095557,75,0,0.050023017,6516.0,4,0,0,0,1
0.112582078,54,0,0.771139011,6610.0,11,0,3,0,0
0.224655786,67,0,0.30924605,15000.0,11,0,1,0,0
0.061770846,72,0,0.130374957,2906.0,6,0,0,0,0
0.9999999,32,0,0.0,5400.0,0,0,0,0,0
0.001454251,43,0,1.591083782,1300.0,10,0,2,0,2
0.552995392,29,0,0.045878035,7083.0,5,0,0,0,3
0.632187863,46,0,3075.0,5400.0,9,0,2,0,2
0.870594073,51,0,2103.5,1.0,7,0,1,0,1
0.924088936,39,1,0.267851717,6581.0,7,0,0,2,4
0.707742773,40,0,0.381984241,5583.0,11,0,1,0,3
0.001407143,53,0,0.280343931,5000.0,8,0,1,0,3
0.598750069,56,1,4259.0,5400.0,8,0,2,0,0
0.00559944,64,0,1.925925926,674.0,8,0,2,0,0
0.722134444,57,1,0.183542908,4532.0,4,0,1,0,1
0.0,60,0,5368.0,5400.0,3,0,2,0,0
0.304794215,26,0,0.082296849,4823.0,11,0,0,0,0
0.0,26,0,0.0,3700.0,2,0,0,0,2
1.272878536,24,0,0.150356205,2666.0,3,0,0,0,0
0.109129696,57,0,0.308118683,6133.0,7,0,2,0,1
0.908742431,69,4,0.075112337,19583.0,7,1,0,1,0
0.00078734,42,0,2041.0,5400.0,5,0,2,0,0
0.124757846,43,0,2209.0,5400.0,6,0,2,0,0
0.106922697,57,0,1368.0,5400.0,7,0,1,0,0
0.285381726,26,0,0.916554509,742.0,5,0,0,0,0
0.607057145,57,1,0.427325581,6879.0,21,0,1,0,0
0.082110121,41,0,0.37664934,2500.0,5,0,1,0,2
0.9999999,64,2,0.336306206,2690.0,7,1,1,2,0
0.045564919,54,0,0.114469972,2480.0,8,0,0,0,1
0.099784565,42,0,0.369126175,5000.0,18,0,1,0,0
0.053572042,76,1,0.415595544,7001.0,9,0,1,0,0
0.008521492,43,0,992.0,5400.0,11,0,1,0,2
0.764981575,66,0,3352.0,5400.0,10,0,2,0,0
0.006185759,73,0,70.0,5400.0,6,0,0,0,0
0.017452959,50,0,5.0,5400.0,2,0,0,0,0
0.380551498,49,1,4569.0,5400.0,6,0,1,0,0
0.250903686,44,0,0.170575693,7034.0,5,0,1,1,1
0.099397791,53,1,0.34004426,18526.0,7,0,2,0,3
0.01408558,60,0,0.004094848,10500.0,20,0,0,0,0
0.0,58,0,0.322264609,11533.0,10,0,2,0,2
0.077472129,41,0,0.788919235,5125.0,8,0,2,0,2
0.070899175,79,0,0.002895753,5179.0,3,0,0,0,0
0.126249643,26,0,0.696732026,764.0,4,0,0,0,0
0.016964752,51,0,0.659869848,2304.0,9,0,1,0,0
0.00604431,28,0,0.529779259,2400.0,9,0,2,0,0
0.0,51,1,0.110014181,18333.0,11,0,1,0,3
0.008394663,37,0,0.21398548,7850.0,15,0,2,0,1
0.713423619,47,0,0.414954896,9200.0,8,0,1,0,2
0.086986235,63,0,532.0,5400.0,8,0,0,0,0
0.593991927,54,1,1.028276123,23800.0,17,1,9,0,1
0.018645962,72,0,9.0,5400.0,1,0,0,0,0
0.987734969,41,0,0.109643329,9083.0,3,0,0,0,2
0.0,54,0,517.0,5400.0,4,0,1,0,0
0.043811899,78,0,0.006749156,8000.0,5,0,0,0,0
0.931943854,57,1,0.097242686,4750.0,8,2,0,1,0
0.811493833,51,2,3.709313888,3016.0,26,0,4,0,0
0.090746492,61,0,0.281907956,10733.0,11,0,1,0,0
0.086198868,55,0,0.287270557,6700.0,11,0,3,0,2
0.599891164,30,0,0.175914509,2432.0,4,0,0,0,1
0.31253571,24,0,0.027242525,3009.0,4,0,0,0,0
0.000633174,48,0,0.0,6083.0,6,0,0,0,0
0.397466081,55,0,0.207623809,6400.0,10,0,0,0,2
0.20093553,56,0,0.364568499,3510.0,7,0,0,0,0
0.20980669,77,0,0.542026352,6602.0,14,0,3,0,0
0.617842876,36,0,0.01332889,3000.0,2,0,0,0,0
0.007268951,82,0,0.108859444,3848.0,7,0,1,0,0
0.0,85,1,0.017354289,3053.0,6,0,0,0,0
0.019597387,28,0,0.464883779,4000.0,5,0,1,1,0
0.01702853,68,0,0.00329373,8500.0,8,0,0,0,1
0.9999999,26,0,0.0,5400.0,0,0,0,0,0
0.023379178,55,0,0.072345848,10200.0,12,0,0,0,0
0.197917856,48,0,0.34353102,5850.0,11,0,2,0,2
0.062678063,33,0,0.009892086,3335.0,3,0,0,0,0
0.087999097,66,0,0.162166003,7035.0,11,0,1,0,1
0.543840178,50,2,0.497894737,6649.0,8,3,2,1,2
0.0,54,0,0.596727769,6600.0,6,0,1,0,2
0.242667654,63,0,0.393744764,3580.0,17,0,1,0,0
0.004052418,69,0,0.253356684,5138.0,5,0,2,0,1
0.482490774,62,1,1265.0,5400.0,12,0,0,0,0
0.00478797,82,0,15.0,5400.0,6,0,0,0,0
0.469272967,45,0,0.122927879,9289.0,7,0,0,0,2
0.037106018,64,0,0.298969072,11833.0,15,0,2,0,1
0.051058073,49,0,0.162980915,3300.0,7,0,0,0,0
0.775031449,43,1,7.822870852,2500.0,26,0,7,0,0
0.062623695,38,0,0.044407979,19500.0,7,0,0,0,2
0.453628293,36,0,0.614211612,16000.0,12,0,5,0,1
0.9999999,28,0,0.134899683,3787.0,2,2,0,0,1
0.047524518,51,0,1134.0,5400.0,12,0,2,0,0
0.0,64,0,3.0,5400.0,5,0,0,0,0
0.328923161,64,0,0.494067458,7500.0,16,0,3,0,0
0.042872333,45,0,0.221984691,14500.0,7,0,2,0,0
0.470500518,56,0,0.39835729,11200.0,7,0,1,0,4
0.155549207,64,0,0.539584166,5001.0,11,0,3,0,0
0.354139518,49,0,0.248837558,13333.0,9,0,2,0,0
0.0,33,0,0.78339719,3914.0,6,1,2,0,0
0.76834275,34,0,0.80562579,3163.0,6,0,1,0,0
0.057606759,51,0,0.301532613,8416.0,16,0,1,0,0
0.040440217,66,0,0.444577735,4167.0,25,0,1,0,1
0.00639968,60,0,523.0,5400.0,7,0,1,0,0
0.060646451,33,1,0.259561703,12000.0,5,0,2,0,2
0.23444133,48,0,0.293340671,5450.0,10,0,1,0,1
0.054029391,60,0,84.0,0.0,6,0,0,0,0
0.9999999,42,18,0.0,7000.0,0,18,0,18,0
0.022432569,66,0,0.333484265,4416.0,12,0,2,0,0
0.270232273,47,0,0.391885396,10400.0,9,0,4,0,2
0.412907624,60,1,0.979123787,3400.0,8,1,2,1,2
0.301046597,37,0,1972.0,5400.0,6,0,1,0,0
0.005666972,62,0,0.115355037,3900.0,10,0,1,0,0
0.566452332,68,0,0.269657501,8291.0,8,0,2,0,1
0.216918872,44,0,0.204534719,6350.0,6,0,1,0,2
0.001966601,79,0,2.0,5400.0,2,0,0,0,0
0.361405635,30,0,174.0,5400.0,4,0,0,1,0
0.679924453,45,2,0.150684932,10000.0,3,0,1,0,0
0.05346826,69,0,0.462125661,1702.0,10,0,0,0,0
0.403271312,39,0,0.155989619,7320.0,9,0,0,0,2
0.098692507,50,0,0.047921234,26000.0,5,0,1,0,0
0.9999999,55,0,0.046990602,5000.0,1,0,0,0,0
0.222017462,30,0,0.32838166,7000.0,8,0,2,0,0
0.9999999,28,1,0.0,2228.0,0,0,0,0,1
0.648877207,31,0,0.143101971,3500.0,6,0,0,0,0
0.036538488,84,0,0.160365059,2300.0,10,0,0,0,0
0.436618779,56,0,0.690491803,7624.0,8,0,4,0,0
1.033202428,37,0,0.04996215,5283.0,5,0,0,0,3
0.023913915,52,0,0.00515345,13000.0,10,0,0,0,0
0.0,61,0,1515.0,5400.0,4,0,1,0,0
0.064880543,69,0,25.0,5400.0,3,0,0,0,0
0.995001,31,4,0.754642434,2530.0,6,0,1,1,1
0.298740939,35,1,0.134124779,3958.0,7,0,0,0,0
0.340390683,48,2,0.416579879,4800.0,14,0,0,0,1
0.9999999,33,0,0.215577191,2875.0,4,0,0,0,0
0.003448184,33,0,0.478753541,6000.0,7,0,3,0,0
0.177985658,33,0,0.583351445,4600.0,8,0,2,0,1
0.275547534,33,0,0.434612651,8441.0,14,0,1,0,0
0.39757864,36,0,0.01743721,6250.0,4,0,0,0,1
0.869826035,50,0,0.090909091,7083.0,4,0,0,0,2
0.793741314,44,0,0.540592606,10900.0,20,0,3,0,1
0.033318989,49,0,0.349255721,4500.0,12,0,1,0,0
0.479895812,53,1,2754.0,5400.0,8,0,1,0,0
0.449907509,45,1,0.892540428,3833.0,12,0,1,0,2
0.103702258,47,0,0.227210351,5100.0,6,0,1,0,0
0.111793342,72,0,0.520187793,1064.0,3,0,0,0,2
0.9999999,24,0,94.0,5400.0,1,1,0,0,0
0.071885411,71,0,1750.0,5400.0,12,0,0,0,0
0.0,72,0,0.546715017,4687.0,8,0,2,0,0
0.128687131,37,1,0.118195489,3324.0,5,0,0,0,0
0.156113055,38,0,0.256974303,10000.0,5,0,1,0,2
0.255138441,67,3,0.294661775,19350.0,11,0,3,0,0
0.029414372,62,0,0.591963493,7888.0,15,0,2,0,0
0.021592319,71,0,1324.0,5400.0,9,0,1,0,0
0.445255228,37,0,0.468766799,9300.0,11,0,4,0,2
0.0,26,0,520.0,5400.0,4,0,0,0,0
0.411281311,68,0,0.617862697,4500.0,21,0,1,0,0
0.023579132,57,0,0.299046087,8700.0,12,0,3,0,0
0.007941593,65,0,0.002683963,4470.0,6,0,0,0,0
0.106644668,46,0,1961.0,5400.0,2,0,1,0,0
0.570594301,41,0,0.366262383,10800.0,22,0,2,0,0
0.89114135,48,0,0.11252758,4078.0,9,0,0,0,0
0.844165119,35,0,0.552274541,2505.0,4,1,0,0,2
0.416628964,33,0,1.6075981,4000.0,13,0,4,0,1
0.475726214,48,0,2452.0,5400.0,6,0,2,0,0
0.26938769,34,0,0.345484845,9600.0,14,0,1,0,0
0.298609217,31,0,0.701505254,3520.0,4,0,1,0,2
0.774548379,52,0,0.670168333,7900.0,14,0,1,0,0
0.9999999,62,0,0.0,6521.0,0,0,0,0,1
0.294756011,59,0,0.563535912,4886.0,20,0,3,0,3
0.043152264,67,0,0.304413696,9900.0,9,0,1,0,1
0.87152984,47,0,0.583740031,8400.0,9,0,1,0,3
0.001379279,81,0,0.001749563,4000.0,8,0,0,0,0
0.386455005,63,0,0.092660327,4100.0,3,1,0,0,0
0.164503977,76,0,106.0,5400.0,1,0,0,0,0
1.784035994,30,1,0.195601466,3000.0,9,0,0,1,0
0.073421501,48,0,0.355829474,14683.0,9,0,2,0,0
0.024955886,63,0,0.229951074,4700.0,3,0,1,0,0
0.000351633,40,0,0.122366385,8400.0,10,0,0,0,2
0.016598563,79,0,19.0,5400.0,4,0,0,0,0
0.134347347,65,0,480.0,5400.0,9,0,0,0,0
0.036675167,69,0,0.105149142,6000.0,7,0,1,0,0
0.9999999,62,0,0.208811551,2700.0,1,0,1,0,1
0.003211317,54,0,0.151596538,3350.0,4,0,0,0,0
0.900383624,31,4,0.616905988,3690.0,12,0,2,0,0
0.143912268,38,2,0.417867809,7700.0,16,0,3,0,0
0.024532924,76,0,0.21862251,8333.0,7,0,1,0,0
0.0,35,0,0.184774483,8025.0,8,0,2,0,4
0.059974218,75,1,0.748047078,9600.0,13,0,2,0,0
0.077367008,80,0,0.005217164,7666.0,2,0,0,0,0
0.441117764,54,0,1019.0,5400.0,3,0,0,0,0
0.886940471,39,3,0.053733208,3200.0,5,0,0,0,3
0.819548872,56,0,0.122071986,5250.0,5,0,0,0,0
0.063328056,26,0,0.076484703,3333.0,2,0,0,0,0
0.921260885,50,1,0.444274809,4584.0,11,0,0,0,0
0.308386738,74,0,0.367409685,1300.0,8,0,0,0,0
0.012196895,71,0,0.140593163,4416.0,10,0,1,0,0
0.9999999,79,18,0.005342832,1122.0,0,18,0,18,0
0.443674027,46,0,0.265790762,12253.0,10,0,1,1,4
0.214500617,52,0,0.378473754,6800.0,15,0,1,0,2
0.623587468,59,0,0.311950088,6250.0,19,0,0,0,0
0.047081949,42,0,0.25111177,16864.0,11,0,2,0,4
0.141956277,63,0,0.960918752,2916.0,10,0,1,0,1
0.020939994,73,0,534.0,5400.0,4,0,1,0,0
0.188124876,56,1,0.424762278,10200.0,21,0,2,0,0
0.9999999,48,0,4037.0,5400.0,3,0,2,0,0
0.9999999,49,1,0.409821817,2300.0,2,0,0,0,3
0.38714974,53,0,0.809447906,6900.0,13,0,2,0,0
0.002786168,83,0,6.0,5400.0,18,0,0,0,0
0.341717476,49,0,6530.0,0.0,12,0,3,0,5
0.026174213,56,0,0.160387169,12500.0,16,0,1,0,3
0.196593425,47,0,0.409224207,3750.0,11,0,0,0,2
0.228754249,59,0,0.049387353,21300.0,16,0,0,0,1
0.0,36,0,1551.0,0.0,5,0,1,0,1
0.002760524,82,0,0.001666111,3000.0,12,0,0,0,0
0.966516742,26,0,0.211490425,1200.0,3,0,0,0,0
0.039547768,60,0,0.254020016,8892.0,6,0,2,0,0
0.011332647,32,0,0.195893698,11250.0,6,0,1,0,0
0.073310736,47,0,6024.0,5400.0,12,0,2,0,0
0.196251413,61,0,0.322622666,2302.0,7,0,0,0,0
0.525611717,45,1,0.20087402,6635.0,15,0,0,0,2
0.186792769,59,0,0.272898783,10600.0,10,0,1,0,0
0.065157824,39,0,12.42288557,200.0,9,1,2,0,2
0.9999999,60,0,0.202386712,6200.0,3,0,0,0,1
0.690780768,24,0,0.372021522,1300.0,7,0,0,0,0
0.9999999,37,1,0.583795782,2702.0,6,0,1,0,0
0.9999999,78,0,0.227343886,5748.0,5,0,0,1,0
0.123422088,60,0,0.03616064,6000.0,5,0,0,0,0
0.24009617,35,0,3.622754491,500.0,9,0,1,0,3
0.255450308,83,0,0.011318619,5300.0,6,0,0,0,0
0.667990356,42,0,0.180545636,7000.0,8,1,0,0,3
0.022929717,38,0,1722.0,5400.0,7,0,1,0,0
0.465709286,64,1,998.0,5400.0,6,0,0,0,0
0.680861478,48,0,0.392569026,8800.0,7,0,2,0,0
0.473421831,33,0,0.415016663,5100.0,12,0,0,0,0
0.062679063,77,0,0.149713967,7166.0,5,0,1,0,0
0.9999999,89,0,0.0,5400.0,2,0,0,0,0
0.133988646,55,0,0.674473068,5977.0,21,0,5,0,0
0.006328686,62,0,0.259027935,8805.0,9,0,1,0,0
0.510372536,65,1,4695.0,5400.0,20,0,3,0,0
0.049897714,51,0,0.460686301,3700.0,11,0,1,0,2
0.118586703,52,0,0.586904354,5833.0,7,0,3,0,2
0.008266116,40,0,0.234606883,9500.0,7,0,2,0,2
0.002899952,61,0,3984.0,5400.0,11,0,2,0,0
0.018469417,65,0,0.007058824,5099.0,4,0,0,0,0
0.047550819,46,0,0.548272808,5644.0,15,0,2,0,2
0.516817575,53,0,0.511174441,20000.0,12,0,2,0,4
0.00399981,85,0,7.0,5400.0,9,0,0,0,0
0.985807442,46,1,0.090409133,12000.0,4,2,0,0,4
0.947174385,53,1,3182.0,5400.0,10,0,1,0,3
0.016570198,72,0,545.0,5400.0,13,0,1,0,0
0.669708356,51,1,0.354309008,17416.0,11,0,3,0,0
0.461139007,38,0,0.411945655,3900.0,7,0,1,0,2
0.004327062,60,0,0.229312763,12833.0,18,0,2,0,0
0.9999999,33,0,0.658256881,3923.0,2,0,1,0,1
0.820203892,67,1,2637.0,5400.0,2,0,1,1,0
0.855043642,37,0,0.196764986,5254.0,7,0,0,0,1
0.264629131,49,0,3552.0,5400.0,8,0,2,0,2
0.923443062,66,1,0.719653748,5082.0,5,0,2,0,1
0.00159996,93,0,0.000190458,10500.0,10,0,0,0,0
0.0,75,0,0.0,5400.0,5,0,0,1,0
0.023825855,49,0,0.00379924,5000.0,4,0,0,0,0
0.936996408,38,1,0.584559844,3600.0,12,0,1,0,0
0.017737686,80,0,0.190545572,6176.0,6,0,0,0,0
0.085941332,50,0,3740.0,0.0,11,0,2,0,1
0.004432279,39,0,1.002497918,1200.0,11,0,2,0,1
0.669204786,52,0,0.968010663,3000.0,13,0,1,0,1
0.805734075,48,0,0.664075514,1800.0,10,0,0,0,0
0.000999979,45,0,0.463140421,13252.0,9,0,2,0,0
0.56489921,63,2,929.0,5400.0,11,0,0,1,0
0.9999999,37,0,1484.0,5400.0,8,0,1,0,2
0.0,31,0,0.34892638,2607.0,11,0,0,0,1
0.034571214,74,2,158.0,5400.0,12,0,1,0,0
0.03398867,26,1,235.5,1.0,7,0,0,0,0
0.004868908,74,0,0.17946388,2200.0,24,0,1,0,0
0.455028475,37,0,0.704573857,4000.0,11,0,2,0,3
0.0,80,0,0.0,1500.0,8,0,0,0,0
0.381511,35,0,0.439567048,3325.0,13,0,1,0,1
0.815618438,42,0,0.366717506,5900.0,4,0,1,0,2
0.014751761,68,0,0.005332622,7500.0,6,0,0,0,0
0.032205006,59,0,1459.0,5400.0,9,0,1,0,0
0.748748416,42,0,0.566644015,10300.0,23,0,4,0,4
0.615088975,56,0,0.859427682,11566.0,8,0,1,0,4
0.000828304,54,0,0.432731194,3708.0,3,0,1,0,5
0.0,39,0,0.253860601,9583.0,8,0,1,0,5
0.264657845,47,0,0.463580378,4708.0,5,0,1,0,2
0.23029604,25,1,0.007248188,4000.0,2,0,0,0,0
0.054432416,68,0,0.162174579,6529.0,4,0,1,0,0
1.219269103,47,1,0.051801802,4883.0,4,1,0,1,0
0.010361672,76,0,1557.0,5400.0,6,0,1,0,0
0.154470979,68,0,0.198512244,55250.0,14,0,5,0,0
0.0,43,0,0.10503969,5416.0,4,0,0,0,0
0.770912121,30,0,3687.0,5400.0,8,0,2,0,0
0.342685592,58,0,0.461407145,8200.0,6,0,2,0,2
0.232369418,59,0,2506.0,5400.0,16,0,1,0,0
0.279994227,55,0,0.251038302,6500.0,4,0,1,0,2
0.97049592,61,0,0.170324846,3416.0,8,0,0,0,0
0.0,39,0,0.097123224,19500.0,14,0,1,0,3
0.056553075,53,0,0.254515599,2435.0,10,0,1,0,3
0.49070186,28,1,0.231034483,1739.0,3,0,0,0,0
0.9999999,49,2,0.0,1560.0,1,1,0,2,0
0.027426301,75,0,61.0,0.0,3,0,0,0,0
0.0,65,0,0.132612823,6846.0,5,0,1,0,1
0.120188926,40,0,0.008052231,4594.0,2,0,0,0,3
0.00884164,37,1,0.442284077,4885.0,8,0,2,0,0
0.175835734,79,1,0.800369117,3250.0,8,0,1,0,0
0.201102082,49,0,0.382431071,10916.0,12,0,2,0,1
0.009754904,28,0,958.0,0.0,7,0,1,0,0
0.242714289,44,0,0.498565691,10457.0,10,0,1,0,2
0.0,36,0,0.196007081,10167.0,3,0,1,0,3
0.077133729,43,1,0.35728402,7083.0,8,0,1,0,2
0.72570794,24,1,487.0,5400.0,5,0,0,2,0
0.9999999,39,0,0.619430011,6350.0,5,0,3,0,3
0.034080639,70,0,0.302339532,5000.0,8,0,1,0,0
0.0,46,1,0.623865281,7600.0,12,0,4,0,0
0.9999999,62,0,1176.0,5400.0,3,0,1,0,0
0.004239887,90,0,4.0,5400.0,3,0,0,0,0
0.810911211,48,0,0.804020629,9500.0,9,0,2,0,2
0.658692866,42,0,0.346009975,6415.0,5,0,1,0,4
0.971751412,63,1,0.600393701,2539.0,8,0,0,0,0
0.379421568,43,0,148.0,5400.0,4,0,0,0,0
0.265934412,52,0,0.606469689,3925.0,6,0,1,0,1
0.0,62,1,1019.0,5400.0,9,0,1,0,2
0.035943044,29,0,0.012098895,1900.0,5,0,0,0,0
0.004549691,34,0,0.470951122,14750.0,15,0,3,0,3
0.0,59,0,0.0,5400.0,5,0,0,0,0
0.506801846,48,0,0.503909755,7800.0,12,0,3,0,0
0.281428637,42,0,1.171025641,3899.0,25,0,1,0,0
0.012491923,64,0,0.096503257,5833.0,8,0,1,0,3
0.2561478,48,0,0.246075392,10000.0,9,0,1,0,1
0.969052842,56,0,9316.0,5400.0,17,0,2,0,0
0.000631058,53,0,0.324418895,4000.0,12,0,2,0,0
0.0,53,0,0.122818153,3150.0,6,0,0,0,1
0.004933004,88,0,2.0,5400.0,2,0,0,0,0
0.99342951,37,0,0.284816096,6361.0,3,0,1,0,3
0.413911981,35,0,0.401588823,7300.0,9,0,2,0,1
0.989171738,73,3,3.613269892,3782.0,15,0,9,0,0
0.196113033,47,0,0.012321228,47965.0,4,0,0,0,5
1.534023669,46,1,0.008673755,3573.0,2,0,0,0,0
0.052721913,54,0,862.0,5400.0,6,0,1,0,1
0.128782829,30,0,28.0,5400.0,3,0,0,0,0
0.240528392,35,0,0.168548842,7083.0,5,0,1,0,0
0.932689104,24,0,0.044070877,2200.0,1,1,0,0,0
0.0009999,34,0,1743.0,5400.0,5,0,1,0,0
0.019771374,53,0,0.289704709,8770.0,17,0,2,0,1
0.02991811,86,0,0.090502238,2010.0,5,0,0,0,0
0.436939077,57,0,0.565371457,8183.0,7,0,2,0,0
0.125241557,83,0,121.0,5400.0,3,0,0,0,0
0.040991802,88,0,0.057992565,1344.0,3,0,0,0,0
0.011760555,51,0,1882.0,5400.0,5,1,2,0,0
0.169359879,59,0,2361.0,5400.0,3,0,1,0,2
0.029589439,64,0,0.014048531,3914.0,4,0,0,0,0
0.703120536,59,1,0.155110677,6143.0,10,0,0,0,0
0.9999999,80,0,0.581395349,1160.0,1,2,0,0,0
0.010449478,45,0,0.067557671,5461.0,2,0,0,0,0
0.005301378,78,0,0.152661681,4545.0,14,0,1,0,1
0.011495452,57,0,0.003479722,8333.0,6,0,0,0,0
0.024229867,48,0,0.213524728,17833.0,10,0,2,0,3
0.009788005,50,0,0.397652238,8177.0,6,0,2,0,1
0.77111731,74,0,0.191285403,2294.0,4,0,0,0,0
0.0,52,0,0.193687069,17677.0,10,0,3,0,2
0.010303252,74,0,0.003230272,6500.0,5,0,0,0,1
1.042957043,27,0,0.288985393,2532.0,4,3,0,0,0
0.9999999,36,0,0.829088312,4200.0,9,0,2,0,0
0.028608979,36,1,0.176213289,4800.0,4,0,0,0,2
0.006468548,78,0,6.0,5400.0,4,0,0,0,0
0.05521446,62,0,0.205999077,10834.0,6,0,1,0,0
0.15790065,51,0,0.219458988,4583.0,13,0,0,0,1
0.598677369,54,0,2578.0,5400.0,5,0,2,0,0
0.060217501,43,1,0.712202326,10833.0,9,0,3,0,3
0.211759608,62,0,0.204584091,17058.0,6,0,3,0,0
0.920157371,40,0,0.664301838,3100.0,6,0,2,0,0
0.507608034,28,0,0.211330186,3600.0,13,0,0,1,0
0.174354884,53,1,0.346685083,2895.0,16,0,0,0,0
0.127892239,65,0,0.965847564,2400.0,11,0,2,0,0
0.054134198,59,0,0.412239826,6437.0,6,0,1,0,1
0.089682758,54,0,1236.0,5400.0,4,0,1,0,0
0.192071703,53,1,0.493394643,13700.0,10,0,3,0,1
0.003739297,42,0,2082.0,5400.0,9,0,1,0,0
0.353601132,38,0,1.503233392,1700.0,9,0,1,0,0
0.002517447,53,0,0.429205285,10141.0,9,0,1,0,0
0.035291654,54,1,1.610968295,1166.0,25,0,3,0,0
0.394960504,30,0,1.093266254,2583.0,12,0,1,0,0
0.050734989,60,0,0.097978227,4500.0,6,0,0,0,0
0.850299401,54,0,0.2921875,3839.0,4,0,1,0,0
0.984431983,34,0,0.197236866,5500.0,5,0,1,0,0
0.013066834,80,0,0.332396126,3200.0,24,0,0,0,0
0.013461883,49,0,0.003771622,7688.0,5,0,0,0,0
0.225179753,56,0,919.0,5400.0,6,0,2,0,0
0.000449428,63,0,0.357741712,13000.0,11,0,1,0,0
0.268798435,59,0,0.522849214,5404.0,14,0,1,0,1
0.9999999,83,0,0.32960199,1607.0,1,0,0,0,0
0.742359028,41,0,0.541458369,5800.0,10,0,1,0,2
0.684319482,47,0,0.486089054,17000.0,18,0,3,0,1
0.0,70,0,0.450498339,3009.0,10,0,1,0,0
0.00044442,29,0,0.411237504,2900.0,6,0,0,0,0
0.604039596,35,0,0.69593709,6866.0,5,0,2,0,0
0.310684466,39,0,0.249804365,11500.0,16,0,1,0,0
0.216641492,36,0,0.719117815,8750.0,11,0,2,0,2
0.870967742,50,0,0.296361399,11377.0,12,0,1,0,0
0.926610419,61,0,0.23159605,8000.0,11,0,0,0,0
0.157536985,26,0,0.319536093,5000.0,7,0,1,0,0
0.654924703,61,0,3068.0,5400.0,13,0,1,1,0
0.016379392,25,0,525.0,5400.0,3,0,0,0,3
0.035928144,60,1,0.120852641,5394.0,2,0,0,0,0
0.076054265,37,0,0.208547595,8750.0,7,0,1,0,0
0.138503328,66,0,464.0,5400.0,4,0,1,0,0
1.004090723,65,1,0.265844241,10618.0,11,0,2,0,0
0.047116943,59,0,0.015393724,15200.0,15,0,0,0,2
0.395418521,64,1,0.900215252,6503.0,12,0,2,0,0
0.022784936,44,0,0.687484003,3906.0,8,0,2,0,2
0.026093996,41,0,0.080242042,3800.0,5,0,0,0,0
1.0,27,0,0.268362201,4560.0,6,2,1,0,2
0.038886347,26,0,0.485676216,1500.0,5,0,0,0,0
0.0,48,0,0.505915681,6000.0,7,0,2,0,1
0.093520299,54,0,0.336940837,5543.0,10,0,0,0,1
0.382486054,43,0,0.231208713,5600.0,6,0,1,0,0
0.142176648,49,0,0.019633508,9167.0,5,0,0,0,1
0.147188679,50,0,0.197206571,12600.0,7,0,1,0,3
0.006404901,61,0,3974.0,0.0,13,0,1,0,0
0.000271147,60,1,0.139099167,5283.0,11,0,0,0,0
0.026981509,63,0,0.117277363,8432.0,7,0,2,0,0
0.0,24,0,0.0,400.0,1,0,0,0,0
0.752646695,67,0,0.477360129,8060.0,15,0,0,0,1
0.050555613,56,0,0.212582542,58000.0,12,0,3,0,0
0.141353585,40,0,0.17136275,11285.0,6,0,2,0,0
0.000730136,71,0,0.03519648,10000.0,9,0,0,0,1
0.391578373,31,0,0.378163241,8416.0,10,0,1,0,0
0.047129392,48,0,0.420753645,5280.0,12,0,2,0,4
0.056979746,85,0,0.025911708,2083.0,3,0,0,0,0
0.0,52,0,0.221367587,13000.0,7,0,2,0,7
0.0,75,0,0.053531038,3978.0,4,0,1,0,0
0.9999999,38,0,0.0,5400.0,0,0,0,0,0
0.005687275,71,0,0.208697826,4000.0,10,0,0,0,0
0.0,72,0,0.0,2700.0,2,0,0,0,1
0.922426107,30,0,0.378766141,3484.0,8,0,1,0,1
0.413770802,45,1,0.343640391,10833.0,13,0,1,0,2
0.0,58,0,0.262217409,14773.0,8,0,3,0,0
0.0,38,0,0.282471753,10000.0,10,0,1,0,2
0.02413269,63,0,765.0,0.0,4,0,0,0,0
0.040594726,55,0,0.015930113,7783.0,16,0,0,0,1
0.0,54,1,0.481802426,7500.0,5,0,1,0,0
0.080542579,62,0,0.069976001,15833.0,11,0,1,0,1
0.128123519,70,0,0.606784158,10553.0,11,0,4,0,0
0.931105963,41,1,0.291453493,11922.0,7,1,1,0,4
0.755219539,32,1,0.541331383,4100.0,20,0,2,0,1
0.012355006,31,0,0.00239952,3333.0,2,0,0,0,0
0.314058769,63,0,0.311222817,9150.0,11,0,1,0,0
0.9999999,43,0,0.06107368,4600.0,5,0,0,0,0
0.884682042,44,0,0.386661334,10000.0,2,0,1,0,2
0.182639751,37,0,220516.0,5400.0,8,0,3,0,0
0.0,62,0,0.299744206,12900.0,9,0,2,0,0
0.01622374,58,0,3262.0,5400.0,9,0,1,0,0
0.9999999,27,0,0.295114007,1534.0,5,0,0,0,0
0.06096969,66,0,93.0,5400.0,6,0,0,0,0
0.189702574,31,0,0.102723199,2900.0,2,0,0,0,1
0.09056199,67,0,0.309398291,5500.0,6,0,1,0,0
0.104894755,56,1,0.472563652,4555.0,8,0,2,0,1
0.002437348,37,0,3177.0,0.0,4,0,1,0,3
0.134849355,73,0,0.242372436,7603.0,9,0,2,0,2
0.290459548,35,1,0.09118449,3300.0,7,0,0,0,2
0.929155313,28,0,0.207708779,1400.0,7,0,0,0,0
0.03023245,62,0,0.109512995,7925.0,5,0,1,0,0
0.794554235,52,0,0.332681468,8692.0,8,0,1,0,0
0.046772685,37,0,0.15997867,7500.0,8,0,1,0,1
0.180685044,62,1,0.249255952,5375.0,18,0,0,0,1
0.048064522,74,0,0.298430774,7200.0,8,0,2,0,1
0.423858714,24,0,38.0,5400.0,2,0,0,0,0
0.9999999,64,0,0.0,9000.0,0,0,0,0,0
0.045706338,35,0,0.283920989,5416.0,10,0,2,0,0
0.399376677,64,0,10850.0,5400.0,18,0,11,0,0
0.009837007,47,0,0.904005647,5666.0,19,0,2,0,0
0.172725186,57,0,0.343603346,4900.0,24,0,1,0,0
0.072700836,55,2,2484.0,5400.0,6,1,2,2,0
0.009848727,48,0,0.386927615,10678.0,19,0,2,0,2
0.071940882,26,0,0.111968009,3500.0,2,0,0,0,0
0.632867632,62,0,0.605239476,10000.0,9,0,2,0,0
0.06380886,74,0,46.0,5400.0,2,0,0,0,0
0.033501346,69,0,0.291813024,3700.0,18,0,0,0,0
0.002039189,54,0,0.237556312,9100.0,8,0,1,0,2
0.023381341,39,0,0.284133769,7953.0,12,0,1,0,0
0.10582263,53,0,1360.0,5400.0,5,0,1,0,0
0.097954252,73,0,0.122386013,2916.0,6,0,1,0,0
0.000253149,63,3,928.0,5400.0,3,0,1,0,0
0.193818038,44,0,0.299622363,10856.0,9,0,1,0,0
0.279796941,39,0,0.123905287,3082.0,4,0,0,0,3
0.140357218,56,0,0.286235724,8492.0,7,0,2,0,2
0.017246941,51,0,1946.0,5400.0,8,0,1,0,2
0.000891045,41,0,0.347435564,7681.0,7,0,1,0,2
0.047244824,68,0,0.014638829,8333.0,6,0,0,0,0
0.584234391,60,4,0.661251615,5416.0,19,0,3,0,0
0.043124128,53,0,0.857571214,2000.0,10,0,2,0,1
0.883058471,60,0,0.449809216,6813.0,7,0,0,0,0
0.016225191,43,0,0.179384615,3249.0,3,0,0,0,0
0.0,48,0,0.406100647,7113.0,8,0,2,0,2
0.142398802,38,0,78.0,5400.0,3,0,0,0,0
0.64973709,42,0,0.714389711,4120.0,7,0,1,0,4
0.9999999,63,4,0.544965411,3902.0,6,1,2,1,0
0.984639165,56,2,0.593789607,4733.0,13,0,1,1,0
0.02159946,71,0,0.059912404,12100.0,6,0,1,0,0
0.066680986,41,0,0.280271973,10000.0,7,0,1,2,1
0.082831858,51,0,0.306819471,8812.0,13,0,1,0,1
0.007694881,69,0,0.003771213,1590.0,5,0,0,0,0
0.123553741,48,0,0.278937698,5986.0,9,0,1,0,3
0.00179982,63,0,0.077929716,6800.0,3,0,1,0,0
0.270280405,37,0,0.119547915,6281.0,4,0,0,0,3
0.252986265,26,0,0.117025862,4639.0,9,0,0,0,0
0.078493459,66,0,0.013993003,2000.0,2,0,0,0,0
0.0,39,0,0.0,6466.0,1,0,0,0,2
0.9999999,31,0,1561.0,5400.0,2,3,1,1,2
0.121974446,33,0,0.371713509,3308.0,8,0,1,0,0
0.059242595,29,0,0.239040529,1208.0,3,0,0,0,0
0.831889081,46,0,0.052252733,3750.0,4,0,0,0,0
0.030932744,49,0,0.772556861,4000.0,10,0,2,0,2
0.664670659,63,0,676.0,5400.0,3,0,1,0,0
0.013897499,65,0,710.0,5400.0,8,0,1,0,0
0.098417815,45,1,0.375461076,5150.0,20,0,1,0,2
0.121110682,37,1,0.202926008,9500.0,18,0,1,0,1
0.506414321,36,0,0.585482903,5000.0,9,0,2,0,0
0.184068526,71,0,0.280358259,4800.0,6,0,1,0,0
0.041718331,87,0,0.526074034,3700.0,3,0,1,0,0
0.9999999,57,0,0.872173058,3050.0,5,0,1,0,0
0.552042508,43,1,0.327828334,8900.0,19,0,2,0,1
0.654756959,28,0,0.078314687,4200.0,10,0,0,0,0
0.0,69,0,1361.0,5400.0,6,0,1,0,0
0.00916079,83,0,0.005497251,2000.0,2,0,0,0,0
0.114911003,63,0,0.009999167,12000.0,4,0,0,0,4
0.54872515,39,0,0.474438903,3207.0,7,0,0,0,3
0.018399387,71,0,0.556747096,2237.0,7,0,1,0,0
0.618166526,46,0,0.109589041,4160.0,5,0,0,0,1
0.506245047,63,0,0.566943306,10000.0,7,0,3,0,1
0.0,33,0,0.194081578,3750.0,10,0,0,0,0
0.0338795,66,0,0.507915347,6000.0,14,0,2,0,0
0.271741258,55,2,0.952015995,3000.0,19,0,3,0,1
0.0,63,0,0.290818215,5401.0,5,0,2,0,0
0.112288771,62,0,0.038974017,3001.0,5,0,0,0,0
0.012920232,59,1,0.196675208,16000.0,12,0,3,0,0
0.349738253,30,1,774.0,5400.0,15,0,0,0,0
0.135107358,77,0,0.398387362,6076.0,3,0,1,0,0
0.9999999,31,1,0.108375421,4751.0,2,1,0,0,0
0.022048212,33,1,0.279167788,11150.0,15,0,1,0,2
0.50633273,52,0,0.349768415,6692.0,7,0,1,0,0
0.570670381,50,2,0.26063904,7166.0,14,0,0,0,2
0.341646915,76,0,0.271387638,9771.0,10,0,1,0,0
0.9999999,49,0,0.464267866,2000.0,4,1,1,0,0
0.088575278,58,0,0.287742452,5000.0,5,0,1,0,0
0.061046055,70,0,0.086095695,6666.0,4,0,0,0,0
0.9999999,51,0,0.0,5400.0,1,0,0,0,0
1.00811717,31,0,0.767319277,1327.0,4,0,0,0,1
0.100310697,67,0,0.12181005,3800.0,9,0,0,0,0
0.127073412,42,0,0.440395512,9000.0,5,0,2,0,3
0.031176104,63,0,0.241219848,8000.0,8,0,2,0,0
0.941820145,62,0,3432.0,5400.0,7,0,2,0,0
0.773392274,39,1,0.284005979,6020.0,7,0,1,0,0
0.486178508,60,0,0.219193021,2750.0,3,0,0,0,0
0.027177601,85,0,0.003325272,6615.0,4,0,0,0,0
0.180090995,37,0,0.348930214,5000.0,3,0,1,0,2
0.373283396,28,1,0.179090029,2065.0,6,0,0,0,0
0.81556196,33,0,0.143779993,5417.0,2,0,0,0,0
0.043537345,57,0,0.302678682,8100.0,7,0,3,0,2
0.116817257,66,0,0.304281925,15833.0,10,0,2,0,0
0.044760839,50,0,0.297976103,4100.0,5,0,1,0,0
0.529578404,60,0,0.30130074,8917.0,4,0,1,0,4
0.246764343,55,0,0.519826724,3000.0,7,0,1,0,1
0.262486876,52,0,0.270618351,12500.0,6,0,1,0,2
0.186443285,65,0,0.042510833,8538.0,9,0,0,0,0
0.9999999,52,0,0.193811947,7465.0,2,0,1,0,1
0.154211447,51,0,0.368698269,1328.0,5,0,0,0,0
0.073326584,86,0,0.03172681,4128.0,6,0,0,0,1
0.038561068,42,0,0.045170138,35000.0,4,0,1,0,0
0.130973805,43,0,0.334358186,1300.0,3,0,0,0,0
0.9999999,54,0,0.120169198,5200.0,6,0,0,0,0
0.08345481,67,0,592.0,5400.0,6,0,0,0,0
0.126419541,69,0,0.021191523,2500.0,4,0,0,0,0
0.0,59,0,0.306923626,1400.0,5,0,0,0,0
0.071154442,66,0,88.0,5400.0,5,0,0,0,0
0.254495893,72,0,1.828523978,4816.0,17,0,2,0,0
0.036165806,35,0,0.597680464,5000.0,4,0,2,0,0
0.0,48,0,0.357209447,6435.0,8,0,2,0,0
0.046513128,64,0,0.005160973,4068.0,3,0,0,0,0
0.033423035,58,0,0.62530162,2900.0,8,0,1,0,1
0.022842689,86,0,0.00679864,5000.0,6,0,0,0,0
0.229061769,37,0,0.11482501,17800.0,6,0,1,0,0
0.03616463,43,0,2244.0,5400.0,16,0,1,0,2
0.003925829,65,0,0.261248346,9067.0,10,0,1,0,0
0.055088819,39,0,0.30842164,3585.0,14,0,1,0,0
1.009993338,31,0,0.037981009,2000.0,3,0,0,0,0
0.9999999,47,0,4969.0,5400.0,6,0,2,0,0
0.028930634,81,0,17.0,5400.0,3,0,0,0,0
1.006247397,30,0,0.320699708,2400.0,6,0,0,0,0
0.262276385,45,0,0.494756825,11061.0,18,0,1,0,2
0.468177274,31,0,0.464491363,2083.0,5,0,1,0,0
0.864003149,48,0,0.612596119,2730.0,12,0,1,0,0
0.015550975,49,0,12.0,5400.0,3,0,0,0,0
0.018935363,63,0,0.184902269,4450.0,8,0,1,0,0
0.431059401,50,2,0.431013628,12400.0,12,0,2,0,3
0.147681495,53,0,509.0,5400.0,6,0,0,0,0
0.000693849,40,0,0.001071281,12134.0,6,0,0,0,0
0.9999999,21,0,0.0,2600.0,1,0,0,0,0
0.16378604,74,0,0.304670761,7000.0,12,0,2,0,0
0.002727502,75,0,0.00095229,10500.0,14,0,0,0,0
1.021956088,42,1,0.014641288,2048.0,2,2,0,0,2
0.738983518,59,0,0.581154006,2408.0,6,0,1,0,1
0.9999999,44,0,1.0,5400.0,1,0,0,0,0
0.303938859,25,0,15.0,5400.0,1,0,0,0,0
0.071682862,52,0,0.518410144,4100.0,28,0,3,0,2
0.600347976,79,0,0.941730934,3500.0,19,0,3,0,0
0.059794546,64,0,0.081778364,16666.0,13,0,2,0,0
0.640645557,34,2,0.671954444,4916.0,7,0,2,1,0
0.698978397,48,0,35.44078216,13500.0,11,0,0,0,1
0.193144332,50,0,1.378850958,1200.0,8,0,2,0,2
0.036664173,76,0,0.002959127,5406.0,3,0,0,0,0
0.462925366,56,0,0.297494412,8500.0,10,0,2,0,2
0.0,24,0,33.0,5400.0,4,0,0,0,0
0.548573399,50,0,3999.0,5400.0,10,0,2,0,0
0.780157066,52,0,3373.0,5400.0,10,0,1,0,0
0.210020862,64,0,0.332871866,6500.0,11,0,1,0,1
0.687986567,29,1,0.102435978,1600.0,6,0,0,0,0
0.004176225,49,0,2605.0,5400.0,5,0,2,0,0
0.043049388,42,0,0.215852277,15000.0,11,0,2,0,2
0.345440439,40,0,0.381710244,7916.0,10,0,2,0,2
0.430254555,50,5,0.205048255,6734.0,6,0,1,1,4
0.20754504,43,0,0.196773763,7500.0,14,0,1,0,0
0.75669905,47,2,0.730104502,4975.0,9,0,2,0,0
0.038935669,63,0,1.388333333,1199.0,9,0,2,0,1
0.218849623,37,0,0.58697515,3500.0,14,0,3,0,1
0.012499688,80,0,0.002307337,6500.0,5,0,0,0,0
0.81524739,47,0,1.118461538,6499.0,7,0,3,0,1
0.77278402,45,0,0.257261411,2650.0,6,2,0,0,0
0.9999999,22,18,0.0,5400.0,0,18,0,18,0
0.07973181,58,0,2.04131956,3000.0,16,0,5,0,1
0.013102026,41,1,0.343731254,5000.0,11,0,1,0,0
0.103489651,39,1,0.726109556,2500.0,7,0,1,0,2
0.696859458,52,0,0.287513998,7143.0,7,0,0,0,2
0.364215204,39,0,0.481103779,5000.0,13,0,1,0,2
0.0,74,0,0.002666413,10500.0,2,0,0,0,0
0.85952788,72,0,1.712619742,2400.0,16,0,1,0,0
0.9999999,90,0,0.0,3689.0,1,1,0,0,1
0.113216288,51,0,0.339063459,17916.0,21,0,2,0,5
0.150986849,43,0,2538.0,5400.0,6,0,2,0,0
1.460599334,62,4,2226.0,5400.0,7,0,2,2,0
0.973312185,46,0,0.686039616,8430.0,6,0,3,0,2
0.033482312,38,0,0.257214269,4400.0,8,0,1,0,0
0.935844026,28,0,0.19737664,1600.0,3,0,0,0,0
0.175136609,73,0,0.607951553,3797.0,13,0,3,0,0
0.0,45,0,1.464580617,2300.0,11,0,2,0,2
0.022274354,52,0,0.299324039,4733.0,7,0,2,0,2
0.137925539,52,0,0.982005758,4167.0,8,0,2,0,0
0.027997565,49,0,2472.0,5400.0,11,0,2,0,0
0.9999999,26,0,0.0,5400.0,0,1,0,0,0
0.979204159,29,1,0.098725319,4000.0,5,0,0,0,3
0.035498028,30,0,0.075497788,3615.0,5,0,0,0,2
0.464668094,24,0,0.005999368,3166.0,6,0,0,0,0
0.051105433,34,3,0.107315447,6000.0,7,0,0,0,2
0.001737251,61,0,0.214623882,1900.0,6,0,1,0,0
0.9999999,65,1,0.200574332,4526.0,4,1,1,0,1
0.493715643,54,0,0.362483487,3784.0,8,0,1,0,0
0.001347996,68,0,782.0,5400.0,25,0,1,0,0
0.765311009,65,1,0.168987929,14000.0,9,0,1,0,0
0.005865482,59,0,5909.0,5400.0,10,0,4,0,2
0.381682175,49,0,2988.0,5400.0,9,0,1,0,0
0.016038559,66,0,35.0,5400.0,9,0,0,0,0
0.083383323,61,0,0.001557835,7702.0,1,0,0,0,0
0.415730337,25,0,9.0,5400.0,1,0,0,0,0
0.705709283,68,2,0.193403483,16250.0,10,0,2,0,1
0.31666095,60,0,0.389784946,2975.0,10,0,0,0,0
0.044293887,64,0,0.191419742,5500.0,7,0,1,0,0
0.0,65,0,0.128658089,15000.0,6,0,1,0,0
0.508245877,38,2,0.017549123,6666.0,6,0,0,0,1
0.880621877,45,2,1.348988687,2916.0,6,0,2,0,0
0.9999999,58,0,0.411006138,14500.0,5,0,1,0,3
0.001486446,38,0,0.786378638,3332.0,6,0,1,0,2
0.733125649,46,0,571.0,5400.0,1,0,0,0,0
0.313343328,36,0,0.008995502,2000.0,1,0,0,0,0
0.257705082,50,0,0.392111779,5653.0,3,0,1,0,1
0.0,61,0,0.155158217,8500.0,7,1,1,0,0
0.040051889,44,0,1.35071708,2300.0,4,0,1,0,2
0.077710585,72,0,0.063734546,14073.0,6,0,1,0,0
0.708029637,52,1,1983.0,5400.0,16,0,1,0,0
0.9999999,61,0,0.218272702,3600.0,4,0,1,0,0
0.015897885,40,0,0.123320537,4167.0,6,0,0,0,2
0.568245125,53,1,0.271842034,3696.0,12,0,1,0,0
0.068395372,51,0,0.329719311,8300.0,9,0,1,0,3
0.174628426,36,0,0.276930767,4000.0,5,0,1,0,2
0.03898051,53,0,2.0,5400.0,7,1,0,0,0
0.026014885,71,0,0.298515668,5456.0,22,0,1,0,0
0.006945566,65,0,0.005409583,2587.0,9,0,0,0,0
0.746702373,54,1,0.733512384,3350.0,15,2,2,1,0
0.021075074,47,0,0.131781839,7003.0,5,0,0,0,3
0.031644093,68,1,0.041022949,13333.0,8,0,2,0,0
0.0,40,0,2952.0,5400.0,7,0,1,0,0
0.30050126,53,0,1.271911663,5795.0,15,0,2,0,0
0.038958467,38,0,0.257088332,3667.0,9,0,1,0,2
0.103864658,73,0,119.0,5400.0,3,0,0,0,0
0.700474259,28,0,0.093151141,6000.0,5,0,0,0,1
0.274407729,33,0,0.229746162,13157.0,9,0,2,0,2
0.9999999,29,0,0.0,3208.0,0,0,0,0,2
0.131646709,62,0,0.394075909,8878.0,4,0,1,0,1
0.848746893,49,0,3265.0,5400.0,18,0,2,0,0
0.047094941,61,0,0.138395488,11878.0,8,0,1,0,1
0.0,64,0,0.0,10500.0,6,0,0,0,0
0.196973694,26,0,0.47235239,3200.0,15,0,1,0,0
0.631649113,25,1,0.116025447,3300.0,6,0,0,0,0
0.0,46,0,0.204894235,7232.0,6,0,1,0,3
0.24441916,38,0,0.561049625,5601.0,17,0,1,0,1
0.113643694,26,0,0.113295568,3000.0,5,0,0,0,0
0.031081987,50,0,0.254126277,7633.0,14,0,2,0,3
0.157513699,53,0,0.424406497,2400.0,9,0,1,0,0
0.193612901,53,0,950.0,5400.0,21,0,0,0,0
0.097390261,76,0,0.028971029,1000.0,4,0,0,0,0
0.54641518,57,1,0.299140172,5000.0,6,0,0,0,0
0.546126978,53,0,0.305539692,5252.0,6,0,1,0,0
0.007720751,63,0,251.0,5400.0,5,0,0,0,1
0.828717128,40,0,0.161590328,4300.0,9,0,0,0,2
0.579093022,46,0,0.594236139,10027.0,14,0,2,0,4
0.834809653,52,0,0.3174059,14000.0,13,0,3,0,2
0.046208215,60,0,0.494056216,9000.0,11,0,3,0,1
0.002748685,67,0,0.498382829,3400.0,12,0,2,1,0
0.984241142,40,0,0.686567164,3550.0,17,0,1,0,3
0.004684987,40,0,0.01509849,10000.0,3,0,0,0,2
0.027104137,42,0,0.220391123,4550.0,3,0,0,0,3
0.333209153,38,0,0.231868714,11333.0,5,0,1,0,2
0.366183608,36,0,0.205867891,6100.0,9,0,0,0,2
0.043061603,45,0,0.061439284,7600.0,4,0,0,0,1
0.009059182,29,0,0.137980085,5623.0,6,0,1,0,2
0.9999999,29,18,0.0,5400.0,0,18,0,18,0
0.865713429,58,0,0.474561209,4500.0,9,0,2,0,0
0.314577264,45,0,3.166266986,1250.0,10,0,2,0,0
0.001352388,56,3,0.025689819,2101.0,13,0,0,0,0
0.982382871,73,2,0.651929825,2849.0,9,0,0,0,0
0.9999999,57,0,0.0,6000.0,1,1,0,0,2
0.059385875,56,2,1.098887659,17170.0,17,0,9,0,2
0.107926872,70,0,0.533379027,7294.0,7,0,2,0,0
0.000556877,66,0,0.111177764,5000.0,8,0,1,0,0
0.044176569,32,0,0.438116449,3142.0,11,0,1,0,0
0.136523495,43,0,0.34546853,7800.0,11,0,1,0,2
0.005268285,39,0,0.114777618,5575.0,8,0,1,0,2
0.114145216,75,0,124.0,5400.0,10,0,0,0,0
0.0,54,0,0.493422553,13150.0,5,0,4,0,0
0.091353048,60,1,2851.0,5400.0,5,0,2,0,0
0.074389805,49,0,0.166497462,4924.0,8,0,0,0,2
1.008835155,22,0,260.0,5400.0,7,0,0,0,0
0.081648979,53,0,81.0,5400.0,6,0,0,0,0
0.033249814,54,0,0.008096404,5310.0,4,0,0,0,0
0.9999999,51,1,0.117230098,3667.0,4,0,0,0,1
0.018523368,65,0,0.022954092,1001.0,5,0,0,0,0
0.88697584,26,1,334.0,5400.0,6,0,0,0,1
0.016154758,50,0,0.119344159,6342.0,8,0,1,0,0
1549.0,60,0,0.227718152,15000.0,7,0,2,0,0
0.223135887,69,0,0.456090652,6706.0,16,0,2,0,1
0.394452335,48,0,1.370839937,3154.0,7,0,1,0,0
0.29242217,63,0,3678.0,5400.0,19,0,2,0,0
0.068381985,79,0,0.028325465,3600.0,2,0,1,0,0
0.161415611,39,0,0.164648372,9000.0,7,0,1,0,3
0.492734197,49,0,0.320853081,8439.0,11,0,2,0,0
0.001313065,34,0,0.1829398,4700.0,2,0,1,0,4
0.013649318,28,0,0.302424394,4000.0,6,0,2,0,0
0.199815413,24,2,0.702770781,793.0,5,0,0,0,0
0.045809637,63,0,21.0,5400.0,3,0,0,0,0
0.129638758,25,2,0.051189762,5000.0,9,0,0,1,1
0.033268697,45,0,0.149259061,5600.0,10,0,0,0,0
0.10179488,64,0,0.196139984,8600.0,8,0,2,0,0
0.740524781,52,0,0.015273535,3600.0,2,0,0,0,0
0.808638272,32,1,0.362644853,4400.0,13,0,1,0,0
0.854545455,53,3,0.460513162,3000.0,12,0,0,0,1
0.093438428,68,0,0.060168739,9007.0,6,0,2,0,0
0.008083109,35,0,0.084039088,7674.0,6,0,0,0,3
0.058329256,50,0,3207.0,5400.0,9,0,1,0,0
0.119104494,53,0,0.514935633,8000.0,6,0,3,0,1
0.535963255,61,0,0.306364412,10542.0,13,0,1,0,1
0.0,24,0,0.0,5100.0,1,0,0,0,1
0.584541546,43,0,0.369815092,2000.0,3,1,0,0,2
0.020635051,63,0,1147.0,0.0,13,0,1,0,0
0.056907022,68,0,45.0,5400.0,4,0,0,0,0
0.9999999,25,0,0.029356652,1600.0,1,2,0,0,1
0.427149648,60,1,0.948262934,4000.0,21,0,1,0,0
0.12747012,40,0,0.507843137,3569.0,4,0,1,0,3
0.031928918,32,0,0.047994354,8500.0,6,0,0,0,0
0.98673162,30,0,0.268806744,3083.0,4,0,0,1,0
0.536573171,61,0,0.103815682,10980.0,4,0,0,0,0
0.104320058,57,0,0.470529471,1000.0,12,0,0,0,0
0.964603399,51,1,586.0,5400.0,10,0,0,0,0
0.170331867,27,1,0.271853987,1040.0,4,0,0,0,0
0.421104569,41,0,0.443288757,8075.0,7,0,1,0,1
0.756984425,48,1,0.200255551,54000.0,10,0,2,0,4
0.048614138,44,0,3238.0,0.0,7,0,2,0,2
0.9999999,34,0,627.0,5400.0,2,0,0,0,0
0.9999999,47,0,1900.0,5400.0,5,0,1,0,0
0.01253814,59,0,0.001999714,7000.0,2,0,0,0,0
0.001677759,54,0,0.522542978,6165.0,13,0,2,0,1
0.008589882,51,0,2520.0,5400.0,9,0,1,1,0
0.126708252,59,0,0.612241798,6583.0,9,0,2,0,0
0.089710762,56,0,489.0,5400.0,13,0,0,0,0
0.294207525,71,0,0.434,1999.0,7,0,0,0,1
0.0,58,0,0.094976256,4000.0,5,0,0,0,2
0.524511887,52,0,0.404007679,8333.0,7,0,2,0,0
0.531430655,48,0,0.553098553,3662.0,4,0,1,0,0
0.022089771,53,0,0.169524143,5715.0,4,0,1,0,0
0.9999999,62,0,0.13170575,3112.0,1,0,0,0,0
0.9999999,59,0,0.560106857,2245.0,4,0,0,0,0
1.320453031,43,0,0.197019449,3958.0,1,9,0,0,1
0.05776382,65,0,0.305017255,11300.0,13,0,1,0,0
0.9999999,58,0,0.120584756,11833.0,4,0,1,0,1
0.0,46,0,0.462460801,5420.0,10,0,1,0,3
0.9999999,43,0,3792.0,5400.0,4,0,2,0,0
0.023783873,58,0,0.286132163,7520.0,9,1,2,0,0
0.857428514,44,0,0.24743814,4000.0,7,0,0,0,0
0.068420096,31,0,258.0,5400.0,2,0,0,0,0
0.0,52,0,1963.0,5400.0,5,0,2,0,2
0.253799133,38,0,0.491905355,5620.0,14,0,1,0,3
0.000428551,58,0,463.0,5400.0,5,0,0,0,0
0.046499106,65,0,546.0,5400.0,5,0,0,0,0
0.320935813,47,0,0.249286937,5258.0,5,0,1,0,1
0.069380864,43,0,0.56257497,2500.0,11,0,1,0,0
0.014550721,62,0,0.071408169,3500.0,5,0,0,0,0
0.9999999,63,0,0.156454967,6250.0,3,0,1,0,1
0.044073297,67,0,0.314585677,8000.0,10,0,2,0,0
0.047749254,53,0,0.114452214,4289.0,7,0,0,0,5
0.022596095,57,0,0.002658619,13916.0,11,0,0,0,2
0.485286096,43,2,0.429049377,8667.0,12,0,1,0,2
0.018467299,58,0,0.477671629,4500.0,6,0,2,0,1
0.635109122,68,0,1.333333333,1085.0,2,0,1,0,0
0.007089373,48,0,0.28418537,9623.0,16,0,2,0,0
0.540496319,29,0,0.690261948,5000.0,10,0,2,0,0
0.12099395,64,0,0.310817726,9770.0,5,0,1,0,0
0.018007781,58,0,0.004865269,8015.0,3,0,0,0,1
0.032988283,74,0,0.048427359,2002.0,16,0,0,0,0
0.054764769,46,0,0.241691267,10500.0,6,0,1,0,0
0.0,55,0,0.334166458,4000.0,2,0,1,0,0
0.242253123,69,0,0.120179031,10500.0,11,0,1,0,0
0.085427351,50,0,0.291588551,8000.0,8,0,0,0,0
0.27906253,46,0,912.0,0.0,9,0,0,0,0
0.331225552,57,0,1033.0,5400.0,5,0,1,0,0
0.94608167,59,0,0.835991431,4200.0,14,0,1,0,1
0.028869207,59,0,0.089525108,4400.0,9,0,0,0,0
0.01158824,76,0,0.056269637,3500.0,5,0,0,0,1
0.0,40,0,0.143107112,8000.0,3,0,0,0,0
0.447009635,66,0,0.102518233,7266.0,3,0,0,0,0
0.012969435,66,0,0.002017628,9416.0,6,0,0,0,0
0.192239214,42,0,235.0,5400.0,4,0,0,0,0
0.0,59,0,74.0,1.0,2,0,0,0,0
0.022314891,53,0,0.269642642,8310.0,9,0,1,0,1
0.118371734,60,0,0.269780561,20916.0,14,0,3,0,0
0.07734817,53,0,0.220637248,7500.0,11,0,2,0,1
0.304915301,35,0,1.030492377,4000.0,7,0,2,0,0
0.012266503,66,0,1759.0,5400.0,7,0,1,0,0
0.813050861,56,0,0.6503976,21000.0,16,0,3,0,5
0.0,25,0,0.679738562,764.0,6,0,0,0,0
0.145797045,37,0,0.13068997,7666.0,6,0,1,0,0
0.061764257,61,0,0.154228856,4220.0,24,0,0,0,0
0.037401613,77,0,0.009998182,5500.0,6,0,0,0,1
0.321414503,56,1,0.922792987,3250.0,10,0,2,0,0
0.00938569,59,0,8.0,5400.0,8,0,0,0,0
0.059497521,75,0,42.0,5400.0,6,0,0,0,0
0.089826906,62,0,0.444134078,5011.0,18,0,1,0,1
0.23704488,49,0,0.276063581,12833.0,5,0,2,0,0
0.345373658,38,0,0.458899063,9500.0,13,0,2,0,2
0.9999999,49,0,0.0,16200.0,4,0,0,0,0
0.230275707,45,0,0.632449007,7500.0,4,0,2,0,0
0.948112034,39,0,0.823588206,2000.0,7,0,0,0,0
0.147373477,33,0,0.963926174,2383.0,7,0,2,0,2
0.800218142,48,2,0.209237344,6083.0,6,1,1,1,2
0.766535553,31,0,0.447415788,11666.0,21,0,3,0,2
0.422645412,47,0,0.186265461,10833.0,20,0,1,0,1
0.593042222,64,0,0.360178446,8517.0,10,0,1,0,0
0.072623934,38,0,2039.0,5400.0,4,0,1,0,0
1.820598007,57,1,0.31816092,4349.0,3,2,1,1,2
0.0,40,0,0.756444306,6400.0,11,0,2,0,2
0.292596332,50,0,0.265328874,7175.0,6,0,1,0,3
0.377333522,62,0,0.178832242,29166.0,6,0,2,0,0
0.267415788,62,0,0.46546792,4893.0,15,0,1,0,0
0.0,57,0,0.149013031,7750.0,8,0,1,0,0
0.777400128,46,2,0.40223034,5200.0,9,2,2,0,0
3.240632806,36,0,0.136254019,7463.0,7,0,0,0,0
0.100257069,43,0,0.02657543,6283.0,3,0,0,0,3
0.051294289,70,0,67.0,5400.0,4,0,0,0,0
0.851905521,35,0,0.043021266,4090.0,1,0,0,0,3
0.048934442,60,0,0.007802975,4100.0,12,0,0,0,0
0.110417282,51,0,2078.0,5400.0,6,0,1,0,0
0.514372993,67,0,0.235079343,7120.0,6,0,1,0,0
0.01626493,73,0,2205.0,0.0,9,0,3,0,0
0.0,52,0,0.187382886,1600.0,3,0,0,0,2
0.628999268,48,1,0.314814815,10583.0,11,0,3,0,2
0.112477316,41,0,0.48310855,15273.0,21,0,14,0,0
1.034786086,25,0,0.077961019,2000.0,4,0,0,0,0
0.011745907,63,0,0.204584152,7634.0,12,0,1,0,1
0.808463636,51,1,0.509637373,3060.0,6,0,0,0,3
0.129358046,41,0,0.372531373,20000.0,12,0,2,0,1
0.002287291,66,1,3.0,5400.0,6,0,0,0,0
0.046821147,63,0,0.279591521,6462.0,18,0,2,0,1
0.0,42,0,0.105631456,3000.0,5,0,1,0,2
0.358729316,49,0,0.254877281,4766.0,11,0,1,0,2
1.008099778,44,0,0.468642316,1450.0,6,0,0,0,0
0.411784313,39,0,0.319122344,7200.0,6,0,1,0,2
0.018403257,44,0,0.50281767,5500.0,13,0,1,0,4
0.362533867,54,0,0.224555089,5000.0,7,0,0,1,1
1.06942516,46,9,0.346173868,1920.0,11,1,0,1,1
0.9999999,57,0,0.06328624,5166.0,2,0,0,0,0
0.00359976,32,1,0.000238039,4200.0,4,2,0,0,0
0.050217756,74,0,0.238273142,4817.0,5,0,2,0,0
0.021245307,47,0,0.361856109,2348.0,11,0,1,0,0
0.227773038,48,0,2615.0,5400.0,9,0,3,0,0
1.13602232,62,0,5073.0,5400.0,9,0,2,0,0
0.049993334,32,2,0.839369029,4500.0,4,0,1,1,3
1.019150708,42,1,0.090268886,3123.0,1,1,0,0,4
0.121089354,59,0,0.555387605,4630.0,20,0,2,0,0
0.49735752,40,0,0.091238839,3583.0,3,0,0,0,0
0.819852364,41,1,0.370242215,4334.0,4,0,0,0,2
0.110549112,33,0,0.337461652,8800.0,7,0,2,0,1
0.9999999,60,0,0.0,5000.0,0,1,0,0,0
0.020706212,76,0,18.0,5400.0,4,0,0,0,0
0.123916747,58,0,0.176520994,3500.0,5,0,0,0,0
0.224235284,55,0,0.349693252,7986.0,10,0,1,0,0
0.087687415,65,2,0.134480417,4416.0,9,0,0,0,0
0.292141572,51,0,0.197372663,12407.0,5,0,2,0,2
0.008499823,50,0,2832.0,5400.0,6,0,2,0,0
0.256374363,29,0,0.455151347,3600.0,6,0,2,0,0
0.9999999,78,0,0.000499917,6000.0,4,0,0,0,0
0.016558337,63,0,0.006397441,2500.0,3,0,0,0,0
0.004755344,62,0,0.402355776,7470.0,10,0,3,0,2
0.017808739,37,0,0.128012855,5600.0,9,0,0,0,2
0.0,31,0,0.485240147,6266.0,9,0,3,0,0
0.175493432,62,0,0.382723455,5000.0,13,0,3,0,1
0.120309457,44,0,0.208293864,9500.0,3,0,1,0,2
0.045125132,42,0,0.006260325,11500.0,6,0,1,0,2
0.0,74,0,1.294473883,1320.0,8,0,1,0,0
0.458643669,37,0,0.013994402,2500.0,2,0,0,0,2
0.012726887,83,0,4896.0,0.0,11,0,1,0,0
0.019996079,29,0,0.00119952,2500.0,2,0,0,0,4
0.486311098,53,0,4996.0,5400.0,21,0,1,0,1
0.830209612,47,5,0.866595518,2810.0,12,0,0,1,0
0.002847025,82,0,6.0,5400.0,5,0,0,0,0
0.123282369,50,0,0.16295926,4000.0,7,0,1,0,2
0.062787443,37,0,0.50744279,4500.0,7,0,2,0,0
0.281753447,39,0,0.760031996,7500.0,12,0,3,0,1
0.07709743,61,0,0.307910004,7066.0,5,0,2,0,0
0.545412749,62,0,0.111989334,10500.0,7,0,1,0,0
0.737332424,27,0,120.0,1.0,4,0,0,0,0
0.082524695,38,0,0.15162258,7333.0,14,0,0,0,2
0.750312422,27,0,0.064267352,4667.0,3,0,0,0,0
0.317479456,69,0,0.340855419,3810.0,13,0,1,0,0
0.0,65,0,0.0,2000.0,3,0,0,0,0
0.988273803,44,1,414.0,1.0,4,0,0,0,3
0.0,26,2,0.261010538,3700.0,6,0,0,1,0
0.029995715,53,0,0.001448855,3450.0,2,0,0,0,0
0.9999999,64,0,0.499911894,5674.0,2,2,1,1,0
0.201796331,36,0,0.268774704,6830.0,3,1,1,0,3
0.061298209,50,0,0.383259458,9700.0,9,0,2,0,4
0.252603351,49,0,0.454280358,4800.0,16,0,2,0,2
0.013350991,60,0,0.195513453,15200.0,6,0,1,0,1
0.176389974,47,0,0.44759711,9550.0,9,0,2,0,1
0.278491191,68,0,1.628685657,2000.0,14,0,2,0,0
0.0,43,0,0.904246461,1200.0,4,0,1,0,4
0.017999357,51,0,0.002908562,5500.0,7,0,0,0,1
0.493912804,47,0,0.572576693,10202.0,9,0,3,0,4
0.26881874,28,0,0.049994118,8500.0,6,0,0,0,0
0.045076947,54,1,0.41687775,7500.0,14,0,2,0,2
0.100379924,72,0,0.109957309,8666.0,8,0,2,0,0
0.005127942,64,0,1237.0,5400.0,3,0,1,0,0
0.120296516,57,0,0.48980129,7598.0,27,0,2,0,1
0.0139986,42,0,3131.0,0.0,7,0,1,0,2
0.113874669,49,0,0.410074074,13499.0,11,0,2,0,2
0.466053395,36,0,0.429272646,2240.0,6,1,1,0,0
0.453057305,51,0,0.434708635,2350.0,12,0,0,0,2
0.08571287,38,0,0.171049623,17491.0,11,0,2,0,0
0.9999999,35,0,2.044636909,1500.0,3,0,1,0,1
0.089821417,40,0,0.141943223,2500.0,11,0,0,0,0
0.008926107,63,0,0.007358768,8832.0,5,0,0,0,0
0.018766344,33,0,0.376889322,2050.0,8,0,0,1,1
0.955512573,65,2,1053.0,5400.0,6,0,1,0,0
0.146748596,59,3,0.141350786,11000.0,12,0,1,0,2
0.057326385,78,1,888.0,5400.0,13,0,1,0,0
0.772843991,37,2,0.84706447,6250.0,8,0,2,0,0
0.313682819,41,1,0.256303739,10350.0,6,0,1,0,3
0.9999999,50,18,37.0,5400.0,0,18,0,18,0
0.10429087,50,0,0.434505901,8641.0,19,0,3,0,3
0.132760308,62,0,0.046290699,11578.0,5,0,2,0,0
0.022572097,66,0,0.119286704,5775.0,10,0,0,0,1
0.972783119,46,0,1184.0,0.0,9,0,0,0,2
0.019327203,43,0,2394.0,5400.0,10,0,1,0,1
0.034976223,38,0,0.706890396,2800.0,9,0,2,0,1
0.064634717,59,1,2990.0,5400.0,14,0,2,0,0
0.150746156,42,0,0.278268269,9400.0,9,0,1,0,1
0.0,39,0,0.791552112,4000.0,10,0,1,0,3
0.486508858,52,0,0.385911045,11398.0,19,0,1,0,0
0.9999999,34,0,1.034164358,2165.0,6,0,2,1,2
0.405659434,47,0,0.350004418,11316.0,5,0,2,0,1
0.049319248,52,0,0.190290179,10751.0,6,0,1,2,3
0.001560899,67,0,811.0,5400.0,6,0,1,0,0
1.07153922,49,2,0.396419437,3518.0,8,3,0,0,0
0.253218431,66,0,0.615903614,6224.0,15,0,2,0,1
0.083558124,54,0,0.037306378,13750.0,11,0,0,0,0
0.990298037,39,0,0.2569992,8750.0,4,0,0,0,3
0.084574223,56,0,637.0,5400.0,7,0,0,0,0
0.026093671,57,0,0.315765867,13376.0,22,0,2,0,0
0.749298602,66,0,1764.0,5400.0,5,0,1,0,0
0.143566031,59,1,0.59122466,3600.0,10,0,2,2,3
0.9999999,46,0,0.0,5400.0,1,0,0,0,1
0.067793221,58,0,0.129731016,4200.0,3,2,0,0,1
0.030949149,44,0,0.187125036,10500.0,6,0,1,0,2
0.129445536,75,0,0.327733613,6666.0,10,0,1,0,1
0.379881967,38,0,0.478667306,8343.0,7,0,1,0,3
0.967765279,63,0,1067.0,5400.0,1,0,0,0,0
0.127440556,48,0,0.38283439,6780.0,9,0,2,0,2
0.974301285,44,1,0.34495688,8000.0,8,0,1,0,0
0.677902126,66,0,0.231654405,5300.0,11,0,1,0,3
0.113179054,57,0,0.33618966,3500.0,5,0,0,0,0
0.26055476,57,0,3.333533293,1666.0,10,0,2,0,1
0.072201917,47,0,0.378924215,5000.0,7,0,2,0,2
0.041027591,82,0,160.0,5400.0,6,0,1,0,0
0.044520439,59,0,2626.0,5400.0,13,0,2,0,1
0.782776252,34,0,0.215410574,5333.0,8,0,0,0,0
0.045594452,53,0,0.345971564,8650.0,16,0,3,0,0
0.0,47,0,0.624146069,8050.0,12,0,3,0,0
0.017076898,72,0,16.5,1.0,7,0,1,0,0
0.492149352,68,0,0.137156411,7166.0,7,0,0,0,3
0.356723475,59,0,3418.0,5400.0,9,0,2,0,0
0.038106392,49,0,0.389912604,9496.0,10,0,1,0,4
0.047120996,66,0,0.356108739,9600.0,25,0,2,0,1
0.012647531,68,0,1932.0,5400.0,10,0,1,0,0
0.093202,69,0,0.060948753,16800.0,5,0,1,0,1
0.343313373,39,1,0.281743651,5000.0,5,0,0,0,0
0.9999999,43,0,0.0,5400.0,2,0,0,0,0
0.06687668,65,0,0.216322167,2805.0,7,0,0,0,1
0.044844133,65,0,0.030940855,4750.0,6,0,0,0,0
0.71742642,43,0,813.0,5400.0,10,0,0,0,0
0.40706611,49,0,0.74325135,5000.0,20,0,2,0,3
0.835284089,45,0,0.44225517,5125.0,8,0,1,0,0
0.060384343,72,0,0.804712042,1909.0,9,0,1,0,0
0.002720103,48,0,0.332876243,5833.0,12,0,2,0,0
0.0,45,0,0.0,3100.0,5,0,0,0,2
0.875749786,36,1,706.0,5400.0,4,0,0,0,0
0.957814458,30,0,0.611033714,3588.0,7,0,0,0,1
0.116629008,57,1,948.0,5400.0,6,0,1,1,1
0.250707303,55,1,0.748158379,2171.0,10,0,1,0,0
0.230353121,53,0,0.406063538,6200.0,14,0,2,0,1
0.118989643,48,0,3064.0,5400.0,9,0,1,0,2
0.566571723,36,0,613.0,5400.0,4,0,0,0,1
0.483001259,58,2,0.317736185,6731.0,11,0,1,1,1
0.95442585,52,1,0.494040524,3355.0,9,3,1,1,3
0.235465554,47,0,0.155502908,4642.0,9,0,0,0,0
0.392052225,41,0,0.364332604,5483.0,10,0,2,0,0
0.203586925,30,0,0.296261899,4306.0,10,0,1,0,3
0.0,56,0,0.246102359,12250.0,13,0,2,0,2
0.023141372,59,0,1916.0,5400.0,13,0,1,0,0
0.673412842,39,0,2095.0,5400.0,6,0,1,0,0
0.90371277,29,1,0.172413793,2000.0,7,1,0,0,0
0.124575669,62,0,2503.0,5400.0,8,0,1,0,0
0.028883161,77,0,0.340104568,11666.0,19,0,5,0,1
0.237138845,59,0,0.147460087,3444.0,5,0,0,0,0
0.067884149,68,0,0.17785342,9400.0,22,0,1,0,1
0.435712857,33,0,0.210974054,2350.0,7,0,0,0,0
0.009469559,91,0,0.008257279,2300.0,4,0,0,0,0
0.237537351,68,0,883.0,5400.0,8,0,1,0,0
0.596443268,66,0,0.4925015,5000.0,11,0,1,0,0
0.772339754,27,0,0.103830794,6760.0,7,0,0,0,0
0.9999999,47,18,0.0,600.0,0,18,0,18,0
0.526284085,37,0,0.33748056,4500.0,8,0,0,1,3
0.079780016,58,0,33.0,5400.0,3,0,0,0,0
0.9999999,36,0,0.277388944,7000.0,2,0,1,0,1
0.68862736,68,0,0.523711869,3900.0,4,0,1,0,0
0.072106159,37,0,1914.0,5400.0,4,0,1,0,0
0.009711668,68,0,0.177694008,7692.0,9,0,1,0,0
0.9999999,43,0,338.0,5400.0,0,0,0,0,0
0.750439036,36,0,0.892375917,5862.0,7,0,2,0,2
0.067899413,57,0,0.033072237,2297.0,3,0,0,0,1
0.099763341,57,0,0.165550822,11500.0,6,0,1,0,0
0.254454076,54,0,0.353960671,9000.0,31,0,2,1,0
0.399989611,60,0,0.523084729,3941.0,9,0,1,0,1
0.9999999,96,0,0.0,5400.0,1,0,0,0,1
0.0300297,74,0,841.0,5400.0,13,0,1,0,0
0.399932568,41,1,0.280049652,14500.0,17,2,2,0,5
0.216121097,44,0,0.992976892,4413.0,11,0,3,0,1
0.012147379,50,0,0.319659522,9750.0,12,0,2,0,1
0.00543222,60,0,9.0,5400.0,6,0,0,0,0
0.902409759,57,1,4921.0,5400.0,9,0,4,2,0
0.080223626,67,0,0.322066175,4200.0,7,0,1,0,0
0.286350518,48,0,0.098369805,43000.0,13,0,2,0,5
0.023033134,39,0,0.201438849,1250.0,19,0,0,0,0
0.007866142,62,0,3.0,5400.0,3,0,0,0,0
0.348794187,57,0,5217.0,5400.0,10,0,2,0,0
0.347130574,32,0,0.01039792,5000.0,2,0,0,0,0
0.49226031,57,0,0.592045328,9000.0,5,0,2,0,0
0.9999999,49,1,152.0,5400.0,1,1,0,0,0
0.06288686,60,0,0.385190726,4010.0,11,0,2,0,0
0.054592308,41,0,0.228554289,3333.0,5,0,0,0,0
0.376551372,70,0,0.294018309,11250.0,16,0,2,0,2
0.036518528,63,0,0.2510699,11916.0,8,0,1,0,0
0.9999999,51,0,1049.0,5400.0,1,0,1,0,0
0.996957193,60,0,0.178113842,14282.0,13,0,0,0,1
0.000102038,63,0,0.18038024,12833.0,7,0,1,0,3
0.425927108,43,0,0.623896017,6000.0,9,0,2,0,2
0.874009333,46,0,0.654266958,2741.0,11,0,2,0,0
0.325118317,49,1,0.044762201,6433.0,6,0,0,0,0
0.167416613,42,0,70.0,5400.0,1,0,0,0,0
0.135131211,39,0,2210.0,5400.0,7,0,2,0,0
0.28888254,37,0,0.456081081,7103.0,11,0,2,0,0
0.9999999,36,0,4142.0,5400.0,7,0,2,0,0
0.208987091,73,0,344.0,5400.0,9,0,0,0,1
0.216053252,47,0,0.023049835,9370.0,8,0,0,0,0
0.026709485,59,0,0.143605371,10500.0,5,0,1,0,0
0.9999999,46,1,0.25132241,7750.0,3,0,1,0,2
0.054189162,31,0,18.0,5400.0,1,0,0,0,1
0.024883359,53,0,0.227689087,3820.0,5,0,0,0,0
0.774245151,56,0,0.172773051,5758.0,5,0,0,0,0
0.647362978,84,0,0.021595681,5000.0,2,2,0,1,0
0.062129191,36,0,0.473670177,7500.0,4,0,2,0,0
0.418991642,39,0,0.193367471,4100.0,10,0,0,0,0
0.369632283,63,0,8832.0,5400.0,17,0,4,0,2
0.9999999,66,0,3610.0,0.0,5,0,1,0,0
0.061176424,68,0,972.0,5400.0,8,0,1,0,0
0.529960053,55,0,3357.0,5400.0,5,0,1,0,2
0.000646524,55,0,0.263773623,10000.0,7,0,1,0,0
0.534194393,31,0,0.674093116,3500.0,4,0,1,0,0
0.010478937,45,0,0.41745283,6783.0,13,0,1,0,3
0.01169883,75,0,27.0,5400.0,4,0,0,0,0
0.447131829,47,0,0.558402861,5033.0,9,0,1,0,2
0.022147178,57,1,0.336465486,8300.0,9,0,1,0,0
0.877415057,24,5,0.132592768,4230.0,6,2,0,1,0
0.020570841,37,0,0.71698766,8670.0,7,0,3,0,1
0.9999999,29,0,947.0,5400.0,7,0,0,0,0
0.5164989,35,0,927.0,5400.0,3,0,0,0,0
0.9999999,43,0,24.0,5400.0,0,2,0,0,0
0.49274246,36,0,0.486734406,7085.0,10,0,3,0,1
0.9999999,40,1,0.10302722,3930.0,2,1,0,0,2
1.00439912,27,0,0.467092474,3600.0,4,0,1,0,2
0.029907216,60,0,12.0,5400.0,5,0,0,0,0
0.951744376,46,0,0.649131159,4200.0,5,0,2,0,1
0.095024459,44,1,2.256743257,1000.0,12,0,1,0,2
0.085765498,69,0,0.221137824,4200.0,9,0,1,0,0
0.9999999,76,0,0.332472294,12000.0,3,0,1,0,0
0.45406344,49,0,0.534669431,4340.0,12,0,1,0,0
0.661035445,61,0,0.370662934,10000.0,17,0,2,0,1
0.626573764,35,0,0.580383923,6667.0,8,0,3,0,2
0.155294968,49,0,2584.0,0.0,6,0,2,0,2
0.982252218,59,2,0.67844052,3000.0,3,1,1,1,0
0.9999999,34,8,0.054389122,5000.0,8,2,0,0,1
0.039462759,47,0,0.19019049,6666.0,10,0,1,0,2
0.702066899,50,0,1.294241152,3333.0,16,0,1,0,1
0.032316403,41,0,0.139572086,5000.0,16,0,0,0,0
0.026664889,32,0,0.206977239,4700.0,7,0,2,0,0
1.128368727,31,1,0.192992112,5450.0,4,0,0,1,1
0.003399419,56,0,1677.0,5400.0,7,0,1,0,0
0.076012486,62,0,168.0,5400.0,5,0,0,0,0
0.002041981,48,0,0.000333222,3000.0,7,0,0,0,1
0.0,72,0,1948.0,5400.0,10,0,2,0,0
0.61063881,50,1,0.323425793,65000.0,24,0,17,0,0
0.024170738,48,0,954.0,5400.0,4,0,1,0,0
0.572550073,50,0,0.394822006,12050.0,13,0,1,0,0
0.147818937,77,0,0.094581084,5000.0,6,0,1,0,0
0.712220762,41,0,0.362212596,3000.0,9,1,0,0,3
0.324270273,64,0,0.625642784,5833.0,9,0,4,0,0
0.856391373,38,0,539.0,5400.0,5,1,0,1,0
0.858175675,54,0,0.413055158,11167.0,9,0,1,0,1
0.089989407,63,0,1494.0,5400.0,12,0,0,0,1
0.013183494,50,0,0.240687679,5583.0,10,0,2,0,5
0.25494901,32,0,0.233890215,4189.0,5,0,2,0,0
0.9999999,70,0,0.175786221,5500.0,3,0,1,0,0
0.043347436,64,0,3720.0,5400.0,9,0,4,0,0
0.344960986,60,1,0.331073849,2802.0,10,0,1,1,0
1.071312036,54,0,0.711441532,3967.0,6,0,1,0,2
0.838702511,64,0,0.467207995,1600.0,7,0,0,0,0
0.234510326,23,0,0.143958869,2333.0,2,0,0,0,0
0.034425243,65,0,792.0,5400.0,12,0,1,0,0
0.510619575,61,0,0.673714286,3499.0,16,0,2,0,0
0.062816307,74,0,0.271298847,9800.0,12,0,2,0,0
0.087681641,39,0,0.173041348,20000.0,9,0,1,0,3
0.219564735,49,0,0.115127634,5836.0,14,0,0,0,0
0.262638167,49,0,0.479586736,6000.0,14,0,1,0,0
0.0,47,4,0.558422228,4030.0,8,1,1,0,4
0.048562567,74,0,0.007051865,4395.0,3,0,0,0,0
0.254987251,49,0,0.444911018,5000.0,22,0,2,0,0
0.16504333,47,0,0.473410602,11733.0,25,0,3,0,4
0.362939142,53,1,0.548862784,4000.0,24,0,2,0,1
0.9999999,36,0,0.082415421,5083.0,2,0,0,1,0
0.044916472,66,0,675.0,5400.0,18,0,1,0,0
0.021209966,73,0,59.0,5400.0,10,0,0,0,0
0.275724143,53,0,1807.0,5400.0,9,0,3,0,0
0.069477221,68,0,0.273180459,11032.0,9,0,1,0,0
0.015506396,68,0,0.00531669,4325.0,5,0,0,0,0
0.722694423,52,0,0.126097867,17533.0,5,0,1,0,0
0.589682064,34,1,0.237577183,3400.0,9,0,0,0,0
0.778637219,44,0,2196.0,5400.0,8,2,2,0,1
0.270011496,64,0,2346.0,5400.0,10,0,1,0,0
0.9999999,81,0,0.075373134,6699.0,7,0,0,0,0
0.919970631,49,1,1.439755691,1800.0,9,1,1,0,3
0.987655319,46,0,1.006031666,3978.0,11,0,1,0,2
0.024017428,66,0,52.0,5400.0,10,0,0,0,0
0.155781005,49,1,0.609861395,4400.0,13,0,2,0,0
0.867713229,36,0,0.313719943,3534.0,7,0,0,0,0
0.851920145,46,0,0.472642189,8333.0,6,0,2,0,2
0.363699663,55,3,0.573587142,13500.0,17,1,6,0,1
0.1397093,61,0,0.189917311,3748.0,6,0,0,0,0
0.039784293,77,0,42.0,5400.0,5,0,0,0,0
0.06525965,29,0,487.0,5400.0,3,0,0,0,0
0.146790214,48,0,0.006665983,9750.0,5,0,0,0,1
0.272599005,51,0,0.553915781,5081.0,10,0,2,0,0
0.370787958,60,0,0.459962317,4245.0,14,0,2,0,1
0.029661549,38,0,0.529659944,11850.0,18,0,4,0,2
0.056498513,75,0,0.014263074,4416.0,5,0,0,0,0
0.81253804,45,0,0.459917872,5600.0,9,0,1,0,1
0.393213573,34,0,1001.0,5400.0,4,1,0,2,0
0.048767946,58,0,1512.0,5400.0,13,0,1,0,1
0.570586472,44,2,0.925735504,3500.0,14,0,2,0,0
0.0124531,79,1,0.224555089,5000.0,20,0,1,0,0
0.02285171,58,0,1342.0,5400.0,5,0,2,0,0
0.003902627,67,0,0.028518729,7047.0,16,0,1,0,0
0.743920935,56,0,4228.0,5400.0,12,0,1,0,0
0.031217342,62,0,7325.0,5400.0,8,0,2,0,0
0.090480679,51,0,0.158284172,10000.0,8,0,1,0,1
0.133473719,45,0,0.276802454,5866.0,12,0,0,0,1
0.019475263,33,0,862.0,5400.0,2,0,1,0,0
0.116572681,66,1,0.141322865,13500.0,6,0,1,0,2
0.173714183,34,0,0.63984004,4000.0,9,0,2,0,1
0.011076375,70,0,0.462475313,3037.0,5,0,1,0,0
0.156628112,41,0,0.643343935,2200.0,7,0,1,0,0
0.775225513,48,1,0.548816407,9166.0,15,0,2,0,5
0.114094295,49,2,2373.0,5400.0,6,0,1,0,0
0.001113896,44,0,0.300477792,5650.0,6,0,2,0,0
0.123750961,89,0,4.0,5400.0,3,0,0,0,0
0.238268379,64,0,2048.0,5400.0,8,0,1,0,0
0.077528564,57,0,0.259893229,11800.0,6,0,2,0,1
0.530253826,63,0,0.886526273,4890.0,12,1,3,0,0
0.9999999,28,0,0.176173437,4750.0,4,0,1,0,0
0.221254463,51,1,1.353706625,7607.0,18,0,4,0,4
0.522537306,49,1,0.373148656,14583.0,10,0,2,0,2
0.146917426,44,0,0.42802965,5800.0,4,0,2,0,1
0.042481231,62,0,0.777222421,2800.0,12,0,1,0,1
0.009140016,49,0,0.245672508,9300.0,7,0,1,0,5
0.10841486,61,0,0.155867331,16250.0,7,0,2,0,0
0.037278557,45,0,936.0,5400.0,6,0,0,0,2
0.282912196,40,0,0.233925217,16500.0,6,0,2,0,2
0.967690325,28,0,0.15164369,6600.0,5,0,0,0,0
0.89927066,65,2,0.4986,4999.0,11,0,2,0,0
0.286414471,52,0,0.578883199,4100.0,13,0,1,0,3
0.63796946,85,1,0.389017074,6500.0,19,0,1,0,0
0.006646508,68,0,546.0,5400.0,8,0,0,0,0
0.51625,28,1,0.123432711,3588.0,6,0,0,2,1
0.0,62,0,0.415178571,5375.0,7,0,1,0,1
0.040279194,62,0,60.0,5400.0,5,0,0,0,0
0.362213987,67,0,0.493090268,3400.0,7,0,1,0,1
0.304710654,65,0,0.219307097,2972.0,6,0,0,0,0
0.160864522,53,0,1148.0,5400.0,14,0,0,0,0
0.913928973,42,0,0.249675032,10000.0,9,0,2,0,0
0.027485729,71,1,0.016396721,5000.0,13,0,0,0,0
0.483595674,56,0,2890.0,5400.0,7,0,1,0,0
0.079419099,57,0,0.041097945,13333.0,6,0,0,0,1
0.162497013,61,0,0.357611274,7166.0,11,0,2,0,1
0.303078215,59,0,0.936012797,5000.0,12,0,2,0,0
0.0,26,0,0.686967113,820.0,4,0,0,0,0
0.255976716,56,0,0.501846154,16249.0,23,0,5,0,0
0.169815094,52,0,0.447650336,7000.0,14,0,1,0,2
0.0,66,0,0.0,5400.0,1,0,0,0,0
0.124311729,49,0,0.200213471,17800.0,9,0,1,0,2
1.589158345,39,2,0.136215946,4000.0,3,2,0,0,0
0.483002979,63,0,0.533617662,3985.0,21,0,1,0,0
0.8891258,48,2,0.145908908,2480.0,5,0,0,2,0
0.024465318,52,0,0.232873915,9794.0,28,0,2,0,2
0.9999999,35,0,0.252722909,16250.0,8,0,5,0,0
0.776184268,36,1,0.594430561,2800.0,10,1,0,1,1
0.012107508,58,0,0.00988779,9000.0,20,0,0,0,1
0.011519539,66,0,0.405371643,1600.0,5,0,1,0,0
0.045055856,84,0,0.011744128,4001.0,1,0,0,0,0
0.9999999,30,0,0.229846769,1500.0,3,2,0,0,0
0.12059822,61,0,0.834866054,2500.0,15,0,1,0,0
0.007538172,67,0,2169.0,5400.0,9,0,2,0,0
0.9999999,40,0,0.125,351.0,0,0,0,0,3
0.009780554,46,0,0.529998879,8916.0,12,0,2,0,0
0.953217792,30,0,0.055939062,4200.0,1,0,0,1,1
0.069411622,43,0,0.727397637,7277.0,6,0,3,0,0
0.02466898,57,0,1.987247609,2822.0,18,0,4,0,1
0.480885763,58,2,0.275031199,10416.0,11,1,1,0,2
0.251783214,40,0,0.277290349,4900.0,7,0,2,0,2
0.022764007,45,0,0.139493025,13333.0,6,0,1,0,0
0.464386185,59,0,0.196255358,13298.0,10,0,2,0,0
0.423337856,38,5,0.822792545,3272.0,18,0,2,0,1
0.449045551,25,0,0.151881351,3640.0,5,0,0,0,0
0.966016992,55,0,0.176120882,4036.0,10,0,0,0,0
0.046164102,69,0,0.006886657,3484.0,2,0,0,0,0
0.0,41,0,0.357116485,10833.0,11,0,1,0,2
0.797721515,50,0,0.476196215,8296.0,13,0,0,0,5
0.023162281,52,0,905.0,5400.0,6,0,1,0,0
0.737381277,62,1,0.383598277,6730.0,13,0,1,0,0
0.138714451,59,0,1651.0,5400.0,3,0,1,0,0
0.355522886,57,0,0.256354314,9166.0,10,0,2,0,0
0.849897228,62,1,0.692336172,2700.0,7,0,1,0,1
0.054699746,31,0,0.134078212,3400.0,7,0,0,0,1
0.007049824,36,0,8.0,5400.0,10,0,0,0,0
0.300278671,80,0,1314.0,5400.0,6,0,1,0,0
0.048238082,65,0,0.012997401,5000.0,7,0,0,0,0
0.893310669,51,3,5734.0,5400.0,15,0,3,1,0
0.541606718,42,0,0.703383729,4166.0,12,0,2,0,0
0.0,60,4,0.920748614,4327.0,5,4,3,1,1
0.947611315,46,0,0.447923163,8016.0,8,0,2,0,0
0.095995637,63,0,0.175955281,11985.0,8,0,1,0,1
0.851185723,48,1,0.297106563,4250.0,7,0,1,0,0
0.044236617,58,0,0.233594796,10453.0,7,0,1,0,1
0.219258756,61,0,1.028039107,5420.0,11,0,2,0,2
0.953752312,44,1,5.435564436,1000.0,6,0,1,1,2
0.012710923,77,0,0.005318017,4700.0,10,0,0,0,0
0.0,42,0,0.355264932,7416.0,12,0,2,0,2
0.0,21,0,0.0,240.0,1,0,0,0,0
0.004475217,57,1,0.080076628,5219.0,20,0,1,1,2
0.983306245,47,0,0.562351261,4201.0,7,0,1,0,3
0.886227545,23,0,0.014428413,900.0,2,0,0,0,0
0.106535508,67,0,0.288104304,8666.0,8,0,1,0,0
0.9999999,46,1,3791.0,5400.0,3,6,1,0,0
0.701511762,81,0,0.223888056,2000.0,3,0,0,0,2
0.75784843,30,0,0.065623642,2300.0,4,0,0,0,0
0.118235221,26,0,334.0,5400.0,2,0,0,0,0
0.522550544,28,1,0.345702749,5200.0,3,0,1,0,0
0.000373511,41,1,5660.0,5400.0,15,0,4,0,0
0.061364621,67,0,0.006951466,7911.0,1,0,0,0,0
0.0,62,0,2031.0,5400.0,15,0,2,0,0
0.9999999,34,0,0.156260216,3058.0,1,3,0,0,0
0.598631142,60,0,0.267183122,18200.0,25,0,2,0,0
0.357201956,51,0,2523.0,5400.0,22,0,2,0,0
0.220118121,54,0,0.41461994,10300.0,11,0,3,0,0
0.0,29,0,3701.0,5400.0,7,0,1,0,0
0.004506936,55,0,0.701322557,5443.0,12,0,3,0,0
0.0,27,0,0.34249226,2583.0,4,0,2,0,0
0.0,57,0,6511.0,5400.0,6,0,2,0,2
0.058156245,45,0,0.293876774,10500.0,13,0,1,0,1
0.221968937,48,0,0.364127175,5000.0,16,0,2,0,0
0.048748805,68,0,0.019516877,6250.0,6,0,0,0,1
0.249019763,59,1,0.230989957,5575.0,6,0,0,0,1
0.656204906,52,0,0.568936785,9000.0,9,3,1,0,0
0.068036992,32,0,0.101889811,10000.0,11,0,0,0,0
0.626641162,46,1,0.068580167,8500.0,3,0,0,0,2
0.026339299,77,0,0.337828412,4300.0,8,0,1,0,0
0.937780584,38,1,0.21192542,5416.0,6,0,0,0,4
0.1778491,58,0,0.318189341,12083.0,9,0,2,0,2
0.27264849,55,0,132.0,0.0,4,0,0,0,0
0.206189691,65,0,0.31924825,8140.0,6,0,2,0,0
0.20174408,59,0,0.379602284,5078.0,20,0,1,0,1
0.9999999,30,1,0.123678949,3500.0,1,0,0,0,3
0.687562172,59,0,0.396295955,10852.0,14,0,2,0,2
0.0155669,72,0,0.188896568,4340.0,7,0,1,0,1
0.834529137,48,0,0.226200331,9663.0,4,0,1,0,2
0.01580863,67,0,0.283753431,4006.0,15,0,2,0,0
0.000879386,37,0,0.400859914,10000.0,11,0,2,0,3
0.01193428,43,3,0.379969419,5231.0,15,0,2,0,3
0.028870339,50,0,0.253612685,22766.0,16,0,2,0,0
0.013293805,57,0,0.002785515,5743.0,5,0,0,0,0
0.020245372,70,0,0.225500854,6438.0,7,0,1,0,2
0.495536246,54,0,0.204371779,5626.0,2,0,1,0,0
0.039351453,79,0,0.264586771,6666.0,17,0,1,0,0
0.011936463,52,0,1049.0,5400.0,4,0,1,0,0
0.835516448,50,1,0.327074769,9000.0,6,0,1,0,2
0.165997145,45,2,2363.0,5400.0,12,1,1,0,2
0.042401243,74,0,0.022316162,10171.0,10,0,0,0,0
0.715571377,55,2,0.265128122,18458.0,14,0,1,0,2
0.545423368,72,1,1.097163121,1409.0,15,0,1,0,0
0.225225846,70,0,0.18750764,8180.0,5,0,1,0,0
0.256642225,46,0,80.0,5400.0,2,0,0,0,0
0.9999999,31,0,0.465905034,2800.0,3,0,2,0,2
0.020858469,79,0,0.309010887,4316.0,18,0,2,0,0
0.720101781,48,1,0.050140581,2133.0,2,0,0,0,0
0.295713724,32,1,2.953311618,920.0,9,0,1,0,2
0.016187603,26,0,0.006569943,10958.0,23,0,0,0,0
0.0010261,68,0,0.468277946,3640.0,18,0,2,0,2
0.866441353,46,0,1.142857143,4500.0,7,0,1,0,0
0.120937726,34,0,0.245901639,2500.0,3,0,0,0,0
0.9999999,28,0,0.013116802,1600.0,0,0,0,0,2
0.083161638,64,0,0.457181389,1482.0,18,0,1,0,0
0.01265935,55,0,3469.0,5400.0,14,0,3,0,0
0.514497929,30,0,0.068629019,6250.0,3,0,0,0,0
0.756899693,51,0,0.456517638,5300.0,7,0,1,0,1
0.027687251,60,0,29.0,5400.0,7,0,0,0,0
0.825207635,47,0,0.467774967,8300.0,8,0,1,0,3
0.9999999,46,1,0.159453521,10466.0,2,1,1,0,2
0.044595931,54,0,0.006022645,4150.0,10,0,0,0,1
0.0,78,0,0.188823795,2218.0,7,0,0,0,0
0.030365654,84,0,0.003374578,8000.0,3,0,0,0,0
0.483093756,36,0,0.41954023,6089.0,22,0,1,0,1
0.248932314,48,1,0.467093419,9997.0,20,0,4,0,2
0.230454513,66,0,0.20005333,15000.0,7,0,1,0,0
0.023522295,54,0,0.078007933,2268.0,4,0,0,0,0
0.059912404,54,0,0.114590833,8333.0,8,0,0,0,0
0.00599976,70,0,0.216885007,2060.0,6,0,1,0,0
0.124526659,62,0,1851.0,5400.0,11,0,2,0,1
0.563829787,25,2,0.105263158,3400.0,4,1,0,0,0
0.109463082,66,0,1.048429319,4583.0,23,0,2,0,0
1.01996008,30,0,0.428083862,2050.0,5,0,1,0,1
0.037727885,35,0,0.100779844,1666.0,4,0,0,0,0
0.021005683,41,3,3844.0,5400.0,12,0,2,0,0
1.105788423,35,1,0.062377072,3558.0,2,0,0,0,4
0.197160568,27,0,204.0,5400.0,4,0,0,0,1
0.194045653,48,0,0.508331482,4500.0,12,0,1,0,1
0.274603494,47,0,0.336441718,4074.0,8,0,1,0,1
0.0,44,0,0.020135154,7250.0,9,0,0,0,2
0.843361822,48,0,0.425087984,11933.0,6,0,1,0,0
0.003076686,40,0,0.000374953,2666.0,1,0,0,0,0
0.0,79,0,0.0,5400.0,4,0,0,0,0
0.0067953,61,0,0.002915452,2400.0,6,0,0,0,0
0.085412079,40,0,0.529520295,2167.0,10,0,0,0,1
0.487051295,32,0,0.287524641,3550.0,9,0,1,0,3
0.011234601,50,0,11.0,5400.0,3,0,0,0,0
0.412743397,33,0,0.359140859,6005.0,10,0,1,0,0
0.297190483,53,0,0.358234785,10400.0,9,0,1,0,1
0.031411992,49,0,0.357366444,9583.0,9,0,2,0,0
0.9999999,48,0,0.166604961,2700.0,4,7,0,0,1
0.019948206,87,0,0.00505997,5335.0,4,0,1,0,0
0.070184404,64,0,3102.0,0.0,14,0,1,0,0
0.082174013,60,0,0.137472284,7666.0,6,0,1,0,0
0.046968745,82,0,1137.0,5400.0,6,0,0,0,0
0.703477888,43,1,3939.0,5400.0,7,0,0,0,0
0.723900316,38,0,0.036987877,11300.0,4,0,0,0,1
0.550678876,36,0,0.284176183,3064.0,5,0,0,0,0
0.035292388,41,0,0.006569552,3500.0,3,0,0,0,0
0.64591926,72,0,0.085182963,5000.0,7,0,0,0,0
0.007166069,52,0,0.156347826,5749.0,3,0,1,0,4
0.06593964,50,1,0.852079073,4400.0,13,0,2,0,0
0.02489452,50,0,0.248452601,9208.0,16,0,2,0,1
0.804741877,42,0,0.765841181,8600.0,15,0,2,0,3
0.375611958,48,0,0.272755386,9700.0,10,0,1,0,2
0.034174573,59,0,1.380234506,2387.0,9,0,1,0,0
0.945091514,62,2,0.937250428,1752.0,5,0,1,0,0
0.193942549,42,0,0.464928473,4333.0,9,0,1,0,2
0.140911281,56,0,0.489197033,3100.0,13,0,1,0,2
0.964287604,60,2,0.350093441,11236.0,11,0,1,0,1
0.30413402,60,2,0.354237716,15833.0,14,0,2,0,1
0.032741815,27,1,0.25074985,1666.0,6,0,0,0,0
0.004207341,67,0,0.470953796,3700.0,14,0,3,0,0
0.377809618,41,0,0.375770705,6000.0,12,0,1,0,2
0.013777268,70,0,0.233933162,3500.0,6,0,1,0,0
0.296980927,47,1,4007.0,5400.0,13,0,2,0,2
0.034948843,61,0,0.229345218,5833.0,6,0,1,0,0
0.001384142,71,1,0.291340707,3706.0,6,0,1,0,0
0.361703951,38,0,0.330098658,6182.0,11,0,1,0,0
0.846504515,52,0,0.230776542,21041.0,9,0,1,0,1
0.134533224,68,0,45.0,5400.0,1,0,0,0,0
0.023263721,61,0,0.164897708,6500.0,11,0,0,0,0
0.002026721,62,0,0.222793488,2333.0,10,0,1,0,1
0.025769742,54,0,0.261773823,10000.0,10,0,1,0,1
0.0,30,0,578.0,5400.0,4,0,0,0,0
0.504646007,53,6,0.593722755,9175.0,13,0,3,0,2
0.590391727,32,1,0.165366927,5000.0,6,0,0,0,1
0.004190277,38,0,2033.0,5400.0,11,0,2,0,0
0.129960352,38,0,0.268924526,8916.0,4,0,1,0,2
0.214213144,41,0,1743.0,5400.0,7,0,1,0,0
0.0,25,0,0.633373934,820.0,2,0,0,0,0
0.741607383,47,1,411.0,1.0,7,0,0,0,2
0.695304695,48,3,4483.0,0.0,5,1,2,1,4
0.012296154,69,0,0.246701319,2500.0,7,0,0,0,0
0.705663122,43,0,0.060090376,10400.0,4,0,0,0,0
0.045686191,64,0,10091.0,5400.0,9,0,3,0,0
0.9999999,41,0,0.066822196,6000.0,1,0,0,0,3
0.083659615,40,0,0.510762174,5667.0,8,0,2,0,0
0.179342194,41,0,0.544491102,5000.0,8,0,1,0,3
0.024151519,67,1,0.086365454,2500.0,5,0,0,0,0
0.021560944,61,0,0.005267215,7783.0,7,0,0,0,0
0.9999999,55,0,0.034700315,950.0,2,0,0,1,0
0.283740887,45,0,0.421714664,12083.0,9,0,1,0,4
0.00948342,51,0,0.029950083,600.0,11,0,0,0,0
0.526133988,31,0,0.43433955,5200.0,8,0,1,0,1
0.04513975,40,0,0.268780348,3500.0,6,0,0,0,0
0.141424531,51,0,1881.0,0.0,9,0,2,0,0
0.200532177,69,0,0.643905552,4700.0,12,0,2,0,0
0.155080681,66,1,0.095890411,10000.0,25,0,0,0,0
0.129060579,47,0,674.5,1.0,11,0,1,0,1
0.67955834,46,0,0.477391401,9000.0,8,0,1,0,3
0.0,57,0,0.413708298,9351.0,12,0,2,0,1
0.053863929,63,0,0.041648959,2352.0,6,0,0,0,0
0.003999385,56,0,0.317626527,4583.0,4,0,1,0,0
0.671571402,63,1,0.500146757,3406.0,11,0,2,0,0
0.004075459,26,0,0.526841448,800.0,11,0,0,0,0
0.136863137,21,0,0.004301075,929.0,2,0,0,0,0
0.842689552,48,0,0.273482002,16501.0,9,0,1,0,0
0.267233741,41,0,0.273171583,5728.0,6,0,1,0,3
0.771414586,51,0,0.124975005,5000.0,6,0,0,0,0
0.17552496,58,0,0.217590239,3933.0,4,0,1,0,1
0.056019265,38,0,0.289285119,6000.0,7,0,1,0,2
0.464163233,62,0,0.187237719,8101.0,11,0,1,0,0
0.054341908,67,0,0.388888889,9845.0,11,0,2,0,1
0.9999999,48,1,0.203167493,6250.0,1,0,1,0,0
0.001607071,36,0,0.171577123,7500.0,7,0,1,0,2
0.0,73,0,1391.0,5400.0,5,0,1,0,0
0.133266112,53,0,0.192792502,6187.0,6,0,0,0,0
0.712660917,56,1,0.541015625,3583.0,9,0,0,0,1
0.0,60,1,0.351329734,5000.0,6,0,2,0,1
0.034032745,81,0,0.010178117,2750.0,7,0,0,0,2
0.002267616,67,0,0.841105929,3001.0,7,0,2,0,0
0.045638557,48,0,0.224317181,5674.0,17,0,1,0,1
0.294202794,43,0,0.838199931,2910.0,5,0,1,0,0
0.9999999,23,0,0.007495315,1600.0,0,1,0,0,0
0.012545944,51,0,0.040117059,8200.0,7,0,0,0,0
0.418215411,46,0,0.133961725,3500.0,6,0,0,0,2
0.646483724,33,0,0.202954648,15500.0,7,0,3,0,0
0.348527899,47,0,0.631894684,6000.0,23,0,1,0,0
0.9999999,40,1,0.440977951,6666.0,6,0,2,0,3
0.768522951,27,0,0.187036718,5800.0,8,0,0,0,0
0.879747774,27,0,375.0,5400.0,4,2,0,0,0
0.049551537,71,0,0.022278624,3545.0,12,0,0,0,0
0.0,63,0,0.331768094,15971.0,13,0,2,0,0
0.001957364,83,0,1.0,5400.0,2,0,0,0,0
0.04376811,53,0,0.225502333,10500.0,17,0,2,0,0
0.079767565,30,0,0.079564969,3493.0,5,0,0,0,0
0.346365363,32,0,0.447090541,4450.0,6,0,2,0,1
0.132242238,41,0,0.110499335,15800.0,5,0,1,0,2
0.139949336,37,0,0.213891081,3800.0,15,0,0,0,4
0.001785643,40,0,0.000190694,5243.0,4,0,0,0,0
0.191808192,22,0,5.0,0.0,2,0,0,0,0
0.9999999,54,0,13.0,5400.0,0,0,0,1,0
0.522225552,32,0,0.264957265,3041.0,6,3,0,0,0
0.456296628,63,1,0.312480959,9846.0,11,0,4,0,0
0.587281628,41,1,0.299847986,7893.0,10,0,0,0,4
0.025541553,61,0,0.019152332,5638.0,5,0,0,0,2
0.168770781,46,0,4124.0,5400.0,5,0,2,0,0
0.001009143,79,0,2.0,5400.0,5,0,0,0,0
0.9999999,30,0,0.110195175,8248.0,12,0,1,0,3
0.369005574,48,0,0.310578941,8100.0,10,0,2,0,2
0.244996254,41,0,0.676113998,6350.0,15,0,2,0,2
0.117729586,61,0,0.280879865,6500.0,9,0,1,0,0
0.014504844,64,0,0.243978784,11500.0,17,0,1,0,0
0.078432141,50,0,0.236176382,10000.0,8,0,1,0,2
0.052207608,49,0,0.356128774,5000.0,8,0,1,0,1
0.017038913,80,0,57.0,5400.0,11,0,0,0,1
0.490067991,52,0,0.418112027,7033.0,6,0,3,0,0
0.030047085,84,0,0.00359928,5000.0,6,0,0,0,0
0.174703347,55,0,118.0,5400.0,3,0,0,0,0
0.000339453,29,0,0.0,3800.0,6,0,0,0,2
0.520241831,35,0,0.433927679,6000.0,10,0,1,0,1
0.9999999,23,0,0.04023994,4000.0,2,0,0,0,1
0.0,40,0,0.188649501,1902.0,2,0,0,0,0
0.301150366,46,0,3368.0,5400.0,13,0,2,0,0
0.024811925,47,0,2220.0,5400.0,4,0,1,0,0
0.015231727,60,0,0.002004008,6985.0,2,0,0,0,0
0.006016295,67,0,0.133818182,5499.0,6,0,0,0,1
0.31555128,62,0,697.0,5400.0,8,0,0,0,0
0.048384867,36,0,0.364064399,6583.0,4,0,2,0,1
0.426789415,51,0,2699.0,5400.0,13,0,2,0,0
0.012926567,65,0,0.21326744,10521.0,5,0,1,0,1
0.00574175,66,0,1236.0,5400.0,10,0,1,0,0
1.292209235,40,0,0.429070136,3150.0,6,0,0,0,0
0.023565881,76,0,0.00266126,7890.0,3,0,0,0,0
0.68004102,38,0,0.278731021,8100.0,7,0,1,0,2
0.0177464,72,0,0.218600608,2300.0,10,0,0,0,0
0.003242724,52,0,0.453363805,7000.0,19,0,3,0,2
0.0,68,1,0.272559853,3800.0,5,0,1,0,0
0.007179346,58,0,0.289142172,5000.0,9,0,2,0,0
0.237257728,65,0,2660.0,5400.0,11,0,1,0,1
0.213865802,63,0,0.223555338,4083.0,21,0,0,0,0
0.9999999,24,0,12.0,1.0,2,0,0,0,0
0.530210378,43,0,0.089097556,13950.0,10,0,0,0,2
0.704295704,29,0,0.058529622,1400.0,2,0,0,0,0
0.189880092,58,0,0.209739513,20000.0,15,0,3,0,3
0.800733089,74,0,0.247673099,4404.0,4,0,0,0,0
0.44020152,79,0,0.650444864,7417.0,16,0,1,0,1
0.030572063,37,0,0.012574454,3021.0,4,0,0,0,0
0.042149246,55,0,0.065189048,2300.0,11,0,0,0,0
0.053266272,58,0,0.174106241,4950.0,9,0,0,0,0
0.102485801,54,0,0.352250489,4598.0,14,0,2,0,0
0.0,60,0,0.24941537,12400.0,5,0,2,0,1
0.036254052,66,0,0.326099372,1750.0,6,0,1,0,0
0.448861961,54,0,0.292875246,10652.0,8,0,1,0,1
0.0,61,0,1428.0,5400.0,5,0,1,0,0
0.0,27,0,519.0,5400.0,4,0,0,0,0
1.071344571,35,0,0.344043321,2769.0,5,1,0,0,5
0.651308255,50,0,0.153653966,4802.0,4,0,0,0,2
0.0,52,0,0.0,7666.0,2,0,0,0,2
0.034663848,51,0,0.292331953,5072.0,8,0,1,0,0
0.831706989,64,0,2782.0,5400.0,18,0,0,0,0
0.172465221,41,3,0.637827445,4160.0,19,0,2,0,2
0.00091934,31,0,0.030987635,6550.0,25,0,0,0,1
0.120787921,71,0,0.085262564,3541.0,6,0,0,0,0
0.051590188,72,0,0.029805697,5300.0,18,0,0,0,1
0.378548796,47,1,0.382566933,27900.0,13,0,0,0,4
0.127202311,61,0,0.155283415,14289.0,7,0,2,0,2
0.377318537,38,0,0.215778949,5500.0,7,0,1,0,0
0.010376759,52,0,0.484585902,6000.0,10,0,2,0,0
0.131993314,62,0,0.368303571,3135.0,16,0,1,0,0
0.0,74,0,0.0,2000.0,13,0,0,0,0
0.0,71,0,0.0,5400.0,2,0,0,0,0
0.02919421,75,0,0.004918208,9352.0,8,0,0,0,0
0.353617599,33,0,0.07266436,2600.0,3,0,0,0,1
0.092572686,64,0,0.097075244,12000.0,4,0,1,0,1
0.23255814,35,1,0.060335962,2916.0,3,1,0,0,0
0.605402422,45,0,0.627909767,8333.0,10,0,2,0,2
0.14731348,66,0,0.445777351,2083.0,5,0,1,0,1
0.9999999,25,0,0.365122616,1100.0,5,0,0,0,0
0.304961504,66,0,0.864106352,8800.0,35,0,2,0,3
0.060373629,38,0,0.38904364,14000.0,14,0,2,0,2
0.004466134,47,0,0.273822715,7219.0,12,0,2,0,0
0.188117162,57,0,0.212702984,12500.0,4,0,2,0,1
0.409441661,57,0,0.657612854,7841.0,14,0,1,0,2
0.811925783,62,0,0.222164753,29000.0,14,0,2,0,0
0.579134249,64,0,0.310637082,10500.0,10,0,1,0,0
0.065523362,72,0,0.010720176,7275.0,4,0,0,0,1
0.316681497,52,0,0.390272835,5900.0,7,0,1,0,1
0.021679133,50,0,0.038792242,5000.0,3,0,0,0,0
0.197965009,42,2,0.363510712,5787.0,13,0,1,0,2
0.089465954,75,1,0.190083709,7764.0,12,0,1,0,0
0.869654394,42,0,0.322913378,9500.0,8,0,1,0,0
0.071274055,67,0,0.328592856,18000.0,14,0,2,0,0
0.830588095,53,0,0.836297407,4666.0,15,0,2,0,1
0.237620869,47,0,0.316683408,10950.0,13,0,2,0,2
0.940557601,30,2,0.102592388,3625.0,6,0,0,2,1
1.050437934,45,3,0.90802044,4500.0,6,0,1,4,2
0.084924106,53,0,0.277736522,6732.0,8,0,1,0,2
0.022847329,44,0,0.186009955,11450.0,7,0,1,0,3
1.204861111,28,0,0.209940017,2333.0,5,0,0,0,0
0.867379007,35,0,0.149591452,3181.0,5,0,0,0,0
0.0,47,3,0.001385681,2164.0,5,1,0,0,2
0.304779681,33,0,0.535116221,4000.0,8,0,2,0,1
0.581718506,62,0,0.414304487,5326.0,7,0,1,0,0
0.304008717,53,0,0.559298569,6500.0,8,0,2,0,3
0.328388992,47,0,4458.0,5400.0,13,0,2,0,0
0.351754227,46,0,0.005576387,10400.0,3,1,0,0,4
0.158499397,63,0,0.012759474,5250.0,4,0,0,0,0
0.055037184,60,0,0.3461006,6500.0,8,0,2,0,1
0.009679964,59,0,0.30487938,9160.0,9,0,1,0,1
0.050447335,37,0,0.562312517,11000.0,11,0,3,0,1
0.190777079,39,0,0.352771778,4166.0,7,0,0,0,1
0.003374789,61,0,0.243128146,5165.0,4,0,1,0,0
0.980203959,60,6,2128.0,5400.0,11,1,1,0,0
0.95654743,55,0,0.279114726,15000.0,15,0,2,0,0
0.708462541,62,1,0.287199053,7600.0,14,0,0,0,0
0.020830584,68,0,0.166386689,12500.0,9,0,2,0,0
0.9999999,29,0,721.0,5400.0,5,0,0,1,0
0.02538291,63,0,46.0,5400.0,5,0,0,0,0
0.000266631,39,0,0.171198774,5221.0,4,0,0,0,3
0.065804935,76,0,0.012886598,6595.0,5,0,0,0,0
0.21844451,63,0,3583.0,5400.0,9,0,2,0,0
0.20185321,75,0,0.34965035,1000.0,6,0,1,0,0
0.829519661,66,1,0.949025487,2000.0,12,0,1,0,0
0.089483942,40,0,0.004368043,7096.0,3,0,0,0,3
0.727874908,43,0,0.630543165,3810.0,7,0,1,0,2
0.9999999,70,0,0.045077892,3016.0,1,0,0,0,0
0.028165906,70,0,0.254032258,6447.0,9,0,1,0,1
0.343832808,33,0,0.880329631,2790.0,6,0,0,0,0
1.004304161,43,5,1.255689424,2987.0,13,0,1,0,2
0.738822622,45,0,0.448790627,10583.0,9,0,4,0,2
0.0722328,60,1,0.294719568,10358.0,10,0,2,0,0
0.405554768,55,0,0.650337416,4000.0,12,0,1,0,0
0.211949142,47,0,0.392890206,5400.0,8,0,0,0,2
0.001272708,53,0,0.294176456,4000.0,10,0,1,0,1
0.766764577,52,0,0.446490219,6082.0,13,0,2,0,0
0.641910444,41,1,0.3156379,20833.0,11,0,3,0,0
0.011456186,71,0,1780.0,5400.0,9,0,1,0,0
0.0,57,0,1309.0,5400.0,6,0,1,0,0
0.064749945,66,0,0.14706417,5500.0,8,0,2,0,0
0.474127621,59,0,0.515939301,8500.0,15,0,3,0,0
0.228534626,41,0,0.453967806,7081.0,7,0,1,0,0
0.351989702,69,0,0.112977405,5000.0,9,0,0,0,0
0.9999999,40,0,100.0,5400.0,0,0,0,0,1
0.9999999,69,0,4800.0,5400.0,3,0,2,0,0
0.556443556,27,0,0.008506114,1880.0,1,0,0,0,1
0.002739651,71,0,0.249628315,20850.0,5,0,1,0,3
0.134308721,64,0,76.0,5400.0,2,0,0,0,0
0.922077922,32,1,0.311280343,2100.0,4,1,0,0,0
0.870213942,37,0,0.701199771,5250.0,15,0,1,0,0
0.169441528,67,0,0.320935813,5000.0,7,0,0,0,0
0.815014346,58,1,1.159063101,11441.0,24,0,5,0,0
0.003654482,72,0,0.16344761,4141.0,10,0,0,0,0
0.37035966,57,0,0.830508475,2300.0,13,0,0,0,0
0.252691577,63,0,227.0,5400.0,2,0,0,0,0
0.017255571,39,0,0.163528977,5417.0,4,0,1,0,0
0.423551675,55,0,0.253439591,13300.0,16,0,1,0,1
0.005369267,59,0,1783.0,5400.0,17,0,2,0,0
0.270617633,58,0,0.176364156,10500.0,12,0,0,0,0
0.143683703,62,0,1970.0,5400.0,14,0,0,0,0
0.717767132,63,2,0.099902057,1020.0,4,0,0,0,0
0.9999999,34,1,0.132746901,2500.0,3,0,0,0,1
0.619194494,47,1,0.780136607,5416.0,7,0,2,0,0
0.0,55,0,0.125941207,9694.0,9,0,2,0,3
0.251433891,40,0,0.234161007,8980.0,9,0,0,0,0
0.536560353,32,0,0.187316716,2727.0,4,0,0,0,1
0.472477841,63,0,3122.0,5400.0,9,1,1,0,1
0.0,38,0,0.399531616,2134.0,6,0,1,0,0
0.9999999,75,0,0.0,5400.0,2,0,0,0,0
0.075444993,76,0,2346.0,5400.0,10,0,1,0,1
0.005190265,73,0,0.248842807,5400.0,16,0,1,0,0
0.242473845,55,0,0.218346105,8742.0,2,0,1,0,2
0.509582446,73,0,0.113201999,3400.0,8,0,0,0,0
0.050341898,75,1,1.472515269,1800.0,15,0,1,0,0
0.056807128,82,0,761.0,5400.0,10,0,1,0,0
0.470545216,42,0,6235.0,5400.0,11,0,2,0,0
0.093941016,46,0,0.380401872,3632.0,11,0,0,0,3
0.023808107,31,0,544.0,0.0,10,0,0,0,1
0.895961874,51,0,0.512058928,8416.0,5,0,2,1,2
0.117013927,56,0,0.420457756,3538.0,6,0,1,0,0
0.0,29,0,0.573907009,1440.0,8,0,0,0,0
0.118576587,43,1,0.326304753,8583.0,10,1,1,0,1
0.178291085,37,0,0.014464499,15900.0,6,0,0,0,2
0.43342806,52,0,0.215949188,2833.0,4,0,0,0,0
0.183079835,53,0,0.095347943,2600.0,11,0,0,0,0
0.006868968,61,0,187.0,5400.0,3,0,0,0,0
0.729586064,65,0,0.480351965,10000.0,8,0,1,0,2
0.057323779,28,0,10.0,0.0,1,0,0,0,0
0.136386361,29,0,0.174165167,5000.0,5,0,0,0,0
0.019965875,81,0,1970.0,5400.0,19,0,1,0,0
0.188466885,69,0,0.180092538,8428.0,3,0,1,0,0
0.091155922,39,0,0.447712691,12000.0,10,0,2,0,2
0.077997803,63,0,0.117361785,10309.0,10,0,1,0,0
0.064393024,43,0,0.056736373,5833.0,3,0,0,0,0
0.02563718,60,0,0.551876742,6100.0,10,0,2,0,2
0.78287276,32,2,0.34326182,4800.0,14,0,0,0,1
0.05526694,77,0,0.291427143,4000.0,16,0,0,0,0
0.944819737,60,0,0.545379402,6048.0,17,0,2,0,0
0.932616367,29,1,0.179984072,3766.0,6,0,0,0,1
0.037759061,80,0,36.0,5400.0,5,0,0,0,0
0.27951034,60,0,0.400963549,11000.0,13,0,2,0,1
0.786779121,56,0,6609.0,5400.0,13,0,2,0,0
0.235790568,62,0,2405.0,5400.0,6,0,2,0,0
0.0,56,0,1.056369786,1773.0,8,0,2,0,0
0.208575309,68,0,0.213216502,2738.0,8,0,0,0,1
0.147178887,26,0,0.178571429,5711.0,5,0,1,0,1
0.842906344,39,0,0.318170457,4000.0,4,0,0,0,2
0.999383344,41,2,0.940301468,10083.0,15,0,2,0,3
0.0,34,0,0.388481536,7500.0,10,0,2,0,1
0.9999999,72,0,0.917082917,1000.0,4,0,0,0,0
0.314049587,45,0,0.14225437,4976.0,7,0,0,0,3
0.0,24,0,0.0,2083.0,1,0,0,0,0
0.004999719,35,0,1.152705061,4583.0,11,0,4,0,0
0.310761487,37,0,0.491215575,4211.0,6,0,1,0,0
0.915385577,29,3,0.191190253,3200.0,5,0,0,0,0
0.128244857,47,0,0.611915936,4900.0,8,0,1,0,0
0.9999999,43,0,0.0,19791.0,0,0,0,0,4
0.625791403,37,1,0.159568086,5000.0,7,0,0,0,1
1.026389444,47,0,0.32041245,5236.0,4,0,1,0,0
0.01589936,38,0,0.363774221,5934.0,18,0,1,0,3
0.007749785,62,0,0.04179582,10000.0,9,0,0,0,0
0.099729067,57,0,0.346474045,4083.0,3,1,0,0,0
0.03256349,54,0,0.095231857,7633.0,4,0,1,0,0
0.192356588,50,0,0.337653973,12420.0,16,0,2,0,2
0.015256925,67,0,1535.0,5400.0,14,0,1,0,0
0.046233393,51,0,0.29671347,6480.0,13,0,1,0,0
0.454291879,29,0,0.281943611,5000.0,6,0,0,1,0
0.480590733,59,1,0.39940015,4000.0,12,0,0,0,0
0.080656186,46,0,0.595675541,8000.0,9,0,3,0,2
0.420383355,49,0,0.286937045,12500.0,12,0,2,0,2
0.9999999,33,0,1.122232064,1128.0,1,1,1,0,0
0.406335226,51,0,0.445344567,9257.0,13,0,2,0,0
0.13291126,55,0,0.251687078,4000.0,9,0,1,0,0
0.087233683,58,0,0.081758422,2433.0,12,0,0,0,0
0.9999999,64,0,0.194553054,14833.0,6,0,1,0,1
0.428323561,62,0,0.272504356,15496.0,13,0,1,0,0
0.32634982,59,0,0.314109166,3883.0,8,0,0,0,0
0.153267906,51,0,7575.0,5400.0,13,0,7,0,0
1.428571429,33,2,0.200672447,5650.0,9,2,0,0,3
0.946258678,40,0,4321.0,5400.0,12,0,2,0,0
0.187614852,71,0,4040.0,5400.0,6,1,1,0,0
0.618858478,57,0,0.372451409,23100.0,18,0,3,0,0
0.295909059,31,0,0.107284152,4296.0,3,0,0,0,0
0.0,41,0,0.203627636,21666.0,6,0,2,0,2
0.040461636,59,0,70.0,5400.0,8,0,0,0,0
0.117759284,71,0,0.314791403,1581.0,16,0,0,0,0
0.431736508,46,1,0.361235074,8290.0,5,0,1,0,1
0.9999999,33,0,0.013493253,2000.0,0,0,0,0,0
0.0,73,0,0.374061843,3330.0,5,0,1,0,0
0.274286446,42,0,0.267497728,7700.0,14,0,1,0,0
0.088119566,49,1,0.356298012,8200.0,18,0,2,0,0
0.057377675,48,0,3401.0,5400.0,6,0,1,0,0
0.034643571,24,0,1.0,5400.0,1,0,0,0,0
0.102254372,69,0,1.453563715,925.0,33,0,1,0,0
0.042676666,74,0,0.402764067,2025.0,8,0,2,0,0
0.037971296,71,0,0.043316535,8333.0,6,0,0,0,0
0.010438837,34,0,0.678326046,1600.0,5,0,1,0,0
0.555288942,30,0,0.344633651,6400.0,4,0,1,0,0
0.037992402,65,0,0.001785077,2800.0,1,0,0,0,0
0.831622765,46,0,0.577320955,7539.0,8,0,2,0,3
0.048843695,56,0,0.216506678,9583.0,10,0,1,0,0
0.0,30,0,0.797225187,1873.0,5,0,1,1,0
0.149550374,51,0,0.478805652,3750.0,17,0,1,0,2
0.0,52,0,0.37286886,10850.0,16,0,4,0,0
0.01875693,47,0,5969.0,5400.0,12,0,2,0,0
0.807498917,41,0,0.456116529,8100.0,9,1,1,0,2
0.308609149,58,0,4119.0,5400.0,14,0,2,0,0
0.784346116,78,1,0.370044997,14000.0,9,0,2,0,1
0.30414717,34,0,0.13243762,3646.0,5,0,0,0,1
0.011510549,65,0,0.403955116,9000.0,16,0,2,0,1
0.0,52,0,0.558723885,7083.0,4,0,1,0,2
0.005114972,50,0,0.119225693,4545.0,13,0,1,0,0
1.032258065,33,0,0.863912515,2468.0,6,0,1,0,2
0.9999999,77,0,0.251304529,4790.0,3,0,1,0,1
0.959733456,32,1,0.228636182,7500.0,7,0,0,0,2
0.46882793,36,0,0.236704525,5546.0,5,0,1,0,2
0.401418053,42,0,0.476652335,10000.0,9,0,4,0,0
0.731199423,33,0,0.413445058,5250.0,9,0,2,0,0
0.875164993,40,0,0.302424394,4000.0,2,0,0,0,1
0.239335537,53,0,264.0,5400.0,4,0,0,0,0
0.0,42,0,0.497727961,3300.0,6,0,2,0,0
0.822611262,68,0,1.030437001,5880.0,27,0,1,0,5
0.157977773,46,0,0.272455346,11700.0,6,0,2,0,3
0.878674205,64,0,3281.0,5400.0,16,0,1,0,0
0.157211873,37,0,0.098196751,5600.0,6,0,0,0,0
0.9999999,42,0,1.197086547,2333.0,2,0,1,0,1
0.9999999,36,0,0.009327115,1500.0,0,4,0,0,0
0.0,37,0,0.872042652,3000.0,8,0,2,0,0
0.9999999,41,1,0.592472421,3081.0,3,0,1,0,3
0.0,38,0,0.684543602,9322.0,18,0,4,0,1
0.028321514,43,0,0.263783207,7490.0,10,0,1,0,3
0.9999999,52,0,0.222052067,1958.0,1,1,0,0,0
0.718943158,46,0,0.292065518,4700.0,8,0,1,0,2
0.5401505,30,0,0.143818496,5200.0,8,0,0,2,5
0.716283716,46,0,0.389372947,7000.0,9,0,2,0,0
0.0,30,0,0.02365878,3000.0,4,0,0,0,0
0.164062633,42,1,0.281372659,8916.0,12,0,2,0,3
0.221894163,38,0,0.048968171,14294.0,6,0,0,0,0
0.781095854,56,4,440.0,5400.0,15,0,0,1,0
0.355206847,43,0,0.171603893,9451.0,6,0,1,0,0
0.914678043,49,0,0.496158299,9500.0,8,0,2,0,2
0.209505351,39,0,0.666111296,3000.0,18,0,2,0,0
0.56508134,39,0,0.271790066,3200.0,10,0,0,0,1
0.065645594,56,1,0.275246393,7000.0,19,0,1,0,0
0.002141764,47,0,0.464191976,8000.0,24,0,2,0,2
0.024004591,51,0,1716.0,5400.0,10,0,2,0,2
0.9999999,43,2,0.058418761,7120.0,0,3,0,0,2
0.138939149,58,0,0.325758953,5500.0,8,0,1,0,0
0.0,51,0,0.197311692,7885.0,5,0,2,0,2
0.198855841,51,0,0.431120628,1400.0,9,0,0,0,0
0.008086781,64,0,0.484275586,5500.0,5,0,2,0,0
0.9999999,43,0,0.174809586,5382.0,3,0,0,0,0
0.031784408,62,0,0.007782101,9508.0,6,0,0,0,0
0.0,44,0,0.133143116,37500.0,15,0,4,0,0
0.469343672,52,0,0.238821673,1900.0,6,0,0,0,1
0.10654232,60,0,0.124751076,15566.0,12,0,2,0,0
0.9999999,81,0,2.0,5400.0,4,0,0,0,0
0.000699983,53,0,0.0,4100.0,5,0,0,0,2
0.9999999,40,2,0.123969008,4000.0,1,0,0,0,1
0.178379706,51,0,0.329608281,8500.0,10,0,2,0,1
0.202720819,75,1,0.079856019,7500.0,5,0,1,0,0
0.164925325,46,2,0.122741221,8798.0,11,0,1,0,0
0.242507078,42,0,0.470424882,3600.0,13,0,2,0,0
0.494780209,46,0,3260.0,5400.0,4,0,1,0,0
0.585545303,53,0,0.158786168,4250.0,16,0,0,0,0
0.018913745,55,0,350.0,0.0,5,0,0,0,1
0.355891117,40,0,0.279944011,5000.0,5,0,0,0,2
0.421347077,46,0,0.297329335,14340.0,8,0,1,0,6
0.154640057,59,0,0.202903415,11916.0,7,0,1,0,0
0.057627601,47,0,1663.0,5400.0,3,0,1,0,0
0.098180364,33,0,0.050527485,1800.0,3,0,0,0,0
0.324282445,52,0,3278.0,5400.0,7,0,1,0,0
0.321207638,56,0,0.180744691,10500.0,24,0,1,0,0
0.442822287,42,0,0.570130264,3300.0,3,0,1,0,0
0.857186266,54,0,0.547829242,8268.0,14,0,1,0,0
0.064615646,57,0,0.144328142,11750.0,6,0,2,0,0
0.450157083,79,0,0.84177844,4025.0,21,0,2,0,0
0.00347756,74,0,0.039996191,10500.0,8,0,0,0,0
0.112559113,52,0,0.371942778,6500.0,18,0,1,0,0
0.92200156,59,0,5164.0,5400.0,10,0,3,0,0
0.009999275,43,0,0.085989251,8000.0,6,0,0,0,3
0.010502648,67,0,484.0,5400.0,4,0,1,0,0
0.082219379,74,0,0.037103263,4473.0,5,0,0,0,0
0.125414882,58,0,0.354852145,2400.0,8,0,1,0,1
0.553894199,90,0,2315.0,5400.0,11,0,1,0,0
0.0,84,0,437.0,5400.0,3,0,1,0,0
0.104035175,51,0,0.271381292,5740.0,5,0,1,0,2
0.13838673,41,0,0.452062132,5600.0,9,0,1,0,0
0.015025128,53,0,0.027331511,15000.0,5,0,0,0,0
0.301608945,45,0,0.367962275,6997.0,6,0,1,0,3
0.237715579,53,0,0.537123144,6666.0,6,0,2,0,1
0.001916999,52,0,0.533261417,2780.0,6,0,1,0,0
0.9999999,47,0,1347.0,5400.0,1,0,1,1,0
0.615158689,51,0,0.284329307,12583.0,9,0,1,0,0
0.765536202,56,0,0.254305663,6444.0,8,0,0,0,0
0.625392547,63,0,0.694265681,10410.0,13,0,6,0,0
0.4546851,30,0,0.118981907,3260.0,5,4,0,1,1
0.004832528,77,0,0.0,1740.0,1,0,0,0,0
0.198851974,52,1,0.29355476,16197.0,22,0,3,0,0
0.9999999,78,0,30.0,5400.0,4,0,0,0,0
0.018892813,34,0,0.369651522,6800.0,8,0,2,0,0
0.237786213,40,0,2439.0,5400.0,11,0,1,0,2
0.019405644,51,0,0.254543336,17167.0,4,0,1,0,0
0.9999999,40,0,0.435426958,4250.0,6,0,1,0,1
0.232150191,46,0,2.753108348,1125.0,16,0,2,0,3
0.803149606,45,0,88.0,5400.0,4,0,0,0,0
1.026096074,36,2,1.247567568,2774.0,12,1,1,0,0
0.036201163,60,0,0.419272495,4700.0,13,0,1,0,0
0.039590771,56,0,1548.0,5400.0,11,0,1,0,0
0.001999926,44,0,625.0,5400.0,4,0,0,0,3
0.182067864,40,0,0.436247913,9583.0,11,0,2,0,2
0.325831361,72,0,0.620641562,3584.0,23,0,1,0,0
0.143125971,46,0,0.568625601,10600.0,13,1,3,0,3
0.197036498,48,1,0.025570417,5083.0,9,0,0,0,2
0.012523213,30,0,2007.0,5400.0,9,0,2,0,0
0.205720168,48,1,0.269781045,12650.0,11,0,4,0,0
0.157783095,59,0,0.963227419,2800.0,16,0,2,0,0
0.866133866,36,0,0.295901366,3000.0,5,0,0,3,6
0.481629593,55,0,1.580044676,1342.0,3,0,1,0,0
0.9999999,70,0,0.225585149,7433.0,10,0,1,0,0
0.212380602,40,0,1.022795441,3333.0,9,0,2,0,1
0.176235361,39,2,2049.0,5400.0,9,2,1,0,0
0.060771025,55,0,0.182372739,4753.0,8,0,1,0,0
0.010082594,64,0,1.49127182,400.0,10,0,1,0,0
0.146944171,41,0,0.128389729,8333.0,5,0,0,0,2
0.020745649,75,0,0.039927405,550.0,6,0,0,0,0
0.656387774,49,0,0.514204823,10242.0,24,0,2,0,0
0.185218399,61,1,0.118395637,8800.0,16,0,0,0,0
0.35374202,34,0,0.303249097,3877.0,4,0,1,0,4
0.0440625,49,0,1609.0,5400.0,6,0,1,0,0
0.0,25,0,0.0,1200.0,3,0,0,0,0
0.787217199,35,0,0.800906932,4630.0,7,0,1,0,3
0.059921676,59,0,0.439417269,8442.0,13,0,2,0,1
0.9999999,47,0,0.148567622,1500.0,2,0,0,0,0
0.13576439,51,0,0.613561668,5780.0,10,0,1,0,1
0.302955164,71,0,0.340789474,2279.0,11,0,0,0,0
0.9999999,28,0,0.209616829,1330.0,1,0,0,1,1
0.106925767,57,0,6117.0,5400.0,13,0,2,0,0
0.109194766,46,0,0.514667791,16600.0,12,0,3,0,2
0.020760186,67,0,0.297540492,5000.0,11,0,1,0,1
0.060522359,52,0,0.390380313,3575.0,7,0,2,0,0
0.254929049,62,0,0.338104128,14462.0,25,0,1,0,0
0.624375624,22,0,0.119337707,3200.0,3,0,0,0,0
0.036340736,74,0,0.016116352,5087.0,8,0,0,0,1
0.0,40,0,0.134986501,10000.0,5,0,1,0,3
0.438186711,36,0,3563.0,5400.0,6,0,1,0,0
0.645798364,46,0,0.388574127,4235.0,7,0,2,0,0
1.026244532,39,2,0.23574368,1700.0,3,0,0,1,2
0.445648098,37,0,0.274893759,12000.0,7,0,2,0,2
1.002657114,81,7,0.400659934,10000.0,14,1,3,1,0
0.034354689,50,1,2380.0,5400.0,7,0,1,0,0
0.115414737,50,2,0.758413862,3000.0,17,0,0,0,0
0.0329989,28,0,0.007248188,4000.0,3,0,0,0,0
0.034273502,60,0,0.010292953,3788.0,4,0,0,0,0
0.033442605,73,0,35.0,5400.0,2,0,0,0,0
0.124943804,70,1,1004.0,5400.0,11,0,0,0,0
0.449513107,55,0,0.557798515,5250.0,12,0,1,0,3
0.396876028,48,0,0.373824802,6700.0,7,0,1,0,1
0.056872705,71,0,181.0,5400.0,18,0,0,0,0
0.384646142,23,0,0.050816697,550.0,2,0,0,0,0
0.68032437,40,0,0.216055644,6900.0,9,0,0,0,2
0.150445043,69,0,0.154871594,5100.0,8,0,1,0,0
0.0,44,1,2440.0,5400.0,4,0,2,0,3
0.0,69,0,0.009713361,10500.0,1,0,0,0,0
0.206443186,57,0,0.539788351,12000.0,17,0,4,0,1
0.103769423,58,0,1665.0,5400.0,4,0,1,0,0
0.129618339,25,2,1341.0,5400.0,9,0,0,0,0
0.312884052,37,0,0.518200281,6400.0,16,1,2,0,2
0.0,81,0,0.0,5400.0,3,0,0,0,0
0.017425882,86,1,8.0,5400.0,6,0,0,0,0
0.0,52,2,0.535771704,4975.0,6,1,1,1,0
0.0,33,0,3491.0,5400.0,3,0,2,0,0
0.136351304,53,0,0.674437968,1200.0,4,0,1,0,0
0.002275653,69,0,0.24115177,3333.0,12,0,0,0,1
0.012349691,77,0,0.002153515,6500.0,1,0,0,0,0
0.490276018,35,2,0.583126551,2417.0,11,0,0,0,2
0.5602356,75,0,0.751973684,1519.0,6,0,1,0,0
0.034298285,48,0,0.012492192,1600.0,2,0,0,0,0
0.565443456,58,0,867.0,5400.0,5,0,0,0,1
0.006566292,75,0,676.0,5400.0,11,0,0,0,0
0.9999999,61,0,492.0,5400.0,1,1,0,0,0
0.439853952,43,0,0.219636125,6100.0,12,0,1,0,0
0.291086158,63,0,1808.0,5400.0,11,0,2,0,3
0.009650278,77,0,0.010119595,2173.0,8,0,0,0,0
0.071671879,50,0,0.433351705,12700.0,10,0,3,0,4
1.109578084,23,2,0.079654511,2083.0,2,0,0,0,2
0.0,52,0,0.458451561,2466.0,8,0,0,0,0
0.000339619,34,0,1.293853073,2000.0,5,0,1,0,0
0.784132674,46,0,0.752422704,4333.0,8,0,1,0,3
0.133235269,62,0,0.58974359,350.0,9,0,0,0,0
0.9999999,66,0,975.0,5400.0,5,0,1,0,0
0.227852959,39,2,0.028055244,90000.0,21,0,2,0,3
0.899431733,66,0,0.480241588,5794.0,8,0,2,0,0
1.181720814,50,3,0.500636248,5500.0,10,1,1,0,2
0.016868832,93,0,0.009151414,1201.0,3,0,0,0,0
0.109115444,41,0,0.135545782,2500.0,11,0,0,0,0
0.0,48,0,0.067488752,6000.0,6,0,0,0,1
0.297748298,44,0,1.237480848,12400.0,42,0,25,0,2
0.26197217,28,0,3.910179641,500.0,4,0,1,0,0
0.886018748,63,0,0.481669882,5700.0,7,0,1,0,0
0.025978113,52,0,0.272616715,14800.0,10,0,3,0,0
0.016397315,60,0,0.340032998,6666.0,13,0,1,0,1
0.026664127,52,0,0.231953609,5000.0,5,0,1,0,2
0.017390961,91,0,0.004642028,5600.0,2,0,0,0,1
0.358640287,44,1,0.077694729,5083.0,20,0,0,0,4
0.042908638,65,0,0.242090062,7616.0,14,0,1,0,0
0.108035063,63,0,0.209824591,24000.0,13,0,1,0,0
0.143568049,56,1,0.730672057,3957.0,28,0,1,0,0
0.0,33,2,1827.0,5400.0,10,0,1,0,0
0.9999999,52,0,0.234618916,6533.0,8,1,2,0,1
0.877061469,42,0,0.145207033,1762.0,2,0,0,0,3
0.000216862,58,0,0.23938031,2000.0,6,0,0,0,0
0.9999999,68,0,46.0,5400.0,2,0,0,0,0
0.137325704,44,0,0.850383206,3000.0,3,0,1,0,2
0.059158421,54,0,0.292084342,5785.0,10,0,1,0,2
0.137552103,56,0,0.353232917,5443.0,8,0,1,0,1
0.117047582,50,0,0.368915293,5217.0,11,0,1,0,1
0.353919183,48,0,0.575402236,3666.0,10,0,1,0,2
0.013716438,84,1,0.00266637,9000.0,5,0,0,0,0
0.971005799,35,0,0.568989386,6500.0,8,0,2,0,2
0.187934908,29,0,0.100214235,4200.0,4,0,0,0,0
0.009006453,28,0,0.855635758,1800.0,6,0,2,0,0
0.039071399,41,0,0.222057625,13500.0,11,0,2,0,3
0.261268653,49,0,0.028701151,6166.0,7,0,0,0,1
0.017333837,66,0,0.010278114,6615.0,8,0,1,0,0
0.510147495,65,0,0.688958009,4500.0,20,0,1,0,1
0.130914763,54,0,0.019796041,5000.0,3,0,0,0,0
0.139093045,44,0,0.19036533,5583.0,2,0,1,0,0
0.446083512,51,0,0.69971982,8208.0,10,0,3,0,1
0.22021111,53,0,0.360860137,11067.0,20,0,1,0,3
0.016715843,82,1,0.02276513,1800.0,14,0,0,0,0
0.165613148,42,1,0.366213314,6984.0,13,0,2,0,3
0.190053996,28,0,180.0,0.0,7,0,0,0,0
0.765469687,36,0,0.700449968,4666.0,6,0,2,0,1
0.098513553,73,0,0.053742802,2083.0,3,0,0,0,0
0.161410865,62,0,561.0,5400.0,20,0,0,0,0
0.033461062,54,0,0.194295736,10833.0,15,0,1,0,1
0.005472365,59,0,0.173119663,8548.0,7,0,1,0,0
0.195523143,58,0,0.291185971,6500.0,16,0,1,0,4
0.9999999,32,0,0.695473251,1700.0,2,0,1,0,1
0.180663321,49,0,7808.0,5400.0,8,0,2,0,0
0.022029193,55,0,0.005364545,4100.0,5,0,0,2,0
0.308887795,57,2,0.478586902,6000.0,10,0,2,0,2
0.229977002,64,0,68.0,5400.0,4,0,0,0,0
0.0,68,0,0.0,5400.0,1,0,0,0,0
0.07555386,66,2,0.18083803,4080.0,10,0,0,0,0
0.9999999,36,0,0.364265429,25000.0,8,0,3,0,0
0.320686666,71,0,0.98683248,4100.0,15,0,3,0,1
0.9999999,29,0,0.0,820.0,1,0,0,0,0
0.499361996,48,1,2.909251101,2269.0,17,0,2,0,3
0.122112403,53,1,0.417145714,4000.0,6,0,1,0,1
0.074229267,52,0,0.019753337,69000.0,10,0,1,0,1
0.446755324,54,0,0.231292517,3674.0,8,0,1,0,0
0.0,56,0,0.789667354,6793.0,10,0,1,0,2
0.012332511,40,0,0.662704144,9000.0,7,0,2,0,2
0.088717112,73,0,0.550847458,4011.0,4,0,1,0,0
0.245421326,53,1,0.63818132,3650.0,6,0,1,0,1
0.824971241,47,1,0.777575537,8240.0,6,1,4,0,2
0.382785255,64,0,3127.0,5400.0,10,0,2,0,0
0.045799295,31,0,0.008705859,10222.0,7,0,0,0,2
0.101179764,49,0,0.014985015,1000.0,7,0,0,0,0
0.513724777,57,1,3265.0,5400.0,15,0,2,0,0
0.111144443,72,0,2869.0,5400.0,7,0,3,0,0
0.294453267,37,0,0.464629962,6120.0,4,0,2,0,0
0.029795468,49,0,438.0,5400.0,14,1,0,0,0
0.080597313,56,0,0.604017217,2787.0,4,0,1,0,0
0.43995307,75,0,0.396254024,3416.0,12,0,0,0,1
0.786172232,50,0,0.635830445,3750.0,8,0,0,0,2
0.152852776,54,0,0.417089679,8273.0,7,0,1,0,1
0.324591885,41,0,389.0,5400.0,1,0,0,0,0
0.011405097,39,0,0.142300499,6415.0,12,0,1,0,1
0.9999999,63,0,0.119459053,2661.0,3,0,0,0,0
0.043719343,60,0,0.207584178,3058.0,7,0,0,0,0
0.169859553,55,0,0.139361385,3350.0,8,0,0,0,1
0.359200136,40,0,0.217595146,3625.0,4,0,1,0,0
0.0,55,0,1745.0,5400.0,5,0,1,0,0
0.224395028,64,0,0.348833518,6300.0,11,0,1,0,1
0.106086701,64,0,1.534041224,1600.0,8,0,1,0,0
0.549350599,69,0,0.552481903,3867.0,9,0,0,0,1
0.120369985,67,0,0.386209814,2363.0,12,0,1,0,2
1.73089701,25,0,0.009369144,1600.0,1,0,0,1,0
0.658688078,58,0,0.673865227,5000.0,11,0,1,0,2
0.748821563,51,0,0.336943442,4985.0,15,0,0,0,0
0.123258736,40,0,2188.0,5400.0,14,0,3,0,0
0.042087083,49,0,0.972927947,2400.0,7,0,1,0,0
0.128365281,45,0,125.0,5400.0,2,0,0,0,0
0.32938915,43,0,0.732544996,11500.0,13,0,3,0,2
0.014081722,82,0,0.106725608,3166.0,11,0,0,0,0
0.002661609,45,0,0.54680282,4112.0,11,0,1,0,2
0.190082269,38,1,0.308969103,10000.0,8,0,2,0,0
0.50785773,62,0,0.53603569,13000.0,19,0,2,0,0
0.00689064,52,0,0.453773113,2000.0,16,0,2,0,0
0.030731285,62,2,0.307046367,8216.0,11,0,2,0,1
1.01019796,47,0,0.548300537,5589.0,8,0,3,0,2
1.037981009,51,0,0.005364364,12116.0,1,1,0,1,2
0.574923193,36,0,0.296851808,12800.0,16,0,1,0,1
0.864330076,43,1,0.340055458,7933.0,10,1,1,0,2
1.055925433,47,0,0.547651007,1489.0,6,0,0,0,2
0.0,39,0,0.224710116,2500.0,9,0,0,0,2
0.282071793,31,0,0.223472066,2666.0,3,0,0,0,0
0.0,93,0,0.0,3545.0,1,0,0,0,0
0.013102508,35,0,0.255591376,9925.0,16,0,2,0,2
0.9999999,35,1,2.454606142,1497.0,10,0,3,0,2
0.128796975,79,0,0.028529529,7500.0,8,0,0,0,2
0.901591005,46,1,1.212964506,6000.0,16,0,2,0,2
0.908658043,49,0,0.300073368,2725.0,6,0,0,0,0
0.828171828,33,0,0.005759539,4166.0,1,0,0,0,0
0.008331945,89,0,0.00029146,3430.0,4,0,0,0,0
0.64678816,45,3,3802.0,5400.0,12,0,1,0,0
0.137091974,65,0,0.318680051,8666.0,8,0,1,0,1
0.063891159,61,0,0.00737798,5285.0,4,0,0,0,0
0.019163239,49,0,0.19841885,6450.0,9,0,2,0,2
0.766447813,30,0,0.285977374,3800.0,8,0,0,0,0
0.004842381,61,0,3.0,5400.0,2,0,0,0,0
0.182424219,35,0,0.124081153,3400.0,7,0,0,0,0
0.166006162,64,0,0.313156657,6376.0,15,0,1,0,0
0.264490273,46,0,4663.0,5400.0,19,0,2,0,0
0.956695536,33,0,0.324365872,1300.0,3,0,0,1,2
0.9999999,37,0,0.32886012,6333.0,5,0,1,0,0
0.028634879,57,0,0.488909716,3200.0,11,0,3,0,1
0.004453261,51,0,3.0,5400.0,1,0,0,0,0
0.317351718,53,0,0.861538462,2339.0,6,0,2,0,1
0.771740542,72,0,0.643280632,7083.0,15,0,1,0,0
0.068354702,66,0,0.178126442,4333.0,6,0,1,0,0
0.099197902,42,0,0.072985403,5000.0,17,0,0,0,2
0.175494142,49,0,0.465528015,4800.0,12,0,2,0,0
0.005959476,64,0,0.267475036,1401.0,9,0,0,0,0
1.435215947,60,1,0.178900289,3800.0,3,0,0,1,0
0.421594952,51,0,0.378316032,10403.0,14,0,1,0,1
0.0,31,0,0.730945439,2400.0,8,0,1,0,0
0.102798127,60,0,166.0,5400.0,5,0,0,0,0
0.202759814,40,1,1061.0,5400.0,9,0,0,0,3
0.435761392,47,1,0.125854891,13451.0,11,0,1,0,0
0.0,68,0,0.0,1185.0,2,0,0,0,0
0.121190437,57,0,0.209883174,7446.0,6,0,1,0,0
0.881955902,48,1,0.547337991,4150.0,8,0,1,0,2
0.285942811,41,0,0.095048789,2766.0,5,0,1,0,0
0.034203177,48,0,0.359092068,3920.0,10,0,2,0,0
0.39328907,66,0,0.476488065,9760.0,11,0,2,0,0
0.023118958,55,0,0.390198741,8100.0,9,0,3,0,0
0.463281858,28,0,0.039050297,3200.0,4,0,0,0,0
0.960537958,50,1,0.381843295,7963.0,5,6,1,2,3
0.304453133,57,1,0.387419165,1700.0,11,0,0,0,0
0.169924651,60,0,0.662667467,5000.0,24,0,2,0,0
0.147763896,50,0,101.0,5400.0,2,0,0,0,0
0.182199643,46,0,0.302671047,7000.0,11,0,2,0,2
0.032102136,57,0,0.316001612,2480.0,6,1,0,0,0
0.0,46,1,0.299358248,5297.0,5,0,1,0,2
0.668489299,43,0,0.862560635,6802.0,6,0,2,0,2
1.024875622,50,0,0.00140614,4266.0,1,0,0,0,1
0.0,71,0,0.265497616,6500.0,8,0,2,0,0
0.031265972,47,0,3419.0,5400.0,8,0,2,0,3
0.0,38,0,0.117952819,2500.0,8,0,0,0,0
0.196938865,55,0,0.419197877,6781.0,22,0,2,0,0
0.943518602,34,0,1747.0,5400.0,9,0,1,0,0
0.040353762,43,0,0.52722063,5583.0,6,0,2,0,2
0.769286802,51,1,0.359542631,7083.0,11,0,2,1,0
0.072298193,28,0,0.534325705,4500.0,4,0,2,0,0
0.452331452,47,0,3048.0,5400.0,6,0,2,0,0
0.464144499,59,0,4001.0,5400.0,23,0,3,0,1
0.331313208,42,0,0.396027564,7400.0,8,0,4,0,4
0.9999999,42,1,91.0,5400.0,0,0,0,0,0
0.0,54,0,0.283534982,1900.0,4,0,0,0,0
0.639006626,70,0,0.266197705,2700.0,10,1,1,0,0
0.099980004,26,0,0.162687396,1800.0,5,0,0,0,0
0.65049998,54,0,0.281826163,3416.0,8,0,0,0,0
0.247984025,57,0,0.186937408,4776.0,16,0,0,0,0
0.476450336,35,0,0.477391572,3250.0,15,0,0,0,0
0.289241927,67,0,0.216924534,6333.0,12,0,2,0,0
0.023044317,61,0,0.419916017,5000.0,18,0,2,0,1
0.454872684,46,1,0.243261921,4340.0,4,0,0,0,0
0.300556265,61,0,0.429245283,2331.0,9,0,0,1,0
0.224614258,75,0,0.316081662,5583.0,13,0,1,0,0
0.208860939,44,0,1568.0,0.0,8,0,1,0,0
0.915023183,71,0,3670.0,5400.0,13,0,2,0,0
0.026666238,56,0,3840.0,5400.0,8,0,2,0,2
0.039149612,64,0,760.0,5400.0,5,0,1,0,0
0.0,39,0,0.244487057,7300.0,20,0,2,0,0
0.763969441,43,0,0.553153153,3884.0,5,0,1,0,2
0.000991365,79,0,1.0,5400.0,10,0,0,0,0
0.204522811,66,0,2186.0,5400.0,10,0,1,0,0
0.9999999,29,0,0.0,5400.0,0,3,0,0,0
0.087203073,52,1,0.059988002,5000.0,10,0,0,0,0
0.010523213,77,0,608.0,5400.0,8,0,1,0,0
0.0,66,0,0.0,5400.0,14,0,0,0,0
0.9999999,55,0,0.0,1000.0,0,1,0,0,0
0.258774123,31,0,0.903883122,2600.0,9,0,1,0,1
0.00966754,29,2,0.042591482,5000.0,8,0,0,0,0
0.982055024,46,4,925.0,5400.0,9,0,0,1,4
0.086980237,52,0,0.413205538,8450.0,4,0,1,0,0
0.006198043,89,0,0.104122246,8441.0,11,0,2,0,0
0.092706991,51,0,0.01487881,4166.0,4,0,0,0,0
0.002862215,70,0,0.179280111,4333.0,9,0,1,0,0
0.223388306,25,0,735.0,5400.0,1,0,0,0,0
0.001166569,78,0,1568.0,5400.0,4,0,1,0,0
0.146272499,56,0,358.0,5400.0,10,0,1,0,0
0.902097902,22,0,271.0,5400.0,2,0,0,0,0
0.013972056,30,0,0.175387947,2770.0,2,0,0,0,4
0.687181472,60,0,0.281084386,9811.0,6,0,2,0,2
0.9999999,38,0,0.0,0.0,2,0,0,0,1
0.028922088,51,0,0.0074985,3333.0,4,0,0,0,2
0.188844858,61,3,0.624159707,4908.0,11,0,3,0,0
0.9999999,30,1,0.59128406,12000.0,12,0,4,0,0
0.327561224,39,0,0.445555444,10000.0,16,0,2,0,1
0.095452274,27,0,0.160313502,2806.0,3,0,0,0,0
0.117331257,54,0,0.145570886,5000.0,4,0,0,0,3
0.176549017,48,0,0.546053405,8500.0,18,0,2,0,0
0.090027442,47,0,0.386303775,3416.0,14,0,1,0,4
0.785894947,39,1,0.182954261,4000.0,4,0,0,0,0
0.56725862,49,0,0.451016186,8216.0,12,0,3,0,3
0.026795911,43,0,2.12987013,1000.0,6,0,1,0,2
0.035551605,85,0,16.0,5400.0,2,0,0,0,0
0.125343007,49,0,0.289261529,3100.0,12,0,1,0,1
0.665635566,50,0,0.662638469,6950.0,12,0,2,0,1
0.001128996,47,0,0.321780858,3750.0,6,0,1,0,1
0.200101426,63,0,2.351917196,4250.0,21,0,6,0,0
0.041843515,34,0,0.009331778,6000.0,4,0,0,0,0
0.050529965,72,0,0.016793893,1309.0,4,0,0,0,0
0.081607632,67,0,0.073622565,8366.0,9,0,0,0,0
0.025883719,69,0,0.368762385,5550.0,16,0,1,0,1
0.280690397,63,2,0.487277354,5501.0,19,0,0,0,0
0.0,30,0,0.0,1000.0,4,0,0,0,2
0.079260855,50,0,0.662309835,14000.0,17,0,4,0,3
0.846555097,28,0,0.609770688,5014.0,9,0,2,1,0
0.07972284,66,0,0.139849306,14200.0,8,0,1,0,2
0.071223184,58,0,0.041991602,3333.0,13,0,0,0,0
0.018898816,61,0,1520.0,5400.0,15,0,2,0,0
0.207903507,60,0,0.477624973,4580.0,5,0,1,0,0
0.061032296,57,1,0.153384662,10000.0,13,0,0,0,1
0.127713194,52,0,0.550224888,2000.0,3,0,1,0,0
0.0,33,0,0.572345204,6233.0,12,0,2,0,2
0.345057194,45,0,0.797415782,6500.0,14,0,1,0,0
0.07579605,50,0,4.129740519,500.0,14,0,1,0,0
0.015472056,40,0,0.37265094,2500.0,6,0,0,0,3
0.579946301,49,1,0.092041312,6583.0,6,0,0,0,0
0.196114444,35,0,2241.0,5400.0,6,0,1,0,0
0.134326033,63,0,1689.0,5400.0,6,0,1,0,0
0.001161597,63,0,0.097774347,7772.0,8,0,0,0,0
0.958300914,37,0,0.454187087,9385.0,13,0,3,0,2
0.077166899,71,0,0.017423593,3500.0,3,0,0,0,0
0.24995001,66,0,0.175461231,7750.0,13,0,1,0,0
0.941887107,37,1,854.0,5400.0,4,2,0,1,0
0.284938793,50,0,0.263838297,14000.0,4,0,1,0,3
0.041034249,32,0,0.062441049,5300.0,3,0,0,0,5
0.11730369,94,0,69.0,5400.0,2,0,0,0,0
0.830919475,55,0,0.429028133,4691.0,14,0,0,0,2
0.468542284,72,0,0.322805025,14088.0,10,0,2,0,0
0.037348706,55,0,1663.0,5400.0,7,0,2,0,0
0.003393734,75,0,1.0,5400.0,4,0,0,0,0
0.291819198,36,0,1.199120352,2500.0,11,0,2,0,0
0.059580943,52,0,1055.0,5400.0,12,0,1,0,0
0.0,34,0,0.317323306,11700.0,9,0,2,0,2
0.764433103,33,0,0.509228876,9751.0,20,0,2,0,0
0.9999999,61,0,0.016959878,7900.0,1,1,0,0,0
0.9999999,37,1,0.03508453,5500.0,2,0,0,0,0
0.199336013,44,0,0.55026455,5291.0,7,0,1,0,1
0.945591896,66,1,0.321828136,4200.0,11,0,0,0,3
0.019141763,43,0,0.093431484,8829.0,5,0,0,0,1
0.904007999,61,1,0.381971567,6400.0,7,0,1,0,0
0.553196217,41,0,0.37517305,6500.0,5,0,2,0,3
0.689510998,85,1,0.20751465,2900.0,8,1,1,0,1
0.144757539,54,0,0.447296559,5492.0,7,0,1,0,0
0.984771739,51,0,0.827593152,4964.0,10,0,1,0,1
0.253566191,33,0,0.383150756,3833.0,3,0,1,0,0
0.006053836,65,0,0.529788085,2500.0,8,0,1,0,0
0.074249414,36,0,0.033397773,15000.0,9,0,0,0,1
0.274192667,28,1,2148.0,5400.0,9,0,2,0,0
0.0,75,1,291.0,5400.0,7,0,0,1,0
0.17683466,49,0,0.03616064,6000.0,5,0,0,0,0
0.980751604,57,0,0.184113093,5941.0,5,0,0,0,1
0.835627697,45,0,0.83002698,6300.0,18,0,2,0,3
0.107107698,44,0,4744.0,5400.0,11,0,2,0,0
0.068351575,59,0,2468.0,5400.0,7,0,1,0,0
0.802838938,48,2,0.211554486,10800.0,9,1,0,0,1
0.480806055,82,0,0.52194035,5833.0,11,0,1,0,0
0.144741409,44,0,0.378334017,7310.0,9,0,1,0,1
0.064761281,60,0,0.080881505,17333.0,5,0,1,0,3
0.714958925,41,0,0.077904011,8625.0,7,0,0,0,1
0.862394058,76,0,0.060208842,4500.0,3,0,0,0,0
0.808473121,51,0,0.250475414,7361.0,9,0,0,0,2
0.083636539,36,0,5209.0,5400.0,7,0,2,0,0
0.04057729,77,0,0.022790884,2500.0,13,0,0,0,0
0.145166694,46,0,2043.0,5400.0,27,0,1,0,0
0.288487786,55,0,0.672037056,9930.0,12,0,3,0,0
0.662365712,59,0,0.54434364,5400.0,8,0,1,0,0
0.268852183,72,0,1824.0,5400.0,10,0,1,0,0
0.356926124,86,0,0.248846225,5416.0,12,0,0,0,0
0.242191974,50,0,0.584805065,3000.0,3,0,1,1,3
0.0,43,2,0.393327349,6683.0,6,0,2,0,2
0.014816088,80,0,0.390536488,3000.0,23,0,2,0,0
0.418531568,53,2,2575.0,0.0,9,0,2,0,0
0.746003941,43,0,1.44638404,400.0,3,0,1,0,0
0.066553957,61,0,0.207773161,4090.0,9,0,1,0,1
0.090785456,54,0,0.616973154,10168.0,15,0,2,0,2
0.061981178,50,0,2625.0,5400.0,16,0,1,1,0
0.674349125,47,5,0.285577154,8333.0,20,0,1,0,3
0.112246929,43,0,0.229037037,6749.0,14,0,0,0,6
0.040219988,25,0,0.414654455,1200.0,7,0,0,0,0
0.395224191,63,0,0.48046875,3583.0,4,0,0,0,0
0.9999999,50,0,0.077568972,2500.0,3,0,0,1,0
0.0,63,0,0.117837089,13000.0,5,0,1,0,2
0.104537909,56,0,0.155844156,1000.0,4,0,0,0,2
0.0,85,0,0.006634499,3315.0,3,0,0,0,0
0.509899756,62,0,1414.0,5400.0,8,0,2,0,0
0.910508949,46,1,0.893410659,10000.0,8,0,3,0,3
0.084097001,44,0,1391.0,5400.0,7,0,1,0,0
0.101902876,63,0,0.317249387,7750.0,16,0,2,0,0
0.0,41,0,0.123684696,5416.0,3,0,0,0,2
0.883748833,83,0,0.338548457,2300.0,4,0,0,1,0
0.397989924,50,1,0.639286414,5100.0,11,0,3,0,2
0.026693333,55,0,0.289088538,6900.0,7,0,1,0,1
0.036522515,54,0,0.006256058,11348.0,2,1,0,0,1
0.202174864,39,0,3582.0,5400.0,9,0,1,0,0
0.9999999,26,0,0.003740648,801.0,0,1,0,0,0
1.028657114,44,1,0.480651935,10000.0,6,0,1,1,2
0.809317829,55,0,4280.0,5400.0,15,0,1,0,0
0.623425105,71,0,280.0,5400.0,2,0,0,0,0
0.690677242,68,0,1.099846727,4566.0,19,0,1,0,1
0.405049579,28,0,0.472601423,5200.0,7,0,1,0,2
0.235697039,61,0,0.509479242,4166.0,14,0,2,0,0
0.160736605,44,0,0.195467422,6000.0,2,0,1,0,0
0.0,36,0,0.052934949,8500.0,6,0,0,0,0
0.007239206,68,0,0.399250104,7200.0,7,0,1,0,0
0.464811558,46,0,0.581492637,5975.0,7,0,3,0,2
0.026094997,29,0,0.459672044,7500.0,8,0,1,0,0
0.017600757,72,0,0.159383033,3500.0,5,1,1,0,0
0.106782247,47,0,0.468740741,3374.0,5,0,1,0,0
0.01676191,64,0,0.201772324,4400.0,14,0,1,0,0
0.355400287,52,0,0.339041875,17575.0,19,0,3,0,3
0.0,56,0,1185.0,5400.0,6,0,2,0,0
0.00130166,63,2,447.0,5400.0,13,0,1,0,0
0.888111888,63,1,0.455848359,2162.0,8,0,0,1,1
0.048497575,39,0,0.241695304,6983.0,9,0,3,0,1
0.625523405,54,0,0.719064047,6666.0,10,0,4,0,0
0.17727829,65,0,0.02413417,7333.0,2,0,0,0,0
0.44244956,38,2,0.036990752,4000.0,3,0,0,0,0
0.944997879,36,0,0.861536482,7770.0,13,0,2,0,2
0.896777171,54,1,0.235254915,3000.0,5,0,0,1,0
0.961648974,33,0,0.396450939,9579.0,6,0,2,0,3
0.37919052,69,0,0.457814419,5700.0,3,0,2,0,0
0.093176008,73,0,81.0,5400.0,9,0,0,0,0
0.379258624,51,0,3029.0,5400.0,7,0,2,0,0
0.938460459,72,2,1464.0,5400.0,11,0,1,0,0
1.239043825,57,1,0.196728188,2383.0,3,4,0,1,1
0.861211129,43,0,0.786309674,3958.0,10,0,2,0,1
0.0,74,0,0.291427356,4700.0,9,0,2,0,0
0.031308619,35,0,0.74385123,3333.0,14,0,1,0,0
0.9999999,30,0,0.308473253,2560.0,2,0,1,0,1
0.544241593,47,1,0.423625255,5400.0,12,0,2,0,0
0.036664727,54,0,0.248644742,8300.0,5,0,1,0,1
0.082867545,93,0,0.028379432,16666.0,3,0,0,0,0
0.600133289,40,0,54.0,5400.0,2,0,0,0,0
0.676420903,43,0,0.098596332,8833.0,7,0,0,1,0
0.665264313,61,2,1765.0,5400.0,9,0,2,0,0
0.791722138,88,0,0.258303773,3100.0,4,0,0,0,0
0.008493805,37,0,0.044461286,7916.0,4,0,0,0,0
0.036473736,43,0,0.161007249,2620.0,4,0,0,0,0
0.014094567,53,0,1592.0,5400.0,4,0,1,0,0
0.9999999,34,0,0.293141372,5000.0,6,0,1,0,0
0.779405081,28,0,1.076923077,1650.0,10,0,0,0,2
0.083343939,57,0,0.175456136,4000.0,9,0,0,0,0
0.0,40,1,0.26113299,3300.0,3,0,0,0,0
0.033248813,42,0,2318.0,5400.0,8,0,1,0,0
0.000905643,64,0,1260.0,5400.0,6,0,1,0,0
0.9999999,50,0,0.044712345,6552.0,1,1,0,1,4
0.011542376,79,0,0.288213244,2400.0,22,0,1,0,0
0.01449015,30,0,0.268526826,11145.0,7,0,2,0,0
0.022888878,48,1,0.405599341,8500.0,13,0,3,0,0
0.170134639,43,0,3330.0,5400.0,8,0,1,0,0
0.0,49,0,0.23035335,5178.0,11,0,1,0,1
0.1575179,56,0,0.268666972,4365.0,8,0,1,0,0
0.0,35,0,0.314512572,6800.0,11,0,2,0,0
0.716837755,32,0,0.307897368,3000.0,11,0,0,0,2
0.057513329,59,0,3293.0,5400.0,13,0,2,0,0
0.9999999,46,2,0.274089085,25166.0,4,0,1,2,3
0.30324175,37,0,0.49996961,16452.0,18,0,3,0,2
0.011842905,63,0,0.183020609,3250.0,11,0,0,0,0
0.008118279,54,0,0.176202644,9000.0,13,0,1,0,0
0.004395247,46,0,0.325642209,6500.0,7,0,1,0,0
0.404735096,40,0,0.224582636,23300.0,17,0,2,0,2
0.853367988,42,1,0.348691485,2712.0,17,0,0,0,0
0.727175918,40,0,0.660461478,12784.0,24,0,6,0,2
0.097047786,40,0,0.316354317,6242.0,8,0,1,0,3
0.911898274,41,1,0.166723145,2950.0,5,2,1,2,4
0.005021953,91,1,0.142492875,20000.0,11,0,2,0,1
0.322573314,57,0,0.502210433,7916.0,14,0,2,0,1
0.157951263,64,0,0.49396188,6872.0,16,0,1,0,0
0.022665293,26,0,0.646772229,820.0,8,0,0,0,0
0.282537706,37,0,0.4252386,6600.0,12,0,1,0,0
0.288706037,45,0,0.189633823,16958.0,5,0,1,0,2
0.502813651,85,0,0.036585366,10167.0,3,0,0,0,0
0.019427461,53,0,0.167244969,1440.0,7,0,0,0,0
0.507542973,77,0,0.667719021,3800.0,12,0,1,0,0
0.181903413,54,0,0.231307827,3998.0,7,0,0,0,2
0.158436837,66,0,15.0,5400.0,1,0,0,0,0
0.957304684,56,2,0.65521997,7250.0,7,0,3,0,3
0.066345136,26,0,0.129472822,3660.0,5,0,0,0,0
0.610730179,63,0,0.549987281,7861.0,19,0,1,0,1
0.050361102,42,0,0.458987784,4583.0,11,0,1,0,0
0.0,47,0,2287.0,5400.0,4,0,1,0,0
0.20099196,57,0,150.0,5400.0,2,0,0,0,1
0.285178705,26,0,0.07364545,1900.0,4,0,0,0,0
0.015715956,60,0,408.0,5400.0,13,0,0,0,0
0.010679197,55,0,0.072963035,10333.0,8,0,1,0,1
0.843371805,45,0,0.185965468,6312.0,3,0,1,0,0
0.095133453,78,0,0.126069914,12500.0,5,0,2,0,0
1.223552894,62,0,0.035392921,5000.0,1,0,0,0,0
0.012926001,73,0,0.00999643,2800.0,6,0,0,0,0
0.162612368,66,0,0.769640479,5256.0,9,0,1,0,0
0.092367131,48,1,0.419967794,3104.0,13,0,1,0,1
0.9999999,41,0,0.221981826,6932.0,4,0,1,0,0
0.015941567,33,0,0.654896736,1500.0,8,0,2,0,2
0.594474858,42,0,0.205082078,8893.0,14,0,1,0,0
13400.0,43,0,0.99580084,5000.0,11,0,1,0,1
0.237111665,50,0,0.257160393,9775.0,9,0,2,0,2
0.062492951,40,0,1.011247188,4000.0,15,0,3,0,1
1.740863787,42,0,0.131843346,4876.0,3,2,0,1,1
0.207632061,72,0,0.338915271,4000.0,7,0,1,0,0
0.123943803,68,0,0.02386327,3100.0,3,0,0,0,0
0.218079196,69,0,1559.0,5400.0,13,0,2,0,0
0.932919323,41,0,0.638117542,8966.0,10,0,2,0,2
0.437728114,61,0,0.354546159,12900.0,10,0,2,1,0
0.92253648,31,0,0.976038339,625.0,8,2,0,0,0
0.140644301,66,0,0.251819343,18000.0,6,0,2,0,0
0.296404666,39,1,0.489139693,4695.0,15,0,1,0,0
0.011186479,62,0,2104.0,5400.0,13,0,3,0,0
0.017533041,64,0,0.192023746,13138.0,4,0,1,0,0
0.758598079,32,0,1793.0,5400.0,6,0,2,0,0
0.139561707,27,0,10.0,5400.0,1,1,0,0,0
0.017156341,47,0,0.247616118,3250.0,8,0,1,0,2
0.9999999,50,0,0.473656755,1916.0,1,0,1,0,0
0.064420599,42,0,0.641195627,8597.0,8,0,3,0,0
0.976019821,48,1,0.401397422,8300.0,14,0,1,0,1
0.063426306,66,0,0.364851958,3140.0,6,0,1,0,0
0.054189108,69,2,0.156784322,10000.0,22,0,2,0,0
0.977629063,44,0,1.193382154,3686.0,12,0,2,0,4
0.880440256,52,0,0.811495894,2800.0,10,0,0,0,0
0.315441334,69,3,0.609598172,5250.0,21,0,2,0,0
0.981050947,59,0,0.316674239,2200.0,4,0,0,0,0
0.194680756,71,0,0.215322236,4685.0,8,0,1,0,1
0.566900919,40,0,0.564562826,5180.0,7,0,2,0,0
0.0,31,0,0.332202979,8256.0,9,0,2,0,0
0.237230633,55,0,0.810899695,8513.0,46,0,4,0,0
0.041709054,59,0,0.322836456,8700.0,10,0,2,0,0
0.373869118,63,1,0.416402987,7900.0,13,0,0,0,0
0.427114577,28,0,0.217583064,3400.0,5,1,0,0,0
0.725904262,50,0,0.327150592,9973.0,7,0,2,0,1
0.384844615,55,0,0.769796833,6250.0,21,0,2,0,1
0.102765141,46,0,0.401409971,13900.0,16,0,4,0,0
0.353796976,40,1,0.404633844,4833.0,11,0,2,0,0
0.861108047,64,3,0.432890737,6250.0,12,0,1,0,0
0.796441789,36,0,0.381946486,3400.0,12,0,1,0,0
0.045814017,58,0,0.43905552,4700.0,5,0,1,0,0
1.006993007,25,0,0.019986676,1500.0,1,0,0,0,1
0.9999999,49,0,0.125487757,35365.0,10,0,3,0,2
0.001999909,68,0,0.182084777,3750.0,10,0,1,0,0
0.014961855,39,0,0.175626777,7737.0,6,0,2,0,0
0.023777191,60,0,0.20716592,9600.0,7,0,1,0,0
0.0,39,0,0.0,4583.0,1,0,0,0,3
0.0,43,0,1.014218009,3797.0,6,0,4,0,0
0.085784404,50,0,0.150128535,5834.0,9,0,0,0,1
0.0,52,1,0.45764639,5276.0,8,0,2,0,2
0.031464569,71,0,41.0,5400.0,1,0,0,0,0
0.013313098,61,0,0.08051839,16666.0,8,0,1,0,0
0.0,62,1,0.175516224,2033.0,7,0,0,0,0
0.005203551,48,0,0.424842226,3485.0,11,0,1,0,0
0.0,49,0,0.342692585,4166.0,7,0,2,0,3
0.183285775,76,0,0.49580084,3333.0,10,0,2,0,0
0.941376466,64,0,0.357471035,10011.0,5,0,3,0,0
0.211109087,64,0,0.062322946,6000.0,5,0,0,0,0
0.04018482,64,2,2433.0,5400.0,19,0,1,0,0
0.027246133,56,0,0.294074401,6800.0,8,0,2,0,0
0.127102476,67,0,0.279701845,11000.0,16,2,2,0,1
0.002365339,79,0,4.0,5400.0,9,0,0,0,0
0.488725016,62,1,0.694078947,4863.0,10,0,1,0,1
0.02147771,64,0,0.016029923,3742.0,7,0,0,0,0
0.9999999,26,0,0.110124334,2251.0,2,0,0,0,0
0.717892632,36,0,0.41858113,6920.0,8,0,1,0,3
0.2710397,43,0,2950.0,5400.0,4,0,1,0,3
0.038383139,65,0,0.006393298,4535.0,3,0,0,0,1
0.734317772,36,0,0.288735102,2600.0,5,0,0,0,0
0.374997047,58,0,0.31237721,4580.0,17,0,0,0,2
0.038807688,68,0,0.003719447,22583.0,7,0,0,0,0
0.324397038,40,0,0.071243299,5782.0,5,0,0,0,5
0.705297455,58,0,2271.0,5400.0,7,0,1,0,0
0.730585121,62,0,2.315377532,2171.0,18,0,2,0,0
0.153378891,69,0,0.079980005,4000.0,3,0,0,0,1
0.935802568,58,0,2938.0,1.0,4,0,2,0,3
0.110773441,51,0,0.373260145,5100.0,21,0,1,0,0
0.024586096,44,0,0.168590272,7277.0,14,0,1,0,0
7839.0,59,0,0.189990001,19000.0,9,0,1,0,1
0.0,45,0,0.305107988,5833.0,9,0,1,0,1
0.022945748,52,1,4206.0,5400.0,8,0,2,0,0
0.084772042,61,0,0.312674244,9325.0,12,0,2,0,3
0.181645826,59,0,0.240810979,14500.0,23,0,1,0,0
0.000400529,57,0,0.344174792,14050.0,17,0,3,0,0
0.484094744,27,0,0.089130124,7000.0,12,0,0,0,0
0.362322494,25,0,0.574972233,2700.0,8,0,2,0,0
0.990574122,33,2,0.195837598,2930.0,6,0,0,0,4
0.467667283,56,0,0.6800985,13400.0,12,0,5,0,1
0.0,63,0,0.0,4900.0,3,0,0,0,0
0.186757027,30,0,0.024987506,2000.0,3,0,0,0,0
0.121457049,62,0,0.192426667,9374.0,5,0,1,0,0
0.11083647,31,0,1.301340861,2833.0,8,0,2,0,0
0.9999999,43,1,0.073447414,5200.0,6,0,0,0,2
0.172709756,63,0,0.532901628,10500.0,20,0,3,0,0
0.00124253,47,0,0.212948312,7583.0,3,0,1,0,2
0.045772692,31,0,12.0,5400.0,2,0,0,0,0
0.128342485,43,0,0.011198507,7500.0,4,0,0,0,1
0.029810196,56,0,0.5130674,9450.0,11,0,1,0,1
0.479346946,56,5,1.189905047,2000.0,9,2,1,3,1
0.179740974,62,0,0.405915845,7200.0,6,0,2,0,0
0.037616541,40,0,38.0,5400.0,7,0,0,0,0
0.0,31,0,0.455665025,2029.0,5,0,1,0,0
0.33212936,44,0,0.541383017,5581.0,6,0,2,0,0
0.059125293,89,0,20.0,5400.0,8,0,0,0,0
0.764332654,45,1,2584.0,0.0,7,0,1,0,2
0.956898467,65,0,0.534115921,4088.0,4,0,1,0,0
4.443418803,51,0,872.0,5400.0,6,0,0,1,0
0.122304516,62,0,2563.0,5400.0,16,0,1,0,0
0.018235742,70,0,0.346650384,5731.0,18,0,2,0,0
0.001028249,61,0,0.000374953,8000.0,8,0,0,0,0
0.374328209,60,2,0.091867063,3700.0,5,0,0,0,0
0.04519536,75,0,0.630785053,2916.0,7,0,2,0,1
0.0,38,0,3386.0,5400.0,9,0,5,0,0
0.030728132,78,0,0.059310578,5917.0,9,0,1,0,1
0.399615148,72,2,0.309552826,10666.0,10,0,2,0,0
0.036316113,67,0,154.0,5400.0,5,0,0,0,0
0.306058488,47,0,0.691051491,6000.0,11,0,1,0,1
0.06439678,67,0,38.0,5400.0,5,0,0,0,0
0.411473651,53,0,0.401695468,9200.0,17,0,2,0,0
0.988180201,51,0,0.289504487,10251.0,9,0,0,0,3
0.041012477,63,0,0.431479462,2750.0,5,0,1,0,2
0.0,37,0,0.39830085,2000.0,7,0,1,0,1
0.0,51,0,3.0,5400.0,6,0,0,0,0
0.065537211,28,1,368.0,5400.0,5,0,0,0,1
0.037453184,36,1,0.986337887,3000.0,9,0,2,0,2
0.093456934,68,0,948.0,5400.0,9,0,1,0,0
0.016500505,78,0,0.00633383,5367.0,4,0,0,0,0
0.001145219,84,0,4.0,5400.0,10,0,0,0,0
0.42047664,39,0,0.431933549,4333.0,21,0,0,0,1
0.013610742,59,0,0.381959126,4256.0,8,0,1,0,4
0.050587243,60,0,2141.0,5400.0,14,0,1,0,0
0.998734337,52,1,0.324688797,5783.0,10,0,2,0,0
0.834116588,38,0,0.272944337,6700.0,4,0,1,0,3
0.0,63,0,229.1666667,5.0,5,0,1,0,0
0.016372663,66,0,0.169556998,12166.0,4,0,1,0,0
0.090981509,46,0,2.037201555,1800.0,13,0,1,0,2
0.077415241,53,0,0.0229977,10000.0,9,0,0,0,2
0.094633242,59,0,1193.0,5400.0,5,0,0,0,0
0.210710516,66,0,0.179653043,3400.0,3,0,0,0,0
0.192928976,43,0,947.0,5400.0,10,0,1,0,0
0.038049118,79,0,36.0,5400.0,5,0,0,0,0
0.01538782,65,0,1418.0,5400.0,10,0,1,0,0
1.004266382,48,0,0.297866005,10074.0,8,0,1,0,0
0.017596551,49,0,570.0,5400.0,7,0,0,0,0
0.023778457,30,0,0.19128444,12666.0,22,0,2,0,0
0.9999999,39,0,0.367963204,10000.0,7,0,2,0,2
0.0,73,0,0.005294507,4532.0,2,0,0,0,0
0.942611478,44,0,0.294194249,9214.0,5,1,2,0,1
0.02599935,59,0,0.267966504,8000.0,7,0,2,0,2
0.086062861,50,0,0.376694788,13275.0,12,0,2,0,2
0.035074225,63,0,0.200657354,6084.0,4,0,1,0,0
0.136660442,58,0,0.3019898,13920.0,12,0,2,0,0
0.756589065,54,0,0.114917528,5516.0,7,0,0,0,1
0.144213364,61,0,341.0,5400.0,6,0,0,0,1
0.386373004,62,1,0.288152712,9900.0,11,0,1,0,0
0.00212579,66,1,8.57e-05,58333.0,13,0,0,0,0
0.0203942,58,0,0.185420273,10397.0,5,0,1,1,1
0.596668569,53,0,1.03279425,2225.0,8,0,2,0,1
0.164489534,48,0,0.625916544,7500.0,10,0,1,0,2
0.462165308,40,0,1566.0,5400.0,7,0,0,0,0
0.762523748,26,0,0.924393723,700.0,8,0,0,0,0
0.9999999,29,0,0.158280573,3000.0,2,0,0,0,0
0.041105183,65,0,0.165512998,6500.0,20,0,1,0,1
0.035181725,75,0,1270.0,5400.0,9,0,1,0,0
0.200540642,50,0,0.103766248,9000.0,16,0,0,0,0
0.759310172,30,0,1580.0,5400.0,6,0,1,0,0
0.004692405,34,0,0.24043989,4000.0,10,0,1,0,0
0.333727883,52,0,0.334738041,8779.0,8,0,1,0,1
0.010908099,62,1,0.000437956,6849.0,3,0,0,0,0
0.225568877,49,0,4112.0,5400.0,10,0,2,0,1
0.146918163,52,0,0.934210526,2583.0,8,0,1,0,0
0.9999999,46,0,1914.0,5400.0,3,0,1,0,0
0.86029771,58,0,2270.0,5400.0,5,0,1,0,0
0.049039847,60,0,0.158794947,5144.0,8,0,1,0,0
0.003243892,75,0,2769.0,5400.0,21,0,1,0,0
0.00698789,58,0,845.0,5400.0,10,0,1,0,0
0.015673981,87,0,79.0,5400.0,4,0,0,0,0
0.557667857,54,0,0.351902867,9800.0,16,0,2,0,3
0.9999999,26,0,0.119919719,1992.0,2,2,0,0,0
0.000271955,50,0,0.359945047,6550.0,16,0,2,0,3
0.1010571,79,0,1554.0,5400.0,6,0,2,0,0
0.9999999,50,0,0.0,1916.0,0,0,0,0,0
0.200079992,48,0,0.158289364,3600.0,6,0,0,0,3
0.0,71,0,0.369248529,18190.0,27,0,3,0,0
0.662247338,39,0,128.0,1.0,3,0,0,0,3
0.063783688,50,0,0.209232564,12000.0,13,0,2,0,0
1.375541066,48,0,0.567528964,6300.0,7,0,1,0,1
0.127430286,34,0,0.102660239,5600.0,3,0,0,0,2
0.013093561,69,0,1078.0,5400.0,8,0,1,0,0
0.875556768,46,1,0.217225136,11250.0,7,0,2,0,0
0.003260799,85,0,0.083979005,4000.0,7,0,0,0,0
0.498482853,53,0,0.480607757,2500.0,15,0,0,0,0
0.588403344,44,0,0.271439811,5083.0,10,0,2,0,3
0.137673945,58,0,186.0,5400.0,2,0,0,0,0
0.581307401,31,0,447.0,5400.0,3,0,0,0,0
1.017896518,43,0,0.271636485,9000.0,4,0,1,0,0
0.013474291,48,0,0.355792466,7034.0,5,0,1,0,0
0.111618024,48,0,0.260913029,3000.0,8,0,1,0,1
0.787892222,50,0,1650.0,5400.0,6,0,1,0,0
0.839170724,31,0,0.456972586,4194.0,13,0,0,0,0
0.869675355,43,0,0.312291319,9583.0,4,0,1,0,2
0.068362601,58,0,1447.0,5400.0,5,0,1,0,0
0.51089782,67,0,0.046761047,2330.0,5,0,0,0,0
0.18046705,47,0,0.23081243,10683.0,5,0,1,0,2
0.00835839,54,0,0.410717856,5000.0,7,0,2,0,0
0.772164011,40,0,0.315736853,5000.0,7,0,0,0,3
0.07223624,31,1,0.003630624,6334.0,4,0,0,0,0
0.261091384,44,0,0.721105117,6116.0,13,0,2,0,1
0.731916352,43,2,0.570436625,8496.0,12,0,2,0,2
0.202559854,86,0,0.213432221,2426.0,11,1,0,0,0
0.008644448,63,0,1389.0,5400.0,4,0,1,0,0
0.0,66,0,0.173740804,5300.0,10,0,1,0,0
0.9999999,24,0,51.0,5400.0,0,0,0,0,0
0.03179894,86,0,28.0,5400.0,4,0,0,0,0
0.75055604,41,0,4081.0,5400.0,8,0,1,0,3
0.23729381,63,0,319.0,5400.0,6,0,0,0,0
0.086648799,58,0,0.147510094,3714.0,8,0,0,0,0
0.081435403,39,0,0.058520806,6800.0,8,0,0,0,3
0.23596013,50,0,0.345815662,9666.0,7,0,2,0,2
0.082430788,52,0,2302.0,5400.0,11,0,1,0,3
0.016008846,71,0,0.194160273,9383.0,6,0,2,0,0
0.484475671,41,0,0.228480858,4100.0,10,0,0,0,4
0.35076662,52,0,7610.0,5400.0,13,0,3,0,0
0.186675692,58,0,0.384279476,4350.0,14,0,1,0,0
0.642543961,47,1,1.329157175,3511.0,11,0,2,0,0
0.097512197,31,0,0.251557745,6900.0,13,0,2,0,0
0.188291822,48,0,0.280445241,10600.0,12,0,1,0,2
0.0,63,0,0.391402149,4000.0,7,0,1,0,0
0.002090814,65,0,1.0,5400.0,1,0,0,0,0
0.00595173,63,0,0.211435324,11000.0,7,0,1,0,1
0.167424891,53,0,3139.0,5400.0,9,0,2,0,0
0.03875481,64,1,0.055713649,29166.0,13,0,1,0,0
0.964052119,44,0,0.348597777,15831.0,18,0,2,0,1
0.005093993,54,0,0.444262782,6727.0,15,0,2,0,0
0.9999999,32,18,0.0,1800.0,0,18,0,18,0
0.168853697,50,0,0.598419642,7086.0,20,0,2,0,0
0.179148466,45,0,0.051164401,11550.0,6,0,0,0,5
0.576586943,37,0,0.128341155,4900.0,3,0,0,0,0
0.093745313,47,0,56.0,0.0,1,0,0,0,2
1.004559804,27,2,0.424959656,1858.0,6,3,0,0,2
0.813941921,63,0,0.422806291,4831.0,9,0,2,0,0
0.9999999,31,1,0.191106406,5666.0,2,1,0,0,0
0.003814532,74,0,3737.0,0.0,12,0,2,0,0
0.002587931,58,0,0.169098143,3015.0,5,0,0,0,0
0.0,51,1,0.160167966,5000.0,11,1,1,0,1
0.64678828,49,0,0.584695251,5200.0,10,0,2,1,0
0.0,55,0,4201.0,5400.0,10,0,3,0,0
0.002326758,66,0,0.329683409,4200.0,16,0,1,0,0
0.930911185,46,0,0.18230295,6000.0,7,0,0,0,3
0.005319725,67,0,1717.0,5400.0,16,0,1,0,0
0.581445966,51,0,0.118588141,10000.0,7,0,0,0,0
0.137876387,61,0,0.243689078,4000.0,6,0,0,0,0
0.239123785,31,0,0.317128578,2200.0,11,0,0,0,0
0.131240701,67,0,0.481166151,3875.0,9,0,3,0,0
0.0,73,0,0.008998714,7000.0,9,0,0,0,0
0.706592488,34,0,0.168563817,8257.0,6,0,0,0,0
0.425932243,51,0,0.24837424,14300.0,14,0,2,0,2
0.162766477,47,0,2872.0,5400.0,10,0,2,0,0
0.023611171,50,0,0.159202298,5916.0,7,0,1,0,1
0.011150379,68,0,0.228885242,7920.0,14,0,1,0,0
0.9999999,57,0,0.032679739,2600.0,1,0,1,0,0
0.0,39,0,3182.0,5400.0,6,0,1,0,2
0.202143894,56,0,0.223178995,7083.0,9,0,1,0,1
0.024491931,57,0,3367.0,5400.0,8,0,1,0,0
0.044092372,56,1,0.010094277,10500.0,16,0,0,0,0
0.884888183,49,0,1244.0,5400.0,4,0,0,0,0
0.788141317,50,1,0.42382647,5900.0,12,0,1,0,1
0.181820454,48,0,0.11942812,29096.0,6,0,1,0,5
0.079708692,49,0,0.629109671,8333.0,15,0,3,0,3
0.586719866,63,0,0.612791703,3470.0,5,0,2,0,0
0.9999999,62,0,49.0,5400.0,1,1,0,0,1
0.031509837,79,0,0.084305232,3000.0,11,0,0,0,0
0.0,50,0,0.238482966,14000.0,11,0,2,0,0
0.629206569,59,0,0.536743876,6000.0,9,0,2,0,0
0.042329766,76,0,50.0,5400.0,2,0,0,0,0
0.015206189,72,0,0.00777605,4500.0,7,0,0,0,0
0.18002177,49,0,0.292392464,5625.0,8,0,1,0,1
0.078136117,34,0,1131.0,5400.0,5,0,1,0,0
0.005729017,87,0,6.0,5400.0,5,0,0,0,0
0.342240366,45,0,1.386347989,10166.0,14,0,6,0,1
0.100908634,40,0,0.234127645,6000.0,7,0,0,0,0
0.015617898,40,0,0.435764035,11916.0,8,0,4,0,2
0.347291901,80,1,0.032392115,9384.0,8,0,0,0,0
0.02853991,76,0,0.194282293,6680.0,8,0,1,0,1
0.128316173,65,0,0.314452091,5666.0,14,0,1,0,0
0.123225283,49,0,0.01959804,10000.0,10,0,0,0,0
0.194844667,48,0,357.0,5400.0,6,0,0,0,2
0.046559353,49,0,0.144664896,6400.0,7,0,0,0,2
0.91562379,24,0,0.069844422,3020.0,4,0,0,0,0
0.241536923,37,0,0.249695196,4100.0,7,0,1,1,2
0.115170078,67,0,6009.0,5400.0,11,0,3,0,0
0.96312375,45,0,1.83277522,14333.0,9,0,3,0,0
0.2335208,44,2,0.220954053,10250.0,7,0,2,0,1
0.0,44,0,0.002079002,3366.0,10,0,0,0,0
0.198823096,63,1,0.360319449,6385.0,25,0,1,0,0
0.069617369,65,0,0.385310517,5200.0,10,0,2,0,1
0.171785917,61,0,0.35046035,10100.0,6,0,2,0,1
0.9999999,34,1,0.390881216,7500.0,5,0,1,0,1
0.201387923,65,0,0.046734572,8344.0,8,0,0,0,0
0.141454591,49,0,1259.0,5400.0,17,0,1,0,0
0.222830051,60,0,0.907083016,1312.0,5,0,0,0,0
0.13889537,61,0,0.033993201,5000.0,2,0,0,0,1
0.029941146,36,0,4485.0,5400.0,8,0,3,0,0
0.001172333,62,0,518.0,5400.0,6,0,0,0,0
0.051311663,83,0,0.368421053,3400.0,6,0,1,0,0
0.113772455,86,0,1.0,5400.0,2,0,0,0,0
0.968154588,33,0,0.495320374,4166.0,14,0,0,0,0
0.08578141,65,0,0.275234575,10550.0,12,0,2,0,1
0.120855762,75,0,0.107132654,10500.0,17,0,0,0,0
0.673093688,65,3,0.34004217,5216.0,10,0,1,0,0
0.042949284,53,0,0.291822588,16300.0,14,0,4,0,0
0.826069572,26,0,0.144995323,3206.0,3,1,0,0,0
0.073785243,65,0,0.345467523,1400.0,4,0,0,0,0
0.900221729,46,0,636.0,5400.0,3,0,0,0,0
0.000574063,59,0,1641.0,5400.0,9,0,1,0,0
0.057999009,64,0,0.019629395,83700.0,8,0,2,0,1
0.854089721,62,0,0.714718672,7588.0,12,0,2,0,0
0.101103504,54,0,0.551976377,14900.0,24,0,4,0,6
0.355766106,65,0,0.253516432,15000.0,10,0,1,0,1
0.210278366,41,0,0.217765376,8600.0,8,0,1,0,1
1.015615369,49,1,0.045540046,10100.0,4,0,0,0,3
0.224975791,35,1,0.415152554,8750.0,15,0,3,1,0
0.014643224,45,0,0.431576755,4800.0,9,0,1,0,0
0.9999999,44,0,3278.0,5400.0,10,0,1,0,3
0.517634015,53,0,0.413452404,10525.0,20,0,3,0,3
0.0,67,0,1134.0,5400.0,7,0,1,0,0
0.037938935,54,0,0.376060872,6833.0,10,0,2,0,0
0.473652635,45,0,1.196865818,1020.0,5,0,1,0,2
0.024292685,55,0,2750.0,5400.0,11,0,2,0,3
0.062987403,22,0,0.016605166,541.0,3,0,0,0,0
0.879740564,40,2,0.573639367,5750.0,8,7,2,0,1
0.77710678,29,0,0.419232847,1850.0,4,0,0,0,0
0.129522859,62,0,0.173139535,8599.0,12,0,1,0,0
0.244603565,60,0,0.482172609,3000.0,8,0,1,0,1
0.260135927,80,0,0.029878049,3279.0,4,0,0,0,0
0.884426415,47,1,4877.0,5400.0,11,0,2,0,2
0.00686698,58,0,0.074315515,2300.0,8,0,0,0,0
0.075450135,69,0,0.420635934,7830.0,18,0,2,0,0
0.03929607,82,0,12.0,5400.0,5,0,0,0,0
0.031021002,91,0,0.010949774,4200.0,10,0,0,0,0
0.9999999,22,0,0.0,5400.0,0,0,0,0,0
0.0,55,0,1479.0,5400.0,2,0,1,0,0
0.638806011,55,1,3.959013662,3000.0,12,0,5,0,0
0.135153013,63,0,5488.0,5400.0,8,0,3,0,0
0.31655041,34,0,0.240901213,7500.0,12,0,2,0,0
0.061711483,65,0,0.425267368,11500.0,7,0,2,0,1
0.919443915,60,0,0.651123784,2980.0,7,0,2,0,1
0.284676227,67,0,0.634675807,3500.0,14,0,1,0,2
0.019995001,66,0,0.020453046,4546.0,2,0,0,0,0
0.217331341,49,0,0.110777844,5000.0,2,0,0,0,1
0.9999999,29,1,0.242191037,2208.0,1,0,0,0,3
0.004472939,77,0,0.00039992,5000.0,3,0,0,0,0
0.048748034,59,0,0.190054816,12769.0,5,0,1,0,0
0.013246409,34,0,0.357872761,9100.0,14,0,4,1,4
0.0,49,0,0.132314827,7330.0,7,0,1,0,1
0.343204369,58,0,0.311233391,7450.0,7,0,1,0,2
0.129801677,62,0,0.279582712,6709.0,11,0,2,0,0
0.424063604,49,0,0.235553379,6125.0,14,0,0,0,2
0.047256919,40,0,0.353972542,18136.0,8,0,2,0,3
0.645901427,62,2,0.170566767,9315.0,13,0,0,0,3
0.0,49,0,0.0,5400.0,5,0,0,0,0
0.013275886,59,0,0.126903553,6500.0,17,0,2,0,1
0.155244456,73,0,0.3837962,4788.0,7,0,1,0,0
0.9921582,35,1,0.553412155,4820.0,9,0,1,0,0
0.011272386,53,0,0.242274819,6083.0,6,0,1,0,0
0.149004711,55,0,0.235907026,11228.0,12,0,2,0,1
1.019162674,30,1,0.336850875,3600.0,4,0,0,0,0
0.9999999,60,0,0.40584166,1300.0,2,0,0,0,0
0.038291719,47,1,0.096571429,12249.0,8,0,1,0,0
0.441477554,47,0,0.3027726,8583.0,11,0,2,0,1
0.001041623,54,0,217.0,5400.0,4,0,0,0,0
0.367333289,56,0,1.044285112,4741.0,20,0,2,0,1
0.310885773,59,0,2370.0,5400.0,13,0,1,0,2
0.0,74,0,0.0,5400.0,2,0,0,0,2
0.002631524,43,0,0.133738278,9383.0,4,0,2,0,1
0.380190566,36,0,0.426724138,3247.0,11,0,0,0,3
0.2362743,53,0,1.458857143,3499.0,6,0,3,0,0
0.304695305,44,0,0.013315579,750.0,5,0,0,0,3
0.879330362,34,0,0.332458443,8000.0,9,0,2,0,2
0.440834485,29,0,335.0,1.0,15,0,0,0,2
0.540447886,77,0,0.551980515,7800.0,11,0,1,0,1
0.282339708,47,0,0.388477366,3644.0,6,0,1,0,0
0.783346094,59,0,0.256098524,12666.0,7,0,2,0,3
0.018090361,34,0,1.143808995,1800.0,10,0,2,0,0
0.157210988,58,0,0.266844682,11234.0,15,0,1,0,0
0.265348566,49,0,0.271734382,11444.0,10,0,2,0,0
0.001938889,74,0,0.000190458,10500.0,8,0,0,0,0
0.083175803,59,0,0.476307692,6499.0,9,0,1,0,3
0.025053634,84,0,0.0059988,3333.0,5,0,0,0,0
0.0,60,0,0.565982405,3750.0,4,0,1,0,0
0.0,22,0,0.0,780.0,1,0,0,0,0
0.734144222,44,5,0.054945055,3275.0,3,1,0,0,0
0.03383966,43,0,0.257723939,8997.0,9,0,1,0,0
0.010559846,70,1,0.282226266,6593.0,29,0,1,0,0
0.012702812,70,0,0.286871313,10000.0,12,0,1,0,0
0.145258284,63,0,0.191011236,4983.0,9,0,0,0,0
0.122513017,79,0,0.187968672,6000.0,6,0,1,0,0
1.002135521,52,0,0.503748126,2000.0,4,0,0,0,0
0.011618814,64,0,1254.0,5400.0,7,0,1,0,0
0.66474682,27,0,0.095444238,4850.0,7,0,0,0,0
0.021766099,82,0,0.186160441,3265.0,5,0,0,0,0
0.004773081,37,0,0.00145803,4800.0,7,0,0,0,0
0.194812295,29,0,0.139534884,2708.0,5,0,0,0,0
0.983989664,38,1,0.484503099,5000.0,8,0,1,1,2
0.014804845,28,0,0.264747051,5000.0,9,0,0,0,0
0.206279372,41,0,0.180096664,12620.0,4,0,2,0,3
0.014093896,47,0,0.349628185,8202.0,8,0,2,0,4
0.495426396,44,0,1721.0,1.0,6,0,2,0,2
0.652231845,26,0,0.061915047,4166.0,2,0,0,0,0
0.0,24,0,0.630937881,820.0,4,0,0,0,0
0.9999999,34,0,54.0,5400.0,1,0,0,0,0
0.896394001,39,5,0.916230366,4583.0,17,0,2,0,3
0.975251031,49,1,0.235378646,13917.0,10,0,2,0,3
0.456707889,46,0,0.572755764,8933.0,12,0,2,0,0
0.029020396,53,0,0.225067057,4100.0,9,0,1,0,0
0.032129049,32,1,0.183401419,4650.0,3,0,1,0,0
0.056222577,77,0,0.110896018,3615.0,7,0,1,0,0
0.049869897,76,0,0.253749107,4200.0,11,0,1,0,0
0.9999999,34,1,0.382921044,2950.0,3,1,0,1,2
0.586885328,56,0,0.105698391,6650.0,8,1,0,0,5
0.214757035,60,1,0.480843653,5167.0,12,0,2,0,1
0.009446608,70,0,0.070770192,6400.0,6,0,0,0,1
0.007871296,55,0,0.423210773,6608.0,24,0,2,0,2
0.054896674,61,0,0.960903562,1150.0,8,0,1,0,1
0.162820974,35,0,0.506499409,11000.0,15,0,4,0,0
0.707561945,48,0,0.338132949,12500.0,13,0,3,0,0
0.008726215,48,1,0.171273773,9043.0,3,1,1,0,2
0.274617125,51,0,0.729615547,9467.0,7,0,3,0,1
0.125674083,34,0,0.30994152,6668.0,10,0,1,0,0
0.81916869,34,0,0.56965877,4600.0,7,0,2,0,1
0.645835416,33,0,0.533116721,4000.0,6,0,1,0,0
0.552763149,33,0,0.681742662,5416.0,7,0,2,0,0
0.0,53,0,0.0,2600.0,4,0,0,0,0
0.051336076,57,2,0.317736453,5000.0,7,0,1,0,1
1.020232151,54,1,0.500999714,3500.0,11,0,0,0,0
0.009060712,50,0,0.004509121,4878.0,2,0,0,0,0
0.252364848,63,0,0.306278004,19416.0,13,0,3,0,0
0.000699965,36,1,1764.0,5400.0,8,0,1,0,0
0.092563023,37,0,0.038931643,4417.0,10,0,0,0,2
0.031181272,51,0,0.904240447,8583.0,11,0,3,0,4
0.189790491,34,0,0.141362867,6500.0,5,0,0,0,2
0.9999999,60,0,2239.0,5400.0,2,0,1,0,0
0.045296656,70,0,37.0,5400.0,3,0,0,0,0
0.207096307,75,0,2861.0,5400.0,5,0,2,0,0
0.061501976,57,0,2152.0,5400.0,9,0,1,0,0
0.016178283,68,0,0.214592985,6043.0,8,0,1,0,0
0.168608269,51,0,0.358214161,8600.0,13,0,1,0,2
0.9999999,48,0,69.0,5400.0,0,1,0,0,0
0.011513832,68,0,14.0,5400.0,8,0,0,0,0
0.589341066,48,1,0.230874007,4404.0,3,0,1,0,2
0.013625775,53,1,0.733125972,6429.0,10,0,1,0,0
0.009049086,31,0,2974.0,5400.0,13,0,1,0,0
0.059198309,76,0,0.004231116,14416.0,2,0,0,0,0
0.30980261,52,0,0.36488995,3770.0,8,0,1,0,0
0.02702215,73,0,1584.0,5400.0,9,0,1,0,0
0.052627385,60,0,0.569539667,4083.0,9,0,2,0,0
0.05487561,68,0,108.0,5400.0,1,0,0,0,0
0.0,61,0,5957.0,5400.0,9,0,4,0,0
0.0,24,0,0.148925537,2000.0,2,0,0,0,2
0.015726796,51,0,2918.0,0.0,8,0,2,0,0
0.018049543,52,0,0.282061142,5200.0,14,0,1,0,2
0.107859513,51,1,0.478217398,7000.0,12,0,3,0,0
0.256761056,53,0,0.121049813,5600.0,8,0,0,0,0
0.082207897,67,0,0.404836051,5458.0,16,0,2,0,0
0.552413771,43,1,0.433543791,6176.0,12,0,1,0,1
0.199084831,43,0,0.44335206,4271.0,9,0,0,0,2
0.40908263,55,0,0.482122261,2600.0,10,0,0,0,0
0.019642175,52,0,0.480835664,6078.0,18,0,1,0,1
0.111569369,53,0,0.389916905,14320.0,11,0,3,0,1
0.545384281,33,3,2268.0,5400.0,14,0,2,0,1
0.000874891,76,0,0.0,5400.0,6,0,0,0,0
0.085699685,80,0,1116.0,5400.0,13,0,1,0,0
0.032270333,58,0,1056.0,5400.0,8,0,1,0,2
0.025571503,54,0,0.23416608,5683.0,6,0,1,0,0
0.227354529,78,0,0.016577744,5247.0,6,0,0,0,0
0.107789037,47,0,4493.0,0.0,4,0,1,0,5
0.357644538,56,0,3132.0,5400.0,15,0,1,0,0
0.508834476,62,0,1124.0,5400.0,5,0,2,0,0
0.114428963,77,0,0.038687561,4083.0,2,0,0,0,1
2.137260249,43,1,0.571785658,6400.0,15,0,1,0,1
0.013638276,53,0,0.002758145,5800.0,6,0,0,0,0
0.761830339,56,2,0.606225775,8255.0,10,0,2,0,4
0.9999999,46,0,0.308855292,12500.0,8,0,2,0,5
0.012904147,65,0,0.27953411,4807.0,5,0,1,0,1
0.380563124,52,1,4447.0,5400.0,7,0,2,0,0
0.306089184,34,0,1.519264448,2283.0,10,0,2,0,1
0.450861729,24,0,0.941176471,900.0,3,0,0,0,0
0.224197311,42,0,0.411517696,5000.0,6,0,2,0,1
0.001540009,59,0,0.213690063,8633.0,11,0,2,0,0
0.032667803,59,0,0.203059388,3333.0,18,0,1,0,1
0.025221522,43,0,0.475210399,12000.0,10,0,2,0,6
0.002259682,57,0,1596.0,5400.0,11,0,1,0,0
0.214896376,59,0,3158.0,5400.0,12,0,1,0,0
0.08145927,44,0,4.0,5400.0,1,0,0,0,0
0.025838966,40,0,0.191694606,17000.0,4,0,2,0,3
0.026098695,64,0,714.0,5400.0,2,0,1,0,0
0.090527229,66,0,0.167418643,10416.0,6,0,1,0,0
0.098464881,45,0,0.158130994,4900.0,9,0,1,0,2
0.041078861,29,0,0.119078605,7683.0,5,0,0,0,1
0.467481466,60,1,6417.0,5400.0,13,0,4,0,0
0.011999636,88,0,0.31258967,5575.0,7,0,1,1,0
0.953772787,65,0,0.358460176,12416.0,4,0,2,0,1
0.088580496,61,0,0.3276411,3454.0,7,0,2,0,0
0.376569038,37,0,1.707743547,1200.0,8,0,1,0,3
0.00860487,76,0,12.0,5400.0,7,0,0,0,0
0.759766591,29,0,0.244747759,7472.0,12,0,1,0,2
0.1112722,46,1,0.224888646,11000.0,9,0,1,0,3
0.028177565,33,0,0.538498441,4168.0,5,0,3,0,0
0.9999999,42,0,4424.0,5400.0,5,0,2,0,0
0.703859228,45,2,0.394699254,6300.0,5,3,1,3,3
0.9999999,58,0,0.0,5400.0,0,0,0,0,0
0.008266396,39,1,0.502764381,8500.0,16,0,3,0,0
0.045437342,78,0,0.091316932,6909.0,8,0,1,0,0
0.166193924,59,0,0.307775378,8333.0,15,0,4,0,0
0.307478476,44,0,1294.0,5400.0,2,0,1,0,0
0.083693482,47,0,0.163874821,7700.0,11,0,1,0,2
0.079583387,63,0,2055.0,5400.0,17,0,2,0,0
0.189212718,39,0,0.517059318,25000.0,16,0,2,0,2
0.001542477,32,0,0.363927917,6547.0,12,0,1,0,3
0.594971221,48,0,58.0,5400.0,2,0,0,0,0
0.663630166,56,0,0.302815616,27382.0,10,0,2,0,1
0.359281437,22,0,0.00998004,500.0,1,0,0,0,0
0.127946946,29,0,0.219911147,4951.0,11,0,0,0,0
0.941547454,50,4,1360.0,5400.0,8,0,0,2,0
0.970140845,44,0,0.643106457,3437.0,5,0,1,0,3
0.00662868,49,0,0.638040218,9000.0,17,0,3,0,0
0.0,63,0,5797.0,5400.0,6,0,2,0,0
1029.0,71,0,30.0,5400.0,4,0,0,0,0
0.114263794,59,0,0.400258023,6200.0,20,0,2,0,0
0.008330837,81,0,17.0,5400.0,3,0,0,0,0
0.208850213,59,1,0.444505798,3621.0,7,0,1,1,1
0.070954979,70,0,0.713676353,3750.0,6,0,2,0,0
0.263062831,38,0,0.274597731,3790.0,4,1,1,1,2
0.057811792,42,0,0.591467931,6750.0,17,0,0,0,1
0.459495282,62,0,0.306891092,12000.0,16,0,2,0,1
0.047288554,28,0,358.0,0.0,4,0,0,0,0
0.027757011,51,0,0.243322519,22500.0,19,0,1,0,2
0.032502656,58,0,0.233035595,7500.0,16,0,3,0,0
0.0,45,1,0.459294813,5416.0,16,0,3,0,0
0.003604,64,0,0.407647526,7557.0,11,0,2,0,0
0.190591881,58,0,0.289176866,12500.0,4,1,1,0,0
0.892086331,35,1,0.195155393,4375.0,4,1,0,0,0
0.099426567,40,0,0.007749031,8000.0,4,0,0,0,3
0.879941337,36,0,0.502,3999.0,6,0,2,0,1
0.615972526,42,0,0.273454952,5371.0,9,0,1,0,1
0.097388346,58,0,1765.0,5400.0,14,0,1,0,0
0.790131168,22,0,0.054854981,1585.0,4,0,0,0,0
0.422262624,57,0,0.160347384,9441.0,13,0,1,0,0
0.431022759,48,0,323.0,5400.0,1,0,0,0,0
0.953868204,47,0,0.866783304,4000.0,12,0,1,0,3
0.9999999,51,0,0.004142265,7000.0,1,0,0,1,0
0.509549682,64,0,0.2389047,13000.0,9,0,2,0,4
0.082587155,69,0,0.132495717,1750.0,10,0,0,0,0
0.079270595,78,0,0.226733292,1600.0,15,0,0,0,0
0.069032157,43,1,0.380534415,18000.0,9,0,2,0,3
0.6255276,57,0,0.810077229,13336.0,18,0,4,0,0
0.021362889,37,0,1.020465773,2833.0,5,0,1,0,0
0.955852207,67,0,0.491300565,4597.0,4,0,1,0,1
0.6558303,60,0,0.335896943,5200.0,11,0,1,0,0
0.267584412,26,0,0.16748112,2250.0,11,0,0,0,0
0.9999999,66,0,0.145917639,4200.0,2,0,1,0,0
0.043702614,71,0,0.155032854,10500.0,12,0,2,0,0
0.093306714,32,0,0.054770702,4600.0,7,0,0,0,0
0.204930994,60,0,0.393372375,7000.0,20,0,2,0,0
0.440194976,36,0,0.696624644,2458.0,5,0,1,0,0
0.138374363,49,0,2162.0,5400.0,6,0,2,0,0
0.005587463,45,0,0.054412974,8508.0,9,0,0,0,1
0.008033887,55,0,0.25694861,5000.0,19,0,2,0,0
0.002946357,68,0,0.281227695,1400.0,12,0,1,0,0
0.109950004,58,0,392.0,5400.0,8,0,0,1,2
0.9999999,72,0,1037.0,5400.0,4,0,1,0,0
0.027917136,49,0,0.00479904,5000.0,4,0,0,0,1
0.768792211,41,0,2010.0,5400.0,12,0,1,0,1
0.020309701,42,0,0.571809397,3000.0,8,0,2,0,0
0.790384478,86,0,0.820897388,8000.0,19,0,3,0,0
0.967206559,48,0,0.383248167,4500.0,5,0,2,0,1
0.057116621,43,0,868.0,5400.0,6,0,1,0,0
0.521101128,60,0,2767.0,5400.0,9,0,3,0,3
0.9999999,61,0,1624.0,5400.0,2,0,1,0,0
0.028314905,60,0,1.262482168,700.0,8,0,1,0,0
0.061403974,71,0,0.204786428,3300.0,9,0,1,0,0
0.44350807,48,0,2.016648169,900.0,7,0,1,0,0
1.887043189,43,1,0.155965688,7693.0,5,1,0,2,1
0.298771024,48,0,0.101415776,3460.0,4,0,0,0,0
0.772826583,67,0,0.625139043,6292.0,11,0,1,0,3
0.82661513,23,0,0.038175676,2959.0,6,0,0,0,0
0.034660724,50,0,0.258484745,5833.0,7,0,1,0,0
0.008502354,48,0,0.146077971,4257.0,14,0,1,0,5
0.253444248,52,1,0.416715274,12000.0,15,0,1,0,0
0.747554198,40,0,0.323756277,38633.0,11,0,5,0,4
0.046943762,64,0,0.140555529,20916.0,13,0,2,0,2
0.562152039,49,0,0.494856146,5734.0,11,0,0,0,1
0.345141047,34,0,0.759800053,3800.0,11,0,1,0,0
0.0,43,0,0.043436525,4166.0,2,0,0,0,4
0.036568396,38,0,1915.0,5400.0,13,0,1,0,2
0.300059485,38,0,0.220816769,8300.0,8,0,1,0,2
0.090033455,64,0,0.044430919,1642.0,7,0,0,0,0
0.881221844,70,1,0.468612555,2500.0,9,0,0,0,2
0.965058236,48,0,0.122372529,4804.0,3,0,0,0,2
0.089514122,53,0,0.229647406,10833.0,16,0,1,0,0
0.092410065,69,0,0.228994796,44000.0,15,0,3,0,1
0.0,58,0,0.272969102,4886.0,7,0,1,0,0
0.079112025,46,0,0.260487451,11036.0,6,0,2,0,4
0.067615828,67,0,2036.0,5400.0,7,0,1,0,0
0.9999999,31,0,435.0,1.0,2,0,1,0,1
0.585918477,54,0,3.041366906,1667.0,13,0,3,0,2
0.0,71,0,1.258300506,1776.0,8,0,2,0,0
0.759690929,39,0,760.0,5400.0,5,0,0,0,0
0.191351081,66,1,2155.0,5400.0,14,0,2,0,0
0.744282937,39,0,0.274908364,3000.0,4,0,1,0,0
0.400087416,53,0,0.444089225,13762.0,10,0,2,0,2
0.300801546,57,0,0.764812713,4404.0,11,0,1,0,0
1.031587365,61,0,568.0,5400.0,4,0,1,0,0
0.182827685,53,0,0.226252159,11000.0,13,0,1,0,0
0.199935355,48,0,0.659668066,5000.0,10,0,3,0,1
0.026103893,61,0,1069.0,5400.0,14,0,2,0,0
0.537978663,52,0,0.524480215,10436.0,19,0,4,0,3
0.899691978,51,0,0.329139205,10013.0,5,0,1,0,2
0.367621611,37,0,2530.0,5400.0,6,0,2,2,1
0.002160149,45,0,0.0,5402.0,3,0,0,0,3
0.0,44,0,0.0,4149.0,3,0,0,0,1
0.0,42,0,0.887455741,3953.0,10,0,3,0,2
0.007562453,64,0,12.0,5400.0,6,0,0,0,0
0.009249538,78,0,0.195990279,8229.0,8,0,1,0,0
0.238193058,52,0,0.371251398,9836.0,16,0,1,0,0
0.093166011,64,0,0.067430481,8378.0,7,0,0,0,0
0.040903184,48,0,0.025989604,2500.0,6,0,0,0,2
0.9999999,26,0,0.0,1450.0,0,2,0,0,0
0.541339816,54,0,0.406912576,3442.0,12,0,1,0,0
0.008297073,61,0,0.252199413,3750.0,8,0,1,0,0
0.052678602,37,0,3279.0,5400.0,8,0,3,0,0
0.431451291,53,0,0.65820643,6500.0,10,1,3,0,0
0.176205552,66,0,0.316905935,9333.0,14,0,2,0,0
0.02023919,43,0,0.596963761,2041.0,7,0,1,0,2
0.942459776,45,0,0.125568432,6816.0,3,0,0,0,3
0.600417256,49,1,0.614381358,11500.0,13,0,4,0,0
0.145867099,34,0,0.35835629,4355.0,8,0,2,0,1
0.065468302,28,0,40.5,1.0,6,0,0,0,0
0.000549973,51,0,0.050552082,7516.0,8,0,0,0,0
0.19911387,70,0,1018.0,5400.0,15,0,0,0,0
0.975729479,43,1,0.3828915,7317.0,5,0,2,0,2
0.0,28,0,0.762697752,1200.0,9,0,1,0,0
0.674177163,54,0,0.775506577,5625.0,8,0,2,0,2
0.02666186,49,0,0.275116656,10500.0,16,0,2,0,0
0.344710353,31,0,0.305292628,7500.0,6,0,1,0,2
0.015499354,67,0,0.092157051,10416.0,5,0,1,0,1
0.9999999,33,0,0.050351722,2700.0,1,1,0,0,2
0.574085922,41,0,0.458407712,2800.0,6,0,0,0,1
0.002595133,69,1,0.248454316,13100.0,12,0,3,0,0
0.484967058,64,0,1060.0,5400.0,12,0,0,0,3
0.628143749,32,0,0.210430633,8800.0,6,0,1,0,0
0.288092536,29,0,0.294463498,2040.0,7,0,0,0,0
0.01107328,56,0,3140.0,5400.0,7,0,2,0,0
0.0,66,0,0.001666111,3000.0,9,0,0,0,0
0.133748732,25,0,5.278606965,200.0,5,0,1,0,0
0.332980877,46,0,3404.0,5400.0,10,0,2,0,2
0.114629568,51,0,195.0,5400.0,5,0,0,0,4
0.252639412,47,0,0.383232434,5450.0,5,0,2,0,1
0.013289894,51,0,0.128158156,13100.0,4,0,2,0,3
0.125275212,52,0,0.522381172,6500.0,19,0,2,0,0
0.073816173,62,0,816.0,5400.0,16,0,0,0,0
0.224967862,68,0,53.0,5400.0,8,0,0,0,0
0.040492757,47,0,0.166130884,8709.0,13,0,1,0,1
0.962258161,63,0,0.383144318,17987.0,19,0,3,0,1
0.037194064,67,0,54.0,5400.0,7,0,0,0,0
0.360929224,28,0,0.534438558,5850.0,12,1,2,0,0
0.037825372,48,0,0.723058277,9900.0,7,0,4,0,3
0.047904757,61,0,0.265025266,9300.0,15,0,2,0,1
0.132881019,60,0,335.0,5400.0,4,0,0,0,0
0.062088463,58,1,0.308125795,5500.0,16,0,1,1,1
0.0,63,0,0.369441816,8455.0,6,0,2,0,0
0.601711447,64,0,3279.0,5400.0,13,0,2,0,4
1.011100754,42,2,0.19550125,3600.0,6,0,0,0,1
0.261495402,68,0,0.005332585,3562.0,2,0,0,0,0
1.71257485,35,0,0.058776489,2500.0,1,1,0,0,0
0.0,70,0,0.432139781,8126.0,7,0,2,0,1
0.098760339,41,0,0.154938957,9009.0,11,0,2,0,0
0.041104437,57,0,0.592368262,1650.0,9,0,2,0,0
0.090516534,67,0,1570.0,5400.0,11,0,1,0,0
0.066794797,62,0,1460.0,5400.0,7,0,1,0,0
0.022395521,38,0,0.203750451,2772.0,4,0,0,0,0
0.035922156,63,0,0.005271278,7777.0,3,0,0,0,0
0.0,67,0,0.194662805,4833.0,6,0,1,0,0
0.145784132,60,3,0.225803839,12346.0,12,0,2,0,1
0.385815886,47,1,0.318491876,8062.0,13,0,0,0,0
0.060092162,42,0,0.62063228,1201.0,8,0,1,0,0
0.351911099,51,0,0.516336369,5600.0,15,0,3,0,3
0.087962758,44,0,5399.0,5400.0,23,0,5,0,0
0.038081747,30,0,3672.0,5400.0,7,0,2,0,0
0.068901481,62,0,0.780917192,4600.0,4,0,2,0,2
0.028699133,43,0,0.117745071,3600.0,13,0,0,0,0
0.460026469,50,0,0.812397746,5500.0,17,0,5,0,2
0.752808989,26,2,217.0,5400.0,6,0,0,0,0
0.044962546,41,0,73.0,5400.0,3,0,0,0,0
0.289816124,55,1,1817.0,5400.0,7,0,1,0,0
0.340355321,67,0,0.292682927,2500.0,4,0,0,0,0
0.0,49,0,0.125350886,10330.0,8,1,1,0,2
0.304756057,78,1,0.15890411,7664.0,14,0,0,0,0
0.319928783,46,0,0.085296783,17655.0,10,0,0,0,4
0.343746077,66,0,0.299948954,9794.0,22,0,1,0,0
0.107878978,56,0,0.450203984,12500.0,13,0,4,0,0
0.13339716,64,1,0.115116631,3300.0,5,0,0,0,0
0.305162581,49,0,0.185703574,4000.0,3,0,1,0,0
0.123346376,43,0,0.447057147,7016.0,6,0,2,0,0
0.9999999,34,0,0.163446475,5744.0,4,0,1,0,2
0.004480899,73,0,0.000685636,5833.0,7,0,0,0,0
0.303584821,71,0,0.214330348,4800.0,3,0,1,0,0
0.0,33,0,0.064837905,400.0,6,0,0,0,1
0.040447978,59,0,0.099339431,3935.0,2,0,0,0,1
0.060546722,48,0,1184.0,1.0,15,0,2,0,1
0.302998753,68,0,0.292033807,5560.0,11,0,0,0,0
0.725706145,41,0,1787.0,5400.0,5,0,1,0,5
0.75249501,23,0,11.0,0.0,1,0,0,0,0
0.179036849,36,0,0.378599661,7083.0,17,0,0,0,4
0.032318396,48,0,1673.0,5400.0,8,0,1,0,0
0.041849234,43,0,0.867709268,7800.0,10,0,3,0,0
0.001674909,77,0,0.000714723,9793.0,13,0,0,0,0
0.896886604,31,0,0.416164322,4478.0,7,0,1,0,2
0.181403261,35,0,0.13520455,5450.0,9,0,0,0,3
0.0,90,0,0.137247773,5500.0,11,0,1,0,0
0.0,51,0,576.0,5400.0,5,0,1,0,0
0.007031554,29,0,0.250363901,6182.0,12,0,2,0,0
0.522306757,62,1,5771.0,5400.0,15,0,2,0,0
0.065967016,23,0,0.005082095,2557.0,2,0,0,0,0
0.12975539,46,0,0.297540492,5000.0,6,0,2,0,1
0.105618399,52,0,0.336468299,6166.0,6,0,3,0,0
0.76624875,37,0,0.444584781,9500.0,5,0,2,0,2
0.190092721,50,0,3817.0,5400.0,15,0,3,0,0
0.142723225,49,0,0.195840555,5192.0,10,0,0,0,2
0.012922083,43,0,0.286339208,8000.0,7,0,1,0,2
0.015646599,56,0,0.040061931,5166.0,6,0,0,0,0
0.004820132,45,0,0.20695268,8600.0,11,0,2,0,2
0.13646808,67,0,0.073761386,4500.0,8,0,0,0,1
0.064167374,68,0,51.0,5400.0,4,0,0,0,0
0.949236022,57,3,0.521766429,14333.0,15,0,3,1,1
0.0,64,0,780.0,5400.0,14,0,1,0,0
0.626192789,33,0,0.891048292,1697.0,9,0,0,0,0
0.160614962,69,0,0.310010215,3915.0,3,0,1,0,0
1.00779844,69,1,504.0,5400.0,5,1,0,1,0
0.075942407,48,0,0.198177115,16237.0,8,0,1,0,3
0.029998182,63,0,0.528610354,733.0,7,0,1,0,0
0.002342723,37,0,0.000266596,3750.0,2,0,0,0,0
0.175573517,68,0,0.484251969,5333.0,11,0,1,0,0
0.02408065,44,0,0.137143381,10900.0,6,0,2,0,1
0.381701017,57,0,0.592110829,9455.0,12,0,1,0,0
1.016163973,30,0,0.866011926,2850.0,9,0,1,0,0
0.99214426,46,3,0.614100515,5630.0,22,0,2,0,1
0.082466461,61,0,1381.0,5400.0,9,0,1,0,0
0.064536364,46,0,0.425779911,2916.0,6,0,1,0,2
0.9999999,46,0,0.000799787,3750.0,0,0,0,0,1
0.035617116,78,0,0.219406227,4142.0,6,0,1,0,0
0.08727281,83,0,0.321594264,4741.0,6,0,1,0,0
0.022027942,65,0,0.003701165,7294.0,5,0,0,0,0
0.9999999,25,0,0.054272792,4200.0,3,0,0,0,0
0.042368549,73,0,0.232883558,2000.0,14,0,1,0,0
0.24706716,53,0,0.374417968,3650.0,5,0,2,0,2
0.01038638,79,0,0.385124905,5283.0,7,0,1,0,0
0.028705207,68,0,0.004319654,8333.0,3,0,0,0,0
0.415584416,24,0,0.24670571,1365.0,2,0,0,0,0
0.0,33,0,0.046941896,6539.0,5,0,0,0,0
0.543649935,54,0,0.573010892,5416.0,14,0,2,0,0
0.165409711,57,1,0.14464256,6000.0,7,0,1,0,0
0.033079001,71,0,1.124287553,5438.0,10,0,3,0,0
0.925095449,50,1,2354.0,5400.0,12,0,0,1,2
0.9999999,39,0,0.192903548,2000.0,1,1,0,0,0
0.47310554,28,0,0.19666374,3416.0,17,0,0,0,0
0.118700766,62,0,0.294957863,7000.0,7,0,1,0,2
0.308534348,57,0,0.74948123,5300.0,11,0,3,0,2
0.008138831,86,0,10.0,5400.0,4,0,0,0,0
0.155528861,49,0,0.449379078,4750.0,10,0,1,0,2
0.298107301,50,0,0.373656586,4000.0,10,0,0,0,0
0.178399847,52,0,0.362990871,6900.0,14,0,1,0,1
0.146996231,55,0,0.206291824,13000.0,9,0,2,0,2
0.961759306,55,2,0.367873723,5384.0,7,0,1,1,2
0.873708764,50,2,0.30462605,7500.0,10,0,1,3,0
0.65420306,58,0,0.452015575,8731.0,14,0,2,0,0
0.235751818,60,0,3029.0,5400.0,11,0,2,0,2
0.9999999,48,0,0.007184768,8350.0,1,1,0,0,3
0.288130416,77,0,0.556550719,4800.0,15,0,1,0,0
0.057165155,49,0,0.589965398,5201.0,8,0,2,0,0
0.211605905,77,0,0.143571286,5000.0,13,0,0,0,0
0.032102469,52,0,0.411286223,5900.0,10,0,3,0,8
0.761974687,46,0,0.30583677,8000.0,15,0,1,0,0
0.659333517,67,0,0.283344694,4400.0,3,0,1,0,1
0.9999999,56,0,0.012359551,2669.0,0,2,0,0,2
0.474796164,33,0,0.098257641,3500.0,8,0,0,0,1
0.00119984,32,0,0.128416804,5450.0,4,0,0,0,1
0.073860167,73,0,1206.0,5400.0,10,0,0,0,0
0.110461463,81,0,0.13569861,8201.0,4,0,1,0,0
0.665942876,25,0,0.176964607,3333.0,10,0,0,0,0
0.070492951,43,0,0.45664905,7000.0,3,0,1,0,0
0.9999999,58,0,0.0,5400.0,0,0,0,0,0
0.199789511,45,0,0.610675281,6500.0,6,0,2,0,2
0.00737822,67,0,0.00389922,3333.0,6,0,0,0,0
0.081703107,63,0,0.013522501,4510.0,3,0,0,0,2
0.504983389,24,1,0.193370166,3800.0,5,0,0,0,0
0.527248059,42,0,0.459423429,6000.0,6,0,2,0,2
0.024676192,75,0,0.143223819,5843.0,4,0,1,0,0
0.93276002,47,0,0.934604044,9495.0,14,0,2,0,2
0.877051537,64,0,0.624764191,5830.0,9,0,1,0,5
0.003980877,61,0,0.735451624,2800.0,12,0,1,0,0
0.046557411,66,0,3249.0,5400.0,15,0,1,0,0
0.186120966,67,0,0.562602772,4256.0,34,0,1,0,0
0.05314582,66,0,0.048780488,2541.0,6,0,0,0,0
0.350900716,45,0,0.652704694,4750.0,12,0,2,0,1
0.649857279,40,1,0.121309963,4335.0,4,0,0,0,0
0.051970611,42,0,0.368652814,7266.0,8,0,3,0,3
0.474856253,65,0,0.635133056,6500.0,11,0,2,0,0
0.944401459,41,0,0.753922594,3823.0,4,0,1,0,3
0.118483412,80,0,0.039843043,16564.0,4,0,0,0,0
0.133762208,69,0,0.257784973,10500.0,5,0,1,0,0
0.903395311,47,6,0.85553379,4083.0,8,5,2,1,1
0.020279189,73,0,255.0,5400.0,9,0,0,0,0
0.804762168,36,0,0.436781609,2000.0,7,0,0,0,2
0.054043124,37,0,0.38295909,3250.0,11,0,1,0,0
0.9999999,52,0,0.0,5400.0,1,1,0,0,0
0.011087241,79,0,0.170093458,4279.0,9,0,1,0,1
0.008069638,61,0,0.177528988,2500.0,17,0,0,0,0
0.9999999,65,1,0.539770969,3230.0,4,2,2,0,0
0.9999999,56,0,0.15480427,1685.0,2,0,0,0,0
0.036268533,89,0,0.011195522,5001.0,10,0,0,0,0
0.004585497,53,1,0.644673006,5152.0,13,0,2,0,0
0.286657111,54,0,0.383632661,5400.0,4,0,1,0,0
0.121023534,60,1,0.568502503,6590.0,11,0,2,0,0
0.24966285,48,1,0.147744946,4500.0,8,0,0,0,0
0.04419779,67,0,26.0,5400.0,1,0,0,0,0
0.010159884,66,0,0.391696566,9754.0,8,0,1,0,1
0.781711504,53,0,0.461908581,12469.0,10,0,3,0,2
0.839478378,56,0,0.500798374,6888.0,15,0,1,0,0
0.018766221,57,0,0.693868549,6800.0,26,0,3,0,0
0.073192681,60,0,214.0,5400.0,8,0,1,0,0
0.9999999,87,0,100.0,5400.0,0,0,0,0,0
0.552091948,51,1,0.906623817,5600.0,9,0,1,0,3
0.0,38,0,0.987604958,2500.0,6,0,2,0,1
0.011161692,70,0,1304.0,5400.0,5,0,1,0,1
1.123505976,40,1,0.72311952,4333.0,3,1,1,1,1
0.522647735,38,0,0.404170237,3500.0,8,0,0,0,1
0.065034628,60,0,0.939346812,4500.0,11,0,2,0,0
0.496898121,45,0,0.449750902,5820.0,12,0,2,0,0
0.0,42,0,0.356556787,6946.0,11,0,2,0,0
0.01780121,58,0,0.397920416,5000.0,12,0,2,0,0
0.416230422,68,0,0.278052491,5257.0,7,0,1,0,1
0.298647207,50,0,0.050874092,5090.0,3,0,0,0,2
0.060665169,29,0,0.043281471,3534.0,4,0,0,0,0
0.018665935,34,0,281.0,5400.0,3,0,0,0,0
0.017011988,86,0,41.0,5400.0,7,0,0,0,0
0.02870676,54,1,0.836465414,2500.0,10,0,2,0,0
0.03339944,79,0,0.456550721,8250.0,18,0,1,1,1
1.15455594,55,1,1.376106195,451.0,9,0,0,0,3
0.994424149,69,2,1895.0,5400.0,4,0,1,0,0
0.665206157,44,0,0.420289855,2000.0,2,0,1,0,3
0.447273287,31,0,0.495001111,4500.0,6,0,2,0,0
0.789516939,54,3,1910.0,5400.0,11,0,1,0,1
0.311477503,61,0,0.392253521,7099.0,9,0,2,0,1
0.9999999,71,0,0.226363782,6250.0,7,0,2,0,0
0.224284247,49,0,0.369313291,15100.0,15,0,6,0,1
0.057961529,55,0,1943.0,5400.0,8,0,1,0,0
0.019464961,69,0,0.015955325,2506.0,8,0,0,0,0
0.208947427,55,0,0.159210317,6280.0,3,0,1,0,0
0.025484076,56,0,0.009996002,2500.0,5,0,0,0,0
0.003648203,75,0,0.000697837,10030.0,9,0,0,0,0
0.114772279,57,0,0.286390906,9500.0,14,0,2,0,3
0.010696636,63,0,1018.0,5400.0,9,0,1,0,0
0.402199725,29,0,0.471208435,1232.0,5,0,0,0,0
0.02711672,69,0,0.0119976,1666.0,7,0,0,0,0
1.1328619,63,1,0.649960223,15083.0,19,0,2,0,1
0.540637052,40,0,877.0,5400.0,2,0,1,3,1
0.004953534,82,0,1185.0,5400.0,11,0,1,0,0
0.270993145,69,1,0.341396058,10500.0,18,0,1,0,0
0.559044096,37,0,0.161887958,6800.0,4,0,1,0,3
0.334656113,70,0,0.565862406,12267.0,21,0,5,0,1
0.9999999,23,0,0.0,1200.0,0,2,0,0,0
0.007999787,38,0,0.457612997,4800.0,9,0,1,0,2
0.844476413,49,0,0.157957892,9166.0,11,0,0,0,3
0.117410252,45,0,0.238795679,4350.0,9,0,1,0,0
0.804829272,40,1,0.594973964,4416.0,9,0,2,0,1
0.063237366,57,0,1788.0,5400.0,13,0,1,0,2
0.0,66,0,0.120907738,5375.0,5,0,1,0,0
0.099717762,46,1,0.390534399,6380.0,19,0,1,0,0
0.199433116,30,0,0.544863784,4000.0,10,0,1,0,0
0.094403109,32,0,0.235932591,3500.0,9,0,0,0,0
0.200152256,49,0,0.224415544,12917.0,8,0,1,0,0
0.105926919,34,0,5782.0,5400.0,5,0,3,0,0
0.003039878,70,0,80.0,5400.0,6,0,0,0,0
0.931635177,46,0,0.401618179,5808.0,7,0,1,0,1
0.099983336,45,0,0.33851468,11000.0,4,0,1,0,4
0.855617028,56,0,0.314846255,5300.0,6,0,0,0,0
1.075509154,31,2,0.376577928,8000.0,8,2,0,3,1
0.0,25,0,0.053940944,4300.0,4,0,0,0,0
0.015415765,60,0,0.001817851,5500.0,4,0,0,0,0
0.131935773,64,0,0.272095716,2590.0,7,0,0,0,1
0.9999999,75,0,0.135545782,2500.0,8,0,0,0,0
0.004354015,55,0,0.239530862,13300.0,16,0,2,0,1
0.030720136,67,0,3937.0,5400.0,12,0,3,0,0
0.0,54,0,0.649566955,1500.0,5,0,1,0,2
0.509506035,64,1,0.235905939,6633.0,12,0,0,0,2
0.9999999,35,0,0.278430392,4000.0,2,2,0,0,3
0.86164303,48,0,0.358213929,3000.0,7,0,0,0,1
0.308259608,82,0,0.360177728,3600.0,10,0,0,0,0
0.862752249,46,3,0.310639054,11250.0,7,0,2,0,2
0.391753426,51,0,0.071232192,4000.0,2,0,0,0,0
0.0,76,0,0.139161113,2550.0,7,0,0,0,0
0.169865984,59,0,0.404449444,8000.0,8,0,3,0,3
0.319299601,31,0,0.487132013,5400.0,9,0,2,0,0
0.013147266,81,0,355.0,5400.0,7,0,0,0,0
0.165834166,52,0,1753.0,5400.0,3,0,1,0,0
0.408131812,34,0,1682.0,5400.0,10,0,1,0,1
1.013062409,32,0,0.900271985,2205.0,5,0,1,0,3
0.032514572,63,0,0.239481683,6250.0,17,0,3,0,0
0.984732824,35,0,0.370747064,8258.0,6,0,1,0,1
0.149578796,69,0,0.008386015,7750.0,4,0,0,0,0
0.015026566,67,0,0.007950849,8300.0,6,0,0,0,1
0.250409593,52,0,3291.0,0.0,23,0,2,0,0
0.49190819,44,0,0.185810306,6694.0,5,0,1,0,0
0.103038998,64,0,0.449255074,10000.0,12,0,1,0,0
0.331157692,43,0,0.286285486,2500.0,7,0,0,1,3
0.704474676,31,1,0.42087729,1800.0,11,0,0,5,0
0.113078821,59,0,2490.0,5400.0,12,0,1,0,0
0.045025999,46,0,4308.0,5400.0,10,0,2,0,0
0.199231968,63,0,0.388037568,2022.0,5,0,1,0,0
0.552844504,67,0,0.69878233,11250.0,28,0,2,0,0
0.172302559,59,0,0.636675236,3500.0,17,0,1,0,0
0.0,50,0,0.093843737,7000.0,4,0,1,0,1
0.017265386,75,0,0.354329134,5000.0,6,0,1,0,0
0.962054675,45,5,0.344803534,4300.0,8,0,0,0,2
0.0,71,0,0.206219919,2700.0,2,0,1,0,0
0.0,33,2,636.0,5400.0,3,3,0,0,0
0.048547064,46,0,0.136086223,7700.0,13,0,1,0,0
0.0,64,0,1718.0,5400.0,3,0,1,0,0
0.72517772,24,0,0.059646856,4643.0,3,0,0,0,0
1.415584416,41,0,0.071038251,2744.0,4,0,0,0,0
0.487456477,29,0,0.203949013,4000.0,6,0,0,0,1
0.608391608,26,0,0.006426276,2800.0,1,0,0,0,0
0.08959552,56,0,0.366042224,3362.0,3,0,1,0,0
0.100299987,49,0,0.223255814,3869.0,8,0,1,0,0
0.402328405,71,0,0.05598134,3000.0,2,0,0,0,1
0.07838999,79,0,0.490412813,4432.0,13,0,2,0,0
0.003554003,30,0,0.683005482,3100.0,7,0,0,0,0
0.002533291,63,0,0.355511136,3501.0,10,0,2,0,0
0.806772175,42,0,0.115304348,5749.0,6,2,0,0,1
0.165142526,54,0,0.515757479,6250.0,12,0,1,0,1
0.069897343,51,0,0.324307692,14624.0,15,0,1,0,1
0.025565437,75,0,0.003801097,16047.0,12,0,0,0,0
0.008652175,44,0,7065.5,1.0,13,0,3,0,3
0.040965854,96,0,70.0,5400.0,5,0,0,0,0
0.717780516,49,0,1.079984003,5000.0,6,0,1,0,2
0.01520827,69,0,34.0,5400.0,6,0,0,0,0
0.37041972,63,0,0.393042783,2500.0,10,0,0,0,0
0.041924682,71,0,27.0,0.0,4,0,0,0,0
0.025760678,48,0,0.414352366,4500.0,6,0,1,0,0
0.96151924,74,1,0.479426599,3766.0,7,0,1,0,0
0.0,59,0,0.0,5400.0,1,0,0,0,0
0.023332753,80,0,0.007590597,4083.0,6,0,0,0,0
0.528235882,48,4,1.151898734,1500.0,10,1,2,0,2
0.9999999,48,0,0.584924325,10108.0,6,0,2,0,2
0.155352398,65,1,0.444790878,22450.0,15,0,3,0,0
0.442595674,64,2,4415.0,5400.0,7,0,1,2,1
0.452309538,31,0,0.019137389,3500.0,1,0,0,0,0
0.004155067,60,0,0.025753674,6600.0,14,0,1,0,0
0.503018677,39,0,0.416133562,6408.0,14,0,1,0,2
0.000152188,42,0,0.693064555,4166.0,17,0,1,0,3
0.115244997,75,0,0.538771806,19833.0,11,0,6,0,0
0.017046573,85,0,0.467839472,5456.0,7,0,2,0,0
0.446125516,62,0,0.141528239,13544.0,10,0,1,0,0
0.153876319,64,0,8495.0,5400.0,6,0,0,0,0
0.877790834,62,0,902.0,5400.0,5,3,1,1,0
0.014339713,66,0,2958.0,5400.0,6,0,1,0,0
0.9999999,66,0,1994.0,5400.0,1,0,1,0,0
0.942423031,54,2,3349.0,5400.0,5,0,1,0,1
0.095623459,37,0,1486.0,0.0,3,0,2,0,3
0.018495857,69,0,15.0,5400.0,5,0,0,0,1
0.426962656,48,1,0.593876913,3200.0,12,0,3,0,1
0.9999999,53,0,0.096390361,10000.0,3,0,1,0,3
0.397911575,32,1,0.338613347,3850.0,4,0,1,0,0
0.692869134,34,0,0.374628964,6400.0,10,0,1,0,1
0.169216922,41,0,0.107969152,4278.0,20,0,0,0,0
0.047685157,48,0,0.247575242,10000.0,7,0,2,0,1
0.171103403,75,2,0.782608696,3541.0,20,0,3,0,1
0.566956486,47,0,0.351292829,7850.0,15,0,1,0,2
0.9999999,31,18,0.0,2573.0,0,18,0,18,3
0.0,29,0,0.515296941,1666.0,2,0,1,0,0
0.128354866,41,1,0.369677723,8501.0,7,0,1,0,2
0.524745876,34,1,0.360428646,3825.0,4,0,1,0,2
0.079277226,56,0,0.431220771,6200.0,11,0,2,0,2
0.197493218,58,0,3266.0,5400.0,10,0,2,0,0
0.4037935,59,0,1710.0,5400.0,8,0,2,0,3
0.05144391,56,0,5420.0,5400.0,13,0,2,0,0
0.012998951,48,0,349.0,1.0,14,0,0,0,2
0.061123472,63,0,72.0,5400.0,6,0,0,0,0
0.119727149,51,0,0.874837027,2300.0,10,0,1,0,0
0.131697165,57,0,2466.0,5400.0,7,0,1,0,0
0.020406581,82,0,30.0,5400.0,7,0,0,0,0
0.031570365,49,0,2664.0,5400.0,15,0,1,0,0
0.051392104,68,0,0.377324535,5000.0,9,0,3,0,1
0.131676489,52,0,0.305205121,10700.0,14,0,2,0,1
0.044397622,38,0,0.392560744,10000.0,17,0,1,0,2
0.0,57,0,0.441173203,9000.0,10,0,3,0,3
0.03967061,51,0,0.258563728,5750.0,7,0,1,0,1
0.160653873,33,0,0.248093988,8000.0,8,0,1,0,0
0.213951442,42,0,0.495712996,4431.0,4,0,3,0,0
0.737089887,39,1,1.170714537,2840.0,17,0,2,1,3
0.701707605,39,2,0.447804878,4099.0,7,0,1,0,0
0.054098648,34,0,0.370148168,11000.0,9,0,2,0,1
0.083671391,38,0,2395.0,5400.0,14,0,2,0,4
0.73714092,35,2,0.360292536,4648.0,7,0,1,0,1
0.062748394,58,0,0.315390384,12000.0,17,0,3,0,3
0.330687775,73,0,0.19363564,6284.0,4,0,1,0,0
0.337398141,41,0,0.627062706,2726.0,8,0,1,0,0
0.009507974,37,0,0.57021764,4364.0,11,0,2,0,0
0.006634296,33,0,0.030675917,45833.0,5,0,0,0,1
0.847326965,35,0,0.241503399,2500.0,5,0,0,0,0
0.01454281,33,0,0.183664459,2264.0,8,0,0,0,0
0.041839967,53,0,3479.0,5400.0,8,0,2,0,0
0.183461714,50,0,0.368625708,9000.0,14,0,2,0,2
0.649465168,47,0,0.426095651,6000.0,8,0,1,0,2
0.9999999,22,0,0.019900498,200.0,0,0,0,0,0
0.017748235,63,0,0.194549194,5833.0,16,0,1,0,0
0.004718114,56,0,2.027072053,2400.0,16,0,3,0,1
0.498980378,58,1,3456.0,5400.0,13,0,2,0,0
0.004401844,55,0,3155.0,5400.0,11,0,1,0,0
9.36e-05,70,0,0.150662637,4300.0,9,0,0,0,0
0.584302326,56,4,3145.0,5400.0,19,1,2,0,0
0.896326041,60,0,0.581003518,5400.0,6,0,1,0,0
2.198801199,51,1,0.094492126,12000.0,5,7,0,0,0
0.051399266,64,0,0.199367411,9800.0,9,0,3,0,0
0.120047823,58,0,0.817423057,3833.0,14,0,4,0,2
0.647193258,45,0,0.405750225,5564.0,8,0,1,0,2
0.795848799,56,0,0.833109244,5949.0,12,0,2,0,1
0.078078179,64,0,3913.0,5400.0,8,0,2,0,0
0.018190505,82,0,0.061364173,4236.0,6,0,0,0,0
0.01774826,46,0,0.449859419,3200.0,10,0,2,0,0
0.014369588,42,0,1077.0,5400.0,10,0,1,0,0
0.971503562,31,0,0.403514087,3300.0,7,0,0,0,3
0.054611014,71,0,94.0,5400.0,10,0,0,0,0
0.445142276,68,0,0.681768343,22800.0,16,0,8,0,0
0.08328625,85,0,0.991429551,2916.0,28,0,2,0,1
0.9999999,44,1,0.150252525,2375.0,2,1,0,0,3
0.234341253,50,0,0.392521496,5000.0,13,0,2,0,1
0.14018794,69,0,0.746975034,6528.0,13,0,4,0,0
1.000333317,60,0,0.463894262,3101.0,2,0,1,0,0
0.9999999,51,0,0.465468307,5284.0,3,0,1,0,0
0.805801173,42,0,0.34165443,8171.0,19,0,2,0,2
0.189710491,39,0,0.113168724,9233.0,10,0,1,0,2
0.0,72,0,0.0,5822.0,4,0,0,0,1
0.696517413,37,2,0.089620069,5500.0,2,3,0,0,0
0.087280237,75,1,687.0,5400.0,8,0,1,0,0
0.06948461,38,0,0.340063455,10400.0,8,0,1,0,2
0.053054246,89,0,0.003820196,7852.0,4,0,0,0,0
0.078298559,59,2,0.737737517,9051.0,11,0,2,0,2
0.079991112,53,4,1.767906718,1800.0,11,0,3,0,0
0.005999636,45,0,1855.0,5400.0,3,0,1,0,0
0.980218482,36,1,0.073731567,4000.0,4,0,0,0,1
0.356016614,57,0,0.624100388,10837.0,8,0,1,0,0
0.0,99,0,0.0,5400.0,2,0,0,0,0
0.085858033,55,0,0.707446183,8500.0,10,0,2,0,0
0.400421046,36,1,1.072463768,2000.0,9,0,1,0,3
0.595049999,59,1,0.40227227,9945.0,15,0,2,0,0
0.001532715,61,0,0.104431329,9996.0,13,0,1,0,0
0.026805238,33,0,0.149406975,5648.0,6,0,0,0,1
0.011656275,78,0,0.139715071,4000.0,6,0,1,0,0
0.691694985,46,0,0.369271788,6000.0,7,0,0,0,0
0.032421479,48,0,0.188030436,6833.0,3,0,1,0,0
0.425414365,65,1,0.384850025,5900.0,10,0,2,0,1
0.000975286,55,0,0.122441931,11580.0,15,0,1,0,3
0.982220086,50,0,0.322503231,5416.0,7,3,1,0,2
0.792480163,62,0,0.450925691,11828.0,14,0,2,0,2
0.186551487,47,0,1633.0,5400.0,7,0,0,0,2
0.786475464,59,0,0.141233425,4750.0,3,0,0,0,0
0.128655658,50,0,0.179388179,10100.0,12,0,1,0,0
1.068635969,25,3,522.0,5400.0,5,0,0,0,0
0.263668914,70,0,0.419860047,3000.0,7,0,1,0,0
0.011124826,82,0,0.004798464,4167.0,8,0,0,0,1
1.0029994,59,0,0.326374879,11400.0,6,0,2,0,0
0.340277555,29,0,0.458352026,6686.0,7,0,1,0,0
0.353826364,34,1,0.395193065,5075.0,8,0,0,0,3
0.9999999,32,1,0.0,5400.0,1,0,0,0,0
0.039406872,41,0,0.437643562,7400.0,17,0,2,0,2
0.387222947,72,0,0.630971993,1213.0,7,0,0,0,0
0.0,65,1,4666.0,5400.0,25,0,7,0,0
0.0278405,67,0,0.089258522,8536.0,7,0,1,0,0
0.000969579,46,0,1488.0,5400.0,3,0,1,0,3
0.042143479,58,0,58.0,5400.0,4,0,0,0,0
0.009070781,53,2,0.403167747,4166.0,10,0,1,0,3
0.062975493,65,0,0.02519748,10000.0,14,0,1,0,0
0.003507145,62,0,0.002687515,4092.0,9,0,0,0,0
0.9999999,22,0,0.0,1000.0,2,0,0,0,0
0.002889617,85,0,0.239720035,2285.0,9,0,1,0,0
0.023123845,44,0,0.359100359,5290.0,23,0,2,0,1
0.404521636,55,0,0.024367438,53472.0,10,0,1,0,0
0.326166822,38,0,0.395368371,8333.0,8,0,1,0,1
0.48131116,67,0,0.286718201,1422.0,3,1,1,0,0
0.919295322,47,0,0.315927684,9900.0,9,0,2,0,2
0.050437982,77,0,0.010690552,3460.0,3,0,0,0,0
0.286132384,64,0,2361.0,5400.0,3,0,1,0,0
0.023919142,66,0,0.011427211,8400.0,7,0,0,0,0
0.010286273,71,0,1480.0,5400.0,13,0,1,0,1
0.618335726,36,1,0.197819528,29167.0,11,0,2,0,3
0.9999999,39,0,0.000959923,4166.0,0,0,0,1,3
0.100922633,41,1,0.322236728,9191.0,12,0,1,0,0
0.041326427,55,0,0.407602725,9101.0,11,0,2,0,1
0.581242416,63,0,2858.0,5400.0,24,0,0,0,0
0.354467854,47,0,0.601550388,6449.0,6,0,1,0,0
0.27936032,25,0,0.014532243,1100.0,1,0,0,0,0
0.025864404,61,0,6352.0,5400.0,14,0,6,0,0
0.813224903,56,0,0.316506589,4476.0,2,0,1,0,3
0.011066421,55,0,1007.0,0.0,9,0,2,0,0
0.330403556,50,0,1.048264531,4868.0,11,0,4,0,1
0.0,28,0,1931.0,0.0,14,0,2,0,0
0.42452388,36,0,0.448512952,6253.0,13,0,2,0,2
0.99660068,50,0,0.557840617,3500.0,5,0,1,0,2
0.077813868,71,0,168.0,5400.0,8,0,0,0,0
0.9999999,38,0,253.0,5400.0,2,1,0,0,1
0.058174333,66,0,0.004305556,35999.0,10,0,0,0,1
0.100771018,29,0,0.255773871,2900.0,7,0,0,0,0
0.642419698,47,0,3526.0,5400.0,12,0,1,0,0
0.0,44,0,1517.0,5400.0,3,0,1,0,0
0.384446412,62,0,0.573550414,3500.0,5,0,2,0,0
0.102877568,45,0,0.601637493,7083.0,15,0,2,0,1
0.0,28,0,0.0,2000.0,2,0,0,0,0
0.9999999,46,0,0.248632334,5300.0,3,0,0,0,0
0.009819807,33,0,933.0,5400.0,13,0,1,0,0
0.303068396,54,0,0.452109578,5000.0,4,0,2,0,0
0.0,68,0,0.470768935,10416.0,18,0,2,0,0
0.531123709,63,0,0.29706566,13767.0,9,0,2,0,1
0.115128549,58,0,0.274722886,4600.0,9,0,1,0,0
0.367185923,63,0,1447.0,5400.0,7,0,0,0,0
0.111620992,44,0,0.177646811,4750.0,11,0,0,0,0
0.005856725,68,0,1586.0,5400.0,5,0,1,0,0
0.36761852,38,0,0.138893797,5658.0,10,0,0,0,0
1.114039073,39,1,917.0,5400.0,5,0,0,1,0
0.26552267,51,0,0.294845108,16333.0,17,0,1,0,2
0.032694853,39,0,1.002612915,2678.0,11,0,2,0,0
0.9999999,31,0,75.0,5400.0,3,0,0,0,0
0.487586777,46,0,1.359456218,2500.0,5,0,1,0,1
0.2592046,62,1,0.30554374,7052.0,16,0,1,0,1
0.959329602,69,1,0.926152138,1800.0,10,0,0,1,0
0.5249501,29,0,0.080153588,4166.0,3,0,0,0,0
0.051911392,39,1,0.48191968,6000.0,10,0,1,0,3
0.043515489,45,1,0.430597218,3666.0,6,0,1,0,2
0.120064825,35,0,0.436226415,3974.0,6,0,2,0,0
0.869726129,59,0,286.0,5400.0,7,1,0,1,0
0.034881669,66,0,0.410739789,3500.0,6,0,1,0,0
0.0,80,0,0.0,12500.0,2,0,0,0,0
0.639509608,56,1,0.382103689,4011.0,9,0,1,0,0
0.035732656,51,0,0.019585898,1786.0,3,0,0,0,0
0.595842739,43,0,0.489377656,4000.0,11,0,0,0,0
0.051540525,34,0,0.223265455,8200.0,8,0,2,0,1
0.004866486,49,0,0.35800761,2890.0,8,0,1,0,1
0.026195961,59,0,0.007833072,30000.0,9,0,1,0,0
0.027395753,47,0,0.112791831,23600.0,13,0,1,0,2
0.035392921,34,0,517.0,5400.0,4,0,1,0,0
1.061938062,33,0,0.767246551,5000.0,7,2,1,0,0
0.006492663,61,0,0.363543441,2934.0,4,0,1,0,0
0.91867751,40,3,1560.0,5400.0,5,0,0,0,0
0.056156261,57,0,2322.0,5400.0,5,0,1,0,0
0.307334146,35,0,0.135642136,4850.0,9,0,0,0,0
0.488969179,46,0,0.259880055,13005.0,14,0,1,0,1
0.123115953,30,0,1.327115256,1500.0,8,1,1,0,0
0.007524019,30,0,0.186232505,3500.0,7,0,0,0,2
0.500577666,45,0,0.129364713,6500.0,4,0,0,0,2
0.459792504,71,0,0.417833196,8500.0,17,0,1,0,0
0.0,63,0,335.0,5400.0,5,0,1,0,0
0.339917544,41,0,0.397403373,6700.0,7,0,2,0,2
0.123198591,44,0,0.216222702,8333.0,14,0,1,0,2
0.0,27,0,0.159900062,1600.0,4,0,1,0,0
0.434479518,56,1,0.543076154,6000.0,14,0,1,0,0
0.047792829,52,0,1570.0,5400.0,9,0,2,0,0
0.517424615,47,0,0.629422719,2684.0,9,0,1,0,0
0.040993168,26,0,0.075974675,3000.0,5,0,0,0,0
0.794664652,33,1,0.367516849,7566.0,18,0,1,0,0
1.661129568,26,0,0.017462165,858.0,0,1,0,0,0
0.500813319,51,0,689.0,5400.0,6,0,0,0,0
0.102684291,66,0,0.117893534,10500.0,10,0,1,0,0
0.760662295,53,0,0.220168443,13416.0,12,0,4,0,0
0.00359964,50,0,0.278267079,4200.0,2,0,1,0,2
0.16562063,40,0,0.182952582,5208.0,8,0,0,0,2
1.082262211,28,3,462.0,5400.0,3,0,0,0,4
0.064320944,47,0,438.0,5400.0,9,0,0,0,3
0.037873245,73,0,0.484075044,4583.0,11,0,2,0,0
0.379331033,39,0,2296.0,5400.0,3,0,1,0,0
0.071640299,58,0,0.271403465,3982.0,9,0,1,0,0
0.066833664,57,0,0.830774152,3125.0,29,0,2,0,1
0.011605092,60,0,0.325530035,13583.0,11,0,1,0,0
0.612599337,51,0,0.521018931,7183.0,14,0,3,0,2
0.9999999,28,0,540.0,5400.0,1,5,0,1,0
0.050114053,46,0,0.403433476,698.0,10,0,0,0,2
0.695566744,62,0,0.745272767,4600.0,13,0,1,0,1
0.662972015,46,1,0.179934294,3956.0,4,0,0,0,0
0.016071936,59,0,1389.0,5400.0,10,0,2,0,0
0.49359096,53,0,2349.0,5400.0,6,0,2,0,0
0.683217698,43,0,0.170753237,10195.0,5,0,0,0,0
0.0,32,0,4255.0,5400.0,12,0,2,0,0
0.878671775,38,1,0.175058924,4666.0,4,2,0,5,0
0.8300068,71,1,0.229781772,3115.0,9,0,0,0,0
0.027418765,59,0,0.004110654,9000.0,7,0,0,0,0
0.764780115,37,0,0.640262193,9000.0,11,0,3,0,3
0.9999999,41,0,763.0,5400.0,1,0,0,0,0
0.0,45,0,0.092727056,8400.0,6,0,1,0,3
1.001329107,51,3,0.679293576,7813.0,14,0,2,0,1
0.968809571,51,0,0.339403974,5435.0,8,0,0,0,1
0.347285913,36,0,0.139151581,3700.0,6,0,0,0,1
0.406857625,50,0,0.332404828,14000.0,6,0,1,0,1
0.0,23,1,0.139643861,3200.0,5,0,0,1,1
0.025935066,56,0,978.0,5400.0,7,0,1,0,0
0.375267789,73,0,0.483923962,4260.0,16,0,0,0,0
0.358867905,28,0,0.086158277,50000.0,11,0,2,0,0
0.997660072,58,0,0.099778271,1352.0,11,0,0,0,0
0.683239059,47,5,0.716453047,7645.0,13,0,2,4,2
0.758455687,60,0,0.260342055,6840.0,20,0,1,0,1
0.014123055,41,0,0.456683465,4166.0,13,0,1,0,3
0.548966699,46,1,0.643895168,8050.0,12,0,3,0,4
0.890862674,34,1,0.209546233,4671.0,5,0,0,0,4
0.000414727,55,0,0.750590618,5925.0,6,0,3,0,0
0.0,57,0,0.472512494,2200.0,4,0,0,0,0
0.57790858,61,0,0.36794539,10400.0,13,0,2,0,0
0.017232405,68,0,0.346616541,6649.0,8,0,2,0,1
0.402280754,59,0,0.183446357,5750.0,8,0,0,0,1
0.9999999,67,0,0.317820909,4533.0,3,0,1,0,0
0.770161492,48,0,3393.0,5400.0,4,0,1,0,0
0.9999999,61,0,0.0,5400.0,1,0,0,0,0
0.9999999,59,1,0.248262407,8200.0,5,0,1,0,0
0.9999999,27,0,0.081530782,600.0,2,0,0,2,1
0.024176643,56,0,0.417194269,3000.0,5,0,1,0,0
0.961244137,28,1,126.0,5400.0,3,0,0,0,0
0.095876165,74,0,0.01616532,12000.0,3,0,0,0,0
0.132081218,57,0,0.227157936,15442.0,14,0,1,0,2
0.013238161,32,0,0.494336725,5208.0,11,0,1,0,1
0.0,69,0,0.182259677,7000.0,3,0,1,0,0
0.004430633,37,0,0.083094556,5583.0,7,0,0,0,0
0.545119134,42,0,0.581592321,5312.0,9,0,2,0,2
0.046096368,33,0,0.464614154,2500.0,11,0,1,0,0
0.021047986,56,0,0.167893828,11000.0,13,0,1,0,0
0.274251812,48,0,0.305283757,10219.0,8,0,1,0,3
0.91008991,60,0,0.444770283,3068.0,8,0,0,0,0
0.05798876,43,0,0.367926376,5106.0,13,0,1,0,2
0.0,28,0,114.0,5400.0,3,0,0,0,0
0.020465302,30,2,0.108272163,7083.0,8,0,0,0,0
0.0,69,0,0.337558275,6863.0,14,0,2,0,0
0.896777171,64,1,0.480755729,15666.0,15,0,2,0,0
0.9999999,90,0,0.011012433,2814.0,0,0,0,0,0
0.00159192,80,0,0.157878118,3166.0,12,0,0,0,0
0.0,29,1,0.484848485,3530.0,3,0,1,0,0
0.137699762,57,0,519.0,5400.0,10,0,0,0,0
0.33641582,56,0,0.374339962,8900.0,21,0,2,0,1
0.030942812,47,0,0.573749308,5416.0,8,0,3,1,2
0.476149672,30,1,0.101424106,2878.0,4,0,0,0,0
0.137772675,80,0,0.010184242,10800.0,7,0,0,0,2
0.162914722,54,0,0.461218837,5775.0,5,0,1,0,0
0.712552497,33,0,0.363062352,3800.0,6,0,1,0,1
0.257257581,55,0,0.798748607,11666.0,15,0,3,0,1
0.047809708,85,0,73.0,5400.0,5,0,0,0,0
0.019999015,52,0,0.19820188,4893.0,8,0,0,0,1
0.006731879,81,0,0.003715937,2421.0,9,0,0,0,0
0.518804695,51,0,0.359732005,11641.0,11,0,2,0,0
0.053144183,74,0,0.769406393,1751.0,13,0,1,0,0
0.052945098,44,0,0.534244293,6000.0,7,0,1,0,2
0.041884235,26,0,0.502498612,1800.0,6,0,0,0,0
0.0,31,0,0.0,7486.0,12,0,0,0,0
1.029496313,41,0,0.431526686,4833.0,9,0,2,0,0
0.022285478,76,0,0.23317925,3893.0,11,0,1,0,0
0.0,36,0,0.211589113,3416.0,4,0,1,0,0
0.667915106,23,0,15.0,5400.0,2,0,0,0,0
0.017890321,79,0,0.093151141,6000.0,17,0,0,0,1
0.166315282,31,0,0.435479922,8167.0,4,0,1,0,0
0.255109605,49,0,0.327358279,4462.0,8,0,1,0,0
0.02421578,55,0,0.937031484,2000.0,7,0,1,0,0
0.132325257,76,0,0.150978656,10166.0,8,0,2,1,0
0.9999999,29,0,676.0,5400.0,4,0,0,0,0
0.799885731,26,0,0.160984363,3900.0,3,0,0,0,0
0.104438451,32,0,0.206391716,5600.0,17,0,0,0,0
0.110510916,71,0,0.135540496,9000.0,7,0,0,0,1
0.294758006,75,0,0.440079989,7000.0,11,0,1,0,0
0.9999999,43,1,0.091152815,1864.0,1,0,0,0,0
0.9999999,53,0,1721.0,5400.0,2,2,1,0,0
0.083409941,74,0,0.58246715,10197.0,10,0,2,0,0
0.012104732,65,0,1879.0,5400.0,10,0,2,0,0
0.062539769,49,0,0.010384216,1925.0,6,0,0,0,0
0.393863297,59,0,0.398738559,13000.0,9,0,2,0,1
0.084231929,57,0,0.12478401,21412.0,8,0,2,0,3
0.54931071,27,1,0.388098999,3797.0,5,0,1,0,2
0.0,56,1,1.018565401,3554.0,8,0,4,0,2
0.374409228,51,0,0.369726039,12300.0,10,0,2,0,1
0.009281717,85,0,18.0,5400.0,6,0,0,0,0
0.204446335,30,1,0.13027179,3200.0,5,0,0,0,1
0.050432068,61,0,0.267535222,6600.0,13,0,1,0,0
0.013844247,41,0,542.0,5400.0,8,0,1,0,0
0.905472637,26,0,0.077568972,2500.0,2,0,0,0,0
0.92983094,39,1,0.336532693,3333.0,8,0,1,0,3
0.414758487,54,0,0.26684715,13666.0,13,0,2,0,1
0.560459609,44,0,1659.0,5400.0,6,0,1,0,0
0.111703647,51,0,1500.0,5400.0,6,0,1,0,1
0.016974314,77,0,50.0,5400.0,5,0,0,0,0
0.360811042,37,0,0.535116221,4000.0,19,0,1,0,3
0.457838749,47,0,0.046114785,67743.0,12,0,1,0,0
0.203559312,27,0,0.148170366,3333.0,6,0,0,0,0
0.0,48,0,4195.0,5400.0,5,1,0,0,0
0.082940266,36,0,0.08287968,9000.0,5,0,0,0,3
0.979925315,70,0,1.25512979,4044.0,10,0,2,0,0
0.0,55,1,0.0,575.0,1,0,0,0,0
0.006203828,45,0,0.075792421,10000.0,4,0,1,0,4
0.414772526,59,2,0.39206498,3200.0,12,0,1,0,0
0.223876515,57,0,1997.0,5400.0,10,0,1,0,0
0.9999999,28,0,0.154922539,2000.0,1,0,0,0,0
0.8606901,45,0,0.055393586,2400.0,8,0,0,0,0
0.000459991,66,0,0.182492806,6602.0,5,0,1,0,0
0.138170032,60,0,0.3917793,5400.0,8,0,2,0,0
0.085697356,43,0,34.0,5400.0,3,0,0,0,0
0.27688048,31,0,0.136431784,3334.0,6,0,1,0,0
0.9999999,45,1,0.108945527,2000.0,2,1,1,1,1
0.071838416,69,0,201.0,5400.0,10,0,0,0,0
0.063485202,58,0,0.171376481,3290.0,10,0,0,0,0
0.9999999,29,0,0.039675102,3200.0,1,3,0,0,1
0.087166402,29,0,0.341573439,5541.0,6,0,2,0,0
0.018885444,76,0,1.052855925,1172.0,6,0,0,0,0
1.006312467,28,0,0.131873044,2236.0,2,0,0,0,0
0.141742229,62,2,0.371236544,18300.0,28,0,2,0,1
0.012563962,80,0,0.434140715,4334.0,11,0,2,0,1
0.269170633,71,0,0.616691654,2000.0,7,0,0,0,0
0.157373458,44,1,0.283277789,5100.0,10,0,1,0,2
0.007060392,58,0,1971.0,5400.0,8,0,2,0,0
0.11174746,54,0,0.11705106,7500.0,4,0,0,0,1
0.482126489,49,0,3417.0,5400.0,9,0,1,0,0
0.138582556,51,1,0.369090187,7550.0,8,0,2,0,1
0.159612278,41,0,0.450192625,3633.0,13,0,1,0,2
0.194058457,63,0,1316.0,5400.0,8,0,1,0,1
0.0,30,0,0.003996004,2001.0,5,0,0,0,1
0.016805144,55,0,0.030117407,7835.0,7,0,0,0,0
0.9999999,49,0,806.0,5400.0,2,0,0,0,0
0.011736252,61,0,0.385461454,10000.0,15,0,3,0,2
0.014181455,57,0,2080.0,5400.0,17,0,2,0,0
0.615178149,67,0,0.493469117,4516.0,9,0,2,0,0
0.896287406,56,0,0.178462227,13408.0,8,0,0,0,4
0.04223066,56,0,0.214678532,10000.0,7,0,1,0,0
0.051996534,83,0,0.437777778,2249.0,3,0,1,0,0
0.74251497,22,0,0.013732834,800.0,3,0,0,0,0
0.053397921,33,0,0.538306452,2975.0,7,0,1,0,0
0.637012408,50,0,0.512087524,17000.0,16,0,2,0,3
0.129492827,60,0,1522.0,5400.0,7,0,1,0,0
0.47700107,72,0,0.502540567,6100.0,9,0,1,0,1
1.011247188,30,0,0.329882185,2800.0,9,0,0,0,0
0.743691316,55,0,0.630590461,7400.0,29,0,2,0,1
0.180104655,34,0,0.076153974,6000.0,4,0,0,0,0
0.00684701,63,0,0.005197921,2500.0,5,0,0,0,0
0.0,59,0,0.16496,12499.0,4,0,1,0,1
0.018879407,41,0,39.0,5400.0,15,0,0,0,0
0.9999999,55,0,0.066431251,9061.0,6,1,1,0,3
0.043717015,33,0,1.986802639,5000.0,10,0,7,0,1
0.477565253,57,0,0.45188195,4675.0,5,0,1,0,0
0.018369235,32,0,0.464707059,5000.0,9,0,1,0,0
0.9999999,27,0,0.246966453,1400.0,1,1,0,0,1
0.032525935,72,0,0.230713422,8269.0,7,0,2,0,0
0.47069884,32,0,0.658780407,3000.0,16,0,1,0,0
0.775323885,61,0,0.512092873,3100.0,8,0,0,0,0
0.229008211,78,1,0.521153441,4750.0,19,0,2,1,0
0.083353703,53,0,0.424852366,12022.0,4,0,1,0,0
0.153455446,77,1,0.274388142,2900.0,7,0,1,0,1
0.052797358,72,0,0.098590141,10000.0,14,0,1,0,1
0.090597946,38,0,0.487005198,2500.0,9,0,1,0,0
0.092655197,61,0,0.693792581,5283.0,14,0,2,0,1
0.9999999,44,1,0.455450127,4320.0,4,1,1,0,0
0.528278026,65,0,2569.0,5400.0,8,0,1,0,0
0.0,74,0,0.342915578,8800.0,12,0,2,0,0
0.02309729,35,0,0.089818364,6000.0,7,0,0,0,2
0.047848308,32,0,0.209731171,4500.0,4,0,0,0,0
0.009297838,29,0,0.082986169,6000.0,4,0,0,0,0
0.290576783,60,0,1.325851393,2583.0,15,0,2,0,1
0.850264089,36,0,0.238556108,3822.0,5,0,0,0,1
0.9999999,45,1,0.102811434,8500.0,2,1,0,0,4
0.248923507,56,0,0.284782397,10270.0,15,0,2,0,0
0.9999999,44,0,569.0,5400.0,3,0,0,0,0
0.923692103,39,4,0.381605412,5468.0,8,0,1,0,3
0.047661371,73,0,0.007664112,3000.0,4,0,0,0,0
0.007916089,61,0,3699.0,5400.0,13,0,2,0,0
0.9999999,29,0,0.088880484,5287.0,2,0,0,0,0
0.120288722,47,1,2072.5,1.0,18,0,2,0,3
0.566811953,43,0,0.428012693,13550.0,15,0,2,0,4
0.307629943,36,0,0.31691459,10150.0,6,0,1,0,3
0.140773285,48,0,0.204126187,9160.0,15,0,2,0,4
0.536658645,43,0,0.419052813,11000.0,15,0,2,0,1
0.04130335,49,0,0.189342404,9701.0,7,0,1,0,3
0.021884887,72,0,406.0,5400.0,9,0,0,0,0
0.404279986,58,0,0.40531264,6700.0,9,0,2,1,1
0.009612809,64,0,2763.0,5400.0,13,0,2,0,0
0.9999999,61,2,0.71685543,1500.0,1,0,1,1,1
0.0,37,0,0.175584748,3120.0,5,0,0,0,0
0.049999445,39,0,1593.0,5400.0,13,0,1,0,0
0.356463434,58,0,0.495550445,10000.0,15,0,2,0,0
0.610088667,31,2,0.327866555,7133.0,11,0,1,0,0
0.0,62,0,0.372214941,4577.0,11,0,2,0,1
0.566510241,35,1,0.407430188,8128.0,11,0,1,0,0
0.012790073,72,0,0.082127858,15000.0,5,0,0,0,1
0.260120641,39,2,0.344247788,5649.0,12,0,1,0,3
0.110751908,48,1,0.449061215,9000.0,15,0,3,0,2
0.293498119,50,0,0.726341332,3708.0,9,0,2,0,0
0.093162735,33,0,0.436013249,3320.0,7,0,1,0,0
0.168567616,50,0,0.469066367,5333.0,15,0,1,0,2
0.969773589,40,0,0.913860611,3830.0,6,0,2,0,2
0.152726117,61,0,0.604889701,7116.0,12,0,3,0,0
0.011223345,42,0,0.081639454,3000.0,4,0,0,0,0
0.0,29,0,0.0,0.0,2,0,0,0,0
0.550800674,56,0,0.350182746,14500.0,9,0,1,0,0
0.595400767,57,0,0.088259784,1200.0,2,0,0,0,0
1.376873662,61,3,0.334577446,3750.0,10,1,0,2,2
0.078620554,76,0,0.137592789,3771.0,6,0,0,0,0
0.002372801,61,0,0.588650138,9074.0,14,0,2,0,0
0.072639979,38,0,0.293981927,5200.0,8,0,1,0,0
0.235524174,63,0,0.299534961,12041.0,18,0,2,0,0
0.00323375,43,0,0.139900662,6039.0,8,0,1,0,0
0.049596032,37,0,0.096306685,6416.0,4,0,0,0,0
0.049254987,59,0,439.0,5400.0,5,0,1,0,0
0.164754088,49,0,0.310668933,10000.0,17,0,3,0,4
0.133866134,58,0,0.000888691,4500.0,3,0,0,0,0
0.9999999,79,0,0.0,5400.0,1,0,0,0,0
0.0,32,1,510.0,0.0,9,0,0,0,0
0.557267805,55,0,0.297925519,4000.0,12,0,0,0,0
0.001856186,82,0,0.001171156,5976.0,16,0,0,0,0
0.974075274,81,0,0.703217744,3200.0,7,0,1,0,1
0.0,79,0,0.0,5400.0,4,0,0,0,0
0.461712813,53,0,0.263522174,3900.0,6,0,1,0,0
0.282838555,34,0,0.341810673,9200.0,11,0,1,0,4
0.035966623,59,0,2054.0,5400.0,13,0,3,0,0
0.03427468,41,0,29.0,5400.0,3,0,0,0,0
0.001454545,52,0,0.117754358,4933.0,10,0,1,0,1
0.15493755,45,0,0.495078873,7416.0,4,0,1,0,0
0.031686797,70,1,1018.0,5400.0,11,0,2,0,0
0.149428286,44,0,0.326535369,8580.0,10,0,1,0,1
0.462522008,79,0,1356.0,5400.0,7,0,1,0,0
0.988390842,40,0,746.0,5400.0,4,0,0,0,0
0.771166427,58,0,0.37619164,45000.0,22,0,6,0,1
0.443975917,52,0,0.535377358,7207.0,29,0,1,0,1
0.526176702,75,0,0.583510155,3298.0,12,0,1,0,0
0.404436788,46,0,0.347904115,7800.0,15,0,2,0,0
0.165625339,59,0,0.57472443,3900.0,15,0,1,0,0
0.9999999,53,0,0.0,12666.0,0,0,0,0,2
0.242298837,54,0,3480.0,5400.0,12,0,2,0,0
0.002103091,53,0,0.187850326,6600.0,6,0,1,0,0
0.064297075,62,4,0.278544291,5000.0,11,0,1,0,0
0.158851634,70,0,0.485975701,6666.0,21,0,1,0,0
0.07080923,81,0,0.405259474,10000.0,14,0,3,0,1
0.0,48,0,0.356382181,6666.0,6,0,2,0,1
0.02609297,48,0,0.26526291,8500.0,8,0,2,0,1
0.256316525,25,0,0.038167939,1833.0,2,0,0,0,0
0.236076392,51,0,0.372122859,13250.0,8,0,3,0,0
0.058914888,66,0,0.249494108,8400.0,13,0,1,0,1
0.807349946,47,0,2857.0,5400.0,12,0,2,0,0
0.028316078,74,1,72.0,5400.0,4,0,0,0,0
0.0,39,0,0.273636274,10100.0,11,0,2,0,3
2.188581142,47,4,0.414577871,9534.0,9,0,1,0,1
0.399074949,50,1,0.42885092,7666.0,12,0,2,0,2
0.063742713,37,0,0.51354131,2916.0,4,0,1,0,1
0.025688917,38,0,0.878299623,2916.0,7,0,1,0,0
0.373126041,35,0,0.059077482,4400.0,2,0,0,0,0
0.015678125,43,0,0.17299308,25000.0,16,0,1,0,3
0.127785781,33,0,2284.0,5400.0,3,0,1,0,0
0.027289442,57,0,0.072650522,4500.0,8,0,0,0,0
0.186584577,51,0,0.05967095,12216.0,6,0,1,0,3
0.025607582,48,0,1464.0,5400.0,7,0,1,0,0
0.0,51,0,0.243796019,7333.0,14,0,1,0,4
0.108984431,29,0,0.007094486,3100.0,3,0,0,0,1
0.023634829,57,0,0.21515599,10833.0,9,0,2,0,0
0.148229481,31,0,0.640156454,2300.0,14,0,1,0,2
0.517276658,29,0,0.161769161,3300.0,4,0,0,0,0
0.00719982,76,0,0.16318408,3014.0,5,0,2,0,0
0.032972317,65,0,0.009086216,9684.0,9,0,0,0,0
0.641143502,30,0,0.647741475,5600.0,6,0,2,0,0
0.023950051,42,0,881.0,0.0,6,0,0,0,1
0.404516853,42,0,0.843771747,5747.0,15,0,2,0,0
0.90085438,46,1,0.532114184,4483.0,9,0,1,0,3
0.22418787,36,0,0.256699577,7089.0,15,0,0,0,0
0.484351565,49,0,0.533445584,6532.0,7,0,2,0,2
0.135803494,71,0,0.07753797,1250.0,4,0,0,0,0
0.047984005,39,1,0.415570752,1900.0,4,0,0,0,0
0.105705011,34,0,0.297646516,6500.0,4,0,1,0,2
0.067029275,31,0,0.027125717,5750.0,5,0,0,0,0
0.473882724,48,0,0.423192269,3000.0,8,0,0,0,1
0.093791733,70,0,0.558579088,7459.0,13,0,3,0,0
0.0,42,0,0.439217759,9459.0,7,0,2,0,0
0.869252639,71,0,6.202185792,365.0,9,0,1,0,0
0.9999999,75,0,0.0,4000.0,1,0,0,0,0
0.113497635,31,0,0.025073066,6500.0,5,0,0,0,1
0.0,45,0,0.253634772,13136.0,3,0,1,0,3
0.075889935,58,0,3.2578125,895.0,9,0,2,0,0
0.728427157,59,0,0.154791841,3578.0,4,0,0,0,0
0.024155666,51,0,0.355070952,9583.0,11,0,2,0,2
0.711032108,45,1,1.006996502,2000.0,11,0,2,0,3
0.984477769,27,1,944.0,5400.0,5,0,1,1,0
0.095513124,33,0,0.906705539,2400.0,9,0,2,0,0
0.000366124,48,0,0.0,10000.0,7,0,0,0,0
0.433079636,69,2,1.697924673,1300.0,11,0,3,1,0
0.107476784,60,0,0.903798367,8450.0,11,0,3,0,0
0.594400933,29,0,0.171961033,2360.0,6,0,0,0,0
0.436503735,53,0,0.157906029,4660.0,4,0,0,0,1
0.147945253,65,0,3434.0,5400.0,11,0,3,0,1
0.532653822,65,0,3696.0,5400.0,11,0,2,0,0
0.489680842,35,0,0.431455489,5200.0,7,0,1,0,0
0.07159642,70,0,2408.0,5400.0,2,0,1,0,0
0.119094045,46,0,0.177721702,2773.0,3,0,1,0,0
0.148168348,48,0,1910.0,5400.0,4,0,1,1,0
0.179996079,63,0,0.079975008,3200.0,7,0,0,0,0
0.709503649,58,0,0.625178535,4900.0,9,0,2,0,0
0.004223774,80,0,1.0,5400.0,3,0,0,0,0
0.497972343,65,0,0.767904012,2666.0,8,0,1,0,0
0.952377976,46,0,1182.0,5400.0,4,0,0,0,0
0.079452105,56,0,1.602465845,3000.0,9,0,3,0,0
0.600056563,49,0,0.362659963,4375.0,4,0,1,0,3
0.08194537,22,0,0.003225806,929.0,3,0,0,0,0
0.023808682,40,0,0.13593165,10416.0,8,0,2,0,0
0.694902359,38,1,0.382061794,10000.0,8,0,2,0,5
0.883107089,66,1,0.010964205,3100.0,3,1,0,0,0
0.646154744,35,1,0.600594514,7400.0,16,0,2,0,0
0.39816743,38,0,729.0,5400.0,8,5,0,0,0
0.017543244,52,0,0.001448825,9662.0,3,0,0,0,4
0.099057181,77,0,72.0,5400.0,3,0,0,0,0
0.4955009,34,0,3411.0,5400.0,4,0,2,0,0
0.301521842,60,0,0.241298397,12784.0,16,0,1,0,1
0.416865017,54,2,0.668435625,4333.0,27,0,1,0,0
0.9999999,41,1,0.435760047,8584.0,12,0,3,0,0
0.029905843,68,0,0.00325705,11666.0,2,0,0,0,1
0.01186467,57,0,0.087914485,4583.0,7,0,0,0,0
0.007700721,85,0,0.003029385,3300.0,7,0,0,0,0
0.155520125,48,0,0.234047535,8540.0,4,0,1,0,2
0.061698883,35,0,0.03285831,11016.0,12,0,0,0,2
0.535689375,76,0,0.075219197,6500.0,7,0,0,0,0
0.0,63,0,0.001428163,3500.0,19,0,0,0,0
0.031777242,48,0,0.021328594,4500.0,19,0,0,0,0
0.078520943,65,0,5984.0,5400.0,12,0,2,0,0
1.026776151,52,0,0.072790295,7500.0,3,1,0,1,3
0.87956022,48,0,52.0,5400.0,1,0,0,0,0
0.0,63,0,0.0,5335.0,4,0,0,0,0
0.091477937,65,0,0.250299976,12500.0,15,0,4,0,0
0.014065113,61,0,12.0,5400.0,4,0,0,0,0
0.065092575,76,0,51.0,5400.0,1,0,0,0,0
0.016178259,49,0,0.590811711,4200.0,9,0,1,0,0
0.199933356,88,0,0.002571061,7000.0,4,0,0,0,0
0.173487964,68,0,0.524155017,5650.0,18,0,1,0,0
0.9999999,29,0,0.205196536,1500.0,1,2,0,1,0
0.432921933,48,0,0.470115192,4600.0,7,0,1,0,2
1.087063262,54,1,3021.0,5400.0,11,0,1,0,0
0.096733575,24,0,0.049977283,2200.0,5,0,0,0,0
0.0,44,0,0.632669757,3666.0,4,0,2,0,0
0.105368974,48,0,2110.0,5400.0,9,0,2,0,1
0.045277483,53,0,0.305010209,6366.0,22,0,2,0,1
0.080833408,49,0,0.37522992,11416.0,7,0,2,0,5
0.285813766,57,0,0.196933625,10500.0,10,0,2,0,0
0.59138153,32,0,0.289663285,6800.0,17,0,0,0,2
0.094621814,48,0,0.299006132,4728.0,10,0,1,0,0
0.613876678,25,0,0.394345238,3359.0,7,0,0,0,0
0.0,58,0,0.0,11000.0,7,0,0,0,0
0.029774903,46,0,0.305800072,8292.0,5,0,1,0,2
0.239338033,71,0,0.300886625,5300.0,5,0,1,0,0
0.9999999,59,0,1723.0,5400.0,4,0,1,0,0
0.162360047,75,0,3282.0,5400.0,5,0,2,0,0
0.016236651,35,0,0.400656814,7916.0,10,0,2,1,1
0.19026991,27,0,0.002889191,5883.0,3,0,0,0,0
0.956704602,49,5,1.880043621,1833.0,4,2,1,1,3
0.616615282,35,0,0.489029825,5833.0,4,0,2,0,2
0.102449075,44,0,0.308614865,5919.0,17,0,2,0,0
0.218405106,47,0,0.18020278,9566.0,15,1,2,0,1
0.094886319,42,0,0.60058309,2400.0,15,0,1,0,0
0.145078305,58,0,0.285512617,17000.0,6,0,3,0,0
0.302829756,65,0,0.042499393,70000.0,22,0,3,0,0
0.303689939,78,0,419.0,5400.0,2,0,1,0,0
0.78316172,33,1,0.276195075,2070.0,4,0,0,0,0
0.0,51,0,0.013063183,3750.0,5,0,1,0,2
0.059759059,44,0,0.217326916,2700.0,5,0,0,0,0
0.9999999,41,2,0.194154489,9100.0,7,1,1,0,0
0.049337914,37,0,0.241044154,3600.0,12,0,0,0,1
1.044439507,48,2,0.264092398,5800.0,5,0,0,0,3
0.005840579,48,0,0.164604424,8000.0,11,0,1,0,0
0.028341114,46,1,0.050877583,4500.0,8,0,0,0,0
0.045178057,35,1,0.086289042,17000.0,9,0,0,0,0
0.104617858,53,0,0.32504486,3900.0,15,0,0,0,2
0.0,27,0,0.914379802,910.0,5,0,1,0,0
0.04967101,62,0,0.205706634,9707.0,9,0,1,0,1
0.927565667,48,0,8278.0,5400.0,14,0,2,0,2
0.030164327,76,0,44.0,5400.0,7,0,0,0,0
0.866413359,46,0,0.321092564,6589.0,9,0,2,0,3
0.082003673,54,0,0.101483086,6000.0,13,0,0,0,2
0.014491218,60,0,0.010639645,7894.0,8,0,0,0,0
0.188436588,41,0,0.33505255,10275.0,9,0,3,0,0
0.090007811,49,0,0.516639269,27374.0,17,0,4,0,2
0.027332954,61,0,1.439112178,1666.0,6,0,1,0,0
0.0174931,78,0,3123.0,5400.0,6,0,2,0,0
0.490189252,48,2,0.244864827,14166.0,10,0,1,0,3
0.96950305,66,0,0.754520167,2875.0,5,0,1,0,0
0.056798738,54,0,0.131442596,11000.0,9,0,2,0,2
0.00663471,35,0,549.0,5400.0,5,0,1,0,0
0.0,49,0,0.339509136,31250.0,11,0,2,0,1
0.080950454,48,0,0.243954699,6533.0,7,0,1,0,1
0.712979265,47,1,0.808936104,6400.0,18,0,2,0,1
0.908144554,51,0,1.011198507,7500.0,14,0,2,0,2
0.9999999,60,0,0.282543491,5000.0,7,0,2,0,0
0.010514833,82,0,0.051581262,5912.0,6,0,1,0,0
0.898650939,61,0,0.821193945,3500.0,14,0,2,0,0
0.161503339,63,0,0.206827596,7000.0,11,0,2,0,0
0.181530419,45,0,0.475292773,3500.0,7,0,2,0,0
0.119523506,34,0,0.596942724,5167.0,15,0,2,0,0
0.282206544,44,0,0.085936121,17000.0,6,0,1,0,2
0.0,49,0,0.201263899,12500.0,10,0,1,0,2
0.392151962,48,0,0.199220019,3076.0,2,0,0,0,2
0.190769889,64,0,0.261089043,12083.0,11,0,1,0,0
0.943962858,66,0,0.553178729,5001.0,9,1,1,1,0
0.176529103,50,1,0.524014203,5350.0,17,0,2,0,0
0.81976524,41,0,0.39187178,8734.0,10,0,2,0,5
0.357988383,35,1,0.8005997,2000.0,10,0,2,0,2
0.888248516,37,2,0.171231487,4928.0,6,0,0,0,0
0.00355782,72,0,0.04980478,10500.0,8,0,2,0,0
0.0,28,0,0.399720056,5000.0,8,0,1,0,0
0.883826704,42,0,0.227372228,10506.0,21,0,0,0,2
0.97102351,55,0,0.354475276,4792.0,12,0,0,0,2
0.037432693,38,0,0.233345272,5583.0,16,0,2,0,0
0.649449419,59,0,1.117735622,6641.0,12,0,2,0,0
0.051708151,59,0,0.306704708,1401.0,6,0,0,0,0
0.0,23,0,0.0,500.0,1,0,0,0,0
0.0,25,0,0.388814913,750.0,3,0,0,0,0
0.022016222,50,0,0.347868009,9333.0,8,0,2,0,1
0.267658556,50,0,0.377746422,4960.0,7,0,1,0,0
0.042534707,42,0,0.011141266,7000.0,5,0,0,0,1
0.803274591,46,1,1.619764398,1527.0,6,2,2,1,1
0.239449744,36,0,0.548722564,20000.0,18,0,4,0,0
0.056367252,58,0,0.300627761,4300.0,4,0,1,0,0
0.053569898,67,0,3110.0,5400.0,6,0,1,0,0
0.9999999,26,0,0.266841228,4200.0,4,0,0,0,0
0.166648486,37,0,1379.0,5400.0,10,0,2,0,0
0.03237406,57,2,0.324548736,2769.0,11,0,1,0,1
0.0,63,0,0.255782719,6700.0,8,0,1,0,0
0.021242022,75,0,0.091398539,7800.0,12,0,1,0,0
0.457436171,43,0,3006.0,5400.0,2,0,1,0,0
0.03744099,60,0,0.434704583,7243.0,9,0,2,0,0
0.005612919,79,0,0.020181448,5400.0,8,0,1,0,0
0.0,48,0,0.0,3962.0,1,0,0,0,2
0.081399223,48,0,872.0,5400.0,12,0,2,0,0
0.249053639,32,0,0.773815002,4345.0,11,0,1,0,0
0.069727038,50,0,1.061312896,3000.0,6,0,2,0,0
0.10224469,71,0,1.384083045,3467.0,16,1,2,0,0
0.441769637,60,1,2851.0,5400.0,8,0,2,0,1
0.029354501,61,0,80.0,5400.0,7,0,0,0,0
0.111265984,37,0,0.269748391,3417.0,6,0,2,0,3
0.087182563,57,0,1828.0,0.0,5,0,1,0,0
0.020715538,65,0,0.003570918,7000.0,3,0,0,0,0
0.491357554,48,0,0.113082955,7268.0,8,0,0,0,0
0.309911024,44,0,1248.0,5400.0,3,0,1,0,0
0.740615264,51,0,2949.0,5400.0,7,0,3,0,0
0.10024387,54,1,0.368181313,9000.0,17,0,2,0,0
0.517800571,67,0,4221.0,5400.0,14,0,1,0,0
0.002570694,46,0,0.000937207,3200.0,6,0,0,0,0
0.187742616,50,2,0.583714768,4150.0,11,0,1,0,1
0.9999999,56,0,4416.0,5400.0,3,0,1,0,0
0.501016178,48,1,0.05963467,5583.0,4,0,1,0,1
0.0,36,1,1.307895368,4166.0,4,0,1,0,0
0.0,71,0,40.0,5400.0,2,0,0,0,0
0.796407186,29,1,0.128723183,4800.0,4,0,0,0,1
0.378818291,54,1,1.245308835,5115.0,13,0,2,0,0
0.123934934,27,0,0.073385323,5000.0,6,0,0,0,0
0.562205399,47,0,0.417845689,5300.0,6,0,1,0,3
0.006025767,64,0,0.496821991,24700.0,22,0,5,0,1
0.00559972,67,0,111.0,5400.0,6,0,0,0,0
0.0,42,0,434.0,5400.0,4,0,0,0,0
0.9999999,26,0,0.174937522,2800.0,1,0,0,0,0
0.026803396,48,0,0.231338077,7166.0,5,0,1,0,1
0.052183717,72,1,1.130890052,2100.0,15,0,2,0,1
0.651624267,49,0,0.229144815,14300.0,19,0,2,0,3
0.183803689,59,0,0.692216139,4200.0,9,0,2,0,0
0.247078658,36,0,0.437852047,5325.0,9,0,1,0,3
0.057443159,43,0,0.242787848,7833.0,15,0,2,0,1
0.059171449,71,0,0.84351261,3290.0,11,0,3,0,0
0.227023424,62,0,3231.0,5400.0,8,0,1,0,0
0.139681723,71,0,0.324986088,7187.0,9,0,2,0,0
0.002263188,66,0,3071.0,5400.0,16,0,3,0,0
0.035318648,56,0,0.334451255,8646.0,12,0,1,0,2
0.076645184,47,0,0.402038133,6083.0,6,0,1,0,3
0.9999999,28,0,36.0,5400.0,1,0,0,1,1
0.014828752,83,0,0.007902299,4175.0,9,0,0,0,0
0.045639597,60,1,1091.0,5400.0,5,0,1,0,0
0.048937709,68,0,94.0,5400.0,4,0,0,0,0
0.105566927,46,0,0.508528408,8500.0,8,0,2,0,2
0.252745291,63,1,2290.0,5400.0,7,0,1,0,0
0.152856751,61,0,0.528505701,4998.0,8,0,2,0,0
0.376303411,62,1,4191.0,5400.0,10,0,3,0,0
0.352965923,37,0,0.436890777,4000.0,6,0,1,0,1
0.060191417,48,0,0.31181004,4800.0,7,0,2,0,0
0.9999999,53,1,0.176798041,4490.0,4,0,0,0,1
0.741197407,35,0,0.915176798,5033.0,13,1,4,0,0
0.81278309,43,0,0.176405243,4500.0,7,0,0,0,3
0.027130164,62,0,0.0029521,10500.0,6,0,0,0,0
1.01045781,36,0,0.478634091,10600.0,22,0,2,0,1
0.027884389,52,0,0.520973462,8176.0,5,0,2,0,0
0.66449342,32,0,561.0,1.0,10,0,0,0,2
0.459273622,52,1,3043.0,5400.0,11,0,2,0,1
0.000606042,60,0,1731.0,5400.0,9,0,1,0,0
0.52056505,54,0,0.642864906,9200.0,38,0,4,0,3
0.82334511,39,0,0.444594798,6650.0,8,0,2,0,2
1.098901099,29,1,0.614311704,1648.0,7,0,0,0,1
0.00077101,45,0,0.184375727,4300.0,7,0,1,0,1
0.010602534,60,0,0.282102557,7000.0,7,0,2,0,2
0.023332556,82,0,0.21720306,6928.0,4,0,1,0,0
0.074227625,70,0,2446.0,5400.0,10,0,4,0,0
0.004332852,43,0,0.828982068,7583.0,9,0,2,0,2
0.9999999,75,0,0.0,13945.0,2,0,0,0,0
0.184744641,52,1,2.471264368,2000.0,14,0,4,0,0
0.670666536,41,0,0.302803071,5600.0,8,0,0,0,2
0.223885685,67,0,0.198454545,10999.0,7,0,2,0,0
0.0,65,0,0.0,8333.0,4,0,0,0,1
0.093584581,64,0,0.681263747,5000.0,18,0,2,0,2
0.261945742,72,0,0.090232558,1074.0,6,0,0,0,0
0.492385495,63,5,0.071897317,10361.0,13,1,0,0,0
0.003885103,59,0,0.506746627,2000.0,13,0,1,0,0
0.9999999,28,0,0.059104737,2300.0,2,0,0,0,0
0.00887807,77,0,0.477697095,5783.0,8,0,3,0,1
0.157327019,43,0,0.007283633,2333.0,2,0,0,0,1
0.261921299,50,3,0.103645298,8750.0,8,2,0,2,1
0.331394741,34,2,0.396095974,7376.0,6,0,2,1,1
0.618098707,40,2,0.29860337,15250.0,8,0,2,0,3
0.08501013,47,0,0.212774983,16500.0,16,0,2,0,2
0.138293885,57,0,0.37492027,7838.0,10,0,2,0,0
0.9999999,34,0,340.0,5400.0,1,3,0,1,6
0.591604068,36,0,0.413742956,5500.0,7,0,2,0,2
0.751071327,29,0,0.434333656,6197.0,11,1,4,0,0
0.832989312,56,0,0.234325097,5948.0,3,0,1,0,0
0.74065187,34,0,0.445555159,2800.0,9,0,1,0,0
0.034322304,59,0,0.087645195,31250.0,13,0,1,0,3
0.0,39,1,5169.0,5400.0,12,0,3,0,0
0.160060575,46,1,0.467088819,6000.0,11,0,2,0,1
0.012093111,57,0,0.722441463,3800.0,20,0,2,0,0
0.030805169,58,0,0.416046716,12500.0,13,0,4,0,0
0.0,51,1,0.383154211,4000.0,13,1,2,0,0
0.988646503,45,1,0.407513212,7000.0,5,0,1,0,3
0.043049388,58,0,0.409387497,4750.0,13,0,1,0,0
0.262905481,57,0,0.618211878,7862.0,17,0,1,0,4
0.108317367,41,0,4060.0,5400.0,22,0,2,0,0
0.0,39,2,0.295185356,6500.0,6,0,2,0,3
0.410704651,53,4,0.807444853,2175.0,8,0,1,0,2
0.076144188,51,1,0.163426926,8333.0,6,0,1,0,0
0.120033976,38,0,0.454807231,6250.0,11,0,2,0,1
0.976681337,35,1,0.40938221,3900.0,8,0,0,1,0
0.005119172,84,0,868.0,5400.0,8,0,2,0,0
0.895601403,54,0,0.665937671,7315.0,12,0,1,0,1
0.0,43,0,0.629820051,3500.0,15,0,2,0,1
0.320447881,32,4,0.363062352,3800.0,10,0,0,0,1
0.027297288,63,0,0.117757971,5833.0,7,0,1,0,1
0.171813595,53,1,0.379693111,6125.0,13,0,1,0,0
0.002274175,64,1,0.203295824,18750.0,12,0,1,0,4
0.9999999,42,1,0.231108498,3400.0,5,0,0,1,2
0.0,33,0,0.235031924,8300.0,9,0,1,1,2
0.153784395,40,1,1.00428449,3500.0,8,0,1,0,0
0.000364042,57,0,1126.0,5400.0,6,0,1,0,0
0.980983928,58,0,0.176192952,25000.0,14,0,2,0,2
0.000824979,57,0,3567.0,5400.0,12,0,3,0,0
0.014476473,33,0,1753.0,5400.0,34,0,1,0,0
0.058941059,30,0,1053.0,5400.0,7,0,2,0,0
0.11185584,31,0,0.007972362,3762.0,2,0,0,0,0
0.052717202,56,0,0.525618595,4000.0,13,0,1,0,2
0.145933474,54,0,0.130992053,3900.0,2,0,0,0,0
0.999552306,57,0,0.151334807,5880.0,11,0,0,0,0
0.9999999,34,1,0.015525759,4250.0,5,1,0,0,0
0.005090724,58,0,1.109296901,3000.0,6,0,2,0,0
0.906241556,49,2,0.154886244,12350.0,6,0,2,0,0
0.9999999,38,0,0.307651293,3750.0,4,0,2,0,0
0.544443522,39,0,0.802894687,5250.0,11,0,2,0,3
0.159877908,25,0,0.201256963,7000.0,8,0,0,0,0
0.020972802,64,1,2518.0,5400.0,4,0,1,0,0
0.789249147,32,1,0.525868533,4000.0,7,0,1,1,4
0.447168855,61,0,0.571269859,9000.0,18,0,2,0,0
0.06053854,52,0,0.316044126,10333.0,12,0,1,0,2
0.480378171,57,0,0.354846449,4167.0,8,0,0,0,2
0.862056239,53,0,0.674434237,8925.0,16,0,3,0,5
0.059631011,53,0,0.136626945,12083.0,13,0,1,0,0
0.208462712,64,0,0.042127811,2800.0,2,0,0,0,0
0.231384543,30,0,0.445810285,4880.0,6,0,1,0,0
0.441792204,46,0,0.444301503,17100.0,12,0,4,0,0
0.084915085,49,0,0.044551591,5184.0,2,0,0,0,0
0.594810379,58,0,0.458615246,8867.0,8,0,2,0,0
0.184451873,41,0,0.089034741,29100.0,5,0,0,0,2
0.988155467,66,0,0.05455781,10300.0,2,0,0,0,1
0.081363955,78,0,0.233302226,7500.0,11,0,1,0,0
0.727598198,48,0,0.42174221,8471.0,5,0,1,0,2
0.365592655,28,0,0.413793103,2000.0,8,0,1,0,0
0.065235176,51,0,0.551852839,3750.0,11,0,1,0,2
0.096210687,55,0,2959.0,5400.0,6,0,1,0,0
0.027330297,28,0,0.126353791,2769.0,3,0,0,0,0
0.505892271,43,0,0.522134878,4833.0,19,0,0,0,0
0.0,56,0,0.628493151,1824.0,5,0,1,0,0
0.308400243,54,0,0.384508884,13000.0,10,0,2,0,2
0.9999999,49,0,0.3837687,12900.0,5,0,1,0,2
0.0,39,1,0.217478257,21500.0,14,0,2,0,4
0.9999999,60,0,0.000832639,1200.0,3,0,0,0,0
0.025110314,65,0,0.03572857,7500.0,7,0,0,0,0
0.025234659,64,0,0.497370082,4752.0,11,0,1,0,0
0.035140849,35,0,0.640774258,3977.0,8,0,2,0,0
0.140311804,78,0,0.032798574,2804.0,4,0,0,0,0
0.168294243,55,0,0.517525288,4250.0,16,0,2,0,1
0.005110884,74,0,0.000315756,9500.0,3,0,0,0,0
0.800413306,32,0,0.201530612,4311.0,7,0,0,0,0
0.024848758,67,0,14.0,5400.0,3,0,0,0,0
0.772255121,53,0,0.273551845,4850.0,6,0,1,0,2
0.034847384,54,0,0.206420154,7382.0,6,0,1,0,0
0.09135398,48,0,1.068546948,2800.0,19,0,1,0,0
0.56741442,78,0,4335.0,5400.0,16,0,3,0,0
0.109719091,42,0,0.086948495,5416.0,3,0,0,0,0
0.0,62,0,0.0,1500.0,3,0,0,0,0
0.189886047,64,0,0.197280272,10000.0,15,0,1,0,0
0.7986007,24,0,0.15282392,300.0,3,0,0,0,0
0.083298261,57,0,0.813894604,6318.0,12,0,2,0,2
0.798222581,24,0,0.063749325,1850.0,2,0,0,0,0
0.147289896,74,1,0.351108149,6000.0,19,0,0,0,0
0.0337425,77,0,0.414033457,4303.0,6,0,1,0,0
0.9999999,69,0,0.158526267,13000.0,7,0,1,0,0
0.01301974,47,0,0.00379924,5000.0,2,0,0,0,3
0.0,54,0,0.0,5000.0,2,0,0,0,1
0.028696527,46,0,0.269466317,8000.0,7,0,2,0,4
0.9999999,24,0,452.0,5400.0,3,0,0,2,0
0.008207738,41,1,0.102539063,3071.0,14,0,0,0,1
0.334522767,46,1,0.434704353,15000.0,7,0,1,1,4
0.185876083,61,1,0.233507593,4016.0,4,1,1,0,0
0.652979264,33,5,0.624479334,3120.0,16,0,1,2,0
0.262545722,64,0,0.573543929,2025.0,7,0,1,0,0
0.950603293,35,0,0.14410411,6300.0,6,0,0,0,0
0.783706475,42,1,0.190500698,13600.0,12,0,0,0,3
0.021716806,57,0,0.076476793,7583.0,11,0,0,0,0
0.022566157,62,3,0.187441674,7500.0,13,1,1,1,0
0.233230322,34,0,0.335641279,6065.0,7,0,2,0,1
0.143214167,46,0,0.158086243,12916.0,24,0,1,0,4
0.290194415,47,0,2254.0,5400.0,4,0,2,0,0
0.022162859,58,0,55.0,5400.0,7,0,0,0,0
0.444179533,65,0,0.305679227,9208.0,8,0,1,0,0
0.026685943,48,0,27.0,5400.0,4,0,0,0,0
0.279953456,38,0,0.261728746,7033.0,6,0,2,0,0
0.074175922,35,0,0.31415189,2988.0,8,0,1,0,3
0.0,50,0,1635.0,5400.0,3,0,1,0,0
0.580443611,28,0,0.242774566,1210.0,2,0,0,0,0
0.003333056,52,0,2097.0,5400.0,8,0,1,0,0
0.097261588,54,0,0.225341047,14000.0,7,0,1,0,3
0.028130323,47,1,0.440568762,4500.0,4,0,2,0,0
0.74345131,37,0,0.645905421,2600.0,6,0,2,0,0
0.814093439,50,2,1854.0,5400.0,16,0,1,0,4
0.026129095,55,1,0.367650588,12500.0,23,0,2,0,2
0.211595839,46,0,0.010248719,8000.0,3,0,0,0,4
0.9999999,35,0,0.124250214,3500.0,1,0,0,1,0
0.9999999,30,0,0.0,2326.0,0,1,0,0,1
0.352205974,35,0,0.337931796,9060.0,8,0,2,0,0
0.297469326,59,0,0.474059003,4914.0,15,0,1,0,0
0.9999999,38,0,0.392312386,1638.0,4,0,1,0,0
0.121980752,62,0,2212.0,5400.0,15,0,1,0,0
0.722664831,45,0,0.426030525,8320.0,7,0,2,0,2
0.051598526,51,0,0.365970095,11101.0,9,0,2,0,0
0.0,32,0,0.293493309,2166.0,7,0,0,0,0
0.314735293,59,0,7384.0,5400.0,12,0,7,0,4
0.0,48,0,0.744920993,3100.0,3,0,1,0,0
0.450244519,64,0,0.225462423,6000.0,8,0,0,0,0
0.071096445,42,0,42.0,5400.0,1,0,0,0,0
0.945688651,51,1,4189.0,5400.0,6,0,1,1,4
0.397353373,40,0,0.467005999,5500.0,12,0,2,0,2
0.014275721,73,0,0.009379187,4477.0,13,0,0,0,0
0.119097023,57,0,2719.0,5400.0,4,0,1,0,0
0.005888562,55,0,75.0,5400.0,3,0,0,0,0
0.099939132,60,0,0.380404899,4000.0,7,0,1,0,1
0.9999999,70,0,1336.0,5400.0,4,0,1,0,0
0.033932136,28,2,0.407216495,1745.0,4,0,0,3,0
0.348362933,39,0,1.871128871,1000.0,7,0,1,0,1
0.081328871,69,0,0.324361493,5089.0,5,0,2,0,0
0.0,50,0,0.004299342,7442.0,9,0,0,0,0
0.000764215,72,0,0.231148696,2837.0,4,0,1,0,0
0.0,62,0,0.312394347,14788.0,8,0,1,0,1
0.047358106,72,0,0.001953452,17916.0,6,0,0,0,0
1.0061529,44,0,0.464709204,7083.0,6,1,1,0,3
0.46200371,66,0,0.078643643,11176.0,14,0,0,1,0
0.541401937,26,0,0.342272406,2833.0,7,0,0,0,0
0.274498679,53,1,2944.0,5400.0,17,0,1,0,0
0.004357803,54,0,1443.0,5400.0,13,0,1,0,0
0.170756989,60,0,0.254682579,12065.0,13,0,3,0,1
0.057302393,42,0,80.0,5400.0,4,0,0,0,0
0.072990832,39,0,0.400338792,7083.0,8,0,2,0,3
0.9999999,29,1,0.175497933,2660.0,2,0,0,0,0
0.42667765,61,0,0.457117595,7916.0,11,0,1,0,1
0.0,50,1,0.044624515,8761.0,12,0,1,0,1
0.109744513,44,0,0.338305141,12000.0,6,0,1,0,3
0.722901795,74,0,0.505653225,15300.0,24,0,3,0,1
0.435617162,54,0,3889.0,0.0,12,0,2,0,0
0.266176376,63,0,0.041401724,7076.0,6,0,1,0,0
0.186362014,25,2,0.099950025,2000.0,5,0,0,3,0
0.088556458,56,0,0.184266781,7016.0,3,0,1,0,1
0.583437355,60,0,0.773889303,4028.0,16,0,1,0,0
0.252566432,63,0,0.037640169,14000.0,9,0,0,0,1
0.011135711,61,0,1793.0,5400.0,15,0,1,0,0
0.10594458,37,0,0.113688534,8276.0,8,0,1,0,0
0.103109776,54,1,0.240432026,8517.0,5,0,1,0,2
0.045744848,51,0,0.290958435,7000.0,24,0,2,0,0
0.007283321,90,0,0.00182785,6017.0,3,0,0,0,0
0.869410632,49,1,0.329932799,12350.0,12,0,1,0,0
0.9999999,49,0,356.0,5400.0,2,1,0,1,0
0.049403072,78,0,0.182545283,4250.0,5,0,1,0,0
0.350025076,54,1,0.327037387,18000.0,18,0,3,0,1
0.043219533,49,0,1007.0,5400.0,7,0,1,0,0
0.920815837,37,1,0.40511539,6802.0,6,0,2,0,1
0.190333699,56,0,0.502496434,2803.0,6,0,1,0,0
0.189792289,44,0,0.057346454,2946.0,3,0,0,0,3
0.301089461,49,0,0.525655501,7970.0,12,0,3,0,0
0.336707912,29,1,0.15047548,5362.0,8,0,0,1,2
0.008126819,53,0,0.353471887,6206.0,9,0,1,0,0
0.262301327,73,0,0.752035424,7000.0,11,0,2,0,0
0.307017862,66,0,2671.0,5400.0,12,0,2,0,0
0.133249616,30,0,0.033986405,2500.0,5,0,0,0,0
0.458167331,60,0,278.0,5400.0,2,0,0,0,0
0.686164036,53,0,0.461042765,5120.0,7,0,2,1,2
0.0,62,0,24.0,5400.0,6,0,0,0,0
0.0,49,0,4520.0,5400.0,4,0,3,0,0
0.692797354,30,0,0.558052434,800.0,14,0,0,0,1
0.0,42,0,3727.0,5400.0,9,0,2,0,0
0.43387457,30,0,0.259239422,5600.0,27,0,0,0,3
0.473085671,37,1,0.01820903,4008.0,3,0,0,0,2
0.055888224,27,0,0.367554479,2064.0,4,0,0,0,0
0.153456436,56,0,0.010613752,6500.0,1,0,0,0,1
0.0,49,0,0.274039298,5750.0,4,0,1,0,2
0.232258925,38,0,0.048633743,11966.0,5,0,0,0,0
0.160736178,56,1,0.421515697,5000.0,15,0,2,0,0
0.148301574,66,0,0.028746407,8000.0,4,0,0,0,0
0.087502444,52,0,0.477265398,3100.0,7,0,1,0,0
0.247755877,56,0,0.46153134,10800.0,12,0,1,0,1
0.9999999,40,1,0.472732751,3318.0,4,0,1,0,1
0.0447359,61,0,0.057328237,11250.0,4,0,0,0,2
0.057277532,35,0,0.003398471,3530.0,1,0,0,0,2
0.651477102,64,0,0.277374617,6200.0,10,0,2,0,0
0.9999999,41,0,0.071451561,3106.0,0,0,0,0,2
0.783930668,57,0,0.906633907,5290.0,10,0,2,0,0
0.306503076,52,1,0.350419492,8700.0,5,0,2,0,5
0.9999999,74,0,0.259329779,2625.0,5,0,0,0,0
0.050044117,60,0,0.032983508,2000.0,4,0,0,0,1
0.162223197,47,0,2.023317788,1500.0,10,0,1,0,2
0.02075818,24,0,0.882604055,936.0,10,0,0,0,0
0.044460887,37,0,1978.0,5400.0,3,0,1,0,0
0.323763138,29,0,0.395101664,2163.0,3,0,0,0,1
0.000973561,55,1,0.268462965,9166.0,10,0,1,0,1
0.544403475,63,0,0.244982041,9465.0,6,0,2,0,0
0.0,47,0,0.301603064,7048.0,5,1,2,0,0
0.020130829,61,0,0.039529016,10700.0,11,0,0,0,1
0.9999999,21,0,0.0,929.0,1,0,0,0,0
0.942512067,44,2,0.544862066,11200.0,20,0,3,0,0
0.0,46,1,0.141392268,15700.0,11,0,2,0,2
0.021738403,47,0,0.772166105,2672.0,9,0,2,0,2
0.0,63,0,0.0,3097.0,1,0,0,0,0
0.228454433,49,0,0.298461978,21000.0,12,0,2,0,2
0.968440121,59,0,7528.0,5400.0,11,0,2,0,0
0.09446421,44,0,0.225266018,8833.0,11,0,2,0,6
0.233502947,44,0,0.407331976,5400.0,10,0,2,0,3
0.286942611,60,0,43.0,5400.0,2,0,0,0,0
0.26364909,47,0,0.3448399,8400.0,10,0,2,0,3
0.021403167,45,0,0.019990005,2000.0,6,0,0,0,0
0.171693926,57,0,0.02640497,7081.0,2,0,0,0,0
0.019568629,76,0,0.005672609,3701.0,12,0,0,0,2
0.03389661,78,0,0.563339731,2083.0,9,0,1,0,0
0.003976787,49,0,0.215778422,10000.0,11,0,1,0,3
0.095752548,63,0,0.562193362,3464.0,11,0,2,0,1
0.041628331,66,0,0.011712612,7000.0,6,0,0,0,0
0.795437678,43,0,0.401229823,6504.0,14,0,2,0,3
0.833851529,68,1,0.820071971,2500.0,10,0,1,0,0
0.006436071,71,0,0.014207545,10416.0,4,0,0,0,1
0.344692425,34,0,0.788642272,5000.0,7,0,2,0,0
0.081279147,52,1,0.206448388,4000.0,8,0,1,0,3
0.030173038,64,0,1565.0,5400.0,5,0,1,0,0
0.959505062,35,0,0.362751633,7500.0,6,0,1,0,2
0.595546815,46,0,0.468881857,7583.0,13,0,1,0,2
0.0,62,0,2770.0,5400.0,8,0,2,0,2
0.013527302,85,0,13.0,5400.0,4,0,0,0,0
0.020622124,57,0,0.250032675,7650.0,5,0,1,0,0
0.171903608,42,0,0.603698151,2000.0,17,0,0,0,2
0.478229252,49,0,3412.0,5400.0,8,0,2,0,0
0.9999999,51,18,0.0,5400.0,0,18,0,18,0
0.141662529,38,0,0.208537342,14500.0,13,0,1,0,0
0.011333081,74,0,0.391672548,4250.0,7,0,1,0,0
0.284696837,44,0,3916.0,5400.0,11,0,1,0,3
0.043125481,57,0,0.339026348,13700.0,11,1,2,0,0
0.823083807,31,0,0.358545596,5142.0,13,0,0,0,2
0.24625028,44,2,0.350329934,5000.0,19,0,1,0,0
0.9999999,38,0,0.520913181,6000.0,4,0,2,0,0
0.069113298,55,0,974.0,5400.0,15,0,1,0,0
0.000656229,73,0,0.0,5400.0,2,0,0,0,0
0.501215888,65,0,0.13751946,3853.0,3,1,0,0,0
0.146519124,64,0,2.551383399,1517.0,13,0,3,0,0
0.200024172,49,0,0.196640448,7500.0,8,0,1,0,2
0.027290413,57,0,44.0,5400.0,5,0,0,0,0
0.994518789,32,0,0.566216453,5700.0,6,0,2,0,0
0.017706591,73,0,260.0,5400.0,6,0,0,0,0
0.0,31,0,0.153772225,2080.0,8,0,0,0,0
0.710014976,58,2,0.68933159,13000.0,19,0,3,0,4
0.651782739,41,2,0.427575319,7600.0,7,0,1,0,1
0.071196187,57,0,0.630660573,2406.0,9,0,1,0,1
0.007241102,54,0,0.229300753,9166.0,7,0,2,0,2
0.030815255,67,0,0.016826004,2614.0,14,0,0,0,0
0.77609884,77,0,0.328847771,2377.0,4,0,0,0,0
0.001043288,61,0,296.0,0.0,7,0,0,0,0
0.020972092,68,0,0.06299475,12000.0,9,0,0,0,0
0.247939468,33,1,0.191269577,3000.0,7,0,0,1,0
0.992714973,35,0,0.221993531,3400.0,5,0,0,1,2
0.053529494,53,0,0.271872396,8400.0,11,0,2,0,4
0.173413293,34,1,675.0,5400.0,7,0,1,1,0
0.005518314,73,0,0.000930016,4300.0,10,0,0,0,0
0.761411929,49,0,0.536398,8200.0,8,0,2,0,2
0.0,60,0,0.0,5400.0,1,0,0,0,0
0.107633317,70,0,0.393764737,3816.0,14,0,1,0,0
0.725958696,67,0,0.479046243,2767.0,6,0,0,0,1
0.035708791,40,2,0.123603872,9400.0,7,0,1,0,2
0.985903084,30,0,0.103311258,2264.0,3,0,0,0,1
0.019666071,42,0,4067.0,5400.0,6,0,2,0,0
0.028865384,67,0,0.35218509,3500.0,6,0,2,0,0
0.388907479,57,0,0.22645761,10650.0,13,0,1,0,1
0.0,41,1,0.17487086,6581.0,9,0,1,1,0
0.026990835,75,0,0.008844453,5200.0,4,0,0,0,0
0.598557828,61,0,0.604674291,4021.0,13,0,1,0,1
0.251469186,58,0,0.212963775,11400.0,14,0,1,0,0
0.010313991,52,0,0.271303189,9000.0,8,0,0,0,0
0.9999999,61,0,0.000207361,9644.0,2,0,0,0,0
0.208084265,50,0,0.469779199,13450.0,12,0,2,0,3
0.75067813,58,0,1108.0,5400.0,7,0,0,0,0
0.030597408,49,0,0.150917792,14000.0,9,0,1,0,3
0.0,61,0,0.0,5400.0,4,0,0,0,0
0.139142911,56,0,287.0,5400.0,6,0,0,0,0
0.9999999,61,0,1318.0,5400.0,4,0,1,0,0
0.012921089,22,0,0.002150538,929.0,4,0,0,0,0
0.20441397,68,0,0.016996601,5000.0,3,0,0,0,0
0.847131599,48,3,0.166529718,3650.0,9,0,0,1,0
0.042718238,86,0,0.102965678,3000.0,4,0,0,0,0
0.002888675,63,0,0.414737736,4708.0,9,0,2,0,0
0.01259937,59,0,0.373406193,4940.0,5,0,1,0,0
0.760345836,55,1,0.149838122,9883.0,9,0,0,0,0
0.090433021,56,3,0.069981761,20833.0,13,0,0,0,1
0.035765771,55,0,58.0,5400.0,9,0,0,0,0
0.002333476,65,0,0.183209382,13983.0,24,2,1,0,0
0.755630947,67,0,0.268747546,5093.0,7,0,0,0,0
0.11658139,63,0,0.038282068,10500.0,8,0,1,0,0
0.279907883,33,1,0.396630654,5460.0,8,0,2,0,1
0.017257981,64,0,197.0,5400.0,8,0,0,0,0
0.449583176,56,0,0.667111026,5250.0,22,0,3,0,0
0.01016285,64,0,674.0,5400.0,4,0,1,0,0
0.026407891,46,0,0.241668121,5730.0,4,0,1,0,0
0.957634366,54,0,2.109570042,720.0,5,0,0,0,0
0.35078976,32,0,0.312368763,10000.0,10,0,2,0,0
0.135711054,54,0,0.305211849,8000.0,14,0,2,0,1
0.093854461,49,0,0.283341024,6500.0,6,0,1,0,0
0.550006439,51,0,2304.0,5400.0,17,0,0,0,0
0.000285322,47,0,0.51109778,5000.0,13,0,1,0,0
0.730976172,43,3,498.0,5400.0,5,1,0,1,0
0.003977864,44,0,0.243038261,8833.0,13,0,1,0,3
0.023518119,49,0,4393.0,5400.0,16,0,4,0,0
0.492405816,57,0,1588.0,5400.0,10,0,1,0,0
0.039417371,75,1,0.064587083,5000.0,14,0,1,0,0
0.800066644,39,0,2125.0,5400.0,6,0,2,0,0
0.272413884,48,0,0.288881271,8750.0,7,0,1,0,3
0.040184988,29,0,0.002849858,6666.0,3,0,0,0,0
0.048625334,67,0,1623.0,5400.0,10,0,2,0,0
0.9999999,34,0,0.0,6269.0,1,0,0,0,0
0.066292797,68,0,1815.0,5400.0,17,0,1,0,0
0.773226773,43,0,774.0,5400.0,5,0,0,0,0
0.063953092,69,0,2991.0,5400.0,11,0,1,0,0
0.050067062,66,0,0.285942811,5000.0,11,0,1,0,1
0.027863777,59,0,0.344218594,3000.0,6,0,1,0,0
0.979002333,53,3,0.3642413,9166.0,6,1,0,3,1
0.666910369,63,0,0.293969321,14276.0,16,0,2,0,0
0.9999999,52,0,1780.0,5400.0,2,2,1,0,0
0.068075178,43,0,0.394960504,10000.0,16,0,2,0,1
0.037617446,62,0,0.937347256,4500.0,25,1,4,0,0
0.000399982,75,0,0.002666413,10500.0,8,0,0,0,0
0.002829348,80,0,79.0,5400.0,3,0,0,0,0
0.17847259,45,0,0.079635152,5700.0,15,0,0,0,2
0.588922797,32,0,0.871726755,2634.0,4,0,1,0,0
0.151415493,60,0,0.349789916,5711.0,11,0,0,0,0
0.091147248,62,0,0.203218741,10500.0,8,0,1,0,0
0.923519285,70,0,0.497096604,5682.0,8,0,1,0,0
0.044082354,57,0,1588.0,5400.0,7,0,1,0,0
0.426870883,34,0,0.206832132,3746.0,10,0,0,0,3
0.609762239,51,0,0.071448703,7095.0,6,0,0,0,0
0.9999999,38,0,373.0,5400.0,2,0,0,0,0
0.02393795,64,2,0.141102542,3500.0,14,0,1,0,0
0.701662554,44,0,0.209747392,32500.0,11,0,2,0,2
0.9999999,61,0,0.537615596,4000.0,4,0,2,0,0
0.9999999,23,0,0.202373517,1600.0,5,0,0,1,0
0.30298238,49,0,4897.0,5400.0,6,0,1,0,0
0.012613612,59,0,0.635258359,6250.0,16,0,4,0,0
0.221694576,24,0,473.0,5400.0,3,0,0,0,0
0.087043712,68,0,0.037984806,2500.0,5,0,0,0,0
0.0,46,0,0.664802576,5900.0,17,0,1,0,0
0.353368261,66,1,0.340717102,5326.0,10,0,1,0,0
0.614855406,53,0,0.051105433,9000.0,2,0,0,0,3
1.010346926,32,1,0.176950535,1960.0,4,0,0,0,0
0.196204177,48,0,0.572518297,9700.0,18,0,2,0,2
0.006521537,56,0,0.002037582,4416.0,8,0,0,0,0
0.057730591,46,0,0.207684229,11425.0,6,0,1,0,1
0.9999999,64,0,0.167556346,3371.0,5,0,0,0,2
0.545043528,60,0,0.317187386,13666.0,12,0,1,0,0
0.033548823,56,0,2830.0,5400.0,16,0,1,0,0
0.185351849,55,1,0.633262762,4250.0,9,0,1,0,2
0.67309065,24,1,0.276395799,1808.0,2,1,0,2,0
0.99593964,73,1,0.516171792,3771.0,7,0,2,0,0
0.9999999,29,0,0.252792475,1700.0,1,0,0,0,1
0.376283163,63,0,0.374045481,23833.0,16,0,2,0,0
0.288213805,26,1,0.049638056,2900.0,3,0,0,0,1
0.191451065,60,0,1553.0,5400.0,7,0,1,0,0
0.010245189,61,1,0.202414019,19800.0,8,0,2,0,0
0.840262582,46,1,0.242956006,8091.0,14,0,1,0,1
0.960868323,52,0,0.028563268,3500.0,2,0,0,0,1
0.09961593,63,0,86.0,5400.0,3,0,0,0,0
0.04499775,88,0,0.022481266,1200.0,3,0,0,0,0
0.07093392,35,0,0.377524144,4555.0,5,0,2,1,2
1.009925741,53,0,0.439404848,4166.0,10,0,1,0,0
0.079183348,55,0,0.611802041,11658.0,9,0,3,0,0
0.281455421,72,0,0.079962808,2150.0,4,0,0,0,0
0.9999999,79,0,1.0,5400.0,0,0,0,0,0
0.087741363,44,0,0.361388838,5500.0,13,0,1,0,2
0.12824699,50,0,0.538980263,6079.0,10,0,2,0,2
0.296144985,32,0,0.272450223,4921.0,7,0,1,0,0
0.006905371,76,0,0.136931534,2000.0,3,0,0,0,0
0.9999999,58,0,0.0,5400.0,0,0,0,0,0
0.916820585,52,0,0.474061875,8500.0,15,0,7,0,0
0.496336229,32,0,0.295070423,5679.0,10,0,0,0,3
0.121541246,30,0,0.0806271,6250.0,5,0,0,0,0
0.883843768,38,0,0.52544311,5246.0,9,0,2,0,4
0.9999999,35,0,0.114310646,2291.0,3,0,0,0,0
0.006922982,89,0,0.007303078,1916.0,8,0,0,0,0
0.0,59,0,913.0,5400.0,12,0,1,1,1
0.498038187,86,0,0.287952008,6000.0,16,0,0,0,0
0.046047698,85,0,90.0,5400.0,2,0,0,0,0
0.049997369,30,0,28.0,5400.0,2,0,0,0,0
0.558118849,37,0,0.513794954,9314.0,17,0,2,0,0
0.436756185,57,0,0.357255182,6994.0,10,0,2,0,0
0.0,40,0,0.277634961,3500.0,8,0,1,0,0
0.308744458,48,0,100.0,0.0,3,0,0,0,3
0.727574751,49,2,0.026403486,3900.0,5,0,0,0,0
0.605427602,83,0,102.0,5400.0,4,0,0,0,0
0.307586748,25,0,0.04697533,5917.0,4,0,0,0,0
0.359282396,64,0,0.467114513,6400.0,9,0,2,0,0
0.10619469,50,0,3916.0,5400.0,6,0,2,0,0
0.0,31,0,0.589392849,8333.0,4,0,2,0,0
0.504648518,62,3,0.056145004,15833.0,8,0,0,0,0
0.02389704,75,0,0.189863464,13988.0,12,0,2,0,1
0.075431296,85,0,56.0,5400.0,4,0,0,0,0
0.03605389,60,0,793.0,5400.0,9,0,1,0,0
0.004995005,55,0,0.124079007,41666.0,8,0,2,0,2
0.001645264,81,0,0.348505863,7930.0,14,0,4,0,0
0.027531276,46,0,0.55462985,4200.0,4,0,1,0,2
0.0,56,0,130.0,0.0,8,0,0,0,0
0.160203007,41,0,0.380131163,8233.0,8,0,2,0,3
0.083822079,56,0,1723.0,5400.0,12,0,1,0,0
0.0,64,0,0.207158568,5000.0,7,0,0,0,0
0.051924878,56,0,0.366789014,7900.0,13,0,2,0,1
0.959274373,44,1,0.406161746,7789.0,15,0,1,0,3
0.084285879,41,0,5850.0,5400.0,9,0,2,0,2
0.756715358,34,1,1.050271351,3500.0,12,0,2,0,1
0.40172853,53,1,0.345244555,12900.0,10,0,2,0,2
0.33161961,41,0,0.344435603,8796.0,6,0,1,0,3
0.706041994,35,0,0.352658936,2500.0,7,0,0,0,1
0.039723225,66,0,1573.0,0.0,5,0,2,0,0
0.131841132,57,0,0.366721854,6039.0,8,0,1,0,1
0.062640265,54,1,0.298245614,2507.0,6,0,1,0,1
0.649788017,42,0,0.528673447,4620.0,12,0,2,0,0
0.687414811,48,1,0.193331705,8187.0,5,1,1,1,0
0.00536032,51,0,0.226495294,9880.0,15,0,2,0,2
0.855806425,45,0,0.209720972,8887.0,12,0,0,0,0
0.0,59,0,3002.0,5400.0,3,0,2,0,0
0.585745019,44,0,1.343452534,3886.0,12,0,2,0,0
0.015982564,73,0,0.003907033,9981.0,9,0,0,0,0
0.108589141,51,0,0.134552207,7000.0,3,0,1,0,1
0.0,62,0,0.001537988,3250.0,8,0,0,0,1
0.032345013,50,0,0.406741573,4004.0,9,0,2,0,0
0.423173292,47,0,0.356477561,5904.0,11,0,2,0,3
0.435320307,53,0,0.205989111,4407.0,9,0,0,0,1
0.030843781,77,0,0.455550829,2350.0,5,0,1,0,0
0.058238597,64,0,0.222416813,6280.0,5,0,1,0,0
0.9999999,37,0,0.269291174,9550.0,3,0,1,0,3
0.159742013,70,0,1452.0,5400.0,4,0,1,0,0
0.9999999,44,0,1374.0,5400.0,1,1,1,0,4
0.827968771,47,4,0.257797921,3750.0,11,2,0,2,0
0.0,70,0,0.082075472,4239.0,8,0,0,0,0
0.041746521,52,0,0.072385523,5000.0,3,0,0,0,3
0.136865005,70,0,0.043549044,2456.0,2,0,0,0,0
0.00320981,51,0,0.487401008,4166.0,8,0,2,0,2
0.321483309,46,0,2888.0,5400.0,7,0,1,0,3
0.082452047,57,2,0.453056561,5250.0,14,0,1,0,2
0.0,24,0,0.0,2865.0,7,0,0,0,0
0.117464429,69,0,1.091272485,1500.0,13,0,1,0,0
0.046290469,74,0,2.091383812,765.0,4,0,1,0,0
0.013632603,64,0,0.322764924,3500.0,9,0,1,0,0
0.217470414,66,0,0.298459043,3698.0,12,0,0,0,0
0.97870213,72,0,1827.0,5400.0,8,0,1,0,0
0.981168236,41,0,0.464468864,4094.0,8,0,0,0,3
0.920694778,57,1,0.189032733,9500.0,9,0,1,1,0
0.19053964,22,0,134.0,0.0,1,0,0,0,0
0.574674026,31,0,654.0,5400.0,4,0,0,0,0
0.101563818,53,0,0.032093734,3925.0,2,0,0,0,1
0.016121793,66,0,0.003888754,28800.0,13,0,1,0,5
0.047814426,65,0,1140.0,5400.0,10,0,1,0,0
0.144825287,57,0,0.600685518,3500.0,5,0,2,0,0
9.43e-05,52,0,0.336707912,8000.0,15,0,2,0,0
0.996364297,46,1,0.118372577,12485.0,4,4,1,2,3
0.093321802,63,0,0.096627579,11000.0,4,0,1,0,1
0.391419187,65,0,4464.0,5400.0,22,0,3,0,0
0.062178453,55,0,1758.0,5400.0,9,0,1,0,0
0.10536183,55,0,0.324678232,8934.0,8,0,1,0,0
0.386454351,51,0,2914.0,5400.0,15,0,1,0,3
0.0,67,1,0.400235885,19500.0,18,0,4,0,0
0.105563385,35,0,0.205509887,4500.0,13,0,0,1,0
0.108076312,49,0,0.162889896,3750.0,8,0,0,0,0
0.0,48,0,0.081337894,2630.0,3,0,0,0,1
0.08551829,38,0,0.469489201,5833.0,9,0,2,0,2
0.192734545,44,1,0.437093818,6000.0,9,0,1,0,0
0.001245236,73,0,0.0,5400.0,4,0,0,0,0
0.067392963,43,0,0.096648129,6652.0,4,0,0,0,3
1.079854809,25,1,17.0,5400.0,2,0,0,0,0
0.267602549,76,0,0.291837132,5132.0,19,0,0,0,0
0.015461411,47,0,0.292595132,5833.0,6,0,1,0,3
0.288675437,65,1,0.313040187,15850.0,18,0,2,0,0
0.076211301,49,0,0.205577612,10326.0,7,0,1,0,1
0.535362718,47,0,2614.0,5400.0,8,0,1,0,0
0.0,40,0,535.0,5400.0,3,0,0,0,0
0.9999999,49,0,3762.0,5400.0,3,0,3,0,0
0.120012662,56,0,249.0,5400.0,4,0,0,0,0
0.234923462,45,1,4880.0,5400.0,14,0,2,0,0
0.119973334,59,0,2306.0,5400.0,5,0,1,0,0
0.026097272,26,0,0.070232442,4000.0,5,0,0,0,0
0.082805403,41,0,0.01779065,7250.0,9,0,0,0,0
0.787017749,42,0,0.175853018,8000.0,4,0,0,1,3
0.85338157,54,0,0.685662867,3333.0,7,0,2,0,1
0.043998483,73,0,2861.0,5400.0,10,0,3,0,0
0.229561225,67,0,0.3005689,6327.0,15,0,1,0,0
0.431242325,47,0,1.228027867,7463.0,14,0,1,0,3
0.109041106,52,0,0.244690447,12194.0,5,0,1,0,4
0.028820446,69,0,105.0,5400.0,8,0,0,0,0
0.935258093,59,0,0.462995228,13200.0,14,0,2,0,1
0.459094108,29,0,0.234658896,5833.0,10,0,0,0,0
0.148163071,63,0,1.079316077,4210.0,9,0,1,0,0
0.172894237,72,0,0.052912257,12000.0,2,0,0,0,0
0.08084143,26,1,0.663824604,820.0,4,0,0,0,0
0.090363665,72,0,0.050949051,1000.0,3,0,0,0,0
0.195360928,40,3,1587.0,5400.0,7,0,0,3,0
0.822507663,57,3,3418.0,5400.0,14,0,2,0,0
0.015490243,52,0,0.201662122,7700.0,13,0,2,0,0
0.8241978,55,0,0.373232059,3817.0,9,0,1,0,0
0.012048193,59,0,0.179481076,4200.0,7,0,1,0,1
0.9999999,59,0,1046.0,0.0,2,6,2,0,2
0.050148746,66,0,937.0,5400.0,4,0,1,0,0
0.075963918,47,1,1.463562753,1975.0,14,0,2,0,3
0.396051254,50,0,0.406503425,12700.0,25,0,2,0,2
0.031614169,46,0,0.299967395,9200.0,8,0,2,0,3
0.0,45,2,0.084254144,2895.0,2,0,0,0,2
0.037792249,64,0,0.562687463,5000.0,6,0,2,0,0
0.045685279,44,1,0.235824899,8200.0,8,0,2,0,0
0.418995805,49,0,0.583132871,7066.0,11,0,1,0,3
0.427217245,55,0,0.138715179,3517.0,5,0,0,0,0
0.972670225,35,0,0.445847805,3166.0,6,0,1,0,0
0.203796204,30,0,0.006997667,3000.0,2,1,0,1,0
0.06434394,67,0,2542.0,5400.0,8,0,1,0,0
0.107613923,77,0,0.536239933,3600.0,9,0,1,0,0
0.343352238,60,0,0.3696992,10870.0,11,0,2,0,0
0.084575576,63,1,0.189929329,13583.0,13,0,2,0,0
0.666291259,72,0,0.75224955,5000.0,12,0,1,0,0
0.003996004,24,1,0.175941353,3000.0,3,0,0,0,0
0.010200492,42,0,1142.0,5400.0,3,0,1,0,0
0.015493135,80,0,0.004429066,7224.0,10,0,0,0,1
0.207099973,54,0,645.0,1.0,23,0,0,0,0
0.005092162,73,0,0.007279444,9203.0,11,0,0,0,0
0.0,28,0,0.271216884,2226.0,5,0,0,0,0
0.014597303,50,0,0.427255278,5209.0,13,0,2,0,1
0.213138222,53,0,525.0,5400.0,12,0,1,1,0
0.876083047,46,5,1.13494262,2526.0,15,3,1,0,2
0.391984924,38,1,0.342135858,6020.0,7,0,2,0,3
0.047387606,67,0,0.208029197,4383.0,9,0,1,0,0
0.840207672,44,3,0.942725351,5202.0,11,1,1,1,1
0.349301868,60,0,0.265962005,7000.0,14,0,0,0,2
0.792523952,37,0,1210.5,1.0,6,0,1,0,3
0.55908693,47,0,0.82811459,1500.0,8,0,0,0,1
0.67929059,47,0,0.153127015,6203.0,16,0,0,0,2
0.545205067,65,0,0.849878589,7000.0,14,0,2,0,0
0.964456267,48,0,2756.0,5400.0,8,0,1,0,0
1.018152335,33,1,0.245297704,7708.0,6,0,0,0,1
0.183819335,40,0,0.197341702,5416.0,6,0,1,0,0
1.019614442,55,1,1.410407588,3900.0,12,0,2,0,0
0.035547078,69,0,0.15928024,3000.0,4,0,2,0,0
0.9999999,31,0,0.457954232,3626.0,5,0,1,0,1
0.94401711,32,0,0.650234218,4482.0,12,0,1,0,2
0.318711382,33,0,1.086594505,1200.0,9,0,1,1,1
1.004109026,56,4,0.699236459,8381.0,16,0,2,0,1
0.018996834,27,0,3.0,5400.0,3,0,0,0,0
0.065148944,63,0,1703.0,5400.0,22,0,1,0,0
0.009594162,61,0,0.00182704,3283.0,4,0,0,0,0
0.948610278,28,0,0.28706084,3500.0,13,0,0,0,1
0.022563232,57,0,0.009373828,8000.0,9,0,0,0,0
0.123255191,69,0,1906.0,5400.0,11,0,1,0,0
0.624907788,63,0,0.348680004,10946.0,10,0,2,0,0
0.9999999,51,0,0.032614413,1900.0,1,0,0,0,0
0.042368644,64,0,0.223050354,5500.0,4,0,1,0,1
0.017440382,38,0,0.71898883,1700.0,18,0,0,0,2
0.27552966,39,0,0.118235221,8000.0,12,0,0,0,0
0.003700761,58,0,2856.0,0.0,18,0,1,0,0
0.075643051,67,0,0.12462908,3032.0,8,0,1,0,0
0.902262217,46,2,0.186440678,8200.0,6,0,0,0,1
0.224011446,57,0,1938.0,5400.0,13,0,2,0,0
0.9999999,57,3,0.499349429,6916.0,4,1,1,0,0
0.005568103,39,0,0.271909364,3000.0,8,0,1,0,0
0.311117537,45,0,0.021038933,9220.0,4,0,0,0,4
1.422867514,41,0,0.237961138,3550.0,6,1,0,6,4
0.807305453,41,1,0.482485001,5166.0,5,5,0,0,2
0.142168294,34,0,0.280647465,4200.0,8,0,0,0,0
0.055899854,44,0,0.289274713,7141.0,11,0,2,0,0
0.051237191,38,0,1378.0,5400.0,7,0,1,0,1
0.87595532,31,2,501.0,5400.0,2,0,0,0,0
0.042275429,64,0,22.0,5400.0,5,0,0,0,0
0.003503722,41,0,0.752099832,4166.0,10,0,2,0,2
0.07244956,42,0,0.359182313,9000.0,8,0,2,0,1
1.009080706,46,3,0.502532658,3750.0,5,0,0,0,4
0.0,89,1,0.0,5400.0,9,0,0,0,0
0.140060234,56,2,1.099686173,5416.0,52,0,2,0,0
0.02889271,50,0,0.389699095,10833.0,5,0,1,0,0
0.700374532,36,1,435.0,5400.0,5,2,0,1,0
0.0,61,0,0.20214432,8300.0,4,0,1,0,0
0.9999999,64,0,511.0,5400.0,4,0,1,0,0
0.013953955,36,0,0.016343391,5567.0,7,0,0,0,3
0.060530627,84,0,1423.0,5400.0,12,0,1,0,0
0.419677171,28,0,0.155469184,1800.0,3,0,0,0,0
0.013434199,41,0,434.0,5400.0,4,0,0,0,0
0.00477747,79,0,15.0,5400.0,10,0,0,0,0
0.0,35,0,0.067107093,2875.0,6,0,0,0,0
0.0,78,0,0.090996785,3109.0,9,0,1,0,0
0.0,61,0,0.22039048,17772.0,9,0,1,0,0
0.286366128,38,0,0.435618265,9000.0,7,0,1,0,0
0.0,53,0,0.189135144,6000.0,5,0,0,0,0
0.000355926,63,0,0.225256112,24500.0,10,0,2,0,3
0.130992723,51,0,0.004184851,16726.0,1,0,0,0,3
0.014468533,82,0,4388.0,5400.0,25,0,2,0,0
0.059884369,62,0,156.0,5400.0,5,0,0,0,0
0.154085133,50,0,0.222271127,6815.0,7,0,2,1,4
0.151394074,50,0,0.359487119,8500.0,13,0,2,0,2
0.334884755,39,0,1.079297732,6834.0,14,0,2,0,2
0.182448643,48,0,0.29978692,6100.0,13,0,1,0,0
0.757012149,64,1,0.556050737,2916.0,5,0,1,0,1
0.013991482,99,0,62.0,5400.0,7,0,0,0,0
0.110254213,30,0,11.0,5400.0,2,0,0,0,0
0.130226445,61,0,0.35951539,17250.0,22,0,2,0,1
0.01924963,56,0,0.291120546,10833.0,6,0,2,0,0
0.880159787,40,0,0.054226475,1880.0,1,1,0,0,0
0.030445885,43,0,1421.0,0.0,3,0,1,0,0
0.0,80,0,0.0,5000.0,5,0,0,0,0
0.018834813,59,0,0.209302326,6750.0,15,0,1,0,0
0.036497972,89,0,19.0,5400.0,4,0,0,0,0
0.0,27,0,0.223042133,4200.0,9,0,0,0,0
0.252373813,44,0,0.00367287,4083.0,3,0,0,0,0
0.008160703,37,0,0.454636341,4000.0,6,0,1,0,0
0.218556289,31,0,0.41012719,4166.0,5,0,1,0,0
0.045179522,50,2,0.343305909,4010.0,16,0,2,0,0
0.00062263,61,0,0.0,8140.0,12,0,0,0,0
0.497309647,42,0,0.273247887,11000.0,7,0,1,0,2
0.663997002,35,0,0.22060336,5833.0,15,0,0,0,0
0.011534025,23,0,0.161935226,2500.0,6,0,0,0,0
0.0,51,0,0.193669304,2400.0,3,0,0,0,2
0.115991715,32,0,0.1788813,5416.0,3,0,1,0,0
0.261635998,36,0,0.145317337,5167.0,6,0,1,0,2
0.313413446,46,0,0.462553745,10000.0,10,0,2,0,2
0.016908148,32,0,0.11453561,2400.0,8,0,0,0,0
0.081626606,67,0,0.292089249,1971.0,9,0,0,0,1
0.000590619,62,0,0.298042842,6488.0,9,0,2,0,1
0.971503601,40,1,0.414267016,4583.0,13,0,0,0,2
0.091140997,60,0,0.029764549,4501.0,8,0,0,0,0
0.9999999,39,0,0.288136949,12500.0,7,0,2,0,0
0.010034608,55,0,881.0,5400.0,8,0,1,0,0
1.219560878,25,1,0.26982012,1500.0,3,3,0,1,2
0.541926971,44,0,0.479841977,9871.0,10,0,3,0,2
0.598952972,32,1,0.09085213,12767.0,11,0,0,0,2
0.032512428,69,0,2145.0,5400.0,8,0,1,0,0
0.335551688,66,0,0.263684143,7800.0,8,0,2,0,1
0.015767887,67,0,0.003839693,8333.0,4,0,0,0,0
0.031530545,73,0,0.004850445,2473.0,2,0,0,0,0
0.023703989,50,0,0.102675207,5307.0,6,0,0,0,1
0.029010317,48,0,0.768705216,6000.0,11,0,3,0,1
0.008008049,35,0,0.504945659,8188.0,13,0,6,0,4
0.082380823,43,0,0.184717924,4200.0,7,0,1,0,0
0.008175152,50,0,0.08974359,7955.0,7,0,1,0,2
0.146672388,64,0,0.400048757,4101.0,16,0,2,0,2
0.9999999,48,0,0.416798315,3797.0,4,0,1,0,1
0.0,52,0,0.159113629,6001.0,7,0,1,0,3
0.017982061,73,0,71.0,5400.0,6,0,0,0,0
0.779654604,58,1,0.393414211,7500.0,10,0,1,0,0
0.108123552,76,0,0.183386201,5043.0,9,0,0,0,0
0.363916053,54,0,0.645784738,3000.0,12,0,3,1,1
0.134592862,43,0,0.282156461,6825.0,10,0,1,0,3
0.289177069,54,0,0.170457386,4000.0,4,0,1,0,0
0.092939291,36,0,0.245466321,4631.0,13,0,0,0,0
0.01003273,60,0,0.41318152,4566.0,7,0,1,0,0
0.027802855,66,1,0.355732885,16666.0,17,0,2,0,0
0.006911924,68,0,3.858156028,986.0,14,0,2,0,0
0.9999999,25,0,0.024314936,2590.0,1,0,0,0,0
0.259773829,59,0,1.314895035,3000.0,15,0,2,0,0
0.80730897,46,1,0.172162627,7550.0,4,3,1,0,1
0.004068027,59,0,0.196650459,11105.0,15,0,1,0,0
0.04755735,45,0,0.250388217,21250.0,5,0,1,0,3
0.676082745,52,0,1405.0,5400.0,5,0,1,0,2
0.0,68,1,0.106524805,7800.0,6,0,1,0,0
0.996301876,42,2,0.083305565,3000.0,2,0,0,0,4
0.9999999,35,0,0.416444105,5241.0,3,0,1,1,2
0.343653883,36,0,0.143482065,8000.0,6,0,0,0,0
0.020657054,67,0,43.0,5400.0,7,0,0,0,0
0.205501679,84,0,0.279392338,3027.0,11,0,1,0,0
0.093506387,43,0,0.392428596,5916.0,11,0,2,0,0
0.001119955,83,0,0.0,4000.0,1,0,0,0,0
0.9999999,64,0,0.026570473,5682.0,0,1,0,0,0
0.565349975,53,0,1828.0,5400.0,9,0,1,0,0
0.060824874,80,0,0.046215815,9433.0,7,0,0,0,0
0.005583101,52,0,0.824717528,10000.0,11,0,5,0,2
0.073497958,50,0,0.067072591,10510.0,8,0,0,0,0
0.087104659,35,0,0.112355058,2500.0,8,0,0,0,0
0.064615646,53,0,0.498970891,3400.0,9,0,2,0,0
0.262466717,56,0,0.529398539,8894.0,7,0,2,0,2
0.001479412,36,0,0.00049975,2000.0,7,0,0,0,4
0.103635672,43,0,0.215362641,6300.0,8,0,0,0,2
0.282785846,46,0,0.309958672,7500.0,10,0,1,0,0
0.550397693,57,0,0.335155313,7500.0,9,0,0,0,0
0.0,77,0,0.0,5400.0,3,0,0,0,0
0.143347263,54,0,0.156821963,16827.0,16,0,1,0,1
0.036862815,78,0,0.10435326,4800.0,7,0,0,0,0
0.0,44,0,348.0,5400.0,3,1,0,0,0
0.127408133,55,0,0.012470509,8900.0,8,0,0,0,1
0.05821325,69,0,0.237010834,9045.0,14,0,1,0,0
0.053813857,47,0,0.336878466,11000.0,14,0,2,0,3
0.077541139,44,0,2297.0,5400.0,10,0,2,0,0
0.011768307,63,0,0.452945012,4600.0,8,0,2,0,0
0.950838635,53,0,0.327705031,5803.0,7,1,1,0,3
0.84026452,38,0,0.713753554,10200.0,12,0,3,0,0
0.9999999,45,0,0.063489418,6000.0,2,1,0,1,0
0.010852872,56,0,809.0,5400.0,6,0,1,0,0
0.021310335,54,0,0.111814698,6000.0,10,0,1,0,5
0.474085978,52,1,0.523126464,3415.0,8,0,1,0,0
0.04419644,78,0,52.0,5400.0,4,0,0,0,0
0.935294958,29,0,0.900208768,2394.0,8,0,1,0,1
0.005713878,47,0,0.183705754,5056.0,11,0,1,0,0
0.031978274,59,0,0.198435973,4091.0,8,0,1,0,0
0.089740862,58,0,0.096555192,11930.0,4,0,1,0,0
0.9999999,57,0,737.0,5400.0,2,0,1,0,0
0.06878109,65,0,0.041591682,5000.0,6,0,0,1,0
0.000988103,50,0,0.657955419,1300.0,9,0,0,0,1
0.009828491,82,0,0.124115948,10038.0,10,0,1,0,0
0.066067857,64,0,60.0,5400.0,5,0,0,0,0
0.065658791,42,0,0.357897744,3500.0,7,0,2,0,0
0.0,43,0,0.528038152,6080.0,8,0,2,0,2
0.0471503,39,0,0.306734663,6666.0,12,0,2,0,3
0.13639923,49,0,0.387205387,5048.0,10,0,1,1,3
0.057563217,75,0,0.080592802,7084.0,5,0,0,0,0
0.086591341,50,0,25.0,5400.0,2,0,0,0,0
0.110752192,39,2,1453.0,5400.0,10,0,2,0,0
0.001260842,58,0,0.10548242,6000.0,6,0,1,0,0
0.483694074,40,0,0.181127549,2500.0,7,0,0,0,2
0.897001304,28,2,773.0,5400.0,4,2,0,0,0
0.025371666,74,0,0.003851262,7529.0,5,0,0,0,0
0.486650356,27,0,137.0,5400.0,2,0,0,0,0
0.003642607,52,0,0.34229543,9409.0,7,0,2,0,2
0.979800808,44,1,0.621075785,5000.0,8,0,2,0,3
1.059247162,50,2,0.319691451,14000.0,7,0,1,0,3
0.917632947,50,0,0.454143414,9496.0,15,0,2,0,0
0.155187524,29,0,0.817373917,4500.0,11,0,1,0,0
0.008699826,42,0,0.243694362,10783.0,8,0,1,0,2
0.002159574,77,0,25.0,5400.0,10,0,0,0,0
0.426692473,61,0,3542.0,5400.0,12,0,2,0,1
1.065946703,60,0,0.77870274,5765.0,11,0,2,0,0
0.239164898,50,0,0.299088012,9100.0,7,0,1,0,0
0.036828589,53,1,0.386847195,4652.0,10,0,1,0,1
0.144422649,45,0,0.441993824,6800.0,10,1,2,1,3
0.237196875,34,1,0.345251826,2600.0,8,0,0,0,0
0.101242772,68,2,0.122581188,11885.0,6,0,1,0,1
0.74760274,73,0,0.645088728,4000.0,10,0,2,0,1
0.206979302,58,0,2328.0,5400.0,8,0,2,0,0
0.219993334,55,0,0.227877212,10000.0,4,0,1,0,0
0.037408743,57,1,3849.0,5400.0,9,0,2,0,0
0.161383524,47,0,2080.0,5400.0,10,0,1,0,0
0.049232135,52,0,0.37983695,8708.0,21,0,1,0,1
0.228325722,60,0,0.182842603,2750.0,10,0,0,0,0
0.00095418,79,0,0.373872026,4875.0,11,0,3,0,0
1.001297796,53,1,1.241515255,5833.0,13,0,3,0,1
0.382643476,30,0,0.155756208,3100.0,6,0,0,0,0
0.033218411,71,0,0.038263849,1750.0,6,0,0,0,0
0.113052173,31,0,0.137641412,5833.0,15,0,0,0,0
0.504608658,53,0,0.364060329,10077.0,10,0,1,0,2
0.075010265,82,0,0.375446574,6157.0,21,0,3,0,1
1.143403329,26,0,1068.0,5400.0,5,0,0,0,0
0.220845094,70,0,0.091779159,14000.0,20,0,0,0,0
0.070492951,29,0,0.010494753,2000.0,2,0,0,0,0
0.0,62,0,0.0,0.0,1,0,0,0,0
0.0,43,1,0.310805927,8300.0,7,0,2,0,0
0.995001,50,1,0.534982935,3515.0,9,2,1,2,2
0.249643759,73,1,1.917861799,2300.0,11,0,2,0,0
0.065113251,34,0,264.0,5400.0,6,0,0,0,0
0.9999999,61,0,0.002451455,15500.0,0,0,0,0,0
0.9999999,59,0,0.036505867,2300.0,1,0,0,0,0
0.775412983,61,0,1.211352288,9812.0,33,0,3,0,1
0.462923964,71,0,0.430620715,11083.0,9,0,3,0,0
0.0,73,0,1380.0,5400.0,9,0,1,0,0
4133.0,34,0,1.039990002,4000.0,7,0,2,0,4
0.332133573,36,2,0.0591133,7916.0,5,0,1,1,0
0.861428505,50,0,0.515014224,9490.0,13,0,1,0,2
0.187886868,36,0,0.382411067,7083.0,6,0,1,0,4
0.204886174,54,3,0.293492131,2350.0,5,2,1,0,0
0.269907272,39,1,0.203592814,7180.0,6,0,0,0,3
0.58832798,65,0,0.342393687,2280.0,4,0,0,0,1
0.515820299,49,4,0.426229508,2500.0,12,2,0,0,0
0.006717577,76,0,1593.0,5400.0,9,0,2,0,0
0.415354462,60,0,5647.0,5400.0,12,0,2,0,2
0.006117287,57,0,0.168036637,8515.0,12,0,1,0,2
0.12542714,69,0,0.346108982,6000.0,10,0,1,0,1
0.9999999,50,1,1406.0,5400.0,2,0,1,1,0
0.031852004,60,0,1372.0,5400.0,8,0,1,0,1
0.008944196,80,0,10.0,5400.0,4,0,0,0,0
0.6015468,44,1,687.0,5400.0,5,0,1,0,2
0.30839173,63,0,0.482811436,5875.0,9,0,2,0,0
1.006788817,40,1,0.463539248,6458.0,7,0,1,1,1
0.636017333,54,0,3318.0,5400.0,15,0,2,0,0
0.17160365,32,0,0.261156329,7125.0,9,0,1,0,3
0.016703138,61,0,0.002529156,7116.0,5,0,0,0,0
0.01615684,69,0,0.113472746,2916.0,8,0,1,0,0
0.020643157,53,0,0.899408284,4900.0,11,0,3,0,0
0.9999999,70,0,0.286576415,6130.0,4,0,2,0,0
0.010031093,71,0,0.33129771,2619.0,9,0,1,0,1
0.149155853,83,0,0.079933389,1200.0,3,0,0,0,0
0.03630193,68,0,35.0,5400.0,6,0,0,0,0
0.340764719,61,2,0.757862827,7916.0,17,0,2,0,0
0.202242231,60,0,2082.0,5400.0,13,0,1,0,0
0.024655934,46,0,0.233159246,11296.0,10,0,2,0,1
0.273121146,28,0,333.0,5400.0,3,0,0,0,0
0.9999999,59,4,0.354810042,4500.0,6,0,1,0,1
0.032665578,57,0,0.445042063,7250.0,4,0,2,0,0
0.011798121,53,0,0.102149642,6000.0,12,0,1,0,0
0.279425696,52,0,0.552599548,5750.0,10,0,3,0,0
0.9999999,27,0,0.201262826,3800.0,3,0,0,0,2
1.036943418,31,0,0.553264019,5866.0,5,1,1,0,0
0.009524677,66,0,0.147067647,13333.0,10,0,1,0,0
0.087478406,57,0,0.051805338,4458.0,12,0,0,0,1
0.0,36,0,0.747061208,2466.0,5,2,1,0,0
0.944579346,45,3,0.485636115,5116.0,5,2,2,0,3
0.088427016,55,0,0.898946231,3700.0,7,0,2,0,2
0.328233588,55,0,3223.0,5400.0,8,0,2,0,0
0.321622947,51,1,0.931837791,1158.0,11,0,1,0,0
0.434292932,40,0,5493.0,5400.0,10,0,2,0,3
0.610080363,56,1,0.08045977,10700.0,8,0,0,0,0
0.047807247,59,0,1.481407437,2500.0,6,0,3,0,0
0.111272085,43,0,2103.0,0.0,14,0,1,0,2
0.2187391,62,0,0.989261248,5400.0,12,0,3,0,0
0.013550646,47,0,0.235451864,11186.0,7,0,1,0,3
0.000549438,42,0,2840.0,5400.0,6,0,2,0,0
0.023669469,49,0,0.814687123,5800.0,11,0,3,0,3
0.228149318,46,0,0.539906103,3833.0,11,0,1,0,0
0.039646605,62,0,0.022329612,6000.0,20,0,0,0,0
0.539589861,63,1,5011.0,5400.0,30,0,2,0,1
0.017257755,54,0,0.021148036,1323.0,4,0,0,0,0
0.48394331,63,0,0.189377553,4160.0,5,0,0,0,0
0.193367709,72,0,0.37569908,11085.0,13,0,2,0,3
0.004899755,83,0,0.00279944,5000.0,8,0,0,0,0
0.818706415,56,0,0.47000279,10750.0,12,0,2,0,1
0.227002425,37,0,0.412067192,5833.0,13,0,2,0,1
0.096084171,60,0,1139.0,5400.0,5,0,1,0,0
0.5313725,37,1,0.395677106,6800.0,11,0,1,0,4
0.152939136,53,0,0.403965304,4034.0,7,0,1,0,0
0.535193405,56,0,346.0,5400.0,8,0,0,0,0
0.002307396,37,0,8956.0,5400.0,7,0,2,0,0
0.297376705,42,1,0.218399691,5173.0,7,4,0,1,1
0.042279218,65,0,0.30861992,4477.0,11,0,2,0,0
0.978986089,59,0,0.675391591,4851.0,9,0,1,0,0
0.016149193,35,0,0.688237608,5083.0,5,0,2,0,0
0.0,40,0,0.728363582,6666.0,4,0,2,0,0
0.0,43,0,0.060997897,29000.0,6,0,1,0,1
0.298527128,67,2,2726.0,5400.0,8,0,2,0,0
0.853534243,47,1,2071.0,5400.0,7,0,1,1,0
0.9999999,22,0,0.312410842,700.0,1,0,0,0,0
0.201594403,36,0,0.732855124,9200.0,12,0,4,0,0
0.9999999,38,0,0.413825938,5250.0,2,1,1,1,0
0.22191248,68,0,0.990246281,4100.0,17,0,2,0,0
0.311647584,42,0,0.513705256,3100.0,9,0,1,0,1
0.005566898,51,1,0.21087991,10716.0,16,0,1,0,3
0.0,36,0,0.492654261,6125.0,5,0,2,0,0
0.0,45,0,0.31358756,2700.0,6,0,2,0,1
0.0,27,0,0.102471802,4166.0,5,0,0,0,0
0.056691872,40,0,3010.0,5400.0,6,0,2,0,0
0.907928926,56,0,0.689637033,1900.0,7,1,0,3,1
0.035964036,21,0,0.00116144,860.0,2,0,0,0,0
0.25793989,64,1,0.572570972,2500.0,6,0,1,0,1
0.226611689,33,0,0.303486998,6767.0,7,0,1,0,2
0.001008697,57,0,0.522623082,5016.0,18,0,1,0,0
0.000857118,50,0,0.292656587,8333.0,5,0,2,0,0
0.000327858,44,0,26.0,5400.0,10,0,0,0,0
0.384977693,46,0,0.522197631,7680.0,16,0,2,0,4
0.954091816,24,0,0.034912718,400.0,1,0,0,0,0
0.628780935,34,0,569.0,5400.0,4,0,0,0,1
0.086166598,58,0,1360.0,5400.0,6,0,1,0,1
0.069998523,58,0,0.406152579,17000.0,8,0,3,0,0
0.0,26,0,0.0,2000.0,2,0,0,0,0
0.063176075,72,0,0.002535818,7886.0,2,0,0,0,0
0.003462994,60,0,2022.0,5400.0,14,0,1,0,0
0.0,37,2,0.0,5833.0,3,0,0,1,0
0.012874984,31,0,0.404132415,4500.0,5,0,2,0,0
0.331057846,38,0,1.437781109,2000.0,19,0,1,0,2
0.095221984,72,0,765.0,5400.0,9,0,1,0,0
0.011118371,75,0,2.584980237,505.0,12,0,1,0,0
0.005612197,67,0,0.003428245,10500.0,15,0,0,0,0
0.012070615,77,0,0.012472487,2725.0,14,0,0,0,0
0.084938381,27,0,0.417818289,3400.0,6,0,1,0,0
0.485378049,49,0,0.656147809,6115.0,15,0,1,0,0
0.090171343,51,0,887.0,5400.0,8,0,1,0,0
0.0,64,0,0.116895484,12600.0,15,0,1,0,0
0.028820738,55,1,2347.0,5400.0,15,0,2,2,0
0.783038063,52,1,0.383254587,9100.0,10,0,2,0,1
0.245583339,74,0,0.254164683,2100.0,12,0,0,0,0
0.166827952,38,0,0.31455712,12000.0,8,0,3,0,0
0.339819649,57,1,2984.0,5400.0,10,0,1,0,2
0.290116618,48,0,0.154284127,7200.0,11,0,0,0,1
0.419674858,59,0,0.215788624,18582.0,10,0,1,0,0
0.583396353,65,0,0.071930946,3127.0,9,0,0,0,0
0.019997143,53,1,0.259795358,12020.0,7,0,1,0,1
0.275243596,44,0,0.356128774,5000.0,5,0,2,0,1
0.15419958,52,1,0.366126775,5000.0,29,0,2,0,0
0.0,51,0,0.355552363,6960.0,7,0,1,0,0
0.109431733,43,1,0.063367079,8000.0,12,0,0,0,1
0.035105277,62,0,0.044651783,3000.0,6,0,0,0,2
0.890712311,43,0,0.160382775,5224.0,3,0,0,0,0
0.112887113,22,0,0.003225806,929.0,2,0,0,0,0
0.0,71,0,0.471128341,4900.0,12,0,1,0,0
0.008571184,54,0,3008.0,5400.0,11,0,3,0,2
0.006212502,35,0,0.504338195,5416.0,9,0,2,0,3
0.136651762,41,0,0.458293013,5166.0,8,0,1,1,1
0.0,38,0,0.318285801,6556.0,5,0,1,0,0
0.098440033,40,0,1.346362404,4425.0,11,0,4,0,0
0.55553034,42,0,0.129103327,4538.0,5,0,0,0,0
0.950703407,44,1,0.238319962,2118.0,7,3,0,0,2
0.0,54,0,2220.0,0.0,9,0,1,0,1
0.552433637,55,0,0.369897769,13400.0,14,0,2,0,0
0.022941745,59,0,0.49861547,5416.0,40,0,1,0,0
0.119903641,64,0,1000.0,5400.0,2,0,1,0,0
0.741410344,61,0,0.578760275,4500.0,9,0,2,0,0
0.071012349,61,0,0.287489362,5874.0,24,0,1,0,0
0.005461283,50,0,0.340926348,3950.0,13,0,1,0,0
0.015492254,24,0,0.0,5400.0,1,0,0,0,0
0.104017568,49,0,0.110598369,6500.0,4,0,0,0,2
0.004813859,88,0,0.073352954,4416.0,13,0,0,0,1
0.459655722,46,0,1.103758931,3218.0,7,0,2,0,0
4468.0,50,0,2047.0,5400.0,8,0,1,0,0
0.71505938,49,1,0.157471549,8083.0,7,0,0,0,2
0.119040018,42,0,0.43375481,5456.0,12,0,2,0,0
0.96200304,42,0,0.603604882,7045.0,9,0,2,0,2
0.029174271,37,0,1.414868106,1250.0,3,0,1,0,0
0.156706887,40,0,0.433478471,6200.0,11,0,2,0,4
0.222448025,72,0,0.376746389,8445.0,12,0,2,0,1
0.177069956,70,0,0.111205227,8263.0,11,0,0,0,1
0.9999999,86,0,0.0,5400.0,4,0,0,0,0
0.141431125,52,0,0.323792663,10166.0,7,0,2,0,0
0.9999999,57,0,592.0,5400.0,4,3,0,0,0
0.008409801,40,1,0.00479904,5000.0,12,0,0,0,0
0.158820127,56,0,0.152861197,15150.0,9,0,2,0,0
0.006059611,64,0,0.732317988,8666.0,19,0,5,0,0
0.001354751,68,0,0.215574313,12083.0,6,0,2,0,0
0.329687655,54,0,0.489358663,7000.0,12,0,2,0,0
0.9999999,23,0,0.0,5400.0,0,0,0,0,0
0.027263262,84,0,0.064705882,509.0,5,0,0,0,0
0.61647997,52,0,1357.0,5400.0,7,0,1,1,1
0.0,34,0,0.297400473,5500.0,8,0,1,0,0
0.288347391,32,1,0.044825862,6000.0,2,1,0,0,1
0.183621027,84,0,98.0,5400.0,3,0,0,0,0
0.670333104,53,0,0.062509743,6414.0,8,0,0,0,0
0.047119584,53,0,2680.0,0.0,12,0,2,0,0
0.426324626,46,0,0.407896967,5900.0,11,0,1,0,2
0.024693616,65,0,1.155193237,3311.0,6,0,1,0,0
0.072554414,64,2,0.881631565,3750.0,24,0,1,0,1
0.025132914,56,0,0.169360506,11383.0,6,0,1,0,0
0.0,49,0,0.219556714,3834.0,6,0,1,0,0
0.074733426,35,0,0.300314811,13658.0,12,0,4,0,2
0.353119315,51,0,0.417686942,20500.0,13,0,3,0,3
0.333212143,27,0,0.26223491,2451.0,4,0,0,0,0
0.21792496,62,0,0.505177283,3186.0,10,0,1,0,0
0.300067955,50,0,0.361708573,3300.0,16,0,0,0,1
0.143818232,64,0,0.630054787,3832.0,7,0,2,0,1
0.303935846,44,0,0.566500742,11450.0,7,0,4,0,2
0.863424384,51,1,897.0,5400.0,2,0,1,1,0
0.607920972,69,0,0.465206959,3333.0,4,0,1,0,0
0.014836688,81,0,0.142857143,5333.0,5,0,0,0,1
0.0,59,0,0.130236101,2625.0,3,0,0,0,0
0.553055394,57,0,4144.0,5400.0,17,0,2,0,1
0.175536074,58,0,2430.0,5400.0,9,0,2,0,0
0.0,66,0,0.327255278,2083.0,5,0,1,0,0
0.707093283,47,0,0.46831646,2666.0,3,0,1,0,0
0.02759862,73,0,656.0,5400.0,2,0,1,0,0
0.566830365,35,0,0.122829176,6333.0,8,0,0,1,2
0.110196455,37,0,0.065417488,6083.0,6,0,0,0,0
0.9999999,59,18,0.0,5400.0,0,18,0,18,0
0.048059428,57,0,2009.0,5400.0,7,0,1,0,0
0.034779304,69,0,0.028553499,6373.0,8,0,1,0,0
0.52233902,51,0,1.050758895,4018.0,10,0,2,0,2
0.014811588,68,0,0.283589368,4100.0,13,0,0,0,0
0.123694466,54,1,0.839264294,2500.0,10,0,2,0,0
0.262223824,36,0,0.150706113,9700.0,9,0,0,0,5
0.348704933,64,0,0.407148213,4000.0,18,0,2,0,0
0.230567324,51,0,0.26124925,15000.0,18,0,3,0,0
0.0,69,0,783.0,5400.0,7,0,2,0,0
0.164983502,52,0,4.331114809,600.0,2,0,1,0,1
0.063240192,54,0,0.015745818,7112.0,10,0,0,0,2
0.226938521,50,0,0.329262196,14000.0,20,0,2,0,0
0.0,23,0,33.0,5400.0,1,0,0,0,0
0.257300181,46,0,0.471921346,6000.0,12,0,1,0,1
0.021480356,89,0,32.0,5400.0,5,0,0,0,0
0.031514115,62,1,0.314302303,5166.0,8,0,1,0,2
0.9999999,56,1,0.071270193,6313.0,3,0,0,0,0
0.0,56,0,0.330988523,2700.0,9,0,0,0,0
0.787466057,28,0,0.180681028,5755.0,9,0,0,0,0
0.101439501,48,2,0.171560888,9500.0,10,0,1,0,4
0.221141116,64,1,2973.0,5400.0,18,0,2,0,0
0.529434806,58,1,0.443442462,5100.0,9,0,0,0,0
0.456669499,62,0,96.0,5400.0,2,0,0,0,0
0.001683429,63,0,3.0,5400.0,5,0,0,0,0
0.040658775,61,0,1.677344723,5618.0,7,0,3,0,1
0.050425792,31,0,0.116768862,3750.0,19,0,0,0,0
0.656141459,64,0,0.796627491,1956.0,7,0,1,0,0
0.9999999,57,1,4042.0,5400.0,4,0,2,0,0
0.429628236,50,0,1.036135871,4150.0,9,0,3,0,0
0.166853365,43,0,0.189584833,12500.0,12,0,1,0,2
0.157911397,59,0,3476.0,5400.0,9,0,1,0,0
0.045462008,39,0,0.463237078,4120.0,18,0,2,0,3
0.007314453,47,0,0.134966258,4000.0,26,0,0,0,0
0.0,25,0,0.185407296,2000.0,2,0,0,0,0
0.151506403,84,1,0.084447343,9200.0,21,0,0,0,1
0.005886083,85,0,0.00179964,5000.0,5,0,0,0,0
0.208496752,56,2,0.312852766,6200.0,9,0,1,0,0
0.9999999,36,1,0.0614364,3466.0,1,0,0,0,0
0.106757297,47,0,0.002499219,3200.0,2,0,0,0,1
0.9999999,38,0,0.0,2666.0,0,0,0,0,2
0.224733253,42,0,0.77729002,3416.0,12,1,1,0,1
0.172148852,61,1,0.841719427,3000.0,21,0,0,1,0
0.261517099,32,0,1678.0,5400.0,11,0,2,0,0
0.003886072,87,1,2.0,5400.0,5,0,0,0,0
0.270102686,51,0,0.305956315,12406.0,15,0,2,0,2
0.9999999,56,0,0.112275021,10500.0,12,0,1,0,0
0.934452438,47,3,0.979155064,12568.0,9,0,3,0,2
0.156551962,46,0,0.176658621,15328.0,12,0,1,0,2
0.098629587,39,0,0.359330597,9500.0,9,0,2,0,1
0.0,45,0,1.310229923,3000.0,16,0,1,0,2
0.002374941,58,0,0.276644486,9166.0,14,0,1,0,0
0.162578672,63,0,0.160987616,13000.0,9,0,1,0,2
1.013986708,63,4,0.464346712,4683.0,10,0,1,1,3
0.155659415,62,0,1.235339358,5200.0,14,0,3,0,0
0.60087063,42,1,0.254936266,4000.0,6,0,0,0,2
0.516759952,28,0,0.148340664,2500.0,9,0,0,0,0
0.016919231,70,0,0.048866357,7100.0,8,0,1,0,0
0.285489804,60,0,0.37720285,5333.0,6,0,1,0,0
0.834136293,46,1,0.271125265,9419.0,17,0,0,0,3
0.240498243,52,0,0.290481088,8750.0,10,0,1,0,2
0.053710875,55,0,1569.0,5400.0,6,0,1,0,0
0.449601904,34,0,0.340995054,10310.0,8,0,2,0,2
0.414840121,35,0,1379.0,5400.0,10,0,1,0,3
0.050167805,71,0,0.048634244,1500.0,10,0,0,0,0
0.044451775,50,0,2184.0,5400.0,8,0,1,0,4
0.9999999,37,0,0.04220659,2700.0,4,0,0,2,0
0.00623029,34,0,1171.0,5400.0,4,0,1,0,0
0.219090503,62,1,0.221143395,13800.0,37,0,2,0,0
0.229886901,40,0,0.661506401,3358.0,12,0,2,0,2
0.00084745,61,0,0.008495752,2000.0,17,0,0,0,0
0.002026679,62,0,16.0,5400.0,18,0,0,0,0
0.192080792,33,0,0.016893894,3373.0,4,0,0,0,0
0.010258582,89,0,0.002639789,4166.0,8,0,0,0,0
0.076674867,48,0,0.347121297,5366.0,7,0,1,0,3
0.527238032,44,0,0.435557397,4825.0,11,0,1,0,0
0.239962981,39,0,0.215081405,3500.0,14,0,0,0,0
0.0,26,0,0.0,5400.0,1,0,0,0,0
0.074975008,38,3,0.494202319,2500.0,10,1,0,0,1
0.951108889,28,0,0.482019064,4615.0,11,0,0,0,3
0.021280664,62,0,0.449519231,6239.0,8,0,2,0,0
0.14978871,40,0,0.311961005,8000.0,13,0,2,0,2
0.0,67,0,0.489798489,7939.0,8,0,3,0,0
0.267455465,42,0,0.314354276,4583.0,7,0,1,0,0
0.145548442,34,0,0.389085397,3957.0,9,0,2,0,0
0.350484069,52,2,0.135589153,4166.0,9,0,0,0,0
0.349484014,59,2,0.317526068,7000.0,12,0,2,1,0
0.215124695,37,0,0.48890222,3333.0,14,0,2,0,0
0.019557037,51,0,1651.0,5400.0,8,0,1,0,0
0.0,94,0,0.0,5400.0,6,0,0,0,0
0.47900323,68,0,0.540342298,1226.0,3,0,1,0,0
0.9999999,24,1,0.036654449,3000.0,4,2,0,0,0
0.0,28,0,0.282572476,3000.0,4,0,0,0,0
0.035021485,59,0,0.250614558,24000.0,23,0,2,0,1
0.020211509,92,0,0.443181818,5983.0,3,0,1,0,1
0.17356351,62,0,0.183828671,11439.0,10,0,2,1,1
0.435144894,29,0,0.52892562,2298.0,6,0,1,0,1
0.019696472,60,2,0.264733107,3240.0,12,0,0,0,0
0.022702798,66,0,972.0,5400.0,7,0,0,0,0
0.224825652,56,0,1609.0,5400.0,7,0,2,0,0
0.589271314,65,0,4423.0,5400.0,13,0,2,0,0
0.183905204,60,2,0.323833808,6666.0,13,0,1,0,1
0.059045835,58,0,0.264473553,10000.0,10,0,2,0,1
0.011695015,68,0,0.105665349,7589.0,9,0,1,0,0
0.212790447,31,0,0.393076091,5545.0,8,0,1,0,1
0.008616081,55,0,0.134673367,3979.0,6,0,2,0,0
0.9999999,65,1,0.008991009,1000.0,1,0,0,0,0
0.109768241,42,0,0.475060426,4550.0,12,0,1,0,4
0.011027801,67,0,4487.0,5400.0,16,0,2,0,0
0.886113886,49,2,1.636486486,1479.0,5,1,1,2,1
0.015471615,42,0,0.179468397,9555.0,4,0,1,0,0
0.004381847,60,0,0.435863251,10500.0,15,0,1,0,0
0.030931548,66,0,1239.0,5400.0,5,0,1,0,0
0.120935894,66,0,0.127686246,5583.0,7,0,0,0,1
0.139054388,64,0,2256.0,5400.0,13,0,1,0,0
0.008677662,49,0,0.386306847,2000.0,6,0,1,0,0
4.260154135,54,0,0.575911978,13541.0,5,0,2,0,0
0.105784536,40,0,0.227123771,3966.0,10,0,0,0,1
0.729781755,48,0,0.641871626,5000.0,5,0,2,0,3
0.752095993,44,0,0.032684658,9300.0,7,0,0,0,3
0.020891665,60,0,0.174523008,7127.0,7,0,1,0,0
0.032898981,53,0,0.319952948,6800.0,6,0,1,0,2
0.8898535,30,0,0.071185763,5000.0,3,1,0,0,0
0.173478286,76,0,89.0,5400.0,6,0,0,0,0
0.736507479,37,0,0.462559745,3765.0,10,0,0,0,1
0.017898675,62,0,0.15626506,8299.0,15,0,3,0,0
0.003399773,62,0,1068.0,5400.0,4,0,1,0,0
0.619876025,54,0,0.066381156,1400.0,5,0,0,0,0
0.9999999,66,0,0.0,5400.0,0,0,0,0,0
0.2167596,73,0,0.844011142,1435.0,13,0,0,0,0
0.9999999,64,0,0.26826946,4200.0,4,0,1,0,0
0.9999999,30,0,0.662756598,1704.0,7,0,0,0,2
0.104736183,53,0,0.011664899,6600.0,5,0,0,0,7
0.463073009,53,2,0.299280082,11667.0,21,0,1,0,0
0.009765796,33,0,0.05143559,6512.0,5,0,0,0,0
0.000405974,54,0,0.0,6416.0,2,0,0,0,0
0.241148394,61,1,4555.0,5400.0,9,0,1,0,0
0.174256685,47,0,0.26436048,7833.0,18,0,1,0,0
0.045058592,43,0,3364.0,5400.0,10,0,2,0,0
0.0585513,70,0,0.068641884,5433.0,5,0,0,0,0
0.137406929,63,0,94.0,5400.0,8,0,0,0,0
0.10076148,60,0,0.161305867,8300.0,5,0,1,0,3
0.038652086,36,1,0.366272288,6000.0,7,0,1,0,1
0.006099797,67,0,6.0,5400.0,1,0,0,0,0
0.02460235,48,0,0.256175697,27000.0,8,0,3,0,3
0.897586059,40,1,0.137978772,2166.0,7,1,0,0,0
0.007889962,49,0,0.393970588,6799.0,11,0,2,0,6
0.9999999,34,0,0.299435028,2300.0,7,3,0,0,0
0.011992005,24,0,0.0,2557.0,2,0,0,0,0
0.9999999,24,0,0.116254603,1900.0,1,0,0,0,0
0.300032816,38,0,899.0,0.0,6,0,1,1,0
0.0,58,0,0.271428571,1959.0,5,0,1,0,2
0.010871331,61,0,0.028492877,4000.0,13,0,0,0,0
0.9999999,31,0,0.019423022,3500.0,0,3,0,0,0
0.9999999,56,0,0.0,5400.0,1,0,0,0,0
0.063516166,47,0,0.050573282,11250.0,7,0,1,0,2
0.018466051,65,0,8.5,1.0,7,0,0,0,0
0.814126758,44,5,1736.0,5400.0,5,3,0,0,0
0.102082178,51,0,0.172410483,10416.0,11,0,1,0,0
0.055559468,57,1,0.010449796,2200.0,5,0,0,0,4
0.606948126,63,0,1234.0,5400.0,9,0,2,1,1
0.013129948,41,0,0.154413573,4066.0,10,0,0,0,2
0.928871719,48,2,0.149728233,9750.0,6,0,2,1,0
0.9999999,39,0,0.06372674,3922.0,1,0,0,0,0
0.76139226,59,1,1.195444377,4916.0,16,0,4,0,3
0.036535651,61,0,0.121187801,1245.0,6,0,1,0,0
0.130357563,63,1,5819.0,5400.0,19,0,4,0,0
0.9999999,63,1,3068.0,5400.0,1,0,1,0,0
0.285155511,27,0,0.514871282,4000.0,12,0,1,0,0
0.002168953,30,0,0.597180564,3333.0,4,0,2,0,0
0.41093712,33,0,0.199829206,8196.0,11,0,0,0,4
0.96032968,37,2,0.318482759,7249.0,12,0,1,0,2
0.838763436,45,0,0.410603868,7600.0,6,0,1,0,0
0.012244794,79,0,0.001562354,32002.0,17,0,0,0,0
0.483837883,45,0,0.671066447,6666.0,11,0,2,0,1
0.055820006,68,1,61.0,5400.0,8,0,0,0,0
0.019902146,39,0,977.0,5400.0,9,0,1,0,0
0.009949751,57,0,0.288336392,5992.0,7,0,2,0,0
0.881944878,74,1,1.467690111,2800.0,10,0,2,0,0
0.562762322,36,0,0.278674475,7000.0,11,0,0,0,1
0.486625256,47,0,5645.0,5400.0,11,0,3,0,2
0.003023023,64,0,0.784299204,5400.0,13,0,3,0,0
0.182369301,64,0,3519.0,5400.0,8,0,3,0,0
0.2003998,72,0,0.003564004,3366.0,2,0,0,0,0
0.084566628,51,0,0.329129312,6580.0,10,0,2,0,0
0.199554918,33,0,0.127339626,6250.0,8,0,0,0,0
0.041866108,45,0,0.1225445,14100.0,9,0,1,0,4
0.016830251,63,0,0.004940014,4250.0,4,0,0,0,0
0.9999999,41,0,1.532467532,1000.0,2,0,1,0,2
0.745254745,34,0,0.621168305,1728.0,5,0,0,0,0
0.36533217,61,1,3831.0,5400.0,8,0,1,0,0
0.005565096,46,0,0.070934108,11700.0,11,0,0,0,2
0.049068626,69,0,0.314651089,6333.0,7,0,1,0,1
0.861962523,50,0,0.199013424,12365.0,16,1,0,0,2
0.367214689,50,0,0.076140065,2455.0,7,0,0,0,1
0.046753061,62,0,0.091704421,6400.0,9,0,2,0,0
0.485318449,48,0,0.634125637,10601.0,9,0,2,0,1
0.234733118,39,0,0.086259284,5923.0,4,0,0,0,2
0.034034763,51,1,0.005884389,8666.0,4,0,0,0,0
0.039414351,53,0,0.038033016,120000.0,12,0,1,0,0
0.124012083,60,0,0.054327995,4932.0,8,0,0,0,2
0.111494932,45,0,0.382228199,9666.0,12,0,2,0,0
0.9999999,54,1,0.317185698,2600.0,6,1,1,0,0
0.205136854,57,0,0.237690577,4000.0,9,0,0,0,0
0.003021673,63,0,1789.0,5400.0,6,0,1,0,0
0.156160854,44,0,0.486562942,4241.0,8,0,2,0,0
0.000232547,69,0,1452.0,5400.0,4,0,1,0,0
0.0,44,1,0.283021698,20001.0,11,0,1,0,2
0.656884849,55,0,6541.0,5400.0,13,0,2,0,0
0.473670527,45,0,3964.0,5400.0,8,0,4,0,4
0.05019761,62,0,0.151850276,7052.0,16,0,1,0,0
0.614241083,69,0,0.671017914,7200.0,18,0,2,0,0
0.392135081,37,0,0.146319297,3300.0,4,0,0,0,0
0.001623271,29,0,0.335019409,8500.0,10,0,2,0,3
0.050024275,56,0,0.02179782,10000.0,7,0,0,0,2
0.329137749,45,1,0.108403624,3200.0,3,1,0,0,2
0.009569284,54,0,0.351787774,2600.0,7,0,1,0,0
0.187166593,46,0,0.694261148,5000.0,12,0,1,0,2
0.58958205,51,0,0.478969957,8154.0,14,0,2,0,2
0.920686394,42,2,0.186851211,15027.0,7,0,1,0,2
0.9999999,44,0,0.00933126,4500.0,0,2,0,0,0
0.057295137,26,0,0.002436054,820.0,2,0,0,0,0
0.0,77,0,0.636515115,4200.0,6,0,2,0,0
0.0,69,0,0.342477026,7290.0,8,0,3,0,4
0.075042146,54,1,0.905097525,6100.0,17,1,3,0,1
0.208025142,65,0,0.36958656,9166.0,7,0,2,0,0
0.026999471,51,0,0.205651491,9554.0,6,0,2,0,2
0.072617218,48,0,0.542378096,6500.0,10,0,2,0,3
0.310236336,43,0,0.648698542,5416.0,6,0,2,0,0
0.9999999,32,0,0.014368789,32500.0,1,0,0,0,2
0.275227064,58,0,3426.0,5400.0,9,0,1,0,0
0.472819727,72,0,0.230662983,5067.0,10,0,0,0,0
0.692288464,37,0,0.315128205,3899.0,3,0,1,0,3
0.558090577,46,0,3719.0,5400.0,14,0,2,0,0
0.029712336,76,0,0.011507263,5300.0,11,0,0,0,1
0.035567233,59,0,0.00519896,5000.0,7,0,0,0,0
0.398304889,48,0,0.616800677,4725.0,8,0,1,0,0
0.258163512,38,0,0.265228259,7600.0,5,0,1,0,5
0.022850217,52,0,1306.0,5400.0,11,0,1,0,2
0.9999999,51,0,0.192451887,4000.0,2,2,0,0,1
0.438000442,47,4,0.629432151,3750.0,14,0,1,0,0
0.242133124,30,0,0.036981509,2000.0,3,0,0,0,0
1.072583632,28,4,0.339871612,2803.0,12,1,0,3,0
0.576143046,46,0,0.218761362,8250.0,7,0,0,1,0
0.9999999,41,0,439.0,5400.0,10,0,0,0,0
0.695766721,37,0,1203.0,5400.0,8,0,2,0,0
0.248699251,40,0,0.608613046,1578.0,10,0,0,0,1
0.80215092,44,1,0.099686614,6700.0,6,0,0,0,2
0.074090362,63,0,0.302039592,3333.0,8,0,2,0,1
0.773040899,66,0,0.358617259,8041.0,6,0,2,0,0
0.000153059,57,0,0.0370271,7453.0,9,0,0,0,0
0.660219375,52,0,0.367497419,6780.0,9,0,0,0,1
0.045398865,56,0,0.217770159,14000.0,6,0,2,0,0
0.021549951,64,0,0.249375312,2000.0,8,0,0,0,0
0.864956752,49,0,0.552289542,5000.0,9,0,2,0,1
0.048954073,72,0,0.01555001,5208.0,7,0,0,0,0
0.023324141,60,0,0.250249917,3000.0,11,0,0,0,0
0.210220336,38,0,0.068802408,4650.0,3,0,0,0,0
0.049767859,66,0,0.180303591,2700.0,11,0,1,0,0
0.02243087,44,0,0.003220066,11800.0,7,0,0,0,4
0.015566148,67,0,0.236443351,13000.0,4,0,3,0,0
0.115186736,75,1,12817.0,5400.0,9,0,4,0,0
0.186688355,78,0,0.052236941,4000.0,10,0,0,0,0
0.9999999,87,0,0.003999,4000.0,1,0,0,0,0
0.0034263,93,0,557.0,5400.0,16,0,1,0,0
0.058675555,77,0,27.0,0.0,4,0,0,0,0
0.000235266,24,0,0.065733567,4000.0,5,0,0,0,0
0.167387665,39,0,0.090484919,6000.0,5,0,0,0,1
0.9999999,45,0,0.390424242,8249.0,7,0,1,0,1
0.89680323,50,0,0.447290489,26000.0,15,0,3,0,0
0.021588449,78,0,0.015928516,2573.0,9,0,0,0,0
0.189345996,46,0,0.526891807,6395.0,15,0,2,0,0
0.133152967,52,0,0.245776076,4438.0,11,0,2,0,2
0.264341628,53,0,1.968812475,2500.0,13,0,2,0,2
0.086288228,49,0,1.512278698,1750.0,7,0,2,0,1
0.245410081,71,0,0.285011802,5083.0,11,0,0,0,0
0.05484433,51,0,1215.0,5400.0,6,0,1,0,0
0.023332222,39,0,0.416119538,8833.0,6,0,2,0,0
0.850896714,48,4,6101.0,5400.0,14,0,2,1,0
0.122113782,25,0,535.0,5400.0,2,0,0,0,0
0.516724158,64,1,0.471602493,17166.0,12,0,1,0,0
0.665353734,49,0,0.919548872,2659.0,11,0,1,1,0
0.038542651,29,0,0.154682274,2391.0,4,1,0,0,2
0.763328603,58,0,0.636421589,4705.0,15,0,2,0,0
0.111538902,55,0,0.554814891,9750.0,18,0,2,0,0
0.812788945,56,0,5694.0,5400.0,20,0,2,0,4
0.037038518,78,0,27.0,5400.0,1,0,0,0,0
0.090863638,50,0,0.259712487,8416.0,5,0,1,0,2
0.979380863,49,1,4051.0,5400.0,18,0,2,0,0
1.021165491,39,0,2350.0,5400.0,11,0,0,0,0
0.324172279,62,0,0.4284144,3638.0,7,0,1,0,0
0.0,37,0,0.285530638,7000.0,4,0,2,0,4
0.0177463,69,0,0.210714727,8100.0,11,0,1,0,0
0.079618519,56,0,0.259817175,23300.0,11,0,2,0,0
0.305612361,40,0,0.348137234,4750.0,4,0,2,0,2
0.186900259,50,0,0.32629108,2555.0,9,0,0,0,2
0.558544146,67,0,0.194193241,2100.0,2,0,0,0,0
0.0,52,0,0.573976779,15416.0,4,0,1,0,2
0.005249494,74,0,540.0,5400.0,11,0,0,0,1
0.062856177,71,0,0.012266238,9945.0,7,0,0,0,0
0.886140766,69,0,0.550536838,2700.0,11,0,0,0,0
0.816819317,57,0,0.41982891,4558.0,8,0,1,0,1
0.035242202,67,1,486.0,5400.0,6,0,1,0,0
0.0,67,0,0.224122612,4501.0,4,0,1,0,0
0.97338403,35,2,0.27882899,2800.0,5,5,0,0,0
0.32962732,53,0,0.376071346,8633.0,9,0,1,0,2
0.014999643,78,0,0.049081985,5500.0,5,0,1,0,0
0.9999999,29,0,0.282264779,1200.0,2,2,0,0,1
0.649342316,43,1,0.60587133,1600.0,6,0,1,0,1
0.288266097,39,0,0.665481613,9000.0,11,0,3,0,0
0.007321786,58,0,0.324108143,6250.0,7,0,1,0,0
0.315811004,40,0,0.264367816,5828.0,6,0,0,0,1
0.046085204,37,0,0.474134183,6900.0,10,0,1,0,1
0.318651858,27,2,0.115817826,4083.0,9,0,0,0,0
0.115254563,53,0,0.483090186,3015.0,16,0,1,0,0
0.00146662,87,0,809.0,5400.0,6,0,0,0,0
0.024801259,66,0,0.320353181,13250.0,11,0,4,0,0
0.744913453,59,0,1.391081497,1950.0,13,0,1,0,0
0.059132426,46,0,0.144530134,3500.0,6,0,0,0,1
0.024478317,55,0,0.157812194,5100.0,4,0,1,0,0
1.021989005,47,0,0.370157461,4000.0,8,0,1,0,0
0.9999999,50,0,0.232467713,7200.0,7,0,1,0,1
0.0,27,0,0.118234804,1200.0,3,0,0,0,0
0.780035478,46,0,0.098165472,8230.0,7,0,0,0,5
0.094908186,63,0,596.0,5400.0,8,0,1,0,0
0.110760828,69,0,0.294803818,6600.0,13,0,1,0,2
0.849904136,37,0,0.038249935,3816.0,7,0,0,0,0
0.004909592,63,0,0.001331558,750.0,1,0,0,0,0
0.869403908,62,0,0.271343823,3876.0,8,1,0,0,0
0.293651632,38,0,0.432760364,2966.0,9,0,1,0,0
0.167174847,51,0,0.242464343,6800.0,7,0,1,0,1
0.024079174,71,0,0.005351247,8782.0,9,0,0,0,0
0.9999999,22,0,0.0,820.0,3,0,0,0,0
0.695262697,44,0,0.465914915,1950.0,13,0,0,0,3
0.0,76,0,0.0,2276.0,6,0,0,0,0
0.074438202,61,0,0.306088865,14583.0,12,0,4,0,0
0.043721123,30,0,19.0,5400.0,4,0,0,0,0
0.9999999,60,0,0.011996001,3000.0,0,0,0,0,0
0.9999999,40,0,0.061936113,4100.0,1,0,0,0,2
0.002499875,50,0,0.276706459,9800.0,14,0,2,0,4
0.047967084,41,0,26.0,5400.0,2,0,0,0,0
0.010681575,67,0,1199.0,5400.0,10,0,1,0,0
0.070565373,52,0,0.032369609,10410.0,6,0,0,0,0
0.934263038,62,1,0.630550033,3017.0,10,0,0,0,0
0.221969225,50,0,0.476291471,6600.0,7,0,1,0,2
0.059595232,77,0,0.471305739,5000.0,5,0,1,0,0
0.351122793,31,0,0.294852574,2000.0,5,0,0,0,0
0.148017504,58,0,0.250608273,6575.0,8,0,1,0,1
0.018345448,65,0,0.001624797,8000.0,3,0,0,0,0
0.077618288,58,0,0.469503546,2114.0,5,0,1,0,0
0.370237322,36,0,0.462504166,9000.0,11,0,2,0,0
0.68333046,32,1,0.307454786,6800.0,9,0,1,0,1
0.0,63,0,0.790734824,625.0,3,0,0,0,0
0.0,76,0,0.062032263,6012.0,7,0,0,0,1
0.000166657,78,0,0.0,1000.0,1,0,0,0,0
0.003241118,52,0,0.005225469,5166.0,11,0,0,0,0
0.127828514,38,0,0.39593665,6250.0,8,0,2,0,0
1.314581791,54,0,0.018006065,5275.0,3,0,0,0,0
0.00939953,68,0,37.0,5400.0,2,0,0,0,0
0.50163345,66,0,3820.0,5400.0,7,0,2,0,0
0.159957345,26,0,0.118119607,3360.0,6,0,0,0,1
0.083663568,57,0,0.285047767,4500.0,8,0,1,0,7
0.0,54,0,0.386769058,12500.0,11,0,2,0,1
0.111861387,62,0,0.22671774,4176.0,10,0,1,0,0
0.109375805,50,0,0.092482215,5200.0,5,0,0,0,1
0.016866292,51,0,0.046903052,4455.0,4,0,0,0,0
0.730395334,27,0,2551.0,5400.0,9,0,1,0,0
0.022149513,46,0,1.047492085,6000.0,19,0,4,0,1
0.002592513,82,0,22.0,5400.0,8,0,0,0,0
0.00228385,63,0,0.16961013,3000.0,5,0,0,0,0
0.868894602,32,3,0.359687428,4350.0,8,1,0,2,0
0.011848908,76,0,0.228853701,7388.0,10,0,1,0,1
0.179202311,55,0,0.194965185,5600.0,11,0,1,0,2
0.303093938,43,0,0.313137373,3333.0,6,0,0,0,2
0.9999999,43,1,0.253807107,2166.0,3,0,0,1,0
0.010049498,68,0,0.931714024,2181.0,9,0,1,0,0
0.519032831,45,0,0.454323995,6567.0,8,0,2,0,0
0.141482981,63,0,3445.0,5400.0,7,0,3,0,0
0.220248843,56,0,0.431568432,1000.0,11,0,0,0,2
0.056375583,72,0,0.171016751,7700.0,6,0,1,0,0
2.82e-05,66,1,147.0,5400.0,8,0,0,0,0
0.792828685,26,1,0.002412961,2900.0,2,0,0,0,0
0.013011984,58,0,1730.0,5400.0,25,0,4,0,0
0.593081384,34,0,0.158863756,5702.0,3,0,0,0,1
0.071746321,48,0,6.328685259,501.0,13,0,2,0,4
0.530380566,28,0,1.468438538,300.0,4,0,0,0,0
0.563519177,54,0,1.314761631,1740.0,12,0,1,0,2
0.13562146,31,0,1495.0,5400.0,4,0,1,0,0
0.025938472,62,2,0.174666007,8083.0,14,0,1,0,0
0.06120348,47,2,0.515281348,3500.0,12,0,1,1,0
0.023417474,57,0,0.352271186,7374.0,14,0,2,0,0
0.186335532,63,0,0.533095992,7583.0,13,0,2,0,1
0.297412955,63,0,0.310135517,7083.0,19,0,1,0,0
1.012830168,37,0,0.688134098,6800.0,17,0,1,0,2
0.0,54,0,0.630056914,6500.0,12,0,3,0,1
0.903755957,30,0,1.078725398,3200.0,16,0,3,0,0
0.669695973,63,0,2091.0,5400.0,8,0,1,0,0
0.217978645,69,0,0.958682635,3339.0,18,0,2,0,0
0.210533525,60,0,3.245754246,1000.0,12,0,2,0,2
0.038433184,57,0,0.474285714,4899.0,12,0,1,0,2
0.077020511,54,1,0.835378756,2362.0,11,0,2,0,2
0.466842653,28,0,0.133081537,4500.0,11,1,0,0,0
0.096436672,47,0,0.499959681,12400.0,5,1,1,0,3
4.237015362,33,0,4.049980008,2500.0,20,0,7,0,1
0.0,22,0,0.053215078,450.0,4,0,0,0,0
0.088860981,54,1,0.689436854,3000.0,20,0,2,0,0
0.969870684,66,1,0.986267551,6480.0,10,0,2,0,0
0.407432095,45,0,1895.0,5400.0,4,0,2,0,0
0.087867265,53,0,0.66286216,3416.0,12,0,1,0,0
0.304845568,49,0,0.535824294,7466.0,14,0,2,0,5
0.074489531,64,0,212.0,5400.0,6,0,0,0,0
0.21928556,53,0,213.0,5400.0,2,0,0,0,0
0.5376283,34,0,0.235642123,10986.0,15,0,2,0,4
0.112591552,59,0,0.102579484,5000.0,8,0,0,0,0
0.489083952,33,0,0.310433801,6200.0,9,0,2,0,0
0.767910006,40,0,0.306224443,2200.0,3,0,0,0,2
0.024560076,55,0,0.256097561,5083.0,9,0,2,0,4
0.045284678,64,0,0.415855685,4212.0,10,0,1,0,1
0.0,47,0,0.343436681,12965.0,4,0,1,0,0
0.509538628,44,0,1.476071975,5223.0,20,0,9,0,2
0.224289651,54,1,0.086762519,4033.0,6,0,0,1,1
0.9999999,62,0,1460.0,5400.0,1,0,1,1,0
0.031723454,35,0,0.278920593,4520.0,4,0,1,0,0
0.670697266,57,0,0.483442395,10085.0,13,0,3,0,1
0.494268992,55,0,0.371036847,2333.0,4,0,0,0,3
0.109551432,48,1,0.247468076,9083.0,24,1,1,0,4
0.040650407,60,0,0.264460784,4079.0,13,0,1,0,0
0.043580223,39,1,0.154195698,3300.0,5,0,0,0,3
0.251637418,58,0,2461.0,5400.0,5,0,2,0,0
0.321037534,44,0,0.152236813,4492.0,6,0,0,0,2
0.080782983,60,0,0.072157931,5875.0,9,0,0,0,0
0.099203504,43,0,0.267777181,11165.0,8,0,1,0,1
0.200605097,40,0,339.0,5400.0,6,0,0,0,2
0.343710778,43,0,0.226760444,11800.0,4,0,1,0,3
0.857555429,52,0,0.437791727,6212.0,5,0,2,0,2
0.049996377,69,0,0.636678201,2600.0,10,0,1,0,0
0.0,64,0,0.512523896,20400.0,12,0,3,0,0
0.028646731,48,0,0.800318218,3770.0,10,0,1,0,0
0.016919164,46,0,2.055972014,2000.0,8,0,2,0,2
0.9999999,78,0,418.0,5400.0,3,0,0,0,1
0.319925949,29,0,0.165783422,10000.0,11,0,0,0,0
0.9999999,62,0,0.237630662,1434.0,4,0,0,0,0
0.302620913,54,1,0.085496712,8666.0,8,0,0,0,0
0.9999999,51,0,0.943902439,3689.0,5,5,1,1,1
0.308189727,51,0,0.704095366,5200.0,7,0,2,0,3
0.106507235,42,0,0.031446541,6200.0,7,0,0,0,2
0.0,61,0,0.0,3667.0,6,0,0,0,0
0.118345191,50,0,4249.0,0.0,16,0,1,0,1
0.562887423,30,0,0.203159368,5000.0,7,0,0,0,0
0.039082983,93,0,0.187101612,2666.0,9,0,0,1,0
0.084287604,50,0,1932.0,5400.0,4,0,1,0,0
0.031011376,80,0,0.002266364,7500.0,10,0,0,0,0
0.062831239,63,0,0.2215968,6750.0,10,0,1,0,0
0.058310678,61,0,1335.0,5400.0,5,0,1,0,0
0.297357988,55,3,0.227577242,10000.0,8,0,1,0,0
0.167372584,47,0,226.0,5400.0,10,0,0,0,0
0.176278295,55,0,0.254674533,10000.0,7,0,2,0,5
0.000168112,89,0,0.0,5400.0,6,0,0,0,0
0.008919643,38,1,1.516968988,3417.0,9,0,4,0,0
0.9999999,62,1,0.293716657,6747.0,4,5,1,0,0
0.0,73,0,0.194035821,22500.0,9,0,2,0,0
0.595734044,47,0,0.174915636,5333.0,5,0,0,0,0
0.116108907,38,0,0.235769416,8291.0,18,0,1,0,1
0.523447021,55,0,943.0,5400.0,4,0,0,0,0
0.082047075,45,0,1164.0,5400.0,5,0,2,0,0
0.0,65,0,0.0,5400.0,3,0,0,0,0
0.9999999,63,0,0.105226236,8552.0,2,0,1,0,0
0.00583768,90,0,0.039850805,10187.0,6,0,0,0,0
0.135377855,48,0,0.073592641,10000.0,16,0,0,0,3
0.0,82,0,0.000374742,5336.0,3,0,0,0,0
0.018434033,44,0,0.209183265,12500.0,6,0,1,0,2
0.057730768,39,0,804.0,5400.0,6,0,1,0,0
0.034218502,78,0,0.079801924,10500.0,13,0,1,0,0
0.022741062,74,0,0.002992519,10024.0,8,0,0,0,0
0.020453616,48,0,0.471968709,2300.0,13,0,2,0,2
0.424546121,47,0,0.324738506,8221.0,5,0,2,0,2
0.9999999,32,1,0.270505462,5400.0,4,0,0,0,0
0.034438284,62,0,1138.0,5400.0,13,0,2,0,1
0.176436406,49,0,0.658097686,3500.0,7,0,1,0,0
0.0,29,0,393.0,1.0,5,0,0,0,1
0.03766039,73,0,0.001077199,5569.0,1,0,0,0,0
0.028137171,60,0,0.167278221,9265.0,15,0,2,0,0
0.248904317,62,0,0.42018586,8500.0,19,0,2,0,0
0.036863106,42,0,1448.0,5400.0,9,0,1,0,0
0.128216439,30,0,0.450826562,3568.0,5,0,1,0,0
0.017571746,82,0,0.104579084,5000.0,8,0,0,0,0
0.047092566,48,0,0.317904092,5400.0,8,0,1,0,2
0.302303039,75,0,0.502601703,4227.0,8,0,0,0,0
0.791194501,58,1,0.079103083,3210.0,2,0,0,0,1
0.031229746,63,0,1137.0,5400.0,17,0,1,0,0
0.051706899,58,0,0.092508664,3750.0,5,0,0,0,0
0.016555188,43,0,1652.0,5400.0,6,0,1,0,0
0.057130933,33,0,0.452909418,5000.0,8,0,2,0,0
0.0,83,0,1012.0,5400.0,4,0,1,0,0
0.980603879,43,0,1.050473186,950.0,4,0,1,0,0
0.0,35,0,8199.0,5400.0,7,0,1,1,0
0.005907316,58,0,1308.0,5400.0,23,0,1,0,0
0.904838657,54,1,1.381654586,4000.0,12,0,2,0,0
0.941446071,46,0,0.273265196,3717.0,5,0,0,0,2
0.09910948,63,0,0.198818357,7277.0,11,0,2,0,1
0.00462704,42,0,2926.0,5400.0,12,0,1,0,0
0.550099978,44,0,3236.0,5400.0,5,0,4,0,0
0.244424963,39,0,0.28011998,6000.0,6,0,1,0,3
0.622377622,64,0,18.0,5400.0,2,0,0,0,0
0.0,54,0,0.367115521,7054.0,6,0,1,0,1
0.911480247,44,1,0.448231178,7716.0,9,0,2,0,1
0.0,37,0,0.456706282,5300.0,9,0,1,0,0
0.236105864,51,0,0.365603462,6238.0,11,0,2,0,0
0.945984181,45,0,0.137038671,6800.0,22,0,0,0,3
0.580499423,74,1,1.58448793,7000.0,17,1,5,0,0
0.513976739,31,0,0.221700128,2340.0,3,0,0,0,0
0.0,43,0,0.418045471,8400.0,15,0,3,0,1
0.591760549,46,0,0.127531565,11800.0,4,0,0,0,1
0.0,51,0,0.756162558,1500.0,5,0,1,0,0
0.413699239,40,0,0.61186403,4500.0,7,0,2,0,2
0.041037299,55,0,0.424781912,5616.0,21,0,1,0,1
0.0,45,0,0.282911803,6167.0,3,0,1,0,0
0.129223123,33,0,1825.0,5400.0,10,0,2,0,0
0.036294504,66,0,1287.0,5400.0,13,0,0,0,0
0.161742314,78,0,0.089535262,6153.0,20,0,0,0,0
0.834105426,38,0,0.385472466,14000.0,7,0,1,0,3
0.161191594,41,0,0.35877262,5083.0,7,0,1,0,2
0.024807455,78,0,16.0,5400.0,3,0,0,0,0
0.575748485,48,0,0.148101987,28081.0,9,0,3,1,2
0.156301681,31,0,0.044898739,5233.0,6,0,0,0,1
0.12919354,79,0,77.0,5400.0,2,0,0,0,0
0.085754006,84,0,1628.0,5400.0,11,0,1,0,0
0.762353482,30,0,0.318875697,4126.0,6,0,1,0,3
0.9999999,49,0,1118.0,5400.0,2,0,0,0,3
0.003352761,43,0,0.574197518,9750.0,18,0,4,0,3
0.002499923,35,1,0.499858916,7087.0,7,0,2,0,1
0.00971254,82,0,0.362488159,3166.0,7,0,1,0,0
0.012637498,55,0,0.005776494,4500.0,11,0,0,0,0
0.151252481,57,0,0.083542189,9575.0,9,0,0,0,3
1.007872061,51,6,0.338923029,9600.0,12,0,1,0,2
0.981517952,54,7,0.506766917,3324.0,10,0,1,0,1
0.496157253,44,0,0.156379149,7500.0,4,0,0,0,0
0.025189886,54,0,0.331754065,9286.0,11,0,3,0,4
0.053022405,60,0,0.599061416,4900.0,9,0,2,0,1
0.9999999,22,0,0.0,5400.0,1,0,0,0,0
0.03158287,72,0,0.043677426,9386.0,11,0,1,0,0
0.558092776,40,0,0.377956805,5833.0,10,0,1,0,1
0.051625506,51,0,1217.0,5400.0,4,0,2,0,0
0.701759462,34,0,0.171770972,6758.0,7,0,0,0,0
0.112905707,30,1,0.161946018,3000.0,5,0,0,0,0
0.164416712,49,1,0.202999348,4600.0,9,0,1,0,1
0.032063489,54,0,0.269673033,10000.0,19,0,1,0,4
0.000230942,61,0,642.0,5400.0,5,0,0,0,0
0.069711796,69,0,0.009833842,5897.0,2,0,0,0,0
0.0,53,0,703.0,5400.0,6,0,1,0,0
0.644157056,37,2,1.237976265,1600.0,6,0,1,0,1
0.412798529,62,0,0.70096225,1350.0,10,0,1,0,0
0.444753556,56,0,0.373750833,1500.0,5,0,0,0,0
0.0,44,0,0.312171957,4000.0,6,0,1,0,1
0.479677774,61,0,0.727349545,10650.0,13,0,2,0,0
0.470826478,34,0,0.12409364,4826.0,6,0,0,0,0
0.361435813,85,0,0.138888889,5291.0,6,0,1,0,0
0.102322064,55,0,3706.0,5400.0,13,0,3,0,0
0.048059333,66,0,0.175648703,500.0,10,0,0,0,0
0.0,24,0,0.0,0.0,1,0,0,0,0
0.044742955,56,0,30.0,5400.0,3,0,0,0,0
0.045057966,43,0,0.633550831,4750.0,11,0,1,0,0
0.000417528,40,3,0.554444127,6997.0,16,0,2,0,2
0.081491257,31,0,0.119580925,5535.0,7,0,0,0,0
0.067615828,68,0,0.315405345,8905.0,7,0,2,0,0
0.021640714,37,0,6576.0,5400.0,10,0,1,0,0
0.343656344,24,0,10.0,5400.0,2,0,0,0,0
0.356813348,64,0,0.306277489,2500.0,11,0,0,0,0
0.073060755,49,0,0.371205235,5500.0,10,0,1,0,0
0.030270212,81,0,0.123042506,446.0,7,0,0,0,0
0.9999999,38,0,0.095954171,2792.0,1,0,0,0,2
0.385939742,70,0,0.135850388,2833.0,7,0,0,0,0
0.346982651,64,0,0.676092545,3500.0,8,0,1,0,0
0.774911319,37,0,0.054259876,2100.0,7,0,0,0,0
0.634640223,55,0,0.249496016,10416.0,14,0,4,0,0
0.062354045,43,0,0.470139261,7467.0,7,0,2,0,0
0.024574386,77,0,29.0,0.0,2,0,0,0,0
0.119818966,42,0,0.262962694,13750.0,7,0,3,0,0
0.214918353,62,0,3174.0,5400.0,12,0,2,0,2
0.98001998,31,0,2.027842227,430.0,6,1,0,0,0
0.024147884,72,0,0.013139103,3500.0,6,0,0,0,0
0.001350589,46,0,2363.0,5400.0,14,0,1,0,0
0.088014031,67,0,0.382123575,5000.0,9,0,1,0,0
0.082599282,62,0,0.50389922,3333.0,14,0,2,0,1
0.026473236,61,0,0.06753701,66333.0,7,0,2,0,4
0.9999999,42,1,0.0,5400.0,1,1,0,0,3
0.049955915,62,0,4102.0,5400.0,9,0,1,0,0
0.246064598,51,0,0.077450522,6416.0,9,0,0,0,0
0.799347725,68,1,1988.0,5400.0,9,0,0,0,0
0.071677133,48,1,0.442889278,4000.0,6,0,1,0,3
0.582237619,47,0,409.0,5400.0,10,0,0,0,0
0.022901297,43,0,0.208982099,9440.0,6,0,1,0,1
0.256490158,68,0,0.12118615,5833.0,8,0,0,1,0
0.317920858,86,0,0.259403866,10500.0,21,0,1,0,1
0.611033747,35,1,0.499613103,3876.0,12,0,0,1,0
0.481070271,35,1,0.809860369,5800.0,8,0,3,0,1
0.0,66,0,0.352416867,2916.0,13,0,1,0,0
0.0,47,1,0.0019998,10000.0,4,0,0,0,5
0.302903952,47,3,0.347587439,7833.0,11,1,1,0,3
0.48087978,61,1,0.418411066,8168.0,7,0,2,0,0
0.292150436,50,0,0.401047828,5916.0,9,0,1,0,1
0.093974603,33,0,0.368527406,7917.0,12,0,1,0,0
0.07786964,34,0,0.043718977,5237.0,3,0,0,0,0
0.941176471,32,1,3461.0,5400.0,8,1,1,2,0
0.153938425,25,0,0.002749313,4000.0,1,0,0,0,0
0.322190718,42,1,0.375338471,4800.0,6,0,1,0,4
0.45387427,40,1,0.383038211,8583.0,14,0,1,0,0
0.221694324,71,0,1441.0,5400.0,6,0,1,0,0
0.039986951,63,0,0.620211361,9083.0,8,0,3,0,0
0.093720922,68,0,0.095609942,10500.0,7,0,0,0,0
0.9999999,40,1,0.589200184,15240.0,10,0,2,0,1
0.248258741,32,0,0.274378253,8644.0,6,0,1,0,0
0.863210493,66,1,0.556988138,1938.0,7,0,2,1,0
0.031049116,46,0,0.396719921,14145.0,9,0,3,0,1
0.0,35,0,0.056158264,4700.0,4,0,0,0,0
0.9999999,21,0,0.0,650.0,0,0,0,0,0
0.082252554,57,0,0.157667387,8333.0,6,0,1,0,0
0.04400128,44,0,0.418643362,4805.0,15,0,2,0,0
0.490031135,57,0,0.392419493,14035.0,18,0,4,0,0
0.039833677,64,0,0.222862556,12666.0,14,0,1,0,0
0.110706378,44,0,0.4901214,4200.0,8,0,2,0,2
0.003348573,79,0,0.00076864,7805.0,7,0,0,0,0
0.660467906,38,1,0.507661067,5416.0,4,1,1,0,0
0.822105553,60,1,0.444195405,19630.0,13,0,3,0,2
0.0,78,0,0.161535386,2500.0,6,0,1,0,0
0.0,65,0,1577.0,5400.0,6,0,1,0,0
0.953838558,27,3,271.0,5400.0,5,0,0,0,0
0.037448128,73,0,0.273483687,9133.0,4,0,2,0,0
0.37155984,33,0,0.356396217,6026.0,6,0,2,0,2
0.640868462,37,0,3083.0,5400.0,10,0,2,0,0
0.711051931,42,0,0.03861881,2200.0,3,0,0,0,0
0.0,53,0,0.630466591,6150.0,13,0,2,0,1
0.237961278,64,1,1063.0,5400.0,13,0,1,0,0
0.015538063,55,0,0.156947684,3000.0,5,0,0,0,0
0.191781727,34,0,0.460769464,3300.0,10,0,1,0,0
0.602390255,57,1,0.405094495,3650.0,9,0,1,0,1
0.273898088,42,0,0.488099155,18233.0,5,0,3,0,3
0.0,46,0,6.0,5400.0,3,0,0,0,0
0.59923227,38,0,0.173105079,8878.0,10,0,0,0,0
0.0,42,0,0.0,6000.0,4,0,0,0,2
0.42119757,91,0,0.149278015,4916.0,3,0,0,0,0
0.024666293,36,1,0.115874571,4081.0,7,0,0,0,0
0.025780444,101,0,0.013797241,1666.0,5,0,0,0,0
0.567779435,30,0,0.230002693,7425.0,9,0,1,0,0
0.00172117,66,0,0.341322314,4839.0,8,0,1,0,0
0.976259892,57,1,0.292487861,3500.0,4,0,1,0,0
0.0,34,0,0.0,5400.0,2,0,0,0,0
0.682736103,49,0,1.370344828,2899.0,11,0,2,0,1
0.0,66,0,0.090086658,10500.0,10,0,0,0,0
0.054724146,65,0,0.405382242,5833.0,5,0,1,0,1
0.053047348,67,0,0.109256586,11083.0,8,0,1,0,1
0.15356046,64,0,0.079900125,800.0,5,0,0,0,0
0.085811664,66,0,0.223111076,25000.0,11,0,4,0,1
0.622551012,59,0,0.350311262,5300.0,7,0,1,0,0
0.018509441,70,0,1453.0,5400.0,6,0,1,0,0
0.0,47,0,0.459967262,14050.0,14,0,4,2,0
0.9999999,25,0,0.0,600.0,1,0,0,0,0
0.81864284,44,0,0.427480058,8900.0,15,0,1,0,0
0.043327159,84,0,0.007427864,10500.0,6,0,0,0,0
0.388975689,49,1,0.368977496,6620.0,9,0,1,0,0
0.9999999,55,0,0.493376656,4000.0,5,0,2,0,0
0.85915536,37,0,0.920012306,6500.0,17,0,1,0,2
0.743582504,39,0,0.607297375,6933.0,10,0,1,0,2
0.39513902,44,1,0.361081946,20000.0,11,0,2,0,3
0.006136157,42,0,0.412123028,10013.0,13,0,3,0,0
0.015481448,53,0,0.302988293,19475.0,13,0,2,0,4
0.124349094,29,0,0.162790698,2665.0,3,0,0,0,0
0.053015557,48,0,2937.0,5400.0,8,0,1,0,0
0.355419906,60,0,0.493861607,3583.0,10,0,1,0,0
0.473730649,44,0,0.270750988,7083.0,13,0,1,0,0
0.016970913,37,0,0.056987788,6632.0,7,0,0,0,2
0.515737574,54,1,0.304677979,32000.0,7,0,1,0,1
0.113944303,59,0,0.169491525,6666.0,5,0,1,0,1
0.9999999,42,0,920.0,5400.0,3,0,1,0,0
0.9999999,45,1,79.0,5400.0,1,0,0,0,0
0.294225433,46,0,0.234307299,9000.0,10,0,1,0,0
0.224988751,39,0,0.617279543,2800.0,8,0,1,0,3
0.352326425,53,0,4979.0,5400.0,11,0,2,0,5
0.723310676,24,0,0.123384254,850.0,4,0,0,0,0
0.002499836,75,0,0.000149993,6666.0,3,0,0,0,0
0.9999999,34,18,0.0,3500.0,0,18,0,18,1
0.002736273,87,0,0.001817356,2200.0,14,0,0,0,0
0.531415906,29,0,0.139772046,5000.0,13,0,0,1,0
0.429356644,63,1,0.268877911,4250.0,10,0,0,0,0
0.998223801,47,1,0.74010327,6971.0,5,0,2,0,3
0.044678153,63,0,0.290189979,9000.0,6,0,1,0,3
0.736592754,50,0,0.394503054,14407.0,10,0,2,0,0
0.105563148,85,1,0.291121162,4200.0,12,0,1,0,0
0.60473099,37,0,0.459438677,2600.0,11,0,0,0,2
0.028899684,80,0,0.003999333,6000.0,5,0,0,0,0
0.9999999,54,2,0.349858928,2480.0,3,1,0,0,0
0.073584152,71,0,0.082233814,3258.0,3,0,0,0,0
0.0504068,31,0,0.314374693,6100.0,9,0,1,0,2
0.041591832,63,0,0.078054445,7750.0,11,0,0,0,1
0.038372944,48,0,0.243724104,8205.0,8,0,1,0,2
0.056090414,34,0,36.0,5400.0,1,0,0,0,0
0.020650202,61,0,0.333292049,8073.0,7,0,1,0,1
0.545149473,67,0,0.438130156,12000.0,17,0,2,0,0
0.002440976,73,0,0.306309958,7400.0,15,0,2,0,1
0.016033806,47,0,2656.0,5400.0,11,0,2,0,1
0.054366343,29,0,35.0,5400.0,5,0,0,0,0
0.047419742,70,0,96.0,5400.0,9,0,0,0,0
0.9999999,31,1,0.25296349,4217.0,2,0,0,1,2
0.769972001,53,1,0.497105568,9500.0,13,0,2,0,2
0.018152678,51,0,1301.0,5400.0,5,0,2,0,0
0.9999999,43,3,0.699003067,2607.0,3,1,1,0,2
0.017551094,34,0,0.284428893,4000.0,10,0,1,0,0
0.9999999,34,0,0.387557531,6300.0,7,0,2,0,1
0.117022074,63,0,3.065934066,1000.0,3,0,1,0,0
0.275305059,52,0,0.389333333,7499.0,9,0,3,0,1
0.749616692,60,0,1397.5,1.0,19,0,1,0,0
0.863882913,40,0,0.273531391,10400.0,7,0,1,0,2
0.022133052,57,0,0.319562101,7672.0,26,0,1,0,2
0.9999999,50,0,0.535563245,2600.0,3,0,1,0,1
0.995000227,37,2,0.544960977,5893.0,9,0,2,0,0
0.778611038,61,1,8854.0,5400.0,29,0,5,0,0
0.9999999,40,0,0.340886371,3000.0,6,0,1,0,0
0.029694265,68,0,0.149459339,6750.0,20,0,1,0,3
0.393765862,49,0,0.741376492,6116.0,12,0,3,0,2
0.702093433,48,0,0.38953568,7300.0,10,0,2,0,1
0.138464588,50,0,0.091394148,17429.0,13,0,1,0,4
0.656426871,40,0,4.049875312,400.0,7,0,0,0,0
0.001399824,75,0,9112.0,5400.0,10,0,1,0,0
0.096303414,62,0,96.0,5400.0,6,0,0,0,0
0.273292269,40,0,0.418878743,9417.0,11,0,1,0,3
0.344555446,68,1,0.903251706,2490.0,13,0,2,0,0
0.262281372,77,0,0.188803199,3500.0,5,0,0,0,0
0.617044611,39,0,0.360834256,5417.0,6,0,1,0,2
0.082618191,44,0,0.555240793,6000.0,6,0,1,0,1
0.011191327,51,0,0.845230954,1666.0,8,0,1,0,2
0.020449644,76,2,0.294117647,6000.0,11,0,1,0,1
0.018946894,83,0,0.112054329,2944.0,5,0,0,0,0
0.056988602,41,0,9.0,5400.0,3,0,0,0,0
0.9999999,55,0,0.426770969,2300.0,3,0,1,0,0
0.969230769,31,1,0.219193021,2750.0,12,0,0,0,0
0.93488314,52,0,0.561664413,6656.0,8,0,2,0,1
0.551559621,53,0,0.561929493,12707.0,10,0,2,0,0
0.445790062,38,0,0.825008856,11291.0,25,0,5,0,4
0.224752551,61,0,0.637318659,3997.0,7,0,2,0,1
1.306022113,50,0,1.069332473,3100.0,8,0,2,0,0
0.041736337,42,0,2376.0,5400.0,6,0,2,0,3
0.022527452,55,0,0.455171635,8855.0,11,0,4,0,0
0.018865219,63,0,89.0,5400.0,12,0,0,0,0
0.034775846,66,0,0.678611422,6250.0,9,0,3,0,0
0.141018811,42,0,1133.0,5400.0,5,0,1,0,0
0.9999999,41,2,0.245691006,3190.0,7,0,1,0,0
0.093758392,26,0,0.044032357,13103.0,13,0,0,0,0
0.00449877,58,0,0.004997501,2000.0,12,0,0,0,0
0.085970368,56,0,6031.0,5400.0,12,1,2,0,0
0.0,61,0,0.077300613,14669.0,7,0,1,0,0
0.887817849,70,0,2527.0,5400.0,5,0,1,0,0
0.308442256,47,0,0.213855729,9800.0,12,0,0,0,0
0.0,62,0,0.0,5644.0,1,0,0,0,0
0.109542714,42,1,0.451883592,5600.0,9,0,1,0,3
0.086962703,28,0,0.023227196,6500.0,4,0,0,0,0
0.033085966,64,0,0.463434149,6248.0,16,0,4,0,0
0.578115996,34,0,0.445163187,3400.0,4,0,1,0,0
0.013397321,36,0,0.000908678,2200.0,1,0,0,0,0
0.0,76,0,0.099640934,2227.0,3,0,0,0,0
0.9999999,22,0,0.0,929.0,1,0,0,0,0
0.082171127,75,0,0.569881275,4800.0,8,0,1,0,0
0.553160403,58,0,0.607695584,7042.0,11,0,2,0,2
0.376540022,26,0,0.095865516,2200.0,9,0,0,0,1
0.374381281,44,1,0.34944176,6000.0,9,0,0,0,2
0.017316721,57,1,1.45726848,10916.0,9,0,3,0,2
0.045198493,55,0,0.484928687,6800.0,10,0,1,0,3
0.585263047,60,0,8407.0,5400.0,9,0,3,0,0
0.9999999,25,0,508.0,5400.0,1,0,0,1,0
0.0,85,0,0.047330097,823.0,4,0,0,0,0
0.9999999,28,0,0.0,5400.0,1,0,0,0,0
0.061065038,45,0,0.185057262,5500.0,7,0,1,0,4
0.033650884,67,0,0.241170078,22083.0,21,0,2,0,0
0.0,84,0,0.0,5400.0,3,0,0,0,0
0.06494264,55,0,0.017830362,6000.0,5,0,0,1,0
0.605736914,48,0,0.227455582,11931.0,9,0,1,0,1
0.023628754,68,0,0.006997667,3000.0,6,0,0,0,0
0.642357721,31,0,1330.0,1.0,13,0,2,0,3
0.789184622,50,3,923.0,5400.0,10,1,0,0,0
0.0,52,1,0.0,5400.0,6,0,0,0,0
0.661679913,48,0,0.767852878,4186.0,8,0,2,0,3
0.019181871,81,0,0.09820641,3400.0,10,0,0,0,1
1.006815084,51,0,0.267793837,11000.0,10,0,1,0,0
0.290379392,58,0,2253.0,5400.0,6,0,1,0,1
0.520929591,50,0,0.223510596,2500.0,6,0,0,0,1
0.549887313,67,0,0.335696352,6770.0,28,0,0,0,0
0.579014629,41,0,0.315595467,25500.0,8,0,2,0,2
0.346254522,46,0,0.582536164,17143.0,14,0,5,0,3
0.870283962,45,0,0.463192101,8000.0,8,0,2,0,0
0.639438417,32,0,0.847860044,3200.0,11,0,2,0,0
0.055064008,70,0,0.15315659,5242.0,9,0,0,0,1
0.705951364,66,0,0.38611823,23800.0,35,0,2,0,0
0.022890378,32,0,2975.0,5400.0,9,0,1,0,0
0.040847779,48,0,1831.0,5400.0,8,0,1,0,0
0.396134192,59,4,0.236645032,2002.0,7,0,1,0,1
0.069438503,51,0,0.351087357,5425.0,13,0,2,0,0
0.831561733,30,0,0.999121072,4550.0,16,0,1,0,2
0.0,82,0,0.435102041,2449.0,5,0,1,0,0
0.551586219,33,0,0.220246238,2923.0,4,0,0,0,0
0.678054878,43,1,0.146118721,4598.0,8,0,0,1,0
0.02023631,61,0,0.117941152,12200.0,8,0,1,0,0
0.172667251,47,2,1108.0,5400.0,10,0,1,0,0
0.0394918,62,0,0.635815837,10620.0,8,0,2,0,0
0.019999651,60,0,0.164418346,6300.0,7,0,0,0,0
0.04775618,48,0,0.011291461,1416.0,2,0,0,0,2
0.9999999,52,0,0.130147084,29166.0,5,0,1,0,0
0.005922381,74,0,0.174004561,5700.0,12,0,1,0,1
0.373019737,63,0,0.216827124,7166.0,6,0,1,0,0
0.108494201,50,0,0.373964088,11583.0,9,0,2,0,1
0.765808548,35,0,0.336024606,2600.0,3,3,0,1,2
0.04128235,56,0,0.214078746,5866.0,7,0,1,0,3
0.056047198,50,0,0.060483217,6166.0,2,0,0,0,1
0.3712036,44,0,0.53891204,8878.0,6,0,3,0,2
0.862316107,64,3,2474.0,5400.0,6,0,2,0,0
0.945409094,46,0,0.120526905,18750.0,4,0,1,0,0
0.618846038,43,0,0.166474179,6060.0,2,0,0,0,4
0.242307098,61,0,0.24051539,18160.0,8,0,2,0,0
0.197800367,62,3,826.0,5400.0,4,0,0,0,4
0.313889387,59,0,0.316701138,3867.0,5,0,1,0,0
0.0,67,0,101.0,5400.0,12,0,0,0,0
0.023056013,58,0,0.00979804,5000.0,5,0,0,0,2
0.160238743,50,0,1.722615436,8900.0,25,0,6,0,4
0.07247511,70,0,0.284716919,9166.0,5,0,2,0,1
0.703286448,29,0,0.166228301,1900.0,2,0,0,0,2
0.35423169,52,1,0.133143343,20000.0,7,0,1,0,1
0.0,48,0,33.0,5400.0,6,0,0,0,0
0.115407239,57,1,0.00869913,10000.0,5,0,0,0,1
0.121276937,33,0,0.206058788,3333.0,20,0,0,0,0
0.03421842,56,0,2292.0,5400.0,4,0,2,0,0
0.036903706,58,0,0.202365647,23333.0,9,0,2,0,1
0.9999999,43,0,0.069272446,2583.0,1,1,0,0,0
0.9999999,50,0,0.0,1250.0,0,0,0,0,0
0.001616129,47,4,0.000616903,1620.0,7,0,0,0,2
0.000729433,63,0,1429.0,5400.0,18,0,1,0,0
0.365495065,45,1,0.826391203,3000.0,13,0,1,0,0
0.468569267,53,0,0.315447425,6000.0,6,0,1,0,0
0.059526242,48,0,0.358910272,4000.0,10,0,1,0,0
0.296212706,44,0,0.420052083,7679.0,15,0,3,0,2
0.377264732,43,3,0.707087672,2976.0,19,0,2,1,1
0.219154206,35,0,0.115245765,3600.0,4,0,0,0,0
0.20477525,54,0,0.347492201,8333.0,15,0,3,0,0
0.9999999,66,2,1586.0,5400.0,4,2,0,0,0
0.071540681,67,0,0.038147139,1100.0,5,0,0,0,0
0.0893579,70,0,0.259855769,4159.0,3,0,1,0,0
0.099193387,48,0,0.196665404,7916.0,14,0,2,0,1
0.9999999,27,0,0.0,2600.0,0,0,0,0,0
0.351228407,61,0,0.184138133,17084.0,7,0,2,0,0
1.002532996,54,4,1148.0,5400.0,8,0,0,1,0
0.9999999,32,0,466.0,5400.0,1,1,0,0,0
0.210569377,43,1,0.536178905,9300.0,9,0,2,0,0
0.0,76,0,0.0,6667.0,10,0,0,0,0
0.692907381,34,0,0.121455777,4725.0,11,0,0,0,0
0.587760816,39,0,0.396714048,5416.0,7,0,2,0,1
0.013415549,65,0,0.490471149,11333.0,4,0,2,0,0
0.432109402,53,0,0.287204753,6900.0,11,0,1,0,1
0.0828247,43,0,0.669666427,8333.0,11,0,4,0,0
0.568589312,45,0,0.18075915,10300.0,10,0,0,0,3
0.015657014,79,0,0.19020368,16250.0,12,0,3,0,1
0.425119498,60,1,0.741551642,2100.0,22,0,1,0,0
0.458445364,47,0,0.153030059,6220.0,7,0,0,0,1
0.405315615,29,0,1.086655113,576.0,7,0,0,0,0
0.134253114,38,0,0.495154592,6500.0,8,0,2,1,2
0.642714305,49,0,0.068538791,2100.0,1,0,0,0,0
0.079906275,63,0,0.770945427,1300.0,10,0,0,0,0
0.0,35,0,1.536963957,3800.0,7,0,1,0,1
0.020340471,35,0,0.430172675,3300.0,13,0,2,0,0
0.434023582,38,0,0.264905391,2800.0,6,0,0,0,3
0.137916378,44,0,0.368498303,10900.0,8,0,3,0,1
0.052903901,88,0,27.0,5400.0,4,0,0,0,0
0.066947001,34,2,0.102916744,10833.0,5,0,1,0,0
0.850170621,43,0,0.505373657,4000.0,9,1,1,0,2
0.366767984,52,0,0.246690734,6647.0,3,0,1,0,1
0.0,52,0,2351.0,5400.0,5,0,3,0,0
0.272608269,44,0,0.27628317,10890.0,9,0,1,0,3
0.194585448,46,0,0.461680859,2700.0,8,0,1,0,3
0.058086638,68,0,0.356348168,9167.0,11,0,1,0,0
0.035171631,45,0,906.0,1.0,14,0,1,0,2
0.416424487,49,0,0.259585167,17500.0,11,0,1,0,0
0.966754156,39,2,0.077406455,3500.0,2,0,0,0,0
0.875370821,44,0,0.564673157,10065.0,4,0,2,0,0
0.162301638,84,0,37.0,5400.0,2,0,0,0,0
0.089396963,38,0,0.885984972,3060.0,17,0,2,0,1
0.260265229,47,0,0.202159568,5000.0,10,1,0,0,0
0.085737266,59,0,0.080068729,8729.0,9,0,0,0,0
0.083301285,26,0,0.00542281,5900.0,2,0,0,0,0
0.831646044,49,1,0.310229923,3000.0,3,2,0,0,0
0.193999122,52,0,8459.0,5400.0,25,0,5,0,2
0.329442719,30,0,0.406259374,10000.0,13,0,2,0,1
0.0,50,0,44.0,5400.0,6,0,0,0,0
0.544760802,47,0,1.272273106,1200.0,4,0,1,0,2
0.092843448,55,0,0.301315206,13533.0,10,0,1,0,2
0.094278131,55,1,0.457023061,6200.0,14,0,1,0,0
1.715099715,38,0,0.223062382,4231.0,9,5,0,0,4
0.929762809,62,1,5850.0,5400.0,6,0,3,1,0
0.323983854,71,0,0.274679015,4750.0,8,0,0,0,0
0.074244791,55,0,0.219810489,9075.0,7,0,1,0,3
0.656063997,50,0,0.607812742,6450.0,5,0,2,0,2
0.0,60,0,31.0,5400.0,1,0,0,0,0
0.9999999,31,0,0.59974656,5523.0,4,0,1,0,0
0.0202891,59,0,0.482551745,10000.0,17,0,5,0,0
1.282392027,36,4,0.267665953,1400.0,5,0,0,1,0
0.006857045,50,0,0.153068221,5833.0,13,0,1,0,2
0.196894561,40,1,72.0,5400.0,2,0,0,0,0
0.157030924,33,0,0.221963006,6000.0,18,0,0,0,0
0.9999999,27,1,89.0,5400.0,1,0,0,1,0
0.001999947,92,0,214.0,5400.0,9,0,1,0,0
0.272977495,46,0,0.15064156,6000.0,15,0,0,0,1
0.027125813,49,0,1507.0,5400.0,7,0,1,0,0
1.083431257,44,1,0.757846451,4141.0,3,0,1,1,2
0.652669466,62,0,0.281995662,1382.0,4,0,0,0,0
0.859938747,55,1,0.588215142,2918.0,12,0,1,0,0
0.00365942,50,0,0.083714498,9400.0,14,0,0,0,0
0.731966591,48,0,0.412220917,4254.0,7,6,0,0,0
0.286745917,44,0,0.234031681,5870.0,5,0,1,0,3
0.507854331,56,2,0.425189042,8066.0,17,0,1,0,0
0.011449365,44,0,0.187907884,13330.0,6,0,1,0,0
0.0,61,0,5030.0,5400.0,8,0,1,0,0
0.014145502,55,0,0.238609006,11214.0,20,0,1,0,3
0.0,45,0,0.215373012,14583.0,12,0,1,0,2
0.9999999,31,0,0.66419295,4850.0,8,0,4,0,0
0.17912875,58,0,0.204626914,3068.0,4,0,0,0,1
0.259445111,38,0,673.0,0.0,7,0,0,0,2
0.882642376,67,0,0.289986819,22000.0,10,0,2,0,0
0.016046138,69,0,0.105970797,6916.0,3,0,1,0,0
0.619744411,76,0,1776.0,5400.0,4,0,0,0,0
0.002796492,28,0,0.1456905,4083.0,7,0,1,0,0
0.0,44,1,0.055648117,3000.0,4,0,0,0,0
0.00337544,45,0,1854.0,5400.0,7,0,1,0,0
0.957011136,38,0,0.800959233,4586.0,12,0,2,0,0
0.00518945,67,0,0.427640156,2300.0,12,0,1,0,0
0.614125474,38,0,0.437187604,3000.0,6,0,0,0,0
0.078523055,73,1,0.082233421,12500.0,9,0,1,0,0
0.002528206,72,0,32.0,5400.0,2,0,0,0,0
0.686826263,47,0,1258.0,5400.0,8,0,0,0,0
0.0,43,0,0.191502655,3200.0,11,0,0,0,2
0.002452131,72,0,5.0,0.0,10,0,0,0,0
0.105788423,27,3,0.405952104,4300.0,8,2,0,1,2
0.202443388,77,1,1.249296401,6750.0,16,0,6,0,0
0.220571429,53,3,0.247164049,4583.0,14,2,2,0,0
0.510094557,30,0,0.653621982,1200.0,7,0,1,0,0
0.082531133,46,0,0.52719958,17150.0,11,0,4,0,4
0.95910409,58,0,0.24572345,5611.0,10,0,0,0,0
0.298904618,73,0,0.215270414,6600.0,18,0,0,2,0
0.103113396,30,0,97.0,5400.0,3,0,0,0,0
0.854791299,35,0,0.018611111,3599.0,6,1,0,0,0
0.325517841,87,0,313.0,0.0,6,0,0,0,0
0.318356055,63,0,0.325601751,6854.0,5,0,2,0,0
0.016265396,72,1,0.133309335,8333.0,7,0,1,0,0
0.322419395,56,0,0.457308538,5000.0,7,0,2,0,0
1.122261049,38,0,0.289625554,7450.0,10,0,0,0,3
0.324552551,49,0,0.352995138,10900.0,12,0,2,0,2
0.0,29,0,444.0,0.0,4,0,0,0,0
0.388790852,61,0,778.0,1.0,6,0,0,0,1
0.9999999,24,0,0.213893053,2000.0,2,0,0,0,0
0.498537679,40,0,0.42767631,7500.0,9,0,2,0,2
0.942141048,32,1,0.474603386,7500.0,10,1,1,0,3
0.577003069,56,0,0.178583886,8600.0,6,0,0,0,1
0.974762656,66,0,0.544563553,3264.0,9,0,0,0,0
0.074143223,46,0,0.27588404,9416.0,21,0,1,0,2
0.034439924,50,0,0.226977302,10000.0,10,0,2,0,3
0.425102252,35,0,1.62273579,1600.0,13,0,1,0,0
0.091144553,46,0,0.231401024,8400.0,7,0,1,0,0
0.455354476,48,0,0.669541307,8000.0,8,0,2,0,3
0.9999999,60,18,0.043503821,1700.0,0,18,0,18,0
0.011499179,48,0,335.0,5400.0,3,0,0,0,0
0.265008894,55,0,3256.0,5400.0,15,0,1,0,0
0.918270432,38,0,0.024595081,5000.0,3,0,0,0,3
0.04827309,39,0,0.035985606,2500.0,9,0,0,0,0
0.364970679,40,0,1.017736214,3100.0,6,0,2,0,2
0.0,29,0,417.0,5400.0,3,0,0,0,0
0.035406096,59,0,29.0,5400.0,3,0,0,0,0
0.9999999,44,0,0.481178568,9536.0,2,0,2,0,2
0.178019383,34,0,2704.0,5400.0,14,0,1,0,3
0.73910519,42,0,0.760236145,5250.0,7,0,2,0,3
0.319214662,48,0,0.883996057,6085.0,17,0,3,0,1
0.0,50,0,0.585075703,2773.0,7,0,1,0,1
0.123699584,30,0,0.050610574,14166.0,10,0,0,0,0
0.010352195,50,0,0.581167239,6116.0,18,0,2,0,2
0.080344333,53,0,54.0,5400.0,3,0,0,0,0
0.098770699,67,0,0.61267378,9278.0,11,0,3,0,1
0.0,79,2,0.146718147,1553.0,4,0,0,0,0
0.014332378,72,0,0.00123058,6500.0,4,0,0,0,0
0.321652175,32,0,0.183801252,4950.0,13,0,0,0,0
0.011542527,37,0,1646.0,5400.0,6,0,2,0,0
0.9999999,61,0,0.113258186,3725.0,1,0,0,0,0
0.026623574,45,0,896.0,5400.0,10,0,1,0,0
0.031142782,25,0,0.085674884,5800.0,9,0,0,0,0
0.145594176,75,0,0.015106555,7413.0,4,0,0,0,0
0.057652268,52,0,0.518413598,4941.0,12,0,5,0,2
0.9999999,78,1,0.009463722,633.0,2,0,0,0,0
0.434556544,39,0,5.511653718,900.0,9,0,3,0,0
0.044986804,79,0,54.0,5400.0,6,0,0,0,0
0.940801699,28,0,0.320169958,4000.0,7,0,0,0,2
0.640867252,42,1,0.213157895,9499.0,18,0,2,1,3
0.113154738,81,0,0.008115419,2217.0,2,0,0,0,0
0.396056808,66,0,0.577280305,4198.0,10,0,2,0,0
0.0,31,0,0.592733418,2366.0,11,0,1,0,0
0.126380112,40,0,2745.0,5400.0,5,0,1,1,0
0.032442458,61,0,63.0,5400.0,4,0,0,0,0
0.092987992,56,0,0.011164806,6000.0,2,0,0,0,1
0.228107387,53,0,284.0,5400.0,6,0,1,0,1
0.343668285,60,0,915.0,5400.0,6,0,0,0,0
0.9999999,68,0,0.294087666,1961.0,9,0,1,0,0
0.690837054,51,3,0.47780986,9350.0,13,2,3,1,4
0.569051581,23,0,10.0,5400.0,1,0,0,0,0
0.06188717,63,0,0.215525348,11696.0,7,0,1,0,0
0.913951897,37,0,0.246583742,11415.0,9,0,2,0,0
0.853341347,39,2,0.387840048,6726.0,9,1,1,0,1
0.88350408,44,0,0.178728509,2500.0,16,0,0,0,2
0.0,44,0,0.0,6828.0,3,0,0,0,0
0.9999999,35,0,0.37102866,4500.0,5,0,1,0,0
0.004272132,75,0,0.202824948,6300.0,30,0,2,0,1
0.169713343,34,0,0.238420849,7750.0,5,0,1,0,2
0.051631758,63,1,0.378877211,3900.0,17,0,1,0,0
0.178370895,76,0,0.460255152,1018.0,2,0,0,0,0
0.0,71,0,1387.0,5400.0,5,0,2,0,0
0.193702166,61,0,0.290713528,6600.0,16,0,3,0,0
0.366631992,30,0,0.349130174,3333.0,7,0,0,0,0
0.352972034,43,0,0.040244969,8000.0,3,0,0,0,1
0.067734418,66,0,0.143853666,6450.0,7,0,1,0,0
0.04270337,55,0,0.130124268,7000.0,3,0,1,0,0
0.049254795,81,0,0.1466527,10500.0,12,0,1,0,0
0.037532009,70,0,0.077074666,13700.0,8,0,1,0,0
0.013132458,55,0,0.003568879,1400.0,3,0,0,0,0
0.770287141,32,2,0.005292561,3400.0,4,0,0,1,0
0.023693146,73,0,0.003450259,5216.0,5,0,0,0,0
0.033259424,55,0,0.303585408,6386.0,4,0,2,0,1
0.003897745,83,0,0.003249391,2461.0,8,0,0,0,0
0.126324912,35,0,0.073876462,4872.0,4,0,0,0,1
0.89763095,52,0,0.566259992,2376.0,6,0,1,0,0
0.0,53,1,0.0,7250.0,5,0,0,0,2
0.168921199,65,0,0.08852153,7500.0,7,0,1,0,2
0.034898068,64,0,0.200736465,10047.0,6,0,1,0,1
0.497031436,32,0,0.341957387,8541.0,15,0,2,0,0
0.01532156,75,2,0.019224358,44994.0,10,0,0,0,0
0.551283242,53,0,1122.0,5400.0,9,0,0,0,0
0.013617333,45,0,2589.0,5400.0,6,0,1,0,0
0.9999999,50,0,587.0,5400.0,1,0,0,0,0
0.361518667,55,3,0.648226097,3325.0,12,0,1,0,0
0.489201406,55,0,0.371325735,5000.0,6,0,1,0,1
0.005136793,52,0,43.0,5400.0,2,0,0,0,0
0.259302706,73,0,0.228502866,7500.0,8,0,1,0,0
0.276510888,62,0,0.223175214,5712.0,15,0,0,0,0
0.157911184,66,0,0.050305129,12125.0,13,0,0,0,2
0.0,49,0,0.328103369,6500.0,10,0,1,0,5
0.008887422,63,0,0.52193226,1800.0,10,0,1,0,0
0.986308745,55,0,0.297557841,10891.0,9,0,2,0,5
0.167937521,37,0,0.793981909,5416.0,7,0,1,0,1
1.134511914,59,2,2097.0,5400.0,3,0,1,0,0
0.278036098,50,0,0.466284933,11700.0,9,0,2,0,0
0.131065274,30,0,0.394196014,9682.0,7,0,2,0,0
0.007337061,39,0,6540.0,5400.0,11,0,2,0,0
0.002283171,57,0,0.432162239,3500.0,15,0,1,0,1
0.02478178,69,0,389.0,5400.0,10,0,0,0,0
0.263071668,43,0,2292.0,5400.0,16,0,1,0,0
0.030009251,58,0,2298.0,5400.0,7,0,1,0,0
0.669180451,54,0,0.645989383,13750.0,19,0,2,0,0
0.511664558,41,2,0.427533944,9500.0,16,0,3,0,1
0.620047494,34,0,0.443682664,4083.0,7,0,1,0,0
0.688529006,48,1,0.726017263,4054.0,8,1,1,0,1
0.217262667,54,0,0.230343738,2530.0,6,0,0,0,4
0.666359022,31,0,0.127971562,4500.0,5,0,0,0,0
1.00379962,41,2,3217.0,5400.0,3,1,2,0,0
0.213273837,60,0,0.580270425,5250.0,8,0,2,0,0
0.0,42,0,8.0,5400.0,9,0,0,0,0
0.33257996,43,0,0.538092382,5000.0,7,0,2,0,2
0.00414624,61,0,0.08988764,16820.0,8,0,1,0,0
0.0,45,0,0.369640063,9584.0,4,0,1,0,2
0.34364741,65,0,0.215959821,3583.0,7,0,0,0,0
0.0,63,3,0.861207228,2600.0,5,1,2,0,0
0.1380114,76,0,0.043329207,10500.0,12,0,0,0,0
0.329204554,82,0,0.893431635,2983.0,10,0,1,0,0
0.9999999,56,0,0.002026342,986.0,0,0,0,0,1
0.9999999,43,1,0.038212816,1700.0,2,0,0,0,2
1.386017006,38,0,0.672075149,1170.0,6,0,0,2,2
0.066796498,77,0,0.348330334,5000.0,12,0,1,0,0
0.033029302,53,0,0.235431964,6400.0,3,0,1,0,2
0.089805392,28,0,0.092302566,3000.0,5,0,0,0,0
0.7293648,37,0,0.214518583,4600.0,5,1,0,1,4
0.901063046,50,1,0.33376351,6198.0,4,0,0,0,0
0.04781915,65,0,1013.0,5400.0,9,0,1,0,0
0.05819806,56,0,2569.0,5400.0,11,0,1,0,0
0.051389722,48,0,0.433951333,1725.0,6,0,0,0,1
0.119976005,54,0,0.082728592,6200.0,2,0,0,0,2
0.446624507,38,3,0.510604622,3158.0,9,0,2,0,2
0.004674418,72,0,4.0,5400.0,6,0,0,0,0
0.018074746,44,0,2994.0,5400.0,10,0,1,0,0
0.0,74,0,0.000374953,2666.0,3,0,0,0,0
0.891826747,32,0,0.192179516,4500.0,11,0,0,0,2
0.689534214,40,1,0.351456068,8000.0,11,0,0,0,2
0.9999999,25,0,0.384521633,1640.0,2,0,0,0,0
0.9999999,42,0,0.465876061,8600.0,4,0,2,0,0
0.04355194,38,0,0.18696779,2700.0,3,0,0,0,4
0.008695391,63,0,0.002050756,3900.0,2,0,0,0,0
0.056878753,62,0,0.206916427,3469.0,8,0,0,0,2
0.825514527,52,0,0.543677847,11000.0,21,0,1,0,0
0.017799555,56,0,753.0,5400.0,5,0,1,0,0
0.292373991,42,0,0.463969069,15000.0,8,0,4,0,5
0.231753649,34,0,0.58972412,3950.0,2,0,1,0,0
0.003393734,44,0,0.359697845,4500.0,6,0,1,0,1
0.025206195,61,0,0.149022709,8850.0,9,0,1,0,0
0.345982257,58,0,0.514371407,4000.0,6,0,1,0,0
0.293653179,62,0,0.291290238,11400.0,12,0,2,0,1
0.645490739,58,0,0.323554207,11861.0,15,0,2,0,1
0.732267855,54,0,4750.0,5400.0,5,0,1,0,0
0.10663376,56,0,661.5,1.0,6,0,1,0,0
0.001075795,53,0,0.269277846,2450.0,8,0,0,0,0
0.365430356,51,0,0.611333847,12969.0,30,0,2,0,2
0.124459327,32,0,1.674331417,4000.0,10,0,3,0,1
0.38563298,28,2,0.126919386,4167.0,5,0,0,0,1
0.089930113,38,0,0.165901108,3700.0,8,0,0,0,0
0.0544064,46,0,2288.0,5400.0,8,0,1,0,0
0.0768101,50,0,0.243178411,3334.0,5,0,1,0,0
0.618381618,52,1,0.22351821,4200.0,7,1,0,0,0
0.417579278,32,0,0.331043098,3201.0,4,0,1,0,0
0.0,58,0,0.0,8400.0,5,0,0,0,0
0.137591735,58,0,0.757498405,4700.0,22,0,2,0,1
0.316215227,48,0,0.230221994,11666.0,5,0,2,0,0
0.012434841,73,0,0.109237427,6700.0,8,0,1,0,0
0.9999999,32,0,448.0,5400.0,1,0,0,1,0
0.089836674,73,0,0.352718738,7668.0,13,0,2,0,1
0.0,39,0,0.0,5400.0,2,0,0,0,0
0.540264367,50,0,0.235266439,8500.0,11,0,3,0,2
0.9999999,36,0,0.0,3200.0,2,0,0,0,2
0.835354548,65,0,3231.0,5400.0,10,0,1,0,0
0.9999999,34,0,0.473129798,5600.0,6,3,2,3,5
0.0,48,0,0.0,3305.0,8,0,0,0,0
0.000522234,70,0,0.0,4300.0,3,0,0,0,0
0.014534725,69,0,7.0,5400.0,2,0,0,0,0
0.759933216,50,0,0.628206798,7678.0,12,0,2,0,3
1.026486581,36,3,0.548890222,5000.0,9,0,2,0,0
0.816367265,36,0,0.277044855,7200.0,5,0,1,0,0
0.9999999,71,0,0.038009464,6550.0,3,0,0,0,2
0.041029236,57,0,0.285339333,8000.0,11,0,2,0,1
0.150405094,51,0,0.192772953,6447.0,9,0,2,0,0
0.121515139,59,0,0.678600161,2485.0,12,0,1,0,0
0.0,55,0,27.0,0.0,14,0,0,0,2
0.954447599,54,1,1.462021343,3185.0,13,1,2,0,0
0.049249352,64,0,111.0,5400.0,5,0,0,0,0
0.046426302,59,0,0.145518912,16100.0,13,0,2,0,1
0.050405704,56,0,0.085425384,2867.0,7,0,0,0,0
0.24974578,54,2,2316.0,5400.0,11,0,2,0,0
0.022783867,62,0,0.425762373,6000.0,10,0,2,0,0
0.023282424,59,0,0.002772826,5048.0,8,0,0,0,0
0.04047241,59,0,1572.0,5400.0,7,0,1,0,3
0.916805324,49,1,0.004359198,3440.0,2,0,0,0,0
0.140809865,29,0,0.165102154,7243.0,3,0,1,0,0
0.874445874,50,2,0.530744876,6000.0,18,0,0,0,1
0.0,65,0,0.0,0.0,10,0,0,0,0
0.9999999,57,18,0.022840119,3020.0,0,18,0,18,0
0.215984573,55,0,0.309485205,4933.0,6,0,2,0,2
0.750064372,41,0,4107.0,5400.0,7,0,2,0,0
0.028131458,50,0,1190.0,5400.0,10,0,2,0,0
0.018686916,60,0,5342.0,5400.0,6,0,3,0,1
0.305009069,49,0,0.164505516,5166.0,7,0,0,0,0
0.391588336,73,0,1257.0,5400.0,11,0,0,0,0
0.9999999,23,0,0.0,820.0,1,0,0,0,0
0.9999999,43,0,0.0,5333.0,0,0,0,0,2
0.075065841,60,0,1310.0,5400.0,10,0,2,0,0
0.034825871,35,0,0.030159268,2950.0,2,0,0,0,2
0.432469109,39,0,0.418145957,6590.0,7,0,1,0,2
0.0139565,52,0,0.184018852,4667.0,10,0,1,0,1
0.572218221,51,0,0.658987281,4166.0,6,0,1,0,2
0.009395276,63,1,0.358929997,7513.0,24,0,2,0,1
0.05598982,68,1,0.403963859,3430.0,7,1,1,0,0
0.166947534,25,0,0.32038835,2986.0,7,0,0,0,0
0.084549625,63,0,0.303095752,12500.0,13,0,3,0,4
0.00627987,72,0,424.0,5400.0,12,0,1,0,0
0.076700434,30,0,0.034364261,3200.0,1,0,0,0,1
0.486510623,51,0,0.476803321,9634.0,20,0,2,0,0
0.000695622,65,0,1617.0,5400.0,6,0,2,0,0
0.40237512,54,0,0.448420588,4526.0,13,0,1,0,1
0.076434126,46,0,144.0,5400.0,3,0,0,0,0
0.145974798,40,0,0.347227485,7916.0,12,0,1,0,1
0.628389377,38,0,0.597891292,5500.0,9,0,3,0,0
0.25774845,41,0,0.253392373,7000.0,3,0,2,0,0
0.049283954,56,0,0.744127936,2000.0,8,0,1,0,0
0.034919139,55,0,0.126474609,19750.0,20,0,1,0,1
0.227035917,60,0,0.466963473,9882.0,23,0,2,0,0
0.00300804,76,0,0.344663834,4000.0,16,0,1,0,0
0.380573084,65,0,5568.0,5400.0,8,0,3,0,0
0.020326776,25,0,0.102463406,2800.0,6,0,0,0,0
55.0,47,0,1.0,5400.0,3,0,0,0,0
0.055209525,60,0,1.126873127,1000.0,9,0,1,0,0
0.022480979,37,0,0.067585919,9572.0,17,0,0,0,0
0.047015894,59,0,0.015746063,4000.0,5,0,0,0,0
0.532385291,84,0,0.099931082,1450.0,4,0,0,0,0
0.908270161,53,1,0.659661294,4900.0,8,0,1,0,2
0.077340952,44,1,0.670938215,4369.0,11,0,2,0,1
0.013383918,40,0,1.520537986,2750.0,8,0,2,0,0
0.243157852,53,3,0.709423077,5199.0,10,2,4,0,1
0.042478737,38,3,0.336367398,4833.0,17,0,1,0,0
1.920159681,32,1,0.247766636,5484.0,4,3,0,1,0
0.213632699,32,0,0.713510426,3500.0,17,0,1,0,1
0.293030848,46,0,0.588941106,10000.0,13,0,1,0,2
0.364644567,67,0,965.0,5400.0,2,0,1,0,0
0.138247425,60,0,5665.0,5400.0,32,0,2,0,0
0.011729096,53,0,20.0,5400.0,3,0,0,0,0
0.966004533,34,0,0.165463108,6369.0,7,2,0,2,2
0.056809275,40,0,0.527457314,6500.0,10,0,3,0,0
0.0,72,0,0.0,4656.0,4,0,0,0,0
0.06852319,70,0,0.510111338,4400.0,16,0,2,0,1
0.094145293,61,0,0.356414308,6960.0,5,0,1,0,1
0.361805456,29,0,0.029505778,4066.0,3,0,0,0,0
0.006908777,40,0,0.285387802,7000.0,4,0,1,0,0
0.049966394,49,0,0.578977435,3500.0,8,0,1,0,2
0.106884272,35,0,0.653306102,3916.0,7,0,2,0,2
0.394438601,81,0,0.332340251,9733.0,22,0,1,0,0
0.105763141,54,0,0.110842646,13243.0,4,0,1,0,0
0.070779604,72,0,0.102772333,7141.0,4,0,0,0,0
0.259499095,28,0,0.384350268,7833.0,7,0,2,0,0
0.510575567,32,3,0.256619145,1963.0,3,0,0,2,2
0.993006993,31,1,0.012687428,2600.0,4,0,0,0,0
0.110145373,65,0,0.02027027,2071.0,1,0,0,0,0
0.950166113,39,2,0.324193088,3500.0,6,1,0,1,3
0.001146778,55,0,0.178071042,17200.0,10,0,2,0,2
0.009201965,88,0,15.0,5400.0,7,0,0,0,0
0.0,46,0,0.635520814,5500.0,4,0,1,0,0
0.002256387,57,0,0.267564325,7500.0,12,0,1,0,0
0.817217804,66,0,0.522173802,3900.0,7,0,1,0,0
0.059889845,72,0,0.113512334,4580.0,4,0,0,0,0
0.0,36,2,0.228552771,12250.0,9,0,2,1,0
4.35e-05,57,0,0.217797034,6000.0,5,0,1,0,4
0.9999999,47,0,0.747313172,4000.0,5,0,3,0,0
0.029007865,37,0,1314.0,5400.0,11,0,1,0,0
0.004628439,40,0,0.132707775,4475.0,6,0,1,0,2
0.227252042,48,0,0.088722274,3200.0,3,0,0,0,0
0.554998107,35,3,0.405370661,7000.0,12,0,2,0,1
0.047933689,57,1,0.067711867,28000.0,9,0,1,0,0
0.029292682,39,0,3315.0,5400.0,6,0,3,0,0
0.0473278,38,0,0.18441942,5416.0,11,0,0,0,2
0.512509752,43,1,0.10016,62499.0,12,0,3,0,4
0.9999999,36,0,345.0,0.0,4,1,0,0,0
0.056292821,70,0,0.008997001,3000.0,5,0,0,0,0
0.257382841,54,0,1118.0,5400.0,3,0,1,0,2
0.748808555,61,3,0.439651216,8715.0,15,0,1,0,1
0.538595561,61,0,0.284034108,3400.0,11,0,1,0,0
0.970668622,34,0,0.558215452,3675.0,9,0,1,0,0
0.228669745,59,0,919.0,0.0,6,0,1,0,0
0.9999999,33,0,0.0,5400.0,0,0,0,0,0
0.00249975,81,0,0.0,2500.0,7,0,0,0,0
0.013215789,70,0,0.187798193,9850.0,18,0,1,0,0
0.048543389,32,0,0.077175698,3044.0,10,1,0,1,2
0.368375946,35,0,0.33632287,3344.0,6,0,1,0,3
0.0,40,0,0.330556481,3000.0,8,0,1,0,0
0.0,62,0,0.551567469,2200.0,5,0,0,0,0
0.952890792,44,0,1.446396124,1650.0,8,0,1,0,0
0.81759609,32,0,2841.0,5400.0,7,0,2,0,1
0.573800689,57,0,0.408982218,23000.0,14,0,4,0,2
0.067237028,43,0,4193.0,5400.0,10,0,3,0,0
0.079950632,63,0,0.285529158,6944.0,23,0,1,0,1
0.016009533,41,0,0.357858076,2296.0,8,0,0,0,1
0.9999999,56,0,0.330378973,3271.0,5,0,0,0,0
0.23189609,52,0,0.360158439,10350.0,10,0,2,0,0
0.077842886,50,0,0.257893407,3958.0,11,0,1,0,0
0.252086159,67,0,0.088509731,3750.0,11,0,0,0,0
0.464217915,30,0,0.187635394,6000.0,7,0,0,0,1
0.647981486,60,0,0.806747558,3378.0,7,0,2,0,0
0.090802041,66,0,331.0,5400.0,12,0,0,0,0
0.109227768,29,1,0.400693148,3750.0,10,0,1,0,0
0.261029824,37,0,0.269161753,3900.0,14,0,0,0,0
0.460843157,41,0,2134.0,5400.0,10,0,1,0,2
0.005554674,23,0,0.344873502,1501.0,3,0,0,0,0
0.0,30,3,0.513280212,1505.0,3,0,1,0,0
0.741606302,36,0,0.390621281,4200.0,14,0,0,0,0
0.004639907,69,0,0.331628153,5668.0,11,0,2,0,0
0.014964212,76,0,0.060853769,1100.0,15,0,0,0,0
0.0,40,0,3359.0,5400.0,9,0,3,0,0
0.9999999,68,0,0.08195902,2000.0,0,0,0,0,0
0.188412985,67,0,0.14662827,12500.0,9,0,1,0,0
0.069469535,81,0,1807.0,5400.0,10,0,1,0,0
0.018811237,68,0,0.011322464,4415.0,5,0,0,0,0
0.316448176,64,0,0.420322383,4900.0,13,0,1,0,0
0.410478603,26,1,0.109578084,5000.0,5,0,0,0,0
0.160063321,64,1,0.442486231,12709.0,16,0,2,0,1
0.835174187,39,0,0.851285099,6730.0,25,0,2,0,1
0.0,58,0,0.590273833,8800.0,8,0,2,0,1
0.169183082,50,0,0.251978519,7075.0,4,0,1,0,2
0.00710024,37,0,0.52681388,5388.0,17,0,1,0,1
0.033251329,38,0,0.425393652,4000.0,5,0,1,0,2
0.619251642,28,0,1.672363391,4446.0,12,0,5,0,0
0.164341783,43,0,0.241270349,25000.0,5,0,2,0,1
0.43858253,59,1,0.258364523,8816.0,15,0,2,0,0
0.526315789,57,0,0.306008831,5208.0,7,0,1,0,2
0.067450815,54,0,912.0,5400.0,4,0,1,0,0
0.638393601,83,0,113.0,5400.0,3,0,0,0,0
0.013874963,69,0,0.005399568,2777.0,3,0,0,0,0
0.9999999,69,0,0.057104403,5200.0,2,0,0,0,0
0.12747012,49,0,1813.0,5400.0,5,0,1,0,3
0.036120485,58,0,0.00119994,6666.0,2,0,0,0,1
0.588892439,44,0,0.591846758,4071.0,10,0,0,0,2
0.077158801,69,0,0.025088339,2829.0,4,0,0,0,0
0.184229016,39,1,0.405228758,9026.0,9,0,3,0,2
0.978705316,44,0,1.119917298,1450.0,6,0,0,0,0
0.044655352,74,0,0.009046625,5747.0,9,0,0,0,0
1.100316356,66,1,3.50329934,1666.0,12,0,0,0,1
0.049906136,73,0,1721.0,5400.0,12,0,2,0,0
0.389299603,60,0,0.351011347,4053.0,8,0,1,0,2
0.117647059,52,0,0.004679144,4487.0,2,0,0,0,2
0.036152816,90,1,40.0,5400.0,4,0,0,0,0
0.0,70,0,0.0,2500.0,1,0,0,0,0
0.130331557,68,0,327.0,5400.0,8,0,0,0,0
0.262927002,61,0,0.113230769,16249.0,9,1,1,0,1
0.178788081,26,0,0.105193076,750.0,3,0,0,0,0
0.423799463,67,0,2003.0,5400.0,9,0,1,0,1
0.066533621,61,0,0.401677968,8700.0,9,0,2,0,0
0.002019339,46,1,0.000317259,3151.0,2,0,0,0,2
0.9999999,78,0,0.0,5400.0,4,0,0,0,0
0.43296064,31,0,235.0,5400.0,4,0,0,0,0
0.0,36,0,0.28323892,3000.0,3,0,1,0,0
0.094287785,49,0,2915.0,5400.0,10,0,2,0,0
0.652796604,58,0,0.763210511,3500.0,12,0,0,0,0
0.089290193,47,0,2.051532652,2250.0,18,0,2,0,3
0.9999999,57,0,0.0,5000.0,0,0,0,0,0
1.039840637,27,0,0.042729152,1450.0,2,0,0,0,1
0.0,56,0,0.0,5400.0,2,0,0,1,0
0.232053422,54,0,0.913397363,6142.0,14,0,4,0,0
0.9999999,46,0,0.001034126,2900.0,1,0,0,0,2
0.006260325,30,0,1.0,5400.0,2,0,0,0,0
0.077478507,43,0,3337.0,5400.0,3,0,1,0,0
0.021998308,49,0,1.039990478,4200.0,8,0,2,0,2
0.712790042,54,0,0.799820018,10000.0,26,0,1,0,0
0.04778136,50,0,0.611679939,2636.0,8,0,1,0,1
0.57994142,63,0,0.117197009,5750.0,5,0,0,0,0
0.905550102,38,0,0.540089303,5150.0,10,1,1,0,0
0.500428531,28,1,0.505014327,2791.0,8,0,1,0,1
0.103038998,79,0,71.0,5400.0,3,0,0,0,0
0.157274365,54,2,0.08894391,10500.0,12,0,0,0,3
0.036048225,49,0,0.004856449,7000.0,8,0,0,1,0
0.004528274,73,1,0.245313033,8800.0,6,0,1,0,0
0.286239597,68,0,836.0,5400.0,8,0,1,0,0
0.203220348,62,0,0.092508798,5966.0,4,0,1,0,1
0.022458098,42,0,0.206541923,7000.0,12,0,2,0,2
0.003888529,37,0,0.000333222,3000.0,2,0,0,0,0
0.976204759,37,0,0.136125654,4583.0,3,0,0,0,2
0.0,45,0,0.345331834,8000.0,11,0,1,0,2
0.06457947,78,0,502.0,5400.0,3,0,0,0,0
0.428475125,52,0,0.533969011,5872.0,10,0,1,0,1
0.024910274,49,0,0.29147918,14000.0,14,0,2,0,0
0.070216218,51,0,0.22894385,2991.0,8,0,1,0,0
0.068907003,29,0,0.783160323,2600.0,9,0,2,0,0
0.110736158,67,0,0.004544628,5500.0,3,0,0,0,0
0.208820581,44,0,2444.0,5400.0,11,0,2,0,1
0.070615685,76,0,44.0,5400.0,4,0,0,0,0
0.061226922,35,0,0.4716,7499.0,24,0,6,0,2
0.003844876,58,0,0.151346438,8800.0,7,0,1,0,2
0.207338386,55,0,0.583487597,2700.0,17,0,1,0,2
0.38861827,35,0,1133.0,5400.0,10,0,0,0,0
0.002437348,76,1,1.0,5400.0,3,0,0,0,0
0.005727431,51,0,0.000491723,6100.0,5,0,0,0,0
0.53912639,49,0,0.164967007,5000.0,11,0,0,0,1
0.050693036,52,0,0.255756579,12159.0,8,0,2,0,8
0.149646813,78,0,154.0,5400.0,3,0,0,0,0
0.9999999,52,18,0.0,9016.0,0,18,0,18,2
0.068847866,41,0,0.566679165,8000.0,11,0,4,1,3
0.9999999,63,0,0.865151515,1979.0,5,0,1,0,0
0.054198053,45,0,3199.0,5400.0,18,0,2,0,1
0.950402834,45,0,0.468553145,10000.0,8,0,3,0,2
0.104529691,57,0,0.175798757,6916.0,15,0,1,0,1
0.111936957,61,0,111.0,5400.0,2,0,0,0,0
0.9999999,32,0,4640.0,5400.0,8,0,1,0,0
0.248971041,41,0,0.235254915,3000.0,10,0,0,0,0
0.039847277,46,0,1417.0,5400.0,4,0,1,0,3
0.473953793,51,0,0.455590183,5133.0,7,0,1,0,1
0.796884068,46,1,0.215147684,8700.0,14,1,2,1,0
0.037710267,61,0,112.0,5400.0,4,0,0,0,0
0.76579734,38,0,0.293276866,3777.0,7,1,0,0,2
0.384021324,89,0,0.656335029,8452.0,13,0,4,0,0
0.00279888,46,1,0.0,4522.0,2,0,0,0,0
0.047526189,35,0,0.193468795,6889.0,11,0,0,0,4
0.152506556,54,0,0.549447266,3346.0,9,0,3,0,0
0.637884553,44,0,0.9073535,7900.0,22,0,2,0,1
0.404268071,73,0,0.404009093,4838.0,14,0,2,0,0
0.082978801,38,0,0.269989616,8666.0,10,0,1,0,0
0.0,44,0,343.0,5400.0,3,2,0,0,0
0.62014695,29,0,0.464149839,3416.0,13,0,0,0,0
0.982035928,30,0,0.250262881,950.0,2,0,0,0,0
0.003244149,43,0,0.651185771,7083.0,8,0,3,0,0
0.149397,38,0,0.053459539,7500.0,7,0,0,0,0
0.232057809,51,1,0.116018177,7041.0,11,0,0,0,1
0.073200488,42,0,0.236514011,8100.0,20,0,1,0,2
0.666686084,48,0,7.087824351,500.0,11,0,2,0,1
0.895296545,48,2,0.548441292,5356.0,8,1,2,0,4
0.562667744,52,2,0.319484559,4500.0,11,1,2,0,3
0.000277259,48,0,0.400757735,4750.0,10,0,1,0,2
0.092821216,28,0,0.023961386,5800.0,5,0,0,0,0
0.121299074,52,0,1991.0,5400.0,5,0,1,0,0
0.9999999,48,0,0.223208416,6083.0,4,0,2,0,0
0.799387073,59,0,0.160450549,17400.0,13,0,1,0,0
0.045955164,42,0,0.264810235,9300.0,9,0,2,0,4
0.026423082,71,0,0.212551186,10500.0,16,0,1,0,0
0.055808877,42,0,0.014459314,6500.0,5,0,0,0,0
0.013843976,59,0,0.10267398,5833.0,6,0,0,0,0
0.820598007,36,0,0.209083119,3500.0,6,0,0,0,5
0.031547202,48,0,71.0,5400.0,8,0,0,0,0
0.233256914,44,0,0.268397208,8166.0,7,0,2,0,1
0.728609897,56,0,0.451196647,9066.0,13,0,4,0,1
0.734939013,51,0,0.214417259,3800.0,6,0,0,0,3
0.031532539,73,0,0.006052323,5121.0,5,0,0,0,0
0.390830275,50,0,0.246112404,8166.0,11,0,1,0,0
0.045887189,42,0,0.199311235,4645.0,4,0,1,0,0
0.059416021,79,0,48.0,5400.0,2,0,0,0,0
0.070422535,23,0,4.0,5400.0,1,0,0,0,0
0.004408983,76,0,28.0,5400.0,24,0,0,0,0
0.991144122,49,1,0.455295392,12000.0,12,0,1,0,5
0.510881188,39,3,3.702552719,900.0,25,0,1,0,0
0.9999999,30,0,0.500809061,1235.0,3,0,0,0,0
0.778088764,47,0,0.366782007,2600.0,3,0,1,0,0
0.0,79,2,0.494929296,7000.0,9,0,1,0,0
0.630885614,36,1,0.340865913,10000.0,10,0,1,0,2
0.121079902,42,0,0.334748762,2825.0,4,0,1,0,0
0.185910938,62,0,0.264966879,8000.0,8,0,2,0,0
0.046510872,40,0,0.059971442,2100.0,11,0,0,0,0
2.084909301,50,1,0.117235463,37300.0,8,0,2,0,3
0.0009995,45,0,0.3717699,7700.0,6,0,2,0,2
0.81822652,30,0,710.0,5400.0,6,0,0,0,1
0.06016799,65,1,0.326306544,2276.0,7,0,3,0,0
0.018697385,52,0,0.182470174,14500.0,11,0,1,0,0
0.481518482,42,0,0.005089059,2750.0,2,0,0,0,0
0.0,35,0,0.424888187,3800.0,4,0,1,0,0
0.726374198,59,0,3810.0,5400.0,5,0,1,0,0
0.044280207,51,0,0.014520352,4200.0,5,0,0,0,0
0.021498656,32,0,2893.0,5400.0,5,0,1,0,0
0.062297923,54,0,0.165498913,12416.0,3,0,1,0,2
0.052668102,69,0,369.0,5400.0,5,0,1,0,0
0.9999999,51,2,0.758501996,7262.0,3,0,2,0,1
0.124171276,69,0,0.062420835,45000.0,9,0,3,0,1
0.49313998,45,0,0.408945357,9680.0,5,0,2,0,4
0.0,26,0,0.0,2901.0,2,0,0,0,0
0.007720507,64,0,0.606957217,2500.0,12,0,1,0,0
0.334614352,55,0,0.970068027,6614.0,22,0,7,0,6
0.318476797,62,0,0.182665896,13833.0,8,0,2,0,0
0.523445479,33,0,538.0,5400.0,3,0,0,0,0
0.506905818,38,0,0.163709073,4000.0,8,0,0,0,3
0.002550968,50,0,0.24490068,7500.0,5,0,1,0,0
0.339826407,38,0,891.0,5400.0,8,0,0,0,1
0.02335805,51,0,0.274742676,3788.0,6,0,1,0,0
0.87445022,43,0,0.337666048,7000.0,6,0,1,0,0
0.909590177,49,0,1435.0,5400.0,10,0,0,0,0
0.123700436,58,0,0.393978915,9200.0,13,0,2,0,2
0.9999999,61,2,0.604113111,3500.0,6,0,1,1,0
0.044795587,54,0,7482.0,5400.0,15,0,4,1,0
0.441016944,67,0,0.426659804,3885.0,12,0,2,0,0
0.118793212,43,0,0.368327084,5600.0,9,0,1,0,0
0.163548065,62,2,0.311184606,3325.0,8,0,1,0,0
0.828018468,45,0,0.660603113,10279.0,9,0,2,0,4
0.046964869,62,0,2403.0,5400.0,7,0,1,0,0
0.032187856,61,0,0.268910363,3000.0,6,0,1,0,0
0.482834478,55,1,0.225253535,7000.0,3,0,1,0,1
0.136817175,55,0,0.512337217,2917.0,9,0,1,0,0
0.9999999,91,0,0.0,2400.0,1,0,0,0,0
0.325490427,60,0,2224.0,5400.0,11,0,1,0,3
0.12244089,36,0,0.4145539,5166.0,11,0,1,0,0
0.373745733,42,1,0.525573524,5317.0,9,0,2,0,2
0.398150462,25,0,0.053063317,3900.0,3,0,0,0,0
0.205870589,59,0,0.37980836,7200.0,14,0,1,0,0
0.00720612,67,0,11279.0,5400.0,10,0,4,0,0
0.56512465,37,0,0.016636102,7633.0,2,0,0,0,0
0.055888224,21,0,0.0,5400.0,1,0,0,0,0
0.372592466,30,0,0.334031613,5250.0,15,0,2,0,1
1.00535523,30,2,0.523880044,2700.0,5,0,0,2,5
0.012466154,58,0,0.468867109,6937.0,12,0,2,0,0
0.039537448,56,0,0.102868013,6833.0,8,0,1,0,1
0.101300344,34,0,0.14995947,3700.0,6,0,0,0,0
0.0,75,0,0.0,1642.0,3,0,0,0,0
0.046263582,35,1,518.0,5400.0,8,0,0,0,0
0.032752735,68,0,0.089242563,12000.0,14,0,0,0,0
0.19469294,50,0,0.261819054,12500.0,12,0,2,0,3
0.434386208,47,0,0.646810956,5220.0,14,0,2,0,0
0.02018697,47,0,2.228739003,3068.0,16,0,4,0,0
0.855088394,62,0,0.580119966,3500.0,4,0,1,0,1
0.135998903,34,0,0.618895812,6900.0,13,0,3,0,3
0.01597968,75,0,27.0,5400.0,8,0,0,0,0
0.039504409,87,0,43.0,5400.0,2,0,0,0,0
0.006073383,36,0,1826.0,0.0,12,0,1,0,0
0.546290742,26,0,0.022825882,5300.0,4,0,0,0,0
0.025151672,33,0,0.273379418,7666.0,7,0,2,0,0
0.25908558,72,0,3724.0,5400.0,6,0,4,0,0
0.032831669,54,0,0.104206084,6870.0,15,0,0,0,1
0.006928577,53,0,0.792441512,5000.0,17,0,2,0,2
0.05331327,52,0,0.191121776,8334.0,6,0,1,0,0
0.046144754,53,0,521.0,5400.0,13,0,0,0,0
0.052517222,39,0,0.153497849,13250.0,7,0,2,0,0
0.9999999,25,0,0.021924482,820.0,1,0,0,0,0
0.041988022,62,0,0.413062409,3444.0,11,0,2,0,1
0.790978842,44,2,0.464841829,6100.0,9,0,3,0,2
0.100578449,36,0,0.087063563,4467.0,8,0,0,0,2
0.023764943,40,0,0.386568945,5866.0,9,0,2,0,1
0.175154738,46,0,0.631796025,8000.0,17,0,2,0,2
0.623688974,38,0,0.168375718,4875.0,9,0,0,0,3
0.022616726,74,0,0.06718925,3571.0,10,0,0,0,0
0.725572001,47,1,0.203011491,7570.0,10,0,0,0,0
0.401644877,32,0,1047.0,5400.0,8,0,0,0,2
0.0,47,0,0.915813253,6639.0,9,1,3,1,3
0.006231794,63,1,0.171059807,5500.0,7,0,1,0,0
0.165699907,70,0,0.212428857,6500.0,5,0,1,0,1
0.813124886,54,1,0.25872207,2550.0,4,0,0,2,0
0.785230731,43,0,0.580270793,3618.0,8,0,0,0,2
0.576986595,44,0,4160.0,5400.0,14,0,2,0,2
0.010704329,73,0,0.002161928,9250.0,10,0,0,0,0
0.036497972,48,0,0.199963643,5500.0,3,0,2,0,0
0.190131667,50,0,0.015972974,237400.0,10,0,2,0,3
0.085826111,54,0,1552.0,5400.0,4,0,1,0,0
0.168662169,68,0,0.203712518,2100.0,7,0,0,0,0
0.039944866,52,0,1275.0,5400.0,3,0,1,0,0
0.9999999,43,0,0.712599374,4150.0,3,0,2,0,0
0.458739547,31,0,0.362901051,7417.0,10,0,0,0,0
0.9999999,40,0,0.233063911,12000.0,5,0,1,0,2
0.247488296,73,0,0.283886445,2500.0,20,0,1,0,0
0.039408176,53,0,15.0,5400.0,3,0,0,0,0
0.0,29,0,0.590930562,2116.0,6,0,1,0,1
0.253978224,53,0,0.453231524,11000.0,22,0,3,0,1
0.529132499,46,3,0.278266051,13425.0,15,0,1,1,1
0.829817018,41,4,0.960696517,2009.0,9,0,1,1,0
1.080612925,33,4,0.37880471,4500.0,8,0,2,0,2
0.309169083,59,0,0.50769846,5000.0,5,0,1,0,0
0.0,31,0,0.0,1750.0,2,0,0,0,0
0.025427534,65,1,0.178764247,5000.0,6,0,1,0,0
0.040800049,57,0,0.390115163,4167.0,16,0,1,0,1
0.15643373,48,0,0.374340461,3600.0,15,0,2,0,0
0.0,49,0,0.0,18750.0,3,0,0,0,3
0.271294809,60,1,0.208355844,5552.0,6,0,1,0,0
0.052005638,32,0,0.388358143,4500.0,15,0,1,0,0
0.590271846,27,1,0.655086228,4000.0,7,0,1,0,0
0.052694341,51,0,0.228308677,10003.0,13,0,2,0,2
0.978572449,38,1,1.084692267,1900.0,5,0,1,0,1
0.0,44,0,1889.0,0.0,3,0,1,0,3
0.0,46,1,0.022795441,5000.0,7,1,0,0,2
0.729054189,62,0,0.039988892,3600.0,4,0,0,0,0
0.003548737,63,0,0.147049851,49166.0,19,0,2,0,0
0.099554235,46,0,0.188962208,3333.0,4,0,0,0,4
0.0,86,0,0.0,5000.0,4,0,0,0,0
0.176451415,53,0,0.394766078,8100.0,10,0,2,0,1
0.026771315,28,0,0.153269471,2400.0,5,0,0,0,0
0.662161271,51,0,0.772756342,4690.0,9,0,2,0,1
0.20510191,52,0,1.323264441,1886.0,7,0,2,0,0
0.813567903,27,0,0.078807242,2816.0,3,0,0,0,0
0.056539522,33,2,0.472329472,10100.0,7,0,1,0,2
0.083700259,34,0,0.34468036,8665.0,4,0,2,0,0
0.0,28,1,1943.0,5400.0,8,0,0,0,1
0.671884698,71,0,0.311337732,5000.0,12,0,2,0,0
0.368258704,71,1,552.0,5400.0,8,0,0,0,0
0.138789614,53,0,0.371154962,3445.0,12,0,2,0,0
0.343968792,30,1,1121.0,5400.0,10,0,0,0,1
0.134853932,39,0,0.152930675,3360.0,4,0,0,0,2
0.020955475,72,0,0.286442711,3333.0,10,0,1,0,0
0.144771046,32,0,0.278487088,10416.0,4,0,1,0,0
0.0,68,0,0.008886914,4500.0,1,0,0,0,2
0.181423388,60,0,0.032192131,5870.0,2,0,0,0,0
0.147005649,57,0,0.292734025,10500.0,10,0,1,0,0
0.023056536,64,0,0.1659857,3915.0,6,0,1,0,0
0.128266533,76,0,0.235630132,5601.0,11,0,3,0,0
0.36310444,55,0,0.211473566,8000.0,13,0,1,0,0
0.45845668,64,0,0.397460254,10000.0,13,0,2,0,0
0.00155159,50,0,779.0,5400.0,5,0,2,0,0
0.070219621,69,0,261.0,5400.0,9,0,0,0,0
0.482930891,29,0,0.003280033,4877.0,4,0,0,0,3
0.0,75,0,0.0,3900.0,6,0,0,0,0
0.062837487,65,0,0.393318147,5267.0,10,0,1,0,0
0.652762266,40,0,0.128656972,5844.0,5,0,0,0,0
0.927841471,47,0,0.516915491,7300.0,10,0,2,0,2
0.043495228,79,0,0.269365317,4001.0,7,0,1,0,0
0.854723182,47,0,0.855018587,5379.0,22,0,3,0,3
0.148141976,67,0,0.213649852,7750.0,5,0,1,0,0
0.9999999,42,0,1816.0,5400.0,3,0,1,0,0
0.0,75,0,0.144868935,7171.0,7,0,1,0,0
0.189259178,52,0,0.748625687,2000.0,15,0,0,0,3
0.12701559,62,0,0.746467609,3750.0,20,0,2,0,0
0.483891009,48,0,1.615579627,4338.0,13,0,3,0,1
0.230381322,47,0,2737.0,5400.0,9,0,3,0,0
0.11617261,59,0,0.364211929,3000.0,8,0,1,0,0
0.204619231,78,1,0.194376194,7325.0,11,0,1,0,1
0.708739706,43,0,0.293959575,8558.0,11,0,2,0,2
0.9999999,32,0,0.0,1862.0,1,1,0,0,0
0.988167653,27,0,3934.0,5400.0,7,0,2,0,3
0.063058773,64,0,2047.0,5400.0,10,0,1,0,0
0.144603517,62,0,0.420071291,3646.0,11,0,1,0,0
0.03832235,45,0,0.388259046,6438.0,7,0,2,0,2
0.001388812,78,1,2.57486911,954.0,6,0,1,0,0
0.0,61,0,0.253997769,5377.0,3,0,1,0,0
0.229371389,54,0,0.351329734,5000.0,11,0,1,0,1
0.209259691,61,0,2319.0,5400.0,6,0,1,0,0
0.310718817,43,0,0.460622402,8900.0,14,0,1,0,2
0.085620796,26,0,14.0,5400.0,1,0,0,0,0
0.211098613,40,1,0.230413732,4543.0,5,0,0,0,0
0.825143083,58,0,2397.0,5400.0,8,0,1,0,1
0.056223993,60,0,0.193537328,11666.0,3,0,1,0,0
0.0,65,0,0.441711658,5000.0,5,0,1,0,0
0.961038961,65,0,0.284675514,5500.0,10,0,2,0,0
0.015189318,51,0,1068.0,5400.0,8,0,1,0,0
0.156133419,61,0,0.262622896,6000.0,14,0,1,0,0
0.370393504,26,0,0.079118833,3222.0,3,1,0,0,1
0.033284129,65,0,0.003029844,6600.0,5,0,0,0,0
0.012059698,60,0,0.993,999.0,11,0,0,0,1
0.563218391,45,0,0.364115615,5500.0,3,0,1,0,3
0.10689055,75,0,0.010321865,9009.0,4,0,0,0,0
0.131823041,42,0,0.171569036,12000.0,6,0,2,0,4
0.031843922,73,0,0.013118565,6021.0,6,0,1,0,1
0.888404478,58,0,0.383386035,11700.0,6,0,2,0,2
0.0,41,0,1865.0,0.0,2,0,1,0,3
0.110421158,35,0,0.440236328,6600.0,8,0,1,0,0
2019.0,58,0,0.213216314,7747.0,3,0,2,0,1
0.157342133,59,0,93.0,5400.0,3,0,0,0,0
0.044905825,64,0,0.164016095,5218.0,7,0,1,0,0
0.172702543,51,0,0.321982077,9484.0,8,0,1,0,3
0.47526977,64,0,0.37078346,3675.0,13,0,0,0,1
0.04401997,38,0,0.013918886,8333.0,6,0,0,0,0
0.28615272,45,0,0.522843535,5668.0,14,0,2,0,4
0.006479342,67,0,0.001999556,4500.0,10,0,0,0,0
0.380744515,66,0,0.704019996,4800.0,12,0,2,0,0
0.449955004,37,0,0.296752721,11116.0,6,0,2,0,0
0.019939601,55,0,0.241997133,4185.0,4,0,1,0,0
0.9999999,30,1,0.146083614,2080.0,1,0,0,0,0
0.9999999,54,0,2613.0,5400.0,5,0,2,0,0
0.113777634,66,0,0.439331863,3172.0,11,0,1,0,0
0.89543268,50,0,0.675627742,10712.0,23,0,2,0,3
0.284888993,52,1,0.396060394,10000.0,11,0,2,0,3
0.15143666,44,0,0.037481259,2000.0,1,0,0,0,2
0.992867332,40,4,0.114364789,11200.0,5,2,1,0,1
0.15543527,61,0,0.214108142,12871.0,9,0,1,0,1
0.093076107,36,0,0.378128214,5833.0,5,0,1,0,2
0.0,60,0,2101.0,5400.0,8,0,2,0,0
0.01035485,39,0,0.31583815,4324.0,8,0,1,0,3
0.612791659,60,0,0.568810397,3000.0,10,0,1,0,1
0.00807114,61,0,3498.0,5400.0,12,0,3,0,0
0.336319994,55,0,584.0,5400.0,6,0,0,0,0
0.949662505,42,0,0.374865405,6500.0,8,0,1,0,2
0.01416347,55,0,0.001107624,10833.0,2,0,0,0,0
0.020899478,88,0,0.242201248,6250.0,7,0,1,0,0
0.329821147,37,0,0.23844039,4000.0,4,0,0,0,1
0.013720797,63,0,2806.0,5400.0,12,0,1,0,0
0.0,42,0,0.247298055,12490.0,11,0,3,0,4
0.129057068,78,0,0.012652508,2212.0,2,0,0,0,0
0.516842882,44,4,0.306573878,8046.0,9,0,2,0,2
0.9999999,52,0,0.066231133,4438.0,3,0,0,0,0
0.590235033,51,0,0.492312569,6308.0,13,0,2,0,0
0.016666243,51,0,0.066973496,6300.0,4,0,0,0,0
0.058937608,67,0,57.0,5400.0,3,0,0,0,0
0.960749189,35,0,0.337034042,13600.0,9,1,3,0,1
0.066836665,70,1,0.022853878,7000.0,6,0,0,0,0
0.423035918,68,0,0.139734945,4300.0,6,0,1,0,1
0.711826353,56,0,0.732836174,8447.0,26,0,5,0,1
0.164384418,57,0,0.303438197,13000.0,10,1,2,0,0
0.000453601,61,1,0.085312131,9306.0,13,0,1,0,0
1.130310603,28,1,0.231553689,3333.0,6,0,0,0,0
0.527813658,57,0,0.60235321,8753.0,23,0,2,0,1
0.011095586,55,0,0.018596281,5000.0,15,0,0,0,1
0.069077172,50,0,0.267376573,15494.0,6,0,3,0,3
0.36552135,60,0,0.259730758,6833.0,17,0,1,0,0
0.206358728,63,0,0.29725229,1200.0,2,0,0,0,0
0.035686458,71,0,0.385888078,2054.0,8,0,1,0,0
0.155844156,30,0,0.376956794,1596.0,6,0,0,0,1
0.9999999,55,0,799.0,5400.0,8,0,1,0,0
0.056021326,51,0,120.0,5400.0,9,0,0,0,0
0.013813073,65,0,0.189296127,4801.0,10,0,2,0,0
0.642631302,39,1,535.0,5400.0,10,0,0,0,0
0.370352019,46,1,0.394049256,7998.0,7,0,2,0,0
0.239509374,54,1,0.247357992,9083.0,15,0,1,0,0
0.11661917,66,0,1871.0,5400.0,7,0,1,0,0
0.040877968,72,0,0.193518519,10799.0,12,0,1,0,0
0.003730773,53,0,0.326790972,8151.0,12,0,3,0,0
0.974935004,34,0,0.048904645,11000.0,8,0,0,0,0
0.016110753,34,0,0.34253819,1701.0,4,0,0,0,0
0.474910663,50,0,0.501430615,2795.0,6,0,2,0,1
0.0731158,57,0,0.254553246,14000.0,12,0,3,0,0
0.800885588,27,0,1.653153153,221.0,8,0,0,0,2
0.772933697,34,2,453.0,5400.0,4,1,0,0,0
0.100199859,53,0,0.045387167,14166.0,19,0,0,0,1
0.328140751,71,0,0.456757309,4890.0,10,0,1,0,0
0.0,42,0,0.301369863,10438.0,5,0,1,0,2
0.0,46,0,0.429503916,9191.0,4,0,2,0,3
0.649713362,34,0,0.371706526,7400.0,15,0,1,0,0
0.68752314,47,0,0.771881249,6500.0,6,0,2,0,0
0.120032287,45,0,5228.0,5400.0,4,0,1,0,0
0.029115968,55,0,0.297070293,10000.0,17,0,2,0,1
0.042067103,37,0,0.354664157,8500.0,6,0,2,0,1
0.834018442,50,0,0.262574988,4333.0,8,0,0,0,0
0.9999999,25,18,0.0,5400.0,0,18,0,18,0
0.125798586,35,0,0.455700609,5744.0,8,0,2,0,0
0.368754382,79,0,0.633436259,6800.0,13,0,2,0,0
0.003940693,82,0,2.0,5400.0,4,0,0,0,0
0.282341078,37,0,0.170753323,3384.0,3,0,0,0,0
0.132910154,66,0,0.256123979,6000.0,7,0,1,0,1
0.229535409,63,1,0.361559527,13875.0,13,0,1,0,2
0.063077188,36,0,3662.0,5400.0,10,0,1,0,1
0.5052784,62,0,0.414859252,6500.0,23,0,0,0,2
0.037749476,83,0,0.052975144,3982.0,15,0,0,0,0
1.006159507,43,2,0.389948007,7500.0,6,0,1,0,0
0.3364442,70,0,0.341045416,3500.0,10,0,0,0,1
0.331606019,38,0,0.354546683,7400.0,14,0,1,0,1
0.015853969,34,0,0.362324493,5127.0,6,0,1,0,2
0.32796789,52,0,0.227365769,6350.0,11,0,2,0,0
0.9999999,46,0,0.164147695,5226.0,3,0,1,0,1
0.027288877,63,0,0.00055454,110000.0,7,0,0,0,0
0.052485245,64,0,0.41152949,3000.0,4,0,1,0,0
0.015485355,89,1,0.002767017,1806.0,1,0,0,0,0
0.009278799,59,1,2066.0,0.0,6,0,1,0,0
0.671719895,59,1,0.680131987,10000.0,18,0,2,0,2
0.238949639,65,1,0.334960124,8400.0,11,0,1,0,1
0.029381636,53,0,490.5,1.0,8,0,2,0,2
0.691900948,39,0,0.432932667,9400.0,5,0,1,0,0
0.0,61,0,0.0,5400.0,2,0,0,0,0
0.008961982,44,0,0.201761103,2611.0,8,0,1,0,0
0.169310437,45,1,0.138358998,4350.0,14,0,0,0,1
0.975041597,34,3,0.119180088,3414.0,15,0,0,0,3
0.002172042,68,0,1.0,5400.0,4,0,0,0,0
0.171656687,31,1,0.342690997,4986.0,4,0,1,0,3
0.138749881,61,0,0.214430482,7400.0,16,1,1,0,0
0.517804693,34,0,0.154316187,9000.0,9,0,1,0,1
0.044228868,65,0,0.045746388,1245.0,5,0,0,0,0
0.0,52,0,0.206833879,8252.0,7,0,1,0,1
0.0,69,0,0.466266867,2000.0,12,0,1,0,0
0.499933588,54,1,0.328222532,16500.0,8,0,2,0,3
0.059936027,45,0,0.009498417,6000.0,2,0,0,0,2
0.914869304,35,0,0.188065889,9166.0,8,0,1,0,0
0.0,43,1,0.409765039,6000.0,7,0,1,0,2
0.375868539,44,0,0.54281744,5756.0,10,0,1,0,2
0.48032723,27,0,139.0,0.0,3,0,0,0,0
0.000179635,26,0,0.001052078,1900.0,8,0,0,0,0
0.121854242,64,0,0.517548245,10000.0,7,0,2,0,0
0.0,29,0,0.263194565,5740.0,7,0,2,0,1
0.997500208,34,1,0.122175565,5000.0,8,0,0,0,0
0.285888273,35,0,0.189459337,2200.0,6,0,0,0,0
0.017770135,42,0,0.401098901,4185.0,10,0,1,0,0
0.362685577,36,0,0.247596667,4680.0,8,0,0,0,0
0.163540998,76,0,0.110845468,4600.0,4,0,0,0,0
0.351706958,47,0,0.632332745,5096.0,7,0,1,0,1
0.159770178,64,2,0.158966762,10800.0,15,0,2,0,0
0.035572859,49,0,0.31590949,5700.0,18,0,3,0,1
0.9999999,47,2,0.337451235,3075.0,3,0,1,2,0
0.218476568,48,0,0.14143463,5422.0,6,0,0,0,3
0.050345911,52,0,1569.0,5400.0,10,0,2,0,0
1.878292461,66,1,0.294759164,3300.0,4,2,1,1,0
0.009397342,58,0,0.363167887,3686.0,15,0,1,0,0
0.087260862,62,0,0.544437665,4916.0,7,0,2,0,2
0.006340043,75,0,0.197160568,5000.0,10,0,2,0,0
0.262047549,60,0,0.360073555,8700.0,11,0,2,0,0
0.016881267,29,0,0.522136532,3500.0,8,0,1,0,0
0.898550725,46,2,0.738793937,3100.0,17,0,1,0,2
0.351737741,63,0,928.0,1.0,17,0,2,0,0
0.0,41,0,0.234395086,7000.0,7,0,1,0,2
1.028413028,49,1,0.662168916,2000.0,8,0,0,0,0
1.482758621,36,1,38.0,5400.0,4,0,0,0,0
0.122711364,49,0,0.361396304,5843.0,5,0,2,0,2
0.184534198,38,0,0.222705998,9186.0,12,1,1,0,0
0.495094625,30,0,0.846049355,4416.0,18,0,1,0,0
0.083849611,54,0,2711.0,5400.0,8,0,1,0,0
0.020173211,45,0,0.232645757,10616.0,6,0,2,0,3
0.156273749,77,0,0.309138505,4201.0,3,0,0,0,0
0.53439132,66,1,0.464564565,3329.0,9,0,0,0,0
0.238708961,43,1,0.488547843,8600.0,16,0,2,0,1
0.042559894,73,1,0.102371203,10500.0,17,0,1,0,0
0.874272126,60,0,0.251392658,14001.0,6,0,2,0,0
0.809916594,56,0,0.473270231,7500.0,12,0,2,0,1
0.764961784,36,0,0.302114456,8701.0,10,0,1,0,2
0.029723571,81,0,0.033919826,5512.0,11,0,1,0,0
0.00017256,61,1,0.246581385,6800.0,13,0,2,0,0
0.078451784,68,0,0.27334434,5450.0,5,0,0,0,0
0.531490869,44,0,0.373803742,7000.0,10,0,2,0,5
0.110467661,38,1,0.202753634,13000.0,11,0,2,0,2
0.786172507,38,0,5227.0,5400.0,19,0,2,0,3
0.070117666,32,0,2059.0,5400.0,15,0,1,0,0
0.888211179,53,7,0.478577674,3430.0,13,3,1,4,0
0.824174066,38,0,0.217650962,6027.0,5,0,0,0,0
0.041278349,43,0,0.506352843,4800.0,5,0,1,0,1
0.0,30,0,0.0,2500.0,2,0,0,0,0
0.037686598,52,1,0.187230175,4400.0,21,0,1,0,0
0.626745775,44,0,0.480782048,4500.0,4,0,1,0,3
0.027853533,52,1,0.183479455,9466.0,5,0,1,0,0
0.014192575,35,0,0.06427379,2395.0,4,0,0,0,0
0.9999999,53,0,0.0,690.0,0,0,0,0,0
0.024281504,45,0,0.252504756,7884.0,12,0,2,0,0
0.473264689,84,0,0.718954248,5966.0,17,0,2,0,0
0.025934653,49,0,0.229888432,3405.0,13,0,0,0,3
0.210567591,39,0,0.165667166,2667.0,18,0,0,0,0
0.052899886,40,0,0.292478274,3336.0,5,0,0,0,1
0.9999999,41,0,2963.0,5400.0,5,0,1,0,0
0.005778846,71,0,0.017796441,10001.0,2,0,0,0,0
0.019455253,65,0,0.00259948,5000.0,4,0,0,0,0
0.204291893,75,0,0.187008688,2416.0,6,0,0,0,0
0.009256444,67,0,0.310250257,8750.0,5,0,2,0,0
0.829308535,29,1,0.334784143,8500.0,11,0,0,0,2
0.9999999,84,0,0.0,5400.0,0,0,0,0,0
0.034148293,36,0,0.222702184,4166.0,4,0,0,0,0
0.005506037,46,0,0.249779833,9083.0,4,0,2,0,0
0.835893717,39,0,1.07182525,2700.0,7,0,2,0,2
0.098828723,39,0,0.251961237,6500.0,9,0,1,0,3
0.009861663,26,0,0.681045752,764.0,8,1,0,0,0
0.16339183,33,0,0.228554289,5000.0,6,0,0,0,0
1.108420351,48,0,0.16522041,2880.0,4,2,0,2,2
0.234244903,46,0,0.248220394,21633.0,16,0,2,0,8
0.392419045,59,2,0.701660622,5238.0,8,0,2,0,1
0.014380634,63,0,0.020652898,1500.0,7,0,0,0,0
0.594677486,53,0,0.422878381,4842.0,9,0,1,0,0
0.000199996,58,0,0.285400055,7273.0,14,0,1,0,4
0.032967033,58,0,0.11670595,14000.0,11,0,1,0,0
0.026495444,61,0,984.0,0.0,5,0,1,0,0
0.905475145,46,0,0.790463169,5850.0,16,0,3,0,1
0.139074437,33,0,0.700884275,2600.0,7,0,1,0,2
0.00524919,78,0,49.0,0.0,9,0,0,0,0
0.015050875,42,0,2297.0,5400.0,12,0,2,0,3
0.735627921,41,1,1.008330556,3000.0,4,0,2,0,0
0.087260849,57,0,1699.0,5400.0,3,0,1,0,0
0.172321257,48,0,0.668495029,2916.0,7,0,1,0,0
0.050199829,66,0,0.156421789,2000.0,6,0,0,0,0
0.041876763,89,0,14.0,5400.0,3,0,0,0,0
0.00028301,55,0,0.0,1468.0,6,0,0,0,3
0.173952084,44,0,4647.0,5400.0,4,0,1,0,0
0.026140703,34,0,1681.0,5400.0,7,0,1,0,0
0.046867609,36,0,0.272411548,9213.0,11,0,1,0,1
0.401918543,40,0,148.0,5400.0,2,0,0,0,0
0.656758581,56,0,0.891343284,3349.0,6,0,2,0,0
0.170399422,54,0,2.762490392,1300.0,13,0,2,0,0
0.880623346,57,3,0.183949146,7550.0,4,0,2,0,0
0.052804012,56,0,5388.0,5400.0,21,0,2,0,0
0.406644075,46,0,2420.0,5400.0,3,0,2,0,0
0.964138064,45,0,1989.0,5400.0,5,1,1,0,2
0.002779839,61,0,0.241333333,6749.0,17,0,2,0,0
0.062187562,70,0,0.019490255,2000.0,5,0,0,0,0
0.284412716,38,0,0.711885815,7916.0,9,0,2,0,1
0.419539715,49,1,0.198097,22700.0,17,0,2,0,3
0.110526243,47,0,0.313068348,13635.0,16,0,3,0,0
0.921868207,38,0,0.524674059,8206.0,9,0,2,0,2
0.021329718,74,0,0.021610251,5228.0,30,0,0,0,0
0.022559269,36,0,0.005030743,5366.0,6,0,0,0,2
0.43698679,56,0,0.185604798,3000.0,2,0,0,0,0
0.069457406,32,0,463.0,5400.0,6,0,0,0,0
0.081145943,67,0,47.0,5400.0,2,0,0,0,0
0.000390225,83,0,0.0,2024.0,5,0,0,0,0
0.074496275,67,0,0.168041598,20000.0,5,0,1,0,0
0.15454697,71,0,0.050517346,1642.0,1,0,0,0,1
0.0,49,0,0.377210216,4580.0,5,0,1,0,0
0.350230415,41,0,0.436590072,5700.0,10,0,2,0,1
0.000919963,51,0,0.293326734,12122.0,6,0,1,0,0
0.9999999,63,0,0.90904915,2176.0,2,0,1,0,0
1.008328706,27,0,1.572951366,1500.0,4,0,1,2,0
0.031761803,28,1,262.5,1.0,12,0,0,0,2
0.010150332,34,0,0.703074231,4000.0,11,0,1,0,2
0.422592098,58,2,0.214348206,8000.0,17,0,2,0,0
0.002919495,42,4,0.238268695,9333.0,7,0,1,0,5
0.002324173,63,0,0.220043331,18000.0,15,0,2,0,1
0.006398617,50,0,0.714571357,4000.0,12,0,4,0,0
0.824203274,53,0,0.689333333,4499.0,11,0,1,0,1
0.076670696,44,0,1583.0,5400.0,6,0,1,0,0
0.259338619,42,0,0.538385093,8049.0,7,0,2,0,0
0.003870279,49,0,0.002015316,2480.0,5,0,0,0,0
0.317667872,36,0,0.430220713,2944.0,5,0,1,0,2
0.540602792,61,0,0.390828678,4295.0,16,0,1,0,0
0.009340758,58,0,1.389429764,718.0,6,0,1,0,0
0.221318283,36,0,0.618827873,6500.0,12,0,2,0,1
0.475276236,29,0,0.541051835,5285.0,4,0,2,0,3
0.032637142,67,0,0.196555556,8999.0,14,0,1,0,0
0.0,22,0,0.0,929.0,3,0,0,0,0
0.008205641,66,0,0.392187098,7781.0,9,0,2,0,0
0.389805097,30,0,588.5,1.0,4,0,1,0,0
0.00382739,69,0,0.154611152,15082.0,7,0,1,0,1
0.0,54,0,2763.0,5400.0,5,0,1,0,0
0.9999999,58,0,962.0,5400.0,5,0,1,0,0
0.061511974,63,0,0.245094363,8000.0,8,0,1,0,1
0.320857601,58,0,0.330218439,16800.0,13,0,3,0,1
0.028776978,55,0,3.5,1.0,3,0,0,0,1
0.080491951,76,0,0.005578801,4301.0,5,0,0,0,0
0.087338262,58,0,0.027984009,1750.0,8,0,0,0,0
0.120085429,35,0,36.0,5400.0,3,0,0,0,0
0.912716439,53,2,0.158919166,8733.0,8,0,0,0,1
0.025859723,72,0,0.19350538,10500.0,18,0,1,0,0
0.0,66,2,0.279759036,4149.0,8,0,1,0,3
0.520282187,39,0,0.003999333,6000.0,4,0,0,0,1
0.232130627,60,2,0.505425183,3962.0,14,0,1,0,0
0.0,33,0,0.70472895,2600.0,12,0,1,0,1
0.027166784,71,0,0.098388756,2916.0,6,0,0,0,1
0.912175649,59,0,13.0,5400.0,1,0,0,0,4
0.030806525,55,0,0.007388092,2300.0,5,0,0,0,0
0.037482304,49,0,48.0,5400.0,4,0,0,0,0
0.022665407,65,0,1239.0,5400.0,4,1,1,0,0
1.034909553,26,1,0.514495168,3000.0,8,0,1,0,1
0.035202478,55,0,0.203277703,6650.0,7,0,1,0,0
0.006174393,57,0,0.271840715,2460.0,13,0,1,0,0
0.0,91,0,0.0,5400.0,3,0,0,0,0
0.031427823,64,0,801.0,5400.0,7,0,1,0,0
0.4440139,64,0,0.895241903,2500.0,4,0,1,0,0
0.24046474,48,0,0.088767123,3649.0,4,0,0,0,1
0.674418605,55,0,664.0,5400.0,2,0,0,0,0
0.098959611,42,0,4893.0,5400.0,21,0,2,0,3
0.204549967,40,0,0.464272492,2700.0,14,0,0,0,0
0.074421039,75,0,0.136748193,6500.0,4,0,1,0,0
0.034304232,54,0,2650.0,5400.0,10,0,1,0,0
0.257690837,30,0,0.095140139,3888.0,5,0,0,0,1
1.032057911,30,1,0.137275064,3889.0,6,0,0,0,0
0.0098059,80,0,0.109041345,2200.0,10,0,0,0,0
0.281557216,33,0,0.106019579,4800.0,4,0,0,0,0
0.052259848,54,0,374.0,5400.0,5,0,0,0,1
0.9999999,27,0,199.0,0.0,10,0,0,0,0
0.122848822,76,0,0.096874393,5150.0,8,0,1,0,1
0.079776788,58,0,0.94889646,6750.0,27,0,2,0,0
0.069998272,75,0,0.246176256,1372.0,10,0,1,0,0
0.001118606,74,0,1332.0,5400.0,11,0,1,0,0
0.015169143,83,0,0.006825135,4248.0,8,0,0,0,0
0.044477631,55,0,0.443291042,2600.0,4,0,1,0,0
0.166001037,33,0,0.305151247,7900.0,22,0,1,0,1
0.400421853,37,0,0.310968903,10000.0,8,0,1,0,1
0.023869193,45,1,0.19010055,18000.0,16,0,1,0,2
0.0,57,0,0.067684644,9233.0,5,0,0,0,0
0.555777746,58,0,0.216912388,5900.0,2,0,1,0,2
0.094321826,38,0,0.016393443,2500.0,2,1,0,0,1
0.236746279,52,0,0.647117627,3000.0,11,0,1,0,4
0.53081258,32,0,0.468073293,1800.0,3,0,0,0,1
0.929485426,57,0,0.169666527,7166.0,5,0,0,0,0
0.456343743,32,0,0.286613072,2860.0,7,0,1,0,0
0.001109611,83,0,5.0,5400.0,9,0,0,0,0
0.085111854,51,0,0.521098119,5900.0,4,0,1,0,1
0.9999999,53,0,0.0,4353.0,0,2,0,0,1
0.199655529,46,1,0.279602472,8250.0,10,0,1,0,4
0.04909509,49,0,0.372816594,1831.0,3,0,1,0,0
0.538804707,50,0,1595.0,5400.0,4,0,1,0,0
0.013550825,65,0,0.281365624,11891.0,13,0,1,0,0
0.138897496,60,0,440.0,5400.0,9,0,0,0,0
0.0,58,0,2192.0,5400.0,12,0,1,0,1
0.001479047,65,0,2.0,5400.0,6,0,0,0,0
0.422584557,49,1,1804.0,5400.0,4,0,1,0,0
0.004896659,50,0,0.373047282,4800.0,7,0,1,0,2
0.09935908,40,0,0.265363128,7875.0,5,0,2,0,2
0.9999999,52,0,0.096554783,6762.0,1,0,0,0,1
0.05371847,39,0,0.531074305,6580.0,14,0,2,0,3
0.14802475,57,1,0.196765988,5503.0,2,0,1,0,1
0.700294428,56,0,0.444267516,3767.0,6,0,1,0,1
1.005367252,45,2,0.576864324,7200.0,4,0,1,0,1
0.665416729,26,0,0.255754476,4300.0,10,0,0,0,0
1.03352744,45,0,0.396086544,11600.0,17,0,2,0,1
0.0,77,0,50.0,5400.0,6,0,0,0,0
0.031034589,66,0,3705.0,5400.0,10,0,3,0,0
0.0,48,0,0.574856046,4167.0,13,0,1,0,1
0.0,61,0,0.101961586,4893.0,7,0,0,0,0
0.0,56,0,0.125119025,5250.0,4,0,1,0,0
0.058358836,65,0,0.731927049,4550.0,11,0,1,0,0
0.9999999,50,0,13.0,5400.0,0,0,0,0,2
0.259947502,57,0,0.128368667,11131.0,6,0,1,0,1
0.133705143,56,0,0.693592948,7600.0,6,0,2,0,0
0.9999999,45,1,0.143898407,13307.0,7,0,1,0,3
0.9999999,57,0,0.0,5400.0,0,0,0,0,0
0.609233581,58,0,0.216660953,5833.0,7,0,0,0,1
0.651068771,41,1,0.099146011,4800.0,5,0,0,0,1
0.9999999,27,0,0.281658149,1760.0,5,0,0,0,0
0.037280133,54,0,2218.0,5400.0,7,0,1,0,0
0.065846708,39,0,0.194417238,8167.0,4,0,1,0,4
0.009399373,60,0,0.098390161,10000.0,2,0,1,0,1
0.800522223,55,0,0.296112654,5041.0,11,0,0,0,0
0.395780683,33,1,0.099963249,2720.0,7,0,0,0,0
0.014209371,54,0,0.53561023,6177.0,11,0,3,0,0
0.025149686,71,0,0.006348535,9450.0,8,0,0,0,2
0.957980438,45,0,809.0,5400.0,6,0,0,0,0
0.058420017,63,0,0.209538979,11300.0,21,0,1,0,0
0.000498065,76,0,0.0,5400.0,2,0,0,0,0
0.05080343,62,0,0.399216732,12000.0,10,0,3,0,0
0.207956278,52,0,0.241442966,13000.0,5,0,1,0,0
0.619227013,45,0,0.520422736,3500.0,3,0,1,0,2
0.00094283,61,0,71.0,5400.0,6,0,0,0,0
0.171655223,53,0,0.242528608,9000.0,4,0,2,0,4
0.9920016,78,0,0.509517241,3624.0,10,1,1,0,1
0.011689252,53,0,1452.0,5400.0,5,0,1,0,0
0.002426109,69,0,0.165263624,27083.0,10,0,1,0,1
0.0,56,0,0.07764779,9658.0,5,0,0,0,2
0.873417722,45,2,0.336707912,8000.0,9,0,1,0,1
0.385178855,49,1,0.28545056,8666.0,10,0,1,0,0
0.5934011,40,2,0.028242939,4000.0,4,0,0,0,1
0.143795558,60,0,0.378475336,14494.0,11,0,2,0,1
1.06993007,28,0,0.594275329,2200.0,2,0,1,0,2
0.918003489,29,0,474.5,1.0,7,0,0,0,0
0.083513319,39,0,0.017830362,6000.0,1,0,0,0,1
0.081930223,71,0,0.014661848,9684.0,5,0,0,0,0
0.057832994,73,0,0.009359251,4166.0,6,0,0,0,0
0.9999999,38,0,0.022718326,17782.0,1,1,0,0,3
0.9999999,42,0,0.421856639,7658.0,6,0,4,0,2
0.770356283,65,0,0.286566683,6200.0,13,0,0,0,1
0.9999999,29,0,0.0,2860.0,0,0,0,0,0
0.033242698,59,0,0.536272751,3900.0,8,0,2,0,2
0.28579364,52,0,0.242063492,10583.0,4,0,2,0,0
0.205680549,42,0,0.077820363,6000.0,3,0,0,0,0
0.033727997,50,0,0.500389955,6410.0,11,0,1,0,1
0.069411469,79,0,272.0,5400.0,4,0,1,0,0
0.317208782,68,0,0.459751059,38000.0,32,0,4,0,0
0.0,50,0,0.591002045,4400.0,10,0,3,0,0
0.268881776,51,0,0.074316378,13603.0,9,0,1,0,1
0.106871071,59,0,0.146988241,8333.0,6,0,1,0,0
0.00079598,46,0,309.0,5400.0,6,0,0,0,0
0.041113803,57,0,0.299425144,4000.0,6,0,1,0,0
0.107544623,62,0,0.295264624,2871.0,7,0,1,0,0
0.998046693,56,0,2304.0,5400.0,11,0,0,1,0
0.084822998,63,0,1139.0,5400.0,8,0,1,0,0
0.007295326,36,0,0.136191957,4500.0,3,1,1,1,3
0.0,46,2,0.296673717,5200.0,4,2,1,1,2
0.0,45,0,0.020585813,8500.0,6,0,0,0,2
0.211886487,51,0,0.405543102,4906.0,7,0,2,0,2
0.126536777,40,0,0.161528107,15600.0,10,0,1,0,2
0.646147116,65,0,0.689352745,5700.0,14,0,2,0,0
0.021758774,52,0,111.0,5400.0,13,0,0,0,0
0.020581881,50,0,0.061441323,62400.0,13,0,4,0,1
0.003703361,64,0,0.195900599,5512.0,6,0,1,0,0
0.168823954,48,0,0.179656253,9250.0,3,0,1,0,0
0.838782305,65,0,0.506519478,12500.0,17,1,3,0,1
0.131503494,61,0,0.494501833,3000.0,24,0,2,0,0
0.0,68,0,0.578884223,3333.0,11,0,2,0,0
1.864745011,32,1,25.0,5400.0,1,0,0,0,0
0.0,55,0,0.0,5566.0,7,0,0,0,1
0.027029257,38,1,0.206728138,23750.0,4,0,1,0,2
0.100228842,62,2,1.263067695,3500.0,11,0,2,0,0
0.0,85,0,0.0,5400.0,3,0,0,0,0
0.370196813,22,0,318.0,5400.0,5,0,0,0,0
0.030678832,74,0,0.017309501,5314.0,7,0,0,0,0
0.195492702,64,0,0.506415597,6000.0,16,0,2,0,1
0.0,89,0,0.0,5400.0,4,0,0,0,0
0.005649361,62,0,1231.0,5400.0,10,0,1,0,0
0.0,44,0,0.15431304,5436.0,2,1,1,0,2
0.00576759,86,0,13.0,5400.0,13,0,0,0,0
0.306381928,41,0,0.735767058,2300.0,9,0,2,0,1
0.087263853,62,0,0.275742717,6933.0,9,0,2,0,0
0.012535974,45,0,0.438512869,4195.0,2,0,1,0,3
0.224038798,36,0,0.302011646,11333.0,8,0,4,0,3
0.393450819,33,0,0.19460501,4151.0,8,0,1,0,3
0.874293499,46,0,0.803725579,2200.0,3,0,0,0,3
0.085752008,58,1,0.227028734,9500.0,29,0,2,0,0
0.658307537,53,0,0.40130039,7689.0,8,0,1,0,0
0.019720006,34,1,0.344351546,5142.0,6,0,2,0,0
0.119320712,63,0,2690.0,5400.0,21,0,2,0,0
0.169241956,26,0,0.005623828,4800.0,5,0,0,0,0
0.065631313,48,0,2407.0,5400.0,24,0,2,0,1
0.071823497,43,0,0.312356741,4798.0,16,0,1,0,1
0.040315327,31,0,0.006283919,3500.0,5,0,0,0,0
0.9999999,31,0,0.124031008,4256.0,3,0,0,2,1
0.288210109,65,0,0.074981255,4000.0,3,0,0,0,0
0.262712392,49,2,0.519513905,8557.0,19,1,3,0,3
0.098434221,64,0,1371.0,1.0,22,0,1,0,0
0.050911364,65,0,0.189101362,8000.0,10,0,1,0,0
0.089697306,30,0,0.322914552,4926.0,7,0,1,0,1
0.401239167,56,0,0.201838696,16750.0,13,0,2,0,2
0.040887072,36,0,1.053982726,4167.0,9,0,1,1,0
0.9999999,30,0,0.0,5400.0,0,0,0,0,0
0.242218997,56,1,1.401459854,684.0,6,0,1,0,0
0.044779104,51,0,1547.0,5400.0,7,0,1,0,0
0.702297702,31,2,0.076105588,2916.0,7,0,0,0,1
0.87470254,53,3,3361.0,5400.0,12,0,1,1,0
0.000186898,43,0,0.090751779,5200.0,9,0,0,0,3
0.0,48,0,0.224472502,11800.0,5,0,1,0,0
0.9999999,37,0,0.300873908,800.0,2,0,0,0,2
0.9999999,42,1,0.250863295,4922.0,4,0,1,0,4
0.01061305,74,0,0.060411311,10113.0,9,0,0,0,0
0.877900241,50,0,0.230450609,15933.0,9,0,1,0,5
0.322192694,69,0,0.435641802,5616.0,9,0,2,0,0
0.884679862,60,0,0.877853691,6000.0,12,0,2,0,0
0.314895035,80,0,1565.0,5400.0,3,0,1,0,0
0.117564069,45,0,0.395920816,5000.0,14,0,1,0,1
0.0,71,0,753.0,5400.0,6,0,0,0,0
0.0,43,0,3800.0,5400.0,8,0,2,0,2
0.01789811,57,0,0.191287308,6633.0,5,0,1,0,0
0.039595619,39,0,0.073507102,7250.0,9,0,0,0,0
0.248262178,73,0,0.852229554,5000.0,19,0,2,0,1
0.00074697,56,0,0.262684329,4000.0,9,0,0,0,0
0.662266209,50,0,0.515053546,4948.0,10,0,1,0,0
0.209697111,31,1,3162.0,5400.0,5,0,1,0,0
0.1360915,66,0,0.149884976,5650.0,11,0,0,0,0
0.076042068,63,0,0.022716947,2200.0,4,0,0,0,0
0.014567266,42,0,0.25749643,2100.0,7,0,0,0,0
0.711336998,61,0,203.0,5400.0,9,0,0,0,0
0.043822241,56,0,0.435180604,8083.0,6,0,2,0,2
0.037050603,67,0,0.38321511,11700.0,8,0,3,0,0
0.479262892,39,0,0.274680785,3210.0,7,0,0,0,1
0.587566054,61,0,0.286686282,10875.0,13,0,2,0,1
0.031287386,47,0,0.240634582,7500.0,7,0,1,0,0
0.788608531,30,0,0.272787869,6000.0,6,0,0,0,0
0.074312835,68,1,629.0,5400.0,7,0,1,0,0
0.085883243,54,0,0.222787842,6678.0,12,0,1,0,0
0.114106553,78,0,0.319386637,4564.0,7,0,2,0,0
1.610556348,45,1,0.207700852,2700.0,3,4,0,1,2
0.102331327,52,0,0.037197024,4166.0,8,0,0,0,0
1.05345502,59,3,171.0,5400.0,6,0,0,0,0
0.341910002,64,0,0.393060694,10000.0,7,0,1,0,0
0.010956481,70,0,0.268609865,2229.0,9,0,1,0,0
0.025793627,67,0,0.248903701,5700.0,18,0,1,0,0
0.930783864,48,1,2485.0,5400.0,15,0,2,0,0
0.362358131,64,0,3112.0,5400.0,24,0,1,0,0
0.598234938,26,0,0.62273579,1600.0,5,0,0,0,0
0.166026062,49,0,0.522897044,9236.0,10,0,3,0,0
0.494183265,50,0,1970.0,5400.0,31,0,0,0,0
0.08102188,62,0,0.245892586,14485.0,3,0,1,0,1
0.963851785,39,0,0.102820132,7410.0,4,0,0,0,3
0.10998167,47,0,0.005427021,3500.0,1,0,0,0,0
0.853629274,30,0,129.0,5400.0,2,0,0,0,0
0.926796752,53,0,399.0,5400.0,3,0,0,1,0
0.056142878,64,0,1.195324448,4576.0,10,0,1,0,0
0.060155831,38,0,0.070727168,15580.0,6,0,0,0,1
0.440603288,22,0,0.08172043,929.0,4,0,0,0,0
0.0,64,0,0.0,5400.0,4,0,0,0,0
0.122675093,65,0,0.63362069,4175.0,5,0,2,0,0
0.0,38,1,0.225169919,9121.0,9,0,2,0,2
0.9999999,27,0,0.276776519,3883.0,5,0,1,0,0
0.267273273,42,0,0.403759624,10000.0,5,0,2,0,0
0.237971563,42,0,0.272831646,9580.0,10,0,2,0,2
0.066633783,68,0,0.235820896,1674.0,4,0,0,0,0
0.463211501,45,0,0.421440456,4206.0,12,0,1,0,1
0.107676623,72,0,1726.0,5400.0,6,0,1,0,1
0.0,31,1,0.194046808,4400.0,10,0,0,0,1
0.006203153,38,0,0.320334958,8000.0,19,0,1,0,1
0.091054526,80,0,0.150788211,2917.0,6,0,0,0,0
0.153307782,49,3,0.071205497,1600.0,16,0,0,0,3
0.0,33,0,0.657880385,5500.0,7,0,2,0,0
0.018699065,63,0,0.233408324,5333.0,7,0,1,0,0
0.006798568,79,0,0.282725735,6500.0,9,0,1,0,0
0.005116109,25,0,0.269968764,2240.0,13,0,0,0,0
0.3246837,53,1,0.266967457,10416.0,14,0,1,0,0
0.073347131,54,0,4581.0,5400.0,7,0,2,0,2
0.008764605,59,0,2687.0,5400.0,19,0,2,0,0
0.120533314,76,0,488.0,5400.0,11,0,1,0,0
0.093312252,71,0,100.0,5400.0,5,0,0,0,0
0.016241854,47,0,0.195134103,12042.0,11,0,1,0,3
0.896055379,39,0,0.097161136,2500.0,3,0,0,0,0
0.00611085,28,0,0.518863302,2040.0,4,0,1,0,0
0.002422802,56,0,3496.0,5400.0,15,0,1,0,0
0.837770822,42,0,0.427247162,9600.0,9,0,4,0,3
0.9999999,34,0,0.0,4666.0,2,0,0,0,0
0.382659375,53,0,0.564194864,4166.0,13,0,1,0,1
0.342845091,51,0,1.548039969,1300.0,7,0,1,0,0
0.00119994,60,0,0.106861642,8000.0,8,0,0,0,0
1.105512745,31,0,567.0,5400.0,7,0,0,0,0
0.158280573,57,0,0.858760826,1500.0,6,0,1,0,1
0.086153727,66,0,0.172429117,11250.0,11,0,0,0,0
0.672149548,55,0,0.189387694,26685.0,13,0,2,0,4
0.9999999,46,1,0.147970406,5000.0,3,0,0,0,0
0.18320315,71,0,0.217518832,15000.0,14,0,2,0,1
0.242525249,47,0,4160.0,5400.0,5,0,2,0,0
0.008229696,60,0,472.0,5400.0,7,0,0,0,0
0.0,41,0,0.095580884,5000.0,5,0,0,0,0
0.001028388,73,1,0.292494334,7500.0,19,0,2,0,0
0.861428439,53,0,0.836925128,4500.0,12,0,2,0,0
0.013209845,45,0,0.10804055,7200.0,5,0,0,0,3
0.9999999,35,0,30.0,5400.0,0,2,0,0,0
0.022559549,76,0,0.390699696,2300.0,7,0,1,0,0
0.059873559,72,0,0.236381809,2000.0,3,0,1,0,0
0.930389718,61,4,0.186172745,10500.0,13,0,0,0,2
0.722543353,30,0,0.86087198,3600.0,12,0,2,0,0
0.359758162,62,0,0.078097042,9500.0,15,0,0,0,1
0.872023268,38,0,0.611540209,2200.0,5,0,1,0,0
0.038734164,42,0,0.647338165,4000.0,11,0,1,0,2
0.161647629,69,0,126.0,5400.0,6,0,0,0,0
0.23049277,60,0,1.017327557,3000.0,10,0,1,0,0
0.110934651,50,0,855.0,5400.0,8,0,1,0,0
0.055700945,75,0,0.029985007,2000.0,6,0,0,0,0
0.465041507,41,0,0.254192596,9480.0,11,0,2,2,4
0.474513137,39,0,0.288894814,7500.0,7,0,1,0,3
0.00089997,57,0,2302.0,5400.0,3,0,1,0,0
0.007200577,63,0,38.0,5400.0,5,0,0,0,0
0.129725004,53,0,0.331185424,9000.0,5,0,2,0,1
0.0,66,0,0.264904284,5484.0,5,0,2,0,0
1.024509614,53,0,0.484932648,7200.0,9,0,1,0,2
0.888423846,49,0,0.27189169,8050.0,24,0,1,0,0
0.9999999,21,0,193.0,5400.0,2,0,0,0,0
0.413548981,37,0,1.08687305,4166.0,17,0,2,0,2
0.008886834,56,0,4354.0,5400.0,12,0,2,0,0
0.098621441,70,0,0.584353912,4000.0,8,0,2,0,1
0.072440161,43,0,0.043602329,8760.0,5,0,0,0,0
0.036690987,60,0,0.271373057,1543.0,6,1,0,0,0
0.941515206,65,1,5251.0,5400.0,11,5,2,4,0
0.608772229,42,0,0.490434143,5435.0,12,0,1,0,1
0.865803576,68,3,2473.0,5400.0,14,0,0,0,0
0.617409205,69,1,0.218882942,7286.0,9,0,0,0,1
0.99980004,34,0,0.397787705,4700.0,5,5,1,1,0
0.987771611,43,1,0.112875217,4030.0,9,0,0,0,0
0.128347826,56,0,0.361540598,10800.0,14,0,3,0,2
0.02567635,79,0,0.011247188,4000.0,6,0,0,0,0
0.940108893,33,0,0.064393561,10000.0,3,1,0,0,1
0.0,70,0,1229.0,5400.0,8,0,1,0,0
0.296726229,53,0,0.352312828,10484.0,8,0,2,0,2
0.366276757,44,0,0.358046524,7350.0,11,0,2,0,2
0.304703551,52,0,0.298370163,10000.0,9,0,2,0,2
0.0,45,0,0.841406654,5800.0,12,0,2,0,0
0.389259189,29,0,0.079900125,800.0,3,0,0,0,2
0.258623563,54,1,0.32591852,4000.0,7,0,1,0,4
0.96580171,46,0,0.179041048,20000.0,11,0,1,2,2
0.0,62,0,0.125624792,3000.0,14,0,0,0,0
0.950638031,54,0,3905.0,5400.0,15,0,1,0,0
0.720764612,52,0,0.918607386,4250.0,10,0,2,0,2
0.089082056,45,0,0.621226641,4173.0,8,0,1,0,2
0.068165755,80,0,0.363552739,9783.0,15,0,3,0,0
0.015177251,45,1,8.0,5400.0,4,0,0,0,0
0.038866734,40,0,0.493680438,5300.0,5,0,2,0,2
0.279744051,29,0,0.124475975,3100.0,6,0,0,0,1
0.65989724,52,0,0.20403629,5400.0,10,0,0,0,0
0.006884754,76,0,428.0,5400.0,16,0,0,0,0
0.124934702,69,0,0.620475698,2900.0,14,0,2,0,0
0.0,62,0,1944.0,5400.0,4,0,2,0,0
0.014550971,55,0,1511.0,5400.0,10,0,1,0,1
0.63914671,61,2,0.182550502,8068.0,5,0,0,0,1
0.157688079,44,0,90.0,5400.0,2,0,0,0,0
0.00701712,71,0,1016.0,5400.0,7,0,1,0,1
0.248985639,52,2,0.053747313,20000.0,14,1,0,0,2
0.195567036,40,0,0.313691508,7500.0,6,0,2,0,2
0.118710339,73,0,0.17352,12499.0,6,0,1,0,1
0.030742754,42,0,0.230211918,11041.0,7,0,3,0,2
0.037209866,57,0,676.0,5400.0,5,0,0,0,0
0.9999999,47,0,0.303049422,4754.0,2,1,1,0,3
0.0,55,0,0.681772742,3000.0,6,0,1,0,0
0.298701299,28,0,0.015708675,2800.0,3,0,0,0,1
0.038768825,49,0,0.018041237,3879.0,11,0,0,0,0
0.135859095,29,1,0.171181556,3469.0,6,0,0,0,0
0.047065098,82,1,0.004581652,9166.0,2,0,0,0,0
0.01869799,73,0,15.0,5400.0,5,0,0,0,0
0.125906174,28,0,0.313110181,1433.0,10,0,0,0,0
0.001426534,44,1,1013.0,5400.0,5,0,1,0,0
0.9999999,52,3,1773.0,5400.0,1,0,1,0,0
0.366572453,57,0,3155.0,5400.0,8,0,2,0,0
0.310173639,61,0,0.516564057,3410.0,6,0,1,0,0
0.036359229,37,0,0.261781076,5389.0,6,0,0,0,1
0.0,54,0,0.064439671,13500.0,10,0,1,0,0
0.112944353,51,0,2722.0,5400.0,2,0,1,0,2
0.013137083,60,0,0.852901076,6600.0,17,0,3,0,0
0.772933697,34,0,0.216909046,4056.0,4,2,0,3,3
0.007549623,72,0,4.0,5400.0,1,0,0,0,0
0.247956219,38,0,0.100703443,2700.0,8,0,0,0,2
0.0,75,0,0.096532334,3200.0,4,0,1,0,0
0.294391656,52,1,0.363021074,6500.0,17,1,1,0,0
0.14596989,57,1,1.029449191,5500.0,19,0,2,0,0
0.050381549,32,0,0.085714286,3394.0,7,0,0,0,1
0.588243085,70,0,0.399504369,15333.0,8,0,1,0,0
0.650779499,45,2,1.254302594,3892.0,11,0,2,0,1
0.31713555,40,0,0.371750342,9500.0,13,0,2,0,1
0.133232191,63,0,0.277386817,8525.0,13,0,2,0,0
0.010107255,47,0,0.273745906,5800.0,7,0,2,0,1
0.008557717,39,0,0.085229978,10500.0,9,0,1,0,0
1.020697853,54,2,0.296272698,9416.0,12,0,2,0,0
0.0,51,2,0.985166873,2426.0,9,2,1,1,0
0.068006483,45,0,0.604665253,3300.0,7,0,1,0,2
0.088063527,59,0,0.736928552,3652.0,12,0,1,0,2
0.013400905,32,0,0.210581456,5726.0,12,0,2,0,1
0.016935211,62,0,2575.0,5400.0,16,0,2,0,0
1.14915428,29,0,0.195402299,2000.0,10,1,0,0,0
0.939217405,43,4,0.819740037,7000.0,18,0,3,0,3
0.664525317,78,2,2783.0,5400.0,10,0,1,0,0
0.494237145,53,1,0.081802081,9033.0,8,0,0,0,0
0.006956378,51,0,1673.0,5400.0,5,0,1,0,2
0.006823737,43,0,0.230512868,5400.0,10,0,1,0,2
0.010650145,44,0,1599.0,5400.0,18,0,1,0,0
0.297030299,51,0,1300.0,5400.0,9,0,1,0,0
0.319285923,27,0,0.176955761,4000.0,6,0,0,0,2
0.0,28,0,0.44363909,4000.0,6,0,1,0,0
0.004396053,52,0,0.262285275,11700.0,13,0,4,0,2
0.030266904,51,0,0.389739251,13000.0,12,0,1,0,1
0.877177949,43,0,0.52173913,2920.0,4,0,0,0,3
0.426039536,24,0,0.051477914,3010.0,9,0,0,0,0
0.338085406,58,0,0.934214769,3100.0,12,0,1,0,1
0.228143554,63,1,1.060612372,4800.0,15,0,3,0,0
0.045869039,76,0,78.0,5400.0,8,0,0,0,0
0.045267049,62,0,0.176210705,5884.0,6,0,1,0,0
0.006584165,86,0,17.0,5400.0,8,0,0,0,0
0.06232264,54,0,1.010319174,4166.0,10,0,4,0,1
0.350032337,51,0,1560.0,5400.0,13,6,1,0,0
0.029842136,42,0,0.143245299,9200.0,8,0,1,0,2
0.246933886,44,0,1.149508039,8333.0,14,0,7,0,2
0.037036351,53,0,59.0,5400.0,4,0,0,0,0
0.625187406,23,0,37.0,5400.0,1,0,0,0,0
0.013682105,47,0,12.0,5400.0,3,0,0,0,0
0.010396802,61,0,0.0029521,10500.0,20,0,0,0,0
0.147142143,28,0,0.346922462,1250.0,3,0,0,0,1
0.58649039,41,1,0.267448568,5200.0,7,0,2,0,2
0.021182398,53,0,0.420825017,9017.0,14,0,3,0,1
0.642807398,38,2,0.187509614,6500.0,7,0,0,0,0
0.923407659,45,0,0.371303025,11833.0,7,0,1,0,3
1.105894106,26,0,0.497389034,2297.0,7,0,0,0,4
0.094139597,66,0,0.145537003,4850.0,15,0,1,0,0
1.010994503,24,1,0.249843848,1600.0,3,0,0,0,0
0.391910037,52,0,0.559863448,4100.0,6,0,1,0,3
0.231828321,60,0,0.006206469,14500.0,5,0,0,0,1
0.016628158,48,0,0.464362234,7000.0,12,0,2,0,0
0.005895711,29,0,0.002360578,3388.0,5,0,0,0,0
0.540485573,46,0,0.233621151,42966.0,9,0,5,0,0
0.0,30,0,0.020092089,7166.0,4,0,0,0,0
0.448795296,57,0,0.333315119,18300.0,19,0,2,0,1
0.605219323,34,0,0.070964518,2000.0,3,0,0,0,0
0.074136087,43,1,0.317584151,11407.0,8,0,2,0,3
0.929253537,36,3,2500.0,0.0,5,0,0,0,0
0.9999999,64,0,0.0,931.0,1,1,0,0,0
0.997001499,34,1,0.616011505,2085.0,8,3,1,4,0
0.378001279,33,0,3.216601816,770.0,6,0,1,0,0
0.229627386,27,0,0.087964814,2500.0,4,0,0,0,1
0.0,55,0,0.449670529,4400.0,10,0,1,0,1
1980.0,69,0,59.0,5400.0,3,0,0,0,0
0.098566735,46,0,0.627674465,5000.0,13,0,2,0,1
0.092417287,70,1,2.466476462,700.0,14,0,1,0,0
0.570229656,74,0,2.330223259,3000.0,11,0,0,0,0
0.117848911,65,0,0.15855573,1273.0,8,0,0,0,0
0.047080424,47,0,0.194691874,5500.0,8,0,0,0,5
0.9999999,77,0,0.0,1834.0,2,0,0,0,0
0.45622054,58,0,0.333252799,12416.0,9,0,1,0,0
0.009040034,54,0,0.005660377,1589.0,8,0,0,0,0
0.315238751,91,1,0.519949601,16666.0,28,0,0,0,0
0.320413658,63,0,3388.0,5400.0,12,0,2,0,0
0.00109989,29,0,0.0,2947.0,1,0,0,0,1
0.376786556,36,0,0.336293097,12500.0,7,0,2,0,3
0.075725636,91,0,0.006998834,6000.0,3,0,0,0,0
502.0,28,0,0.25815739,2083.0,4,0,0,0,0
0.353191956,65,0,0.32358403,8615.0,13,0,1,0,1
0.343663035,44,0,0.131644726,6000.0,8,0,0,3,2
0.0,55,0,0.229384708,15000.0,7,0,1,0,3
0.064435486,72,0,617.0,5400.0,4,0,1,0,0
0.222446086,34,0,0.162852699,4500.0,6,0,0,0,1
0.969206159,34,1,0.508383423,3160.0,3,0,1,0,1
0.167083325,61,0,0.432985853,5371.0,13,0,1,0,0
0.141799029,75,0,0.401530612,1959.0,6,0,1,0,0
0.232436568,34,0,0.328076791,2916.0,8,0,0,0,0
0.10288446,60,0,0.522619345,4000.0,13,0,1,0,2
0.022476549,65,0,0.00579884,5000.0,3,0,0,0,0
0.9999999,93,0,6.0,5400.0,1,0,0,0,1
0.961523815,40,0,0.484670688,12100.0,11,0,1,0,0
0.729196148,71,0,0.542329302,10500.0,13,0,1,0,0
0.025194827,49,0,27.0,5400.0,2,0,0,0,0
0.106294656,58,0,0.156892905,5200.0,10,0,1,1,0
0.003515045,68,0,0.000298626,10045.0,6,0,0,0,0
0.042650089,63,0,0.251742658,8750.0,12,0,1,0,0
1.025382663,51,0,1599.0,5400.0,2,0,1,0,0
0.744962752,40,0,0.322178218,5049.0,5,0,1,0,3
0.171755091,37,0,2376.0,5400.0,6,0,1,0,1
0.018514157,29,0,1469.0,5400.0,7,0,2,0,0
0.108945924,33,0,3839.0,5400.0,12,0,1,0,0
0.396946271,64,0,0.134590656,2332.0,7,0,0,0,0
0.288493849,50,0,0.272398916,9966.0,14,0,1,0,0
0.040278178,43,1,0.458159743,8400.0,10,0,2,0,0
0.908216336,58,2,0.139472106,6667.0,10,0,0,0,0
0.405553829,39,0,0.418204567,3196.0,12,0,2,0,2
0.014716099,43,0,0.692966361,6539.0,13,0,1,0,0
0.035651399,31,0,0.155226899,7910.0,4,0,1,0,0
0.465399455,38,0,0.288227848,7899.0,5,0,1,0,3
0.558110472,42,0,0.038080334,3833.0,4,0,0,0,4
0.0,41,0,0.078658074,5275.0,4,0,0,0,2
0.550668684,44,0,1.404797601,2000.0,9,0,1,0,1
0.0,54,0,2098.0,5400.0,5,0,1,0,0
0.9999999,36,0,0.016479895,3033.0,2,0,0,0,0
0.88401808,60,0,0.633985515,9250.0,11,0,1,0,0
0.87091222,49,0,0.332533771,7920.0,12,0,1,0,0
0.475301647,48,2,0.411071353,4750.0,8,0,3,0,1
0.0,66,0,0.133868948,9583.0,10,0,2,0,0
0.725245495,72,0,1087.0,5400.0,4,0,0,0,0
0.008105938,66,0,0.202874401,4800.0,15,0,1,0,0
0.0,63,0,0.561839474,3500.0,4,0,3,0,0
0.047345768,79,0,0.11859464,7200.0,11,0,1,0,0
0.0,49,0,0.230310472,5700.0,9,0,1,0,0
0.665333667,43,1,0.333333333,8000.0,11,0,2,0,5
0.163937384,54,1,3229.0,5400.0,17,0,2,0,3
0.0,65,0,0.0,9538.0,4,0,0,0,0
1.059194081,54,2,0.221111293,6100.0,5,0,0,1,0
0.02123915,44,0,0.265286378,5167.0,6,0,2,0,1
0.01461577,50,0,2012.0,5400.0,19,0,1,0,1
0.014465702,87,0,6.0,5400.0,2,0,0,0,0
0.045784265,42,0,0.199163712,11000.0,6,0,1,0,2
0.0,24,0,0.0,400.0,2,0,0,0,0
0.0,60,1,0.547112462,6250.0,9,0,1,0,0
0.9999999,33,0,0.0,2650.0,0,0,0,0,0
0.9999999,48,1,0.0,6000.0,0,3,0,0,3
0.732105392,51,0,1.103365385,2495.0,8,0,4,0,3
0.9999999,90,0,0.0,5400.0,2,0,0,0,0
0.090330863,56,0,2549.0,5400.0,8,0,2,0,0
1.00554939,49,1,0.376221498,3683.0,5,0,1,0,0
0.503012122,56,0,0.436271186,5899.0,9,0,1,0,0
0.903079589,24,1,0.879415347,820.0,5,0,0,0,0
0.066811788,82,0,0.045105566,2083.0,10,0,0,0,0
0.049132514,66,0,0.147360483,6629.0,5,0,0,0,0
0.002395182,61,0,686.0,5400.0,16,0,1,0,0
0.253113489,53,0,0.057393725,56033.0,17,0,2,0,1
0.136451042,48,1,0.335666487,13000.0,10,0,2,0,2
0.053383301,42,0,1.678950656,1600.0,9,0,3,0,3
0.030483896,50,0,1744.0,5400.0,11,0,1,0,0
0.013614042,65,0,3800.0,5400.0,14,0,2,0,0
0.00057876,75,0,0.556772197,4200.0,12,0,1,0,1
0.217158931,42,0,0.5788988,3250.0,12,0,2,0,2
0.9999999,30,0,0.0,2542.0,0,0,0,0,2
0.445045664,63,0,0.570204257,7000.0,21,0,2,0,0
0.02827805,45,0,2337.0,5400.0,6,0,1,0,0
0.290803412,37,0,6101.0,5400.0,10,0,2,0,2
0.0,27,0,0.016662699,4200.0,5,0,0,1,0
0.502587435,65,0,0.144708423,4166.0,2,0,0,0,0
0.024700703,40,0,0.30364201,7083.0,11,0,1,0,2
0.341359611,47,0,0.392356072,6200.0,15,0,1,0,1
0.9999999,34,2,0.006283919,3500.0,4,0,0,0,0
0.827242525,61,0,0.01029897,10000.0,1,1,0,0,0
0.505174741,62,2,0.334458193,5333.0,5,0,1,0,1
0.861624409,39,0,0.440437158,5489.0,13,0,0,0,1
0.325252173,56,0,0.517257796,4200.0,12,0,2,0,1
0.808684707,49,3,1.333493282,2083.0,12,0,1,1,0
0.35697586,63,0,0.097504502,3886.0,6,0,0,0,0
0.348460498,52,0,0.498583569,6000.0,12,0,2,0,0
0.138331892,72,0,0.073485992,15240.0,12,0,1,0,1
0.017577217,65,0,0.130183963,15600.0,19,0,2,0,1
0.002587541,76,0,0.002016807,2974.0,7,0,0,0,0
0.220785281,43,2,7.490018149,550.0,7,0,2,0,3
0.356110569,33,0,0.220340623,10333.0,9,0,1,0,3
0.0,44,0,3249.0,5400.0,6,0,1,0,0
0.359987369,45,0,0.634545682,8000.0,10,0,1,0,3
0.0,48,0,0.491528802,5016.0,5,0,1,0,1
0.330245468,61,0,1.26212298,6000.0,22,0,3,0,0
0.167869959,80,0,10.68761996,2083.0,17,0,2,0,0
0.220841975,64,1,0.065774595,5305.0,13,0,0,0,0
0.047664901,43,0,0.730142031,1900.0,6,0,1,0,0
0.738510267,37,0,0.439181147,4200.0,10,0,1,0,0
0.9999999,23,0,0.10099889,900.0,2,1,0,0,0
0.04466163,64,0,0.715047492,6000.0,20,0,1,0,0
0.98913201,37,2,0.549578059,947.0,5,0,0,1,0
0.1337797,38,0,0.363370628,9920.0,9,0,2,0,4
0.022439458,24,0,523.0,5400.0,4,0,0,0,0
0.000434769,77,0,0.0,5400.0,4,0,0,0,0
0.037952385,42,0,0.184210526,4673.0,9,0,1,0,0
0.036269727,37,0,0.395136778,6250.0,8,0,2,0,2
0.003106899,55,0,0.000535695,28000.0,6,0,1,0,0
0.066686458,48,0,0.147633182,6400.0,10,0,1,0,0
0.9999999,38,0,0.587804065,3000.0,4,3,1,1,0
0.329596005,38,0,0.162767447,5000.0,7,0,0,0,0
0.847560395,53,0,2114.0,5400.0,4,0,1,0,2
0.06551757,69,2,0.054301963,5450.0,4,0,1,0,0
0.301545717,50,1,6.736318408,200.0,7,0,2,0,1
0.061987342,65,1,0.63668272,12250.0,24,0,13,0,1
0.150800693,34,0,0.444434606,11292.0,17,0,2,0,3
0.095663198,51,0,0.273768406,5500.0,8,0,2,0,0
0.043850769,35,0,0.01079784,5000.0,13,0,0,0,0
0.651627641,29,0,0.008180466,4033.0,3,0,0,0,0
0.001123412,59,1,0.011675711,12161.0,20,0,1,0,0
0.057388522,67,0,696.0,5400.0,12,0,1,0,1
0.081162616,70,0,1864.0,5400.0,13,0,2,0,0
0.037662482,52,0,0.344480862,18000.0,8,0,3,0,3
0.10299485,45,0,61.0,5400.0,3,0,0,0,0
0.077842793,84,0,0.030468936,4200.0,9,0,0,0,0
0.013166506,72,0,0.273377785,6148.0,10,0,0,0,1
0.029138484,73,1,0.013525305,4583.0,11,0,0,0,0
0.049580399,56,0,2485.0,5400.0,12,0,2,0,0
0.024140761,68,1,1536.0,5400.0,10,0,1,0,1
0.07026068,76,1,3975.0,5400.0,13,0,2,0,0
0.051329056,53,0,3713.0,5400.0,8,0,1,0,0
0.341807031,30,0,0.650734146,3200.0,7,0,1,0,0
0.151987841,52,0,0.304881374,11000.0,6,0,1,0,2
0.607122795,57,3,0.376770538,6000.0,18,0,1,1,0
0.053031566,37,1,0.832688975,7500.0,14,0,6,0,0
0.449882122,70,0,2117.0,5400.0,12,0,1,0,1
0.163240549,54,0,0.429763465,14500.0,10,0,2,0,0
0.09770894,57,0,0.168701913,14166.0,4,0,1,0,2
0.049897828,65,0,0.084612793,20776.0,4,0,1,0,1
0.062729151,27,0,0.196251952,1920.0,4,0,0,0,0
0.277013389,43,0,0.409561898,5500.0,11,0,1,0,3
0.422310757,29,0,3.0,5400.0,1,0,0,0,0
0.481577866,58,0,0.197023617,3090.0,4,0,0,0,1
0.03868472,64,0,653.0,5400.0,7,0,1,0,0
0.9999999,31,0,0.240567559,3100.0,1,0,0,2,0
0.9999999,36,1,0.25990736,1942.0,7,0,0,0,1
0.0,53,0,0.207016742,17500.0,8,0,2,0,3
0.025534533,23,0,0.007968127,501.0,2,0,0,0,0
0.02780653,72,0,0.252587371,13333.0,11,0,3,0,1
0.606908948,59,0,2819.0,5400.0,11,0,1,0,0
1.027841053,47,1,0.253960929,6500.0,8,1,1,0,1
0.126937141,53,0,0.168305282,6000.0,10,0,0,0,2
0.178153206,43,0,3565.0,5400.0,8,0,2,0,0
0.024903427,66,0,26.0,5400.0,6,0,0,0,0
0.194570136,85,0,233.0,5400.0,7,0,0,0,0
0.745169684,49,0,1.309005165,4452.0,3,0,1,0,0
0.092877968,43,1,0.244604317,2640.0,8,1,0,0,0
0.658039032,60,0,0.307669233,10000.0,8,0,1,0,0
0.9999999,51,1,0.022111082,3798.0,1,0,0,0,0
0.0,82,0,0.001999,2000.0,6,0,0,0,0
0.197083054,43,0,0.388181818,6599.0,15,0,1,0,0
0.060884379,47,1,0.245017113,4966.0,9,0,1,0,0
0.211010509,53,0,0.270392749,6619.0,4,0,2,0,1
0.253278878,53,5,0.283407897,10281.0,20,0,2,0,2
0.076579066,69,0,0.061590146,7143.0,4,0,0,0,2
0.002243542,45,0,0.419012215,5648.0,8,0,2,0,3
0.782217,56,1,2.759367194,1200.0,11,0,0,0,0
0.902891824,23,1,76.0,5400.0,6,0,0,0,0
0.428601187,30,0,487.0,5400.0,8,0,0,0,0
0.10200768,80,1,0.197072474,2800.0,12,0,1,0,0
0.002711375,78,0,41.0,5400.0,4,0,0,0,0
0.026381856,46,1,0.00239968,7500.0,4,0,0,0,0
0.338179301,37,0,0.509141494,2515.0,9,0,0,0,0
0.000499236,56,0,0.03080766,1200.0,3,0,0,0,1
0.9999999,64,0,788.0,5400.0,4,0,1,0,0
0.022149744,34,0,0.013239875,1283.0,6,0,0,0,0
0.000468735,42,0,0.19792631,5400.0,11,0,1,0,0
0.13487887,71,0,0.227971504,2666.0,29,0,0,0,0
0.094552518,56,0,0.330933525,8333.0,18,0,2,0,0
0.93040348,38,0,0.204423192,3345.0,7,0,0,0,2
0.0,45,0,0.649035096,10000.0,10,0,3,0,2
0.162893858,50,0,0.583902529,5416.0,20,0,2,0,0
0.338332441,49,0,0.762823718,10000.0,6,0,3,0,1
0.195114402,64,0,1282.0,5400.0,15,0,0,0,0
0.187788158,43,0,0.273722407,16534.0,8,0,1,0,5
0.877480133,32,0,0.455723542,4166.0,11,0,0,0,2
0.019676785,72,0,17.0,5400.0,5,0,0,0,0
0.228984734,35,0,0.196157036,7233.0,5,0,0,0,4
0.0036296,79,0,0.003199147,3750.0,11,0,0,0,0
1.092953523,28,0,0.447537473,1400.0,4,0,0,0,1
0.010809732,80,1,0.446051838,3317.0,21,0,2,0,0
0.292943312,27,0,0.139584068,2836.0,11,0,0,0,0
0.067702032,52,0,1458.0,5400.0,4,0,1,0,0
0.099585913,64,0,0.34866586,19000.0,11,0,1,0,0
0.064671852,34,0,0.438624827,4333.0,6,0,1,0,1
0.186984054,47,0,0.500534655,10286.0,18,0,2,0,0
0.841287722,40,0,0.373087845,10916.0,15,0,1,0,4
0.304567855,44,0,0.649848638,3963.0,10,0,1,0,2
0.0,28,0,0.0,5400.0,1,0,0,0,0
0.007706675,65,0,0.504065041,1475.0,9,0,1,0,1
0.02170767,32,0,1.13452188,1850.0,24,0,1,0,1
1.09611658,30,1,0.197319719,7834.0,18,2,0,0,2
0.9999999,66,0,0.510934778,5166.0,5,0,2,0,0
0.983444777,45,3,0.72014969,8550.0,14,0,1,0,1
0.0133835,33,0,0.437120292,6583.0,5,0,2,0,1
0.074893327,61,0,0.09602649,4831.0,6,0,0,0,0
0.040719855,66,0,0.694916639,12235.0,17,0,6,0,0
0.022152271,85,0,0.394477698,5178.0,13,0,1,0,0
0.096283644,71,0,0.56499381,10500.0,9,0,3,0,1
0.014732842,36,0,0.023690773,4811.0,6,0,0,0,0
0.782630842,42,0,0.200118064,5081.0,9,0,2,0,1
0.513926582,53,0,0.582961641,6725.0,4,0,2,0,2
0.0,69,0,0.131816051,19200.0,4,0,2,0,0
0.000186911,42,0,0.314801268,4100.0,10,0,0,0,1
0.9999999,29,0,0.09002148,5120.0,4,5,0,0,0
0.667469767,33,0,0.277329131,5076.0,11,0,0,0,2
0.0,37,0,0.460615754,2500.0,5,0,1,0,0
0.644397411,33,0,1950.0,5400.0,13,0,1,0,0
0.581047828,39,0,0.675203322,5778.0,7,0,2,0,0
0.198215653,39,1,0.389561044,10000.0,15,0,2,0,2
0.06705119,54,0,0.250899967,9166.0,3,0,1,0,2
0.627771498,35,2,0.532627866,1700.0,6,0,1,0,0
0.318458798,29,0,1.31984008,2000.0,12,0,1,0,2
0.000241284,70,0,0.311242148,7800.0,15,0,2,0,0
0.332943836,38,0,0.37361039,9624.0,15,0,1,0,1
0.43133913,56,0,0.380247146,10600.0,17,0,2,0,0
0.219028153,45,0,0.337015802,7150.0,11,0,1,0,2
0.867062941,60,0,0.903179707,2798.0,11,0,1,0,0
0.407036257,40,0,0.324194324,6236.0,7,0,1,0,3
0.002420968,66,0,0.066394688,12500.0,4,0,1,0,0
0.014703159,68,0,393.0,5400.0,5,0,0,0,0
0.536263389,43,1,1.589337776,2400.0,8,0,2,0,3
1.008907471,49,0,0.154613774,16233.0,7,0,1,0,3
0.004968712,49,0,0.55129731,4200.0,17,0,2,0,0
0.9999999,40,0,0.154759022,4128.0,2,5,2,0,0
0.597328053,35,0,0.297655768,6483.0,5,0,1,0,1
0.724693365,37,0,0.325134973,5000.0,10,0,0,0,0
0.407059649,38,0,0.247861725,5611.0,15,0,0,0,0
0.20058153,54,0,0.599904777,6300.0,28,0,2,0,2
0.014665689,56,0,0.293675527,5454.0,5,0,2,0,2
0.826781688,56,0,427.0,5400.0,12,4,0,0,0
0.179802203,51,0,0.238855386,8456.0,7,0,3,0,1
0.589574626,39,0,0.50053135,6586.0,10,0,1,0,2
0.0,30,0,0.0,2400.0,5,0,0,0,0
0.586124238,42,0,0.304364545,5200.0,17,0,0,0,0
0.9999999,40,0,0.0,5400.0,0,0,0,0,0
0.068023855,61,0,45.0,5400.0,2,0,0,0,0
0.479095576,44,1,0.412413933,9875.0,10,0,1,0,0
0.131391241,56,1,0.003428376,17500.0,3,0,0,0,3
0.344834266,54,0,0.957887223,1400.0,6,0,1,0,1
0.001269019,57,0,1528.0,5400.0,13,0,1,0,0
0.0,86,0,0.0,5400.0,1,0,0,0,4
0.792013866,37,1,1521.0,5400.0,3,0,1,0,0
0.758484609,55,0,0.105716523,1276.0,2,0,0,0,0
0.109528109,39,0,0.626745201,4583.0,9,0,3,0,2
0.9999999,35,0,0.03098967,3000.0,1,0,0,0,0
0.9999999,46,0,0.025177689,8300.0,3,0,1,0,2
0.111445725,41,0,1.169849537,3455.0,12,1,1,0,0
0.9999999,29,0,0.156614462,3000.0,2,0,1,0,1
0.847892221,26,3,0.191120259,3400.0,8,0,0,0,0
0.013362422,70,0,0.001428061,2800.0,2,0,0,0,0
0.045954046,32,0,0.002493766,400.0,1,0,0,0,0
0.331651842,47,0,0.706430398,5473.0,14,0,1,0,2
0.128388455,49,0,0.548468582,9500.0,10,0,2,0,4
0.297004101,45,0,0.259568018,7916.0,7,0,2,0,1
0.003806951,51,0,0.202965235,5867.0,15,0,0,0,0
0.025857933,69,1,0.29529399,9200.0,7,0,1,0,0
0.027414841,55,0,0.240677538,7910.0,8,0,1,0,0
0.050073345,79,1,1.199818347,1100.0,10,0,1,0,0
0.008940826,39,0,0.59081819,11500.0,12,0,4,0,0
0.0,63,0,0.433008526,3283.0,10,0,1,0,0
0.189596269,68,0,0.425335073,8430.0,16,0,2,0,0
0.008431627,60,0,761.0,5400.0,4,0,1,0,0
0.20413004,59,0,0.444759207,6000.0,10,0,2,0,0
0.9999999,47,0,1658.0,5400.0,10,0,2,0,0
0.203839639,71,0,0.327201051,2282.0,6,0,0,0,0
0.992503748,57,3,0.32231734,5022.0,7,3,1,2,0
0.805884874,31,0,0.450710683,2180.0,8,0,0,0,0
0.122938531,72,1,0.241630056,6600.0,6,0,0,1,0
0.001645518,50,0,0.300137127,5833.0,6,0,1,0,2
0.441101658,30,0,0.157004831,3725.0,8,0,0,0,1
0.002414524,66,0,0.000441112,6800.0,4,0,0,0,1
0.9999999,39,0,511.0,5400.0,2,1,0,0,0
0.206031338,41,0,4569.0,5400.0,13,0,2,0,0
0.11794331,67,0,1371.0,5400.0,7,0,1,0,0
0.050501175,53,0,1716.0,5400.0,5,0,1,0,0
0.032968244,67,0,0.027044711,4584.0,11,0,0,0,0
0.989902685,49,1,0.357996227,19083.0,11,0,2,0,2
0.055947203,58,0,0.079057559,16000.0,11,0,0,0,0
0.853702438,52,0,0.287876331,18500.0,8,0,1,0,2
0.0,46,0,0.0,5400.0,9,0,0,0,0
0.605161171,45,2,1.832111925,1500.0,11,0,2,0,5
0.0,72,0,1381.0,5400.0,11,0,1,0,0
0.074241044,39,1,0.105614358,4345.0,8,0,0,0,2
0.164380522,77,0,0.07467656,21023.0,11,0,0,0,0
0.0,74,0,0.087228193,4000.0,8,0,0,0,0
0.0,50,0,2432.0,5400.0,13,0,1,0,0
0.056557039,51,0,2702.0,5400.0,9,0,2,0,0
0.21120462,65,1,0.868037704,3500.0,26,0,3,0,0
0.311688312,58,0,0.366181535,9000.0,5,0,2,0,2
0.012681471,91,0,0.003163484,8850.0,11,0,0,0,0
0.925671606,50,0,0.609055021,8105.0,10,0,3,0,0
0.476254599,51,0,0.430913817,5000.0,8,0,1,0,0
0.210975333,41,0,0.255652394,7916.0,7,0,2,0,2
0.637952559,28,0,0.178256611,4083.0,4,0,0,0,0
0.401146514,40,0,0.406332454,1515.0,9,0,1,0,1
0.0,99,0,0.0,5400.0,2,0,0,0,0
0.0,36,0,0.204794603,8300.0,4,0,1,0,1
0.95852074,44,0,0.437385461,4910.0,4,0,1,1,1
0.685529647,56,0,0.804170122,8440.0,15,0,3,0,0
0.023548922,70,0,0.076468908,10500.0,13,0,1,0,0
0.167888075,41,0,0.000901133,7767.0,3,0,0,0,0
0.9999999,49,0,0.671610169,3775.0,3,0,1,1,1
0.013021933,59,0,1169.0,5400.0,7,0,2,0,0
0.05319734,64,0,31.0,5400.0,2,0,0,0,0
0.416761005,54,0,1.47900221,3166.0,14,0,2,0,1
0.131277731,59,0,0.493213452,11566.0,11,0,2,0,0
0.001018077,67,0,970.0,5400.0,4,0,1,0,3
0.0,37,0,0.115897436,9749.0,7,0,1,0,0
0.0,46,0,980.0,5400.0,6,0,1,0,0
0.0,30,0,0.467745775,4200.0,5,0,2,0,0
0.71394574,40,1,2083.0,5400.0,6,1,1,0,0
742.0,53,0,0.381490513,16812.0,4,0,3,0,0
0.368708753,55,1,0.617109827,4324.0,20,0,2,0,1
0.102943164,55,0,1097.0,5400.0,6,0,1,0,0
0.086599033,51,0,0.359143922,8316.0,14,0,1,0,4
0.141415099,32,0,0.765637498,6250.0,10,0,2,0,0
0.395601475,56,1,3713.0,5400.0,10,0,2,0,0
0.024065062,42,0,0.074435531,12090.0,8,0,1,0,0
0.756749036,38,3,0.210675875,27800.0,13,3,2,5,2
0.020518143,58,0,0.236727046,1600.0,4,0,0,0,0
0.379219894,58,0,0.494703942,5758.0,17,0,2,0,0
0.050030743,69,0,0.15763719,8582.0,6,0,1,0,0
0.322485207,41,1,0.360104048,6150.0,11,0,2,1,0
0.077973238,40,0,0.021156354,6900.0,2,0,0,0,2
0.378986674,62,0,13618.0,5400.0,26,0,2,0,0
0.186173589,38,0,0.381539177,4300.0,10,0,1,0,2
0.020071346,45,0,0.189090243,5462.0,5,0,1,0,1
0.9999999,62,0,0.0,10500.0,6,0,0,0,0
0.532387689,47,1,0.463817803,8166.0,12,0,2,0,0
0.006822727,38,0,2696.0,5400.0,8,0,1,0,0
0.0,48,0,0.267910696,3000.0,7,0,1,0,2
0.9999999,62,0,0.15494045,9067.0,2,0,1,0,0
0.568957578,57,0,0.407901819,9288.0,11,0,2,0,3
0.0,25,0,0.0,5000.0,1,0,0,0,0
0.016371924,79,0,20.0,5400.0,2,0,0,0,0
0.9999999,24,1,0.148243359,3500.0,2,1,0,0,0
0.063998951,63,0,0.140147024,4216.0,7,0,1,0,1
0.0,64,0,1584.0,5400.0,6,0,1,0,0
0.0,63,0,0.0,5400.0,7,0,0,0,0
0.537532938,53,0,0.446444059,4611.0,8,0,1,0,1
0.06839658,57,0,0.208716045,5116.0,2,0,1,0,0
0.261978058,58,0,0.145967258,35000.0,11,0,2,0,2
0.021253945,35,0,0.005748563,4000.0,4,0,0,0,2
0.041275341,37,0,4030.0,5400.0,8,0,3,0,0
0.0,88,0,0.0,5400.0,2,0,0,0,0
0.385866292,64,0,0.172689616,7000.0,10,0,0,0,0
0.12905524,33,0,0.704900377,1856.0,10,0,0,0,2
0.871550904,33,1,0.110296568,3000.0,3,0,0,1,0
0.199977921,44,0,0.934162556,4662.0,23,0,1,0,2
0.011786912,50,0,993.0,5400.0,7,0,0,0,0
0.9999999,28,0,0.092986912,5118.0,4,0,0,0,1
0.003465764,86,1,2192.0,5400.0,15,0,1,0,0
0.528336156,45,0,0.431625904,6500.0,12,0,2,0,3
0.9999999,45,0,0.324169939,2800.0,1,2,0,0,1
0.0,67,0,731.0,5400.0,3,0,1,0,0
0.021704206,57,0,0.071152074,10849.0,9,0,1,0,1
0.097338027,51,0,0.47416,12499.0,18,0,3,0,0
0.113797155,57,0,0.169338581,31250.0,5,0,2,0,0
0.436060966,43,0,0.091058785,6072.0,7,0,1,0,3
0.069707823,59,0,0.341019873,10667.0,10,0,2,0,1
0.007723157,58,0,0.593259069,3500.0,8,0,2,0,5
0.080174556,76,0,0.008540976,14166.0,7,0,0,0,0
0.163490452,64,0,0.638951877,3968.0,11,0,2,0,0
0.900004762,76,0,2.067674586,4166.0,9,0,5,0,0
0.053747313,54,0,0.169426911,16000.0,6,0,2,0,3
0.9999999,28,0,278.0,5400.0,6,0,0,0,0
0.014949253,69,0,13.0,5400.0,4,0,0,0,0
0.007964001,60,0,0.001107624,5416.0,1,0,0,0,0
0.553942173,27,0,0.437403876,3250.0,11,0,0,0,0
0.378018,56,0,1.177277179,6125.0,20,0,3,0,1
0.667922341,33,0,0.015381135,4420.0,3,0,0,0,2
0.002769178,55,0,342.0,5400.0,3,0,1,0,0
0.001519711,43,0,0.380680296,11200.0,8,0,2,0,2
0.017311959,66,0,0.003466205,7500.0,5,0,0,0,0
0.134625659,68,0,0.038377297,10500.0,12,0,0,0,0
0.002906574,51,0,0.660655738,3049.0,9,0,1,0,2
0.021554204,65,0,0.012908125,3950.0,7,0,0,0,0
0.204857791,63,0,0.231314185,18208.0,5,0,1,0,0
0.9999999,47,4,705.0,0.0,4,0,0,0,0
0.623536133,55,0,0.84448121,4230.0,9,0,1,0,1
0.310477554,33,1,0.741330834,3200.0,10,0,2,0,0
0.004785543,46,0,0.681919943,11166.0,15,0,9,0,2
1.029161806,51,0,0.765141135,3648.0,12,0,2,0,1
0.002854494,51,1,0.367784747,11000.0,10,0,2,0,2
1.086373944,62,2,0.4174872,2538.0,6,1,0,0,0
0.069427069,51,0,0.260067267,11000.0,10,0,3,0,2
0.327076605,52,0,0.40742243,14792.0,10,0,3,0,0
0.055906499,69,0,1068.0,5400.0,11,0,1,0,0
0.9999999,67,0,0.004181058,5500.0,3,0,0,0,0
0.871042986,23,0,0.291914388,1681.0,4,0,0,0,0
0.008801723,62,0,0.108689131,10000.0,12,0,1,0,0
0.095720699,65,1,2225.0,5400.0,15,0,2,0,1
0.312817061,37,0,0.32354035,24200.0,16,0,6,0,0
0.001320459,55,0,0.389850058,2600.0,12,0,1,0,0
0.9999999,60,0,0.480385711,4562.0,2,0,2,0,1
0.744353643,54,1,0.310362542,13625.0,12,0,2,0,1
0.722996761,29,1,0.819732034,820.0,4,0,0,0,0
0.145369205,29,0,0.111152601,8033.0,5,0,0,0,2
0.00710935,61,0,23.0,5400.0,15,0,0,0,0
0.063248243,51,0,0.19298524,6300.0,6,0,1,0,2
0.034927279,39,0,0.772963605,4038.0,8,0,2,0,2
0.002256295,31,1,5.199556541,450.0,9,0,2,0,0
0.356683483,66,0,1899.0,5400.0,7,0,1,0,0
0.332507108,76,0,794.0,1.0,12,0,0,0,0
0.0641729,89,0,659.0,5400.0,10,0,0,0,0
0.9999999,25,0,0.333855799,637.0,1,0,0,0,0
0.001841944,86,0,1.0,5400.0,6,0,0,0,0
0.445083775,64,0,0.243416011,53500.0,23,0,5,0,0
0.9999999,50,0,0.15438829,16600.0,2,0,1,0,3
0.997681159,43,5,2752.0,5400.0,14,0,2,1,0
0.856193671,63,2,1.231977159,1400.0,9,0,2,1,0
0.007033998,41,0,0.257009346,6633.0,6,0,1,0,0
0.191473518,53,0,0.726372849,4242.0,12,0,2,0,0
0.435875787,50,0,0.445692884,10679.0,27,0,2,0,2
0.9999999,37,0,0.0,3136.0,0,2,0,0,2
0.730508422,62,2,0.418455991,6100.0,7,0,1,0,1
0.134344637,44,0,0.269873013,10000.0,9,0,2,0,2
0.021561152,38,0,0.24175165,5000.0,5,0,1,0,1
0.066663492,39,1,0.351906158,3750.0,5,0,1,0,0
0.849798479,39,0,0.676136977,9256.0,12,0,2,0,0
0.136101635,36,0,0.792992162,2168.0,8,0,1,0,0
0.118187034,39,0,43.0,5400.0,2,0,0,0,0
0.0200393,59,0,0.060525851,17000.0,21,0,0,0,3
0.092214024,68,0,0.241420686,8333.0,9,0,2,0,1
0.035898898,29,0,0.061802834,6633.0,6,0,0,0,2
0.890534119,51,1,0.599546957,16333.0,20,0,5,0,3
0.405255402,48,0,0.303682449,2090.0,5,0,0,0,0
0.583846866,41,1,1.079788457,4348.0,23,0,1,0,3
0.0,66,0,0.106578464,2720.0,4,0,0,0,0
0.016920098,74,0,15.0,5400.0,3,0,0,0,0
0.55856825,66,0,0.539622207,8681.0,14,0,2,0,0
0.139121463,44,0,0.572987271,6048.0,12,0,2,0,0
0.223432301,60,0,0.132556965,33660.0,10,0,1,0,0
0.9999999,32,0,439.0,5400.0,1,0,0,0,0
0.9999999,32,0,0.083029862,1372.0,2,2,0,1,0
0.022821352,59,0,0.065993401,10000.0,5,0,1,0,1
0.9999999,46,0,0.363340622,18750.0,7,0,2,0,0
0.648931023,64,0,0.30531681,10005.0,11,0,0,0,0
0.009932023,31,0,0.383504371,7892.0,17,0,2,0,1
0.9999999,62,2,1076.0,5400.0,2,0,1,0,0
0.015891606,63,0,0.004726413,5500.0,7,0,0,0,0
0.012999188,35,0,734.0,5400.0,9,0,0,0,2
0.988781234,33,0,0.230884558,2000.0,3,0,0,0,0
0.9999999,62,0,0.061371289,6533.0,2,0,0,0,0
0.004251585,78,0,0.002441532,7781.0,15,0,0,0,1
0.040382558,39,0,0.42251107,7000.0,13,0,1,0,0
0.785702908,42,0,0.416651518,5500.0,5,0,0,0,0
1.014690879,61,0,0.690775227,2308.0,4,0,1,0,0
0.084332056,58,0,0.507498929,7000.0,10,0,2,0,3
0.037153873,77,0,0.021591363,2500.0,7,0,0,0,2
0.016426767,46,0,2.160593792,740.0,15,0,2,0,2
0.9999999,57,0,0.02709729,10000.0,1,0,0,0,0
0.053207225,52,0,1275.0,1.0,7,0,1,0,2
0.543725924,31,1,0.165766847,5000.0,7,0,0,0,0
0.004559201,34,1,1076.0,0.0,25,0,1,0,0
0.0,38,0,0.362709153,15000.0,12,0,2,0,1
0.407407407,58,0,0.996153846,12999.0,14,0,6,0,0
0.141330342,61,1,1828.0,5400.0,11,0,1,0,1
0.0,72,0,0.252610531,4500.0,7,0,1,0,0
0.045563902,67,0,0.39071744,12000.0,19,0,2,0,0
0.085727413,60,0,2691.0,5400.0,4,0,2,0,0
0.9999999,27,0,0.0,3816.0,1,0,0,0,0
0.9999999,40,1,0.207809111,2304.0,2,0,0,0,1
0.005141899,63,0,0.277863777,3875.0,7,0,2,0,0
0.908812775,62,0,0.164235371,6100.0,10,0,0,0,1
0.0,55,1,459.0,5400.0,5,0,0,0,0
0.031117511,41,0,0.18064465,12626.0,6,0,1,0,1
0.0,59,0,1699.0,5400.0,8,0,3,0,0
0.154658619,33,2,0.449887528,4000.0,8,0,2,0,0
0.028259334,76,0,15.0,5400.0,2,0,0,0,0
0.057148378,65,0,0.606885064,1800.0,4,0,1,0,0
0.744348688,61,0,4088.0,5400.0,7,0,1,0,0
0.091404312,75,0,0.274431522,5760.0,4,0,1,0,0
0.07891181,61,0,1303.0,5400.0,4,0,1,1,0
0.9999999,43,1,625.0,5400.0,4,1,0,0,0
0.9999999,38,0,0.202499362,3920.0,7,1,0,1,1
0.9999999,62,0,0.0,5832.0,1,0,0,0,2
0.056628581,67,0,0.37664934,2500.0,9,0,1,0,2
0.0,54,0,0.342510652,3050.0,12,1,1,0,0
0.690012601,36,0,1267.0,5400.0,4,0,0,0,0
0.0,48,0,1328.0,5400.0,3,0,2,0,0
0.304633966,62,1,3.183661811,3500.0,12,0,0,0,2
0.001358478,46,0,0.360246433,6167.0,13,0,1,0,0
0.014885289,57,0,2131.0,5400.0,6,0,1,0,0
0.897251123,58,0,1883.0,5400.0,10,0,0,0,0
0.0,41,0,0.092981404,5000.0,4,0,0,0,0
0.246590092,59,0,0.093886771,28331.0,14,0,1,0,3
0.032171235,36,0,395.0,1.0,9,0,0,0,2
0.982003599,62,0,2376.0,5400.0,7,0,0,1,0
0.0,41,0,0.252135244,14166.0,7,0,2,0,2
0.375668801,51,0,4383.0,5400.0,10,0,2,0,0
0.071074584,40,0,2732.0,5400.0,11,0,1,0,0
0.086006546,64,0,0.285274894,2600.0,11,0,0,0,0
0.557533427,37,1,0.697151424,3334.0,11,0,1,0,2
0.013611459,73,0,0.002258611,7083.0,5,0,0,0,0
0.056956282,62,0,0.311984401,6666.0,8,0,1,0,0
0.032703374,38,1,65.0,5400.0,5,0,0,0,0
0.236020979,52,0,0.53312,6249.0,12,0,1,0,1
0.144152537,62,0,0.008279338,8333.0,2,0,0,0,0
0.0,40,2,0.338251248,4608.0,8,1,1,0,0
0.129807239,43,0,0.309627479,4133.0,3,0,1,0,2
0.053695668,60,0,0.172952114,5700.0,9,0,1,0,0
0.083970333,51,0,0.656357388,3200.0,11,0,1,0,0
0.6508906,38,1,0.489644337,7000.0,16,0,2,0,2
0.000672258,49,0,0.671832042,4000.0,10,0,2,0,1
0.771030608,68,0,0.175410995,75000.0,15,0,2,0,2
0.530615261,49,2,0.709776846,8110.0,16,0,3,0,2
0.9999999,63,0,0.260434891,4000.0,8,0,1,0,1
0.885332948,46,0,0.308819995,4160.0,6,0,0,0,0
0.889493497,55,2,0.67992689,9300.0,15,0,2,0,0
0.398098587,49,1,0.295806539,11040.0,12,0,2,0,2
0.490876087,46,0,0.0968609,31250.0,5,0,2,0,0
0.110155594,46,0,0.356343535,7416.0,7,0,1,0,1
0.009147752,57,0,1376.0,5400.0,22,0,1,0,0
0.009258461,74,0,0.005997601,2500.0,3,0,0,0,0
0.0,32,1,0.161391783,5086.0,3,2,0,1,2
0.356375127,49,0,0.468886013,8500.0,21,0,2,0,0
0.34305142,26,0,331.0,0.0,7,0,0,0,0
0.010595594,77,0,0.004924953,4263.0,7,0,0,0,0
0.1226487,29,0,0.154997177,3541.0,5,0,0,0,0
0.182573588,38,0,2009.0,5400.0,2,0,1,0,0
0.240965768,47,0,0.36947345,4500.0,14,0,1,0,0
0.033444432,57,0,0.523895221,5000.0,9,0,2,0,0
0.602199706,46,0,0.252699784,4166.0,12,0,0,0,0
0.270450642,60,1,0.484023999,14333.0,14,0,3,0,0
0.029187525,64,0,0.359780047,3818.0,12,0,1,0,1
0.9999999,52,0,0.245196003,1300.0,3,0,0,0,0
0.162355633,75,0,0.192602466,3000.0,10,0,0,0,0
0.122195112,37,0,0.096955007,6600.0,2,0,0,0,2
0.015678183,54,0,0.167979003,3047.0,11,0,1,0,0
0.9999999,67,0,578.0,5400.0,6,0,0,0,0
0.992161284,51,0,0.51659551,7260.0,16,0,1,0,2
0.021047254,63,0,3020.0,5400.0,18,0,2,0,0
0.459041231,41,0,0.468480573,8930.0,5,0,1,0,2
0.0,42,0,3034.0,5400.0,10,0,2,0,0
0.00533906,90,0,67.0,5400.0,23,0,1,0,0
0.186099891,39,1,0.22880117,9575.0,14,2,1,0,0
0.106551049,74,0,0.905039567,2400.0,13,0,0,0,0
0.022303276,65,0,0.120300752,6649.0,16,0,1,0,1
0.179164167,41,1,0.830141549,1200.0,4,0,2,0,0
0.092624101,41,2,0.392001666,4800.0,8,0,2,0,0
0.9999999,58,2,662.0,5400.0,4,0,0,1,0
0.119784304,35,0,0.360009613,4160.0,4,0,2,0,0
0.250280607,49,0,411.0,5400.0,6,0,0,0,0
0.013485329,64,0,0.260692103,5634.0,7,0,1,0,0
0.152888931,38,0,0.162170024,13750.0,12,0,2,0,0
0.322873508,38,1,0.699081578,1850.0,12,0,1,0,2
0.105447744,55,0,612.0,5400.0,6,0,0,0,0
0.359925484,66,1,0.778493668,4500.0,11,0,3,0,1
0.071767328,48,0,1646.0,5400.0,8,0,2,0,0
0.736991057,40,0,0.38769171,5150.0,6,0,1,0,2
0.07950808,71,0,116.0,5400.0,7,0,0,0,0
0.205610592,65,0,0.56511537,2556.0,14,0,0,0,0
0.027314352,84,0,15.0,5400.0,3,0,0,0,0
0.015077955,81,0,0.333719583,2588.0,21,0,2,0,0
0.157990028,44,0,0.031582882,5350.0,2,0,0,0,0
0.834650332,81,1,0.79540962,9105.0,16,0,1,0,0
0.922349816,41,0,0.595168067,4759.0,7,0,2,1,2
0.729779386,64,1,0.233958868,30000.0,15,0,2,0,1
0.559593715,45,0,136.0,5400.0,2,0,0,0,0
0.034677359,73,0,0.005465938,7500.0,7,0,0,0,0
0.033207642,67,0,0.01219756,5000.0,9,0,0,0,2
0.125340897,31,0,0.117005662,4768.0,5,0,0,0,2
0.414426832,53,0,0.625812442,14000.0,21,0,7,0,2
0.325938409,59,0,0.931689437,3000.0,11,0,2,0,0
0.02283599,63,0,0.008612735,3250.0,8,0,0,0,0
0.7047715,42,1,0.376058881,7200.0,4,0,1,0,3
0.042010591,46,0,0.196160768,5000.0,7,0,1,0,1
0.099862228,58,1,0.342831434,6667.0,7,0,1,0,0
0.9999999,64,0,0.15696649,1700.0,3,0,0,0,0
0.172924017,66,0,0.589343247,4034.0,14,0,2,0,0
0.021548537,47,0,3667.0,5400.0,4,0,2,0,1
0.0,64,0,0.126830697,3413.0,8,0,0,0,1
0.753640808,46,1,1.173530112,4200.0,15,1,2,0,1
0.009483558,41,2,1.096853491,2033.0,11,1,2,1,0
1.020805188,30,2,1.545284197,1600.0,8,0,1,0,0
0.386185787,64,0,0.353695579,5925.0,9,0,2,0,0
0.023128968,35,0,3014.0,1.0,15,0,2,0,1
0.540918164,30,1,0.214649034,1965.0,4,1,0,0,0
0.550076723,53,0,0.299725023,12000.0,13,0,2,0,2
0.00334451,64,0,0.309490633,6458.0,15,0,3,0,0
0.912254647,59,0,0.750214298,5832.0,12,0,2,0,0
0.080784221,36,0,3069.0,5400.0,11,0,2,0,0
0.608847144,65,1,0.186083626,3132.0,6,0,0,2,0
0.816839439,43,0,5098.0,5400.0,4,0,1,0,0
0.199478581,71,0,0.110669317,3017.0,8,0,0,0,0
0.386929344,45,0,0.40736384,8500.0,9,0,1,0,1
0.003151324,45,0,0.411409142,5293.0,9,0,1,0,2
0.044952706,64,0,0.50284258,5100.0,16,0,1,0,0
0.097986002,53,0,0.288456412,3750.0,4,0,2,0,0
0.010181818,41,1,0.457197644,7300.0,10,0,1,0,2
0.448615308,33,0,1818.0,5400.0,8,0,0,1,0
0.011424751,76,0,0.197257535,7000.0,17,0,2,0,1
0.749986302,48,0,0.307118534,6166.0,9,0,1,0,1
0.981607357,48,0,0.422890398,3092.0,8,0,1,0,0
0.092914516,69,0,0.646316852,9909.0,11,0,2,0,0
0.234742206,34,0,0.348207754,4100.0,16,0,1,0,0
0.794564946,26,0,0.592003106,2575.0,10,0,0,2,1
0.0,62,0,0.207416833,5500.0,7,1,1,0,1
0.0,82,0,0.397534155,3000.0,12,0,2,0,0
0.094908596,67,1,0.023996904,7750.0,5,0,0,0,1
0.916217329,60,0,0.700441871,6562.0,20,0,2,0,1
0.004196927,59,2,0.63249077,3520.0,9,1,1,2,0
0.033035349,54,0,0.647583133,5833.0,10,0,2,0,1
0.156327186,42,0,0.26333929,7833.0,12,0,1,0,0
0.545992607,34,0,0.356697357,10100.0,11,0,2,0,1
0.07796921,41,0,0.455114823,5747.0,12,0,2,0,3
0.260255845,69,0,0.233622731,3800.0,5,0,1,0,0
0.06917594,50,1,0.566376353,3788.0,12,0,1,0,2
0.080455112,42,0,0.202059982,3300.0,14,0,0,0,1
0.020990939,58,0,0.095580884,5000.0,5,0,0,0,2
0.443877806,53,0,0.70915339,3200.0,7,0,1,0,5
0.016518782,42,0,0.294398093,5033.0,11,0,1,0,0
0.0,37,0,90.0,5400.0,2,0,0,0,0
0.153357184,51,0,0.405027135,3500.0,16,0,1,0,3
0.059023679,52,0,571.0,5400.0,10,0,0,0,1
0.715450317,56,0,0.864970138,3850.0,7,0,1,0,0
0.0,57,0,0.220157493,24000.0,11,0,2,0,2
0.030155079,69,0,0.679320679,1000.0,16,0,1,0,0
0.71285164,34,1,0.28752547,4416.0,12,0,0,0,1
0.655988386,39,0,1.694159178,3115.0,14,0,1,0,2
0.696209436,50,0,0.530931192,4606.0,11,0,1,0,0
0.124321189,66,1,0.195939804,9900.0,12,0,1,0,0
0.024560965,27,0,1.432783608,2000.0,5,1,1,0,0
0.081216446,47,0,0.33552015,3200.0,8,0,1,0,0
0.001335324,73,0,0.003777358,9000.0,12,0,1,0,0
0.876188928,69,2,0.412974684,5687.0,9,0,1,0,0
0.376044568,39,0,4.12345679,728.0,7,0,2,0,0
0.001136312,28,1,0.206724216,2200.0,12,0,0,1,0
0.130304386,51,0,0.143127763,4750.0,16,0,0,0,2
0.101012691,76,0,23.0,5400.0,2,0,0,0,0
0.067630909,62,0,0.360378298,2008.0,11,0,1,0,0
0.034838646,70,0,0.482991431,3850.0,10,0,1,0,1
0.83719789,46,3,0.249216535,6700.0,6,1,1,1,3
0.01764835,38,0,0.777113578,4683.0,7,0,1,0,1
0.676427155,46,0,2527.0,0.0,13,0,1,0,0
0.018410221,58,0,0.379274457,6725.0,14,0,1,0,0
0.9999999,45,0,0.0,3666.0,0,1,0,0,1
0.813424203,57,0,3100.0,5400.0,9,0,1,0,0
0.584967418,47,0,0.152905855,4662.0,4,0,0,0,3
0.098609832,56,0,0.485002307,6500.0,17,0,2,0,0
0.0,83,0,0.0,5400.0,1,0,0,0,0
0.34812321,47,0,0.463382157,6007.0,11,0,5,0,1
0.071694731,61,0,8196.0,5400.0,10,0,4,0,0
0.095761898,60,0,0.182629517,9187.0,9,0,2,0,0
0.052870805,28,0,0.180282661,2900.0,4,0,0,0,0
0.498233451,31,0,0.471023884,5400.0,9,0,1,0,0
0.9999999,33,0,0.281593724,13000.0,11,0,1,1,2
0.9999999,33,0,1136.0,5400.0,6,0,1,0,0
0.921026325,25,0,0.342610365,2083.0,6,0,0,0,0
0.0,47,2,0.317535545,4430.0,8,0,1,0,0
0.15795596,74,0,0.061466305,4050.0,12,0,1,0,0
0.059847008,38,0,2.584922797,1100.0,4,0,1,0,0
0.174475699,58,0,0.271937202,10700.0,19,0,1,0,1
0.015720839,87,0,0.002464403,3651.0,6,0,0,0,0
0.812318768,75,0,0.136543116,7850.0,4,0,1,0,0
2.023255814,43,0,237.0,5400.0,2,6,0,0,0
0.067426756,42,0,0.124100103,2916.0,5,0,0,0,0
0.389008171,60,2,0.324854852,7233.0,14,0,1,1,0
0.001569182,79,0,0.199380165,5807.0,5,0,1,0,0
0.335369239,28,1,0.110820244,4583.0,4,0,0,0,1
0.660917424,74,0,0.659168371,5867.0,10,0,1,0,0
0.373087564,41,0,0.047518947,18076.0,5,0,0,0,3
0.052905256,61,0,0.563718141,2000.0,3,0,1,0,1
0.06887326,67,1,0.185703285,7791.0,9,0,1,0,0
0.389287942,43,0,1905.0,5400.0,9,0,1,0,0
0.008190216,49,0,1137.0,5400.0,3,0,1,0,0
0.03546916,62,0,0.191970466,6500.0,6,0,2,0,0
3.210493442,29,0,0.184493492,5300.0,13,0,0,0,0
0.011551807,50,0,0.16575936,9000.0,16,0,1,0,2
0.00439978,73,0,0.000289651,24166.0,3,0,0,0,0
0.008292177,73,0,0.003996004,1000.0,5,0,0,0,0
0.248544027,65,0,0.083190493,8750.0,8,0,0,0,1
0.531935157,57,0,0.385148647,7500.0,21,0,1,0,0
0.180946806,65,0,0.231358208,17500.0,12,0,2,0,0
0.0,42,0,51.0,5400.0,4,0,0,0,0
0.335127004,61,0,1381.0,5400.0,20,0,1,0,0
0.107795864,70,0,0.454083987,6500.0,14,0,2,0,0
0.807479276,61,0,1.21471173,1005.0,6,0,1,0,0
0.097725052,50,0,2357.0,5400.0,14,0,1,0,0
0.046037558,64,0,0.35835222,7500.0,13,0,2,0,0
0.9999999,64,0,0.0,5400.0,0,0,0,0,0
0.925082997,58,1,2200.0,5400.0,3,0,1,0,0
0.240634582,55,0,54.0,0.0,3,0,0,0,0
0.033906539,57,0,0.189535644,7644.0,8,0,0,0,4
0.45993612,63,0,0.463182089,11746.0,9,0,2,0,1
0.520784453,57,0,0.578867158,3936.0,8,0,1,0,0
0.0,28,0,0.090080972,1975.0,5,0,0,0,0
0.009890729,80,0,0.00204499,7823.0,8,0,0,0,0
0.010979192,43,0,349.0,5400.0,17,0,0,0,0
0.0,52,0,0.457043344,2583.0,2,0,1,0,2
0.9999999,38,1,0.386823891,3900.0,3,1,1,2,2
0.0,50,0,350.0,5400.0,11,0,0,0,0
0.070112185,73,0,0.230861531,8333.0,7,0,2,0,0
0.220590246,79,0,0.336562978,1960.0,11,0,1,0,0
0.544091182,55,0,590.0,0.0,3,0,1,0,0
0.0,78,0,1082.0,5400.0,5,0,1,0,0
0.155812987,49,0,0.241765481,6071.0,12,0,2,0,2
0.01257706,60,0,0.40230926,4416.0,6,0,1,0,0
0.229980033,56,0,0.734305266,3360.0,14,0,1,0,1
0.982952834,46,1,0.441945977,7070.0,8,0,1,1,0
0.034409335,45,2,0.246047572,14041.0,8,0,2,0,1
0.266287209,45,0,0.025956547,5200.0,7,0,0,0,0
0.040895142,34,0,0.228626137,10444.0,14,0,2,0,1
0.011093921,79,0,8.0,5400.0,7,0,0,0,0
0.034032199,79,0,0.364127175,5000.0,7,0,1,0,0
0.123997012,60,1,0.6611949,12000.0,22,0,14,0,1
0.0,45,1,2858.0,5400.0,5,0,1,0,0
0.723930794,32,0,0.101622685,6100.0,7,0,0,0,0
0.215476018,56,2,0.334443982,2400.0,9,0,0,0,1
1.051189762,58,0,0.246367151,7500.0,3,0,1,0,1
0.793465739,43,2,0.29135188,11250.0,9,0,2,0,2
0.640035996,33,1,0.171994597,2220.0,6,0,0,0,1
0.079820557,52,0,1.031455743,4100.0,22,0,2,0,0
1.031076582,26,0,0.01874099,2080.0,5,0,0,0,0
0.290981046,60,1,0.330452466,5900.0,12,0,1,0,0
0.012107441,70,0,0.007768876,4118.0,6,0,0,0,0
0.900119422,43,1,1493.0,5400.0,14,0,0,1,0
0.014291814,46,0,18.0,5400.0,8,0,0,0,0
0.2326304,45,0,0.612846788,4000.0,11,0,2,0,0
0.282345919,40,0,847.0,5400.0,1,2,0,0,0
0.067797288,46,0,0.194383821,6872.0,6,0,1,0,3
0.004972238,68,0,13.34318483,6800.0,4,0,1,0,0
0.980420898,42,0,0.527259008,5300.0,6,0,1,0,1
0.379262074,50,0,124.0,5400.0,4,0,0,0,0
0.9999999,34,0,0.280307186,7291.0,4,0,1,0,2
0.0,63,0,760.0,5400.0,8,0,1,0,0
0.025748713,51,0,0.070704185,7000.0,3,0,0,0,2
0.082722809,67,0,0.015830695,6000.0,3,0,0,0,0
0.004117344,42,0,1586.0,5400.0,8,0,2,0,0
1.050452166,61,1,0.644187414,5100.0,11,0,2,0,0
0.077912029,32,0,0.149962509,4000.0,4,0,0,0,0
0.085418117,69,0,0.169429098,3800.0,6,0,1,0,1
0.369536502,40,1,1.405807535,4166.0,13,0,3,0,0
0.769097454,59,0,0.80034647,2308.0,5,0,1,0,0
0.122732317,43,0,0.079014754,8200.0,7,1,0,0,1
0.014244607,84,0,0.2197982,11000.0,7,0,1,0,0
0.420357669,40,0,0.988191423,1608.0,8,0,1,0,1
0.14822199,56,0,0.895815782,3560.0,7,0,2,0,0
0.047039707,30,0,0.003083076,12000.0,5,0,0,0,0
0.027072439,57,1,1198.0,5400.0,20,0,1,0,3
0.041024115,59,0,5700.0,5400.0,8,0,3,0,3
0.700854701,58,1,34.0,5400.0,2,0,0,0,0
0.916083916,31,1,1308.0,5400.0,3,0,1,0,0
0.109744513,67,0,0.015112764,4300.0,3,0,0,0,0
0.137694496,62,0,0.600399886,3500.0,16,0,1,0,0
0.732449216,49,0,0.164036869,6400.0,8,0,0,0,0
0.9999999,46,1,1650.0,5400.0,1,0,1,0,0
0.9999999,38,0,0.175686399,6300.0,2,0,0,0,1
0.0,63,1,0.256686236,3065.0,9,0,1,0,2
1.008181586,50,3,3814.0,5400.0,10,0,1,0,0
0.102360478,68,0,0.145579568,5089.0,4,0,0,0,0
0.03569881,77,0,38.0,0.0,5,0,0,0,0
0.24215157,31,0,0.006791171,5300.0,1,0,0,0,1
0.050389654,77,0,0.204682978,3800.0,5,0,0,0,1
0.0,71,0,0.0,4694.0,3,0,0,0,0
0.015749821,51,0,1.865134865,1000.0,26,0,2,0,5
0.568170624,53,0,0.631117348,5700.0,13,0,2,0,3
0.009246012,64,0,0.223966194,6625.0,4,0,1,0,1
0.9999999,56,0,0.478821363,3800.0,2,0,1,0,1
0.149879895,71,2,0.023048113,3470.0,3,0,0,0,1
0.213315172,30,0,1.721455458,796.0,6,0,1,0,0
0.074923344,21,0,0.028423773,1160.0,3,0,0,0,0
0.012499684,62,0,0.131144809,6000.0,11,0,0,0,0
0.354235783,50,0,0.405953992,6650.0,8,0,2,0,1
0.216151793,42,0,1972.0,1.0,8,0,2,0,0
0.006617941,51,0,0.001071237,5600.0,4,0,0,0,4
0.9999999,26,0,0.0,764.0,1,0,0,0,0
0.320953226,52,0,0.494366584,10916.0,19,0,5,0,1
0.795640872,23,1,0.230809399,1914.0,10,4,0,1,1
0.038640939,65,0,0.295093162,10250.0,11,0,2,0,0
0.071112505,79,0,0.101497504,600.0,4,0,0,0,0
0.016411895,42,0,0.374274287,7750.0,6,0,4,0,2
0.0,28,0,0.0,1825.0,3,0,0,0,0
0.027424314,45,0,1232.0,5400.0,5,0,1,0,0
0.138981791,48,0,0.364148714,11000.0,7,0,3,0,2
0.010344114,34,0,1113.0,5400.0,8,0,1,0,0
0.144873451,38,0,0.553701128,6470.0,9,0,2,0,1
0.286445558,31,0,0.181420537,4800.0,5,0,0,0,0
0.013878367,74,0,1831.0,5400.0,9,0,2,0,1
0.14421267,67,1,0.424036005,8220.0,10,0,2,1,1
0.0,47,0,0.076824584,7028.0,9,1,1,0,0
0.15627748,51,0,0.184413193,11945.0,4,0,1,0,0
0.004950739,49,0,0.248216976,9954.0,5,0,1,0,2
0.0,56,3,0.312913066,3933.0,7,0,2,1,2
0.0,60,0,0.0,5400.0,1,0,0,0,0
0.202721879,57,0,0.398294058,6916.0,11,0,3,0,0
0.085742772,63,0,702.0,5400.0,7,0,1,0,0
0.080224999,41,0,0.078674065,7028.0,20,0,0,0,1
0.675081924,53,0,0.411113843,12200.0,7,0,2,0,2
0.780354592,40,1,3513.0,5400.0,5,0,1,0,0
0.9999999,52,0,1022.0,5400.0,3,0,1,0,0
0.855714505,62,0,2695.0,5400.0,6,0,2,1,0
0.577158508,64,0,1.177300794,3400.0,15,0,2,0,0
0.01349865,57,0,0.024861737,78111.0,9,0,2,0,0
0.315291578,46,0,0.302814513,8846.0,8,0,1,0,2
0.590207741,32,1,0.23476298,3100.0,8,0,0,0,0
0.309496208,44,0,1.018874644,5615.0,12,0,2,0,2
0.011671838,67,1,0.279338242,11000.0,8,0,1,0,1
0.037505825,65,0,2113.0,5400.0,15,0,2,0,0
0.00734537,71,0,2747.0,5400.0,5,0,2,0,0
0.167304475,54,0,0.595895817,3800.0,5,0,1,0,1
0.098303911,40,0,0.556088782,5000.0,10,0,1,0,0
0.014922503,58,0,0.26874716,6600.0,4,0,1,0,3
0.690130676,42,0,0.460825611,5934.0,8,0,1,0,3
0.690473545,65,0,1.554178329,2500.0,7,0,2,0,0
0.080274247,52,0,2499.0,0.0,6,0,1,0,2
0.834607215,63,0,0.537758791,15214.0,8,0,2,0,1
0.663352462,25,2,0.173930428,2500.0,14,0,0,0,2
0.060437729,55,0,2222.0,5400.0,5,0,1,0,2
0.351550527,52,1,0.892123097,9000.0,20,0,3,1,3
0.002496418,68,0,0.176871949,17000.0,16,0,2,0,1
0.688403421,45,0,0.690435379,5833.0,14,0,2,0,1
0.127324845,77,0,1349.0,5400.0,4,0,1,0,0
0.012861252,81,1,1679.0,5400.0,5,0,1,0,0
0.293129972,60,0,0.358910272,4000.0,7,0,1,0,1
0.917401343,40,0,1049.0,5400.0,9,0,0,0,0
0.804824641,45,0,0.126898673,5200.0,4,0,0,0,0
0.075703624,41,0,0.418446161,2200.0,7,0,1,0,2
0.006879143,52,0,0.223841994,4252.0,10,0,1,0,0
0.21001268,63,0,0.38568637,12281.0,14,0,2,0,0
0.254713377,78,0,0.434376008,3100.0,11,0,1,0,0
0.100117136,50,1,0.208879185,12365.0,15,0,2,0,0
0.04131956,25,0,0.026621672,2666.0,4,0,0,0,1
0.051670099,81,0,0.276686898,2800.0,12,0,1,0,0
0.014497872,64,0,1919.0,5400.0,6,0,1,0,0
0.65363277,52,0,0.961548321,3900.0,12,0,2,0,0
0.522799317,46,4,0.182233648,3500.0,5,0,0,1,2
0.182879839,53,0,1778.0,5400.0,12,0,1,0,0
0.021798547,59,0,0.426794676,4582.0,6,0,2,0,0
0.010928962,31,0,0.083638787,3000.0,2,0,0,0,0
0.612312812,42,0,416.0,5400.0,1,0,0,1,0
0.056826948,71,0,0.258409549,6450.0,6,0,1,0,0
0.002335548,71,0,0.532487505,2600.0,10,0,2,0,0
0.353013124,68,0,2553.0,5400.0,7,0,2,0,0
0.0,44,0,0.28379601,21000.0,6,0,1,0,3
0.023271534,60,1,0.248024668,15566.0,19,0,1,0,1
0.996901572,72,0,0.679835512,6808.0,16,0,1,0,0
0.341127606,41,0,3363.0,5400.0,5,0,2,0,0
0.07247511,50,0,0.140705727,9096.0,6,0,1,0,1
0.195814847,28,0,0.112571746,5400.0,5,0,0,0,1
0.002264661,63,0,0.00159936,2500.0,12,0,0,0,1
0.001582631,97,0,0.001998668,1500.0,15,0,0,1,0
1.012222366,56,1,0.834120865,16083.0,19,0,5,0,4
0.165813381,56,1,0.356200324,12958.0,19,0,1,0,0
0.667810921,76,0,0.443095901,5025.0,13,0,1,0,0
0.100603451,71,0,0.069405886,1800.0,8,0,0,0,0
0.060479499,93,0,0.006470588,6799.0,7,0,0,0,0
0.988011988,29,1,0.102203296,5400.0,6,0,0,0,1
0.9999999,50,0,0.075786283,7916.0,2,0,1,0,0
0.119540675,44,0,0.22935368,6683.0,8,0,1,0,0
0.495124059,25,0,0.24415117,3333.0,5,0,0,0,0
0.117443869,91,0,38.0,5400.0,3,0,0,0,0
0.29376334,42,0,0.419008525,9500.0,11,0,2,0,0
0.885852358,37,5,0.522934004,5166.0,11,1,1,0,0
0.032364981,50,0,1292.5,1.0,12,0,2,0,1
0.797424607,56,1,0.164255716,15000.0,8,0,1,0,0
0.074167488,56,0,2958.0,5400.0,19,0,2,0,0
0.006210695,35,0,0.674024312,3125.0,7,0,1,0,0
0.058310186,50,0,0.366063394,10000.0,8,0,2,0,0
0.020570841,38,0,0.292674059,5500.0,6,0,1,0,2
0.410358828,73,0,0.390854779,8703.0,10,0,1,0,1
0.129029418,46,0,0.029590596,7400.0,3,0,0,0,1
0.0,44,0,1816.0,5400.0,10,0,2,0,0
0.024898228,68,0,0.245629071,5833.0,11,0,1,0,1
0.003562797,85,0,0.141464104,7075.0,17,0,1,0,0
0.874395867,61,0,6712.0,5400.0,6,0,1,0,2
0.721171153,45,3,0.42402363,9140.0,6,0,1,0,3
0.525803226,58,1,0.630099417,5833.0,12,0,2,0,0
0.9999999,34,0,0.0,2494.0,0,0,0,0,2
0.036969501,33,0,0.031566919,7000.0,9,0,0,0,0
0.079775199,45,0,1363.0,5400.0,11,0,1,0,0
0.056342885,73,0,1758.0,5400.0,10,0,1,0,0
0.193697868,30,0,0.544274455,2156.0,6,0,1,0,0
0.9999999,49,0,26.0,5400.0,2,1,0,1,0
0.0,64,0,2698.0,5400.0,6,0,1,0,0
0.510570221,37,0,0.610030264,4625.0,12,0,1,0,2
0.030082557,78,0,0.111256545,4583.0,9,0,1,0,0
0.43042149,55,0,0.668178119,8600.0,12,0,3,0,1
0.133747441,65,0,0.227377262,10000.0,13,0,0,0,1
0.003653792,83,0,0.233922026,3000.0,14,0,2,0,0
0.053065252,66,0,59.0,5400.0,6,0,0,0,0
0.75704859,59,0,0.217926186,5120.0,4,0,0,0,2
0.229887021,62,0,0.449318835,8000.0,13,0,2,0,0
0.54026546,31,0,0.158744808,6500.0,6,0,0,0,0
0.013822439,82,0,0.005791962,8459.0,12,0,0,0,0
0.906950419,48,2,0.308111793,4400.0,7,0,0,0,0
0.0474488,58,0,0.279065652,5650.0,15,0,1,0,3
0.9999999,26,0,0.197046608,4333.0,7,0,0,0,0
0.014631937,78,0,0.464167916,3334.0,18,0,2,0,0
0.312074564,55,1,0.520847915,10000.0,13,0,1,1,2
0.002324942,59,0,1703.0,5400.0,7,0,1,0,0
0.032970946,60,0,0.210107978,6667.0,20,0,1,0,2
0.755913714,63,1,4627.0,5400.0,10,0,1,0,0
0.376381181,43,0,5.352517986,5559.0,10,0,2,0,2
0.9999999,33,0,0.020744814,4000.0,1,0,0,0,3
0.170092538,44,0,0.212889211,5523.0,17,0,0,0,1
0.025424869,55,2,0.521949078,6833.0,11,0,4,0,0
0.040203261,70,0,0.192913814,9200.0,17,0,1,0,1
0.937872733,51,0,0.634169338,10605.0,17,0,2,0,1
0.0,89,0,0.0,5400.0,4,0,0,0,0
0.389340993,44,0,0.27037919,5458.0,8,0,1,0,0
0.206428725,41,0,0.599736957,2280.0,9,0,1,0,0
0.050658076,63,0,0.145856052,7335.0,5,0,1,0,1
0.9999999,35,0,0.083631409,5870.0,5,0,0,0,2
0.242480111,50,1,0.359938993,5900.0,9,0,2,0,1
0.0,26,0,0.0,0.0,1,0,0,0,0
0.009799608,30,0,0.000937458,7466.0,1,0,0,0,0
0.9999999,43,2,1569.0,5400.0,2,0,1,0,0
0.015427899,73,0,0.011149558,2600.0,10,0,0,0,0
0.857295907,26,0,0.889191644,1100.0,8,0,0,0,0
0.886896764,55,0,0.56273519,9300.0,14,0,3,0,1
0.000799968,45,0,0.304299522,9000.0,9,0,2,0,1
0.002296254,77,0,0.203199508,6500.0,4,0,1,0,0
0.06747865,64,1,2598.0,5400.0,8,0,1,0,0
0.0,53,0,0.34097934,6146.0,13,0,2,0,0
0.937306893,35,0,0.215223097,2666.0,8,0,0,0,0
0.048676399,53,0,3240.0,5400.0,19,0,3,0,0
0.169861351,50,0,3723.0,5400.0,10,0,1,0,0
0.041150268,61,0,0.284755957,8645.0,8,0,2,0,0
0.03047619,26,0,0.004374317,6400.0,5,0,0,0,0
0.02053061,51,0,0.464574417,4205.0,12,0,1,0,0
0.0,43,0,0.0,2300.0,8,0,0,0,1
0.0,22,0,0.051823417,2083.0,1,0,0,0,0
0.100214538,66,0,930.0,5400.0,9,0,0,0,0
0.016206586,69,0,0.003004447,8320.0,3,0,0,0,0
0.089184894,68,0,0.019617179,10500.0,7,0,0,0,0
0.012654085,40,0,0.0029994,3333.0,3,0,0,0,0
0.00554095,51,0,0.342255038,6500.0,6,0,1,0,0
0.043427547,62,0,0.489019697,4416.0,18,0,1,0,2
0.451888995,39,0,0.565572405,6000.0,16,0,1,0,0
0.031454661,60,0,0.326744052,8700.0,7,0,2,0,0
0.280220583,48,1,1.906764531,5040.0,13,0,3,0,1
0.20842108,46,2,0.395489842,9400.0,12,0,3,0,1
0.00627401,53,0,0.001621329,5550.0,8,0,0,0,0
0.047660629,41,0,0.24371192,6400.0,11,0,1,0,2
0.008361182,77,0,343.0,0.0,14,0,0,0,0
0.040784258,35,0,0.008372322,4060.0,2,0,0,0,0
0.0,54,0,4744.0,5400.0,14,0,2,0,0
0.449468596,54,0,0.299100129,7000.0,13,0,2,0,1
0.003800058,63,0,10.0,5400.0,12,0,0,0,0
0.0,25,0,0.231008441,2250.0,5,0,0,0,0
0.033995751,67,0,13.0,5400.0,9,0,0,0,0
0.208507878,50,0,0.511168126,6625.0,15,0,4,0,1
0.004180591,39,0,0.620989505,3334.0,14,0,2,0,0
0.0,37,0,0.490923441,3800.0,11,0,1,0,1
0.33242692,35,0,1973.0,5400.0,6,0,1,0,0
0.0,66,0,0.599050119,8000.0,6,0,0,0,0
0.967527061,54,0,0.138229634,3117.0,3,1,0,0,1
0.000619988,52,0,0.0,5400.0,2,0,0,0,0
0.003749866,62,0,528.0,5400.0,2,0,0,0,0
0.043165639,69,0,0.180427603,5752.0,6,0,1,0,1
0.021744564,78,0,0.001763668,1700.0,3,0,0,0,0
0.077660195,68,0,0.033403733,23200.0,4,0,1,0,1
0.036773535,62,0,0.138820205,2830.0,10,0,1,0,0
0.0,28,1,0.0,1400.0,3,0,0,2,1
0.899539895,36,0,0.369143305,5100.0,11,0,0,0,3
0.952797327,29,2,0.490200784,12500.0,12,0,2,0,0
0.014213778,42,0,0.146903638,3600.0,7,0,0,0,0
0.526957585,41,0,0.353265688,10150.0,5,0,2,0,2
0.626096977,37,0,0.60240773,12625.0,13,0,4,0,0
0.033368912,59,0,0.088735731,4642.0,4,0,0,0,0
0.309865276,22,0,23.0,5400.0,3,0,0,0,0
0.256940878,66,0,0.271096023,4123.0,8,0,0,0,2
0.029644502,60,2,25.0,5400.0,5,0,0,1,0
0.222227289,49,0,0.551689662,5000.0,17,0,1,0,2
0.016515596,97,0,0.008581236,1747.0,2,0,0,0,0
0.40037204,47,0,4752.0,5400.0,15,0,3,0,0
0.076878094,54,0,372.0,5400.0,9,0,0,0,1
0.002722245,49,0,0.338310493,4888.0,17,0,1,0,1
0.621221011,66,0,0.654644919,9870.0,19,0,1,0,0
0.024066437,40,0,0.233595801,8000.0,9,0,2,0,1
0.008127314,52,1,2239.0,5400.0,6,0,2,0,0
0.018108432,69,0,1.415631627,3300.0,13,1,2,0,0
0.238211127,67,0,0.152379683,7500.0,11,0,0,0,1
0.582411278,35,0,0.557300509,2355.0,6,0,1,0,1
0.942814444,49,0,0.588039234,10500.0,8,0,1,0,2
0.9999999,48,1,0.342346579,4252.0,2,1,1,0,2
0.028332153,64,0,39.0,5400.0,8,0,0,0,0
0.077323175,67,0,0.473616057,3088.0,8,0,1,0,0
0.069053637,59,0,0.066207269,7400.0,5,0,1,0,0
0.30139452,65,0,3588.0,5400.0,7,0,1,0,0
0.060331099,53,0,0.31148429,3691.0,14,0,1,0,2
0.390763654,60,0,6160.0,5400.0,13,0,2,0,2
0.233615126,54,0,0.32419035,3025.0,12,0,0,0,2
0.225495315,75,0,0.384578467,6250.0,16,0,1,0,0
0.960803931,40,1,0.606922851,3408.0,23,1,0,0,2
0.0,41,0,0.173931808,6950.0,7,0,1,0,2
0.036609752,84,0,0.155672823,1136.0,3,0,0,0,0
0.828343313,36,1,0.611580765,11000.0,4,0,1,0,0
0.351511422,31,1,0.259513984,2180.0,4,0,0,0,0
0.684782609,45,0,0.038121596,11200.0,4,0,0,0,0
0.648785583,44,0,0.240317776,12083.0,6,0,1,0,3
1.0269973,34,0,0.065517975,4700.0,1,0,0,0,0
0.149781789,61,0,0.130344306,5285.0,2,0,0,0,0
0.169187984,42,0,521.0,5400.0,8,0,0,0,0
0.454451417,41,1,0.28282482,5833.0,10,0,1,0,0
0.658835417,44,0,1164.0,5400.0,10,0,0,0,0
0.878640511,38,1,0.239683224,18561.0,11,0,1,0,3
0.9999999,49,1,0.33079486,2100.0,4,0,0,1,0
0.021279036,52,0,3380.0,5400.0,14,0,2,0,0
0.241847471,59,0,5617.0,5400.0,11,0,2,0,0
0.005122783,42,0,1608.0,5400.0,14,0,1,0,1
0.0,28,0,0.309027137,5416.0,7,0,1,0,1
0.00519896,43,0,0.0,3000.0,1,0,0,0,0
0.0,87,0,0.0,2545.0,6,0,0,0,0
0.465578384,62,0,0.68560905,3800.0,14,0,0,0,0
0.014743044,52,0,0.037499063,40000.0,7,0,1,0,2
0.089871612,22,0,0.002217295,450.0,1,0,0,0,0
0.0,63,0,5.0,5400.0,11,0,0,0,0
0.287720007,31,0,1900.0,5400.0,7,0,1,0,0
0.809748646,46,0,0.515765188,3900.0,12,0,1,0,2
0.141029673,48,0,0.742391539,9265.0,13,0,3,0,1
0.695384194,45,2,0.410686223,3817.0,6,0,1,1,1
0.026665185,49,0,726.0,5400.0,6,0,1,0,0
0.121710422,47,1,0.021706017,5251.0,3,0,0,0,2
0.093871041,66,0,1288.0,1.0,20,0,1,0,0
0.03863961,53,0,0.304339385,10300.0,10,0,1,0,0
0.420878956,43,0,0.724587912,1455.0,7,0,1,0,0
0.0,38,2,0.181927229,2500.0,4,0,0,0,0
0.00309617,62,0,0.01169883,10000.0,7,0,0,0,1
0.269910831,46,0,0.362441672,10500.0,6,0,1,0,2
0.94023357,46,2,0.358165103,10550.0,9,0,2,0,1
0.366938077,58,0,0.201799888,16000.0,16,0,2,0,1
0.9999999,39,0,0.048475762,2000.0,1,0,0,0,1
0.9999999,63,2,0.600337268,3557.0,10,0,2,0,0
0.174041844,30,0,0.441711658,5000.0,6,0,1,0,0
0.167502172,35,0,0.049397236,3400.0,3,0,0,0,1
0.546822659,54,0,0.24548272,17100.0,11,0,4,0,2
0.0,33,0,0.179117269,7000.0,7,0,1,0,0
0.097724496,48,0,0.683697265,4716.0,11,0,2,0,4
0.0,56,0,457.0,5400.0,2,0,0,0,0
0.0,39,0,0.286580895,15000.0,6,0,1,0,5
0.9999999,56,0,0.0,6200.0,1,0,0,0,0
0.006080043,57,0,0.107551717,9957.0,8,0,1,0,0
0.002430404,57,0,0.064903191,11000.0,15,0,0,0,0
0.106522895,39,1,0.200943924,12500.0,9,0,1,0,2
0.128978504,25,0,0.377081945,1500.0,6,0,0,0,0
0.181744704,60,0,0.687177909,13000.0,23,0,5,0,0
0.010866738,36,0,1806.0,5400.0,9,0,1,0,0
0.107742457,72,0,0.021829695,6000.0,6,0,0,0,0
0.002232454,36,1,0.000453926,2202.0,3,0,0,0,4
0.022051471,59,0,12.0,5400.0,6,0,0,0,0
0.0,65,0,0.340336134,6663.0,7,0,1,0,0
0.0,34,0,1471.0,5400.0,6,0,2,0,0
0.126554333,47,1,0.37584672,5166.0,11,0,2,0,0
0.005491475,44,0,0.002661934,2253.0,5,0,0,0,1
0.0,31,0,0.023421879,3500.0,6,0,0,0,0
1.04532729,43,0,0.264159924,2100.0,4,0,0,0,2
0.058511932,64,0,0.021985343,3001.0,9,0,0,0,0
0.241787886,57,0,0.164547922,7000.0,10,0,0,0,0
0.9999999,62,2,433.0,5400.0,9,0,0,0,0
0.053670371,70,0,49.0,5400.0,4,0,0,0,0
0.0,60,0,0.51747712,9068.0,9,0,2,0,0
0.981954958,43,9,0.781527309,8000.0,9,0,1,0,0
0.9999999,23,0,0.099450275,2000.0,2,0,0,0,0
0.027870155,58,1,2136.0,5400.0,19,0,1,0,2
0.167309979,42,0,0.524721134,6633.0,8,0,2,0,1
0.762141262,40,1,0.736827884,3700.0,16,0,2,0,0
0.153905325,67,0,0.273116744,2800.0,8,0,1,0,0
0.066932912,44,0,774.0,5400.0,4,0,0,0,0
0.012489367,35,1,0.075066276,7166.0,9,0,0,0,0
0.122562402,55,0,2981.0,5400.0,13,0,1,0,0
0.658371401,49,0,0.370902818,10433.0,18,4,1,0,1
0.028568641,42,0,5843.0,5400.0,9,0,3,0,0
0.278990257,42,0,0.269028508,3612.0,13,0,0,0,0
0.01953334,79,0,0.372073101,3501.0,14,0,1,0,0
0.032520325,46,0,0.260836958,6666.0,5,0,2,0,0
0.005803993,92,0,24.0,5400.0,7,0,0,0,0
0.053445763,60,1,0.838472033,3664.0,25,0,2,0,1
0.258741259,25,0,0.0030606,4900.0,3,0,0,0,0
0.069372247,92,0,0.039584166,2500.0,3,0,0,0,0
0.322570566,31,1,0.164353137,1800.0,7,0,0,0,1
0.9999999,22,18,0.0,0.0,0,18,0,18,0
0.0,51,0,1656.0,5400.0,5,0,1,0,0
0.30594322,33,0,0.255186203,4000.0,8,0,0,1,1
0.061466973,63,0,0.131672598,5900.0,3,0,1,0,1
0.014282575,68,0,818.0,5400.0,13,0,1,0,0
0.230161063,48,0,4959.0,5400.0,26,0,2,0,3
0.175310279,46,0,0.546113472,4000.0,10,0,1,0,3
0.372901135,61,0,1433.0,5400.0,13,0,2,0,0
0.108910258,64,0,1832.0,5400.0,10,0,1,0,0
0.492812641,44,0,0.428480068,4690.0,8,0,2,0,5
0.005392354,41,0,0.000185168,10800.0,6,0,0,0,0
0.09595235,49,0,0.04147926,2000.0,6,0,0,0,0
0.011296396,55,0,0.230196645,9000.0,10,0,1,0,1
0.9999999,43,2,2643.0,5400.0,3,0,1,0,0
0.060016027,40,0,2.163612129,3000.0,20,0,1,0,0
0.55190097,54,0,1.740753082,3000.0,14,0,2,0,2
0.112465167,37,0,0.454363651,12500.0,11,0,3,0,0
0.129004329,53,0,0.040063996,15000.0,6,0,0,0,5
0.05187958,84,0,0.098816864,6000.0,10,0,1,0,0
0.112967908,65,0,0.186655556,16800.0,13,0,2,0,2
0.702676079,52,0,1.033210332,2709.0,16,0,3,0,2
0.003984679,51,0,0.020350547,8500.0,16,0,1,0,0
0.309617918,42,0,0.921413625,4300.0,11,0,1,0,1
0.052297806,61,0,0.224774312,8750.0,12,0,1,0,0
0.167680484,33,0,4364.0,5400.0,16,0,3,0,0
0.006832882,71,0,0.125624792,3000.0,9,0,0,0,0
0.177446234,39,0,0.124487551,10000.0,11,0,2,0,2
0.509981255,64,0,0.57368931,9288.0,14,0,1,0,0
0.0,47,3,1.058284763,1200.0,6,0,1,1,4
0.050307982,78,0,381.0,5400.0,7,0,1,0,0
0.978667903,63,2,2417.0,5400.0,10,0,0,0,0
0.348609706,61,1,2709.0,5400.0,12,0,1,0,2
0.0,64,0,0.0,11750.0,5,0,0,0,0
0.026305669,29,0,0.01996008,500.0,3,0,0,0,0
1.050101024,37,0,0.518578092,6216.0,9,2,1,1,2
0.0,24,0,520.0,5400.0,2,0,0,0,0
0.175081576,52,0,0.569150202,4200.0,9,0,1,0,1
0.0,59,0,0.060698741,8500.0,5,0,0,0,2
0.233776788,48,1,0.433427762,6000.0,9,0,2,0,2
0.9999999,39,1,0.663194444,3167.0,5,0,2,0,2
0.036704522,59,1,0.267811016,12000.0,27,0,2,0,1
0.162153959,41,0,0.26710403,3200.0,8,0,0,0,2
0.033311777,49,0,0.169566087,5000.0,8,0,0,0,4
0.0,86,0,0.0,5400.0,2,0,0,0,0
0.342368886,51,0,0.443000371,8078.0,10,0,1,0,0
0.0,58,0,1819.0,5400.0,5,0,1,0,0
0.342114309,44,0,0.401030539,7956.0,14,0,1,0,2
0.038530515,27,0,734.0,1.0,9,0,1,0,0
0.273564768,38,0,0.592092092,1997.0,7,0,0,0,2
0.009587953,56,0,1669.0,5400.0,5,0,1,0,0
0.655083965,51,0,0.33952445,11144.0,16,0,1,0,2
0.379873376,44,0,0.067009426,5834.0,3,0,0,0,0
0.135986401,52,0,0.283952675,6000.0,11,0,1,0,0
0.9999999,33,0,1.087982404,5000.0,5,0,4,0,0
0.875891002,43,0,0.256532067,13050.0,13,0,1,0,0
0.1062625,49,0,0.300354796,17192.0,5,0,2,0,2
0.130231093,36,0,0.578526381,6500.0,8,0,2,0,0
0.952859014,53,2,0.508998,4500.0,26,0,1,2,2
1.069413774,35,0,0.192228806,8775.0,4,0,0,0,1
0.662877592,56,0,0.234930007,10500.0,7,0,1,0,1
0.123180601,68,0,0.428419936,6600.0,16,0,2,0,1
0.008961651,72,0,0.012567325,2784.0,5,0,0,0,0
0.984015984,32,0,0.104631789,3000.0,2,2,0,1,1
0.145850198,30,0,0.408894577,6250.0,9,0,2,0,0
0.078357201,40,0,0.342655145,6364.0,9,0,1,0,0
0.148660837,33,0,0.011290967,10007.0,4,0,0,0,0
0.775048423,81,1,0.725044747,7262.0,21,0,2,0,0
0.12967875,49,0,0.361251639,5336.0,9,0,2,0,3
0.765228038,60,3,0.571650552,5791.0,17,0,2,1,0
0.405837665,28,0,30.0,5400.0,1,0,0,0,0
0.9999999,61,0,0.273174038,5900.0,9,0,2,0,3
0.0,60,0,2.214955218,4800.0,10,0,3,0,1
0.537436125,27,0,1.266370699,900.0,8,1,0,1,0
0.706540256,54,0,0.23992838,3350.0,6,0,1,0,0
0.019332045,75,0,0.000727207,11000.0,2,0,0,0,0
0.059179389,56,0,0.014182344,3454.0,4,0,0,0,0
0.394747189,63,0,0.493920562,3700.0,4,0,1,0,0
0.561495002,55,1,0.180474634,7036.0,17,0,0,0,0
0.123207095,38,0,0.199823555,6800.0,3,0,1,0,0
0.6209485,51,0,0.571685663,5000.0,14,0,2,0,0
0.16158548,41,0,0.666133455,4375.0,14,0,3,0,0
0.448197322,35,0,0.176588217,6500.0,4,0,1,0,0
0.016379222,54,0,0.854451067,5200.0,25,0,2,0,1
0.291806509,54,0,3102.0,5400.0,28,0,2,0,0
0.124903861,47,1,0.38354886,7500.0,10,0,1,0,0
0.543787738,58,0,0.745301879,2500.0,9,0,0,0,0
0.502590674,35,0,0.045513824,7667.0,5,0,0,0,1
0.0,73,0,3335.0,5400.0,8,0,2,0,0
0.058999054,40,0,0.295950675,6000.0,5,0,1,0,0
0.792811458,30,0,0.194892978,2662.0,9,0,0,0,4
0.004070724,75,0,0.002039152,2451.0,5,0,0,0,0
0.406843472,62,0,0.352048902,4416.0,11,0,0,0,0
0.029867966,65,0,0.830113258,1500.0,5,0,1,0,0
0.091637883,46,0,2167.0,5400.0,7,0,1,0,1
0.455809932,32,0,1.368157286,2593.0,6,0,1,0,0
0.78925707,63,1,0.18751179,5300.0,17,0,0,0,0
0.071946403,66,0,49.0,5400.0,6,0,0,0,0
0.0,47,0,0.199344075,14025.0,9,0,1,0,4
0.98503498,43,0,0.490887614,5925.0,15,0,0,0,0
0.0,78,0,870.0,5400.0,7,0,1,0,0
0.204149974,77,0,0.259399445,3962.0,9,0,0,0,1
0.013472975,33,0,0.362909273,4000.0,9,0,1,0,0
0.0,71,0,0.061652522,10250.0,13,0,1,0,0
0.432213982,33,0,0.328206114,5200.0,6,0,1,0,1
0.9999999,45,1,0.282213773,7100.0,5,0,1,0,4
0.035162358,78,0,0.012329224,3000.0,2,0,0,0,0
0.99827278,58,0,2752.0,0.0,6,0,2,0,2
0.0,30,0,183.0,5400.0,4,0,0,0,0
0.406596687,41,0,0.271866546,4435.0,7,0,1,0,0
0.991916835,54,0,0.604577743,3800.0,4,0,0,0,0
0.908218356,40,0,0.2893649,2660.0,4,0,0,0,0
0.603536329,60,0,3213.0,5400.0,11,0,3,0,1
0.278899751,41,0,0.392525589,4200.0,6,0,1,0,3
0.247021998,57,0,0.447598103,14550.0,11,0,4,0,0
0.034907504,41,0,2091.0,5400.0,8,0,2,0,0
0.0,66,0,0.005038388,4167.0,1,0,0,0,0
0.019192323,34,3,0.177789787,3700.0,6,3,0,0,0
0.06084845,77,0,396.0,5400.0,4,0,1,0,0
0.141057263,72,0,0.038793103,1623.0,1,0,0,0,0
0.023236231,69,0,0.031210986,800.0,3,0,0,0,0
0.823112999,51,1,0.537720414,5500.0,12,0,2,1,0
0.011923671,51,0,0.410676657,8541.0,9,0,3,0,0
0.32123351,34,1,0.276672333,10000.0,5,0,1,0,2
0.043611027,61,0,0.142097426,4700.0,6,0,1,0,1
0.043590564,78,1,0.146463384,4000.0,9,0,1,0,0
0.9999999,80,0,0.322580645,2169.0,3,1,0,3,0
0.485902819,37,0,0.180915922,7052.0,3,0,0,0,0
0.073641409,64,0,0.319932203,14749.0,18,0,1,0,0
0.122528945,38,0,0.552779513,1600.0,10,0,1,0,2
0.478093066,42,0,0.210526316,2583.0,6,0,0,0,0
0.000947269,67,1,0.189163002,13416.0,11,0,2,0,0
0.9999999,31,0,2.263435701,2083.0,6,1,2,0,0
0.0,91,0,0.0,5400.0,3,0,0,0,0
0.675750251,40,1,0.628097242,8555.0,13,0,3,0,2
0.034829046,49,0,0.00979804,5000.0,2,0,0,0,0
0.679874772,52,0,0.272844748,5416.0,10,0,1,0,0
0.194907777,51,0,0.220423544,18840.0,10,0,2,0,2
0.629887055,39,0,380.0,5400.0,4,1,0,0,3
0.605015799,37,0,1.441303012,3253.0,4,0,2,0,0
0.093154915,88,0,0.00959808,5000.0,5,0,0,0,0
0.29868805,54,0,0.992611908,2300.0,11,0,2,0,1
0.13036156,66,0,0.008479322,12500.0,4,0,0,0,1
0.477876106,39,0,0.563768555,3300.0,4,0,0,0,0
0.9999999,23,0,0.0,770.0,0,1,0,0,0
0.02521303,64,0,0.014616322,3283.0,18,0,0,0,0
0.053967137,68,1,0.74690124,2500.0,9,0,1,0,0
0.958809908,65,0,0.683172656,2281.0,11,0,2,0,0
0.222388515,60,1,0.861805351,3400.0,19,0,1,0,1
0.498582547,40,1,873.0,5400.0,4,0,0,1,0
0.006112454,62,0,0.223342133,12500.0,12,0,2,0,2
0.513004056,71,0,0.854525264,1800.0,11,0,1,0,0
0.9999999,28,0,0.193806194,1000.0,4,0,0,0,0
0.559096846,49,0,1.016995751,4000.0,8,0,2,0,2
0.013796114,69,0,747.0,5400.0,7,0,1,0,0
0.074909787,36,0,0.371802968,6333.0,5,0,1,0,2
0.428071491,27,0,0.096173733,2900.0,6,0,0,0,1
0.0,57,0,0.362694301,7333.0,9,0,1,0,1
0.060803026,67,0,0.329158542,13333.0,9,0,3,0,0
0.916229738,47,1,0.551532942,3065.0,13,0,0,0,2
0.188963517,57,0,0.264331596,8250.0,6,0,1,0,4
0.141127286,53,0,2392.0,5400.0,5,0,1,0,0
0.099764127,38,0,0.227337942,7666.0,9,0,1,0,0
0.033196177,82,0,66.0,5400.0,7,0,0,0,0
0.745389913,25,0,0.12180268,820.0,4,0,0,0,0
0.025044316,53,0,0.221446523,3580.0,3,0,1,0,0
0.014030812,50,0,0.246864207,5500.0,5,0,1,0,0
0.123232313,64,0,0.890177204,18283.0,32,0,8,0,2
0.9999999,54,0,0.148242872,10556.0,4,0,1,0,0
0.742518392,45,1,0.553357314,8339.0,7,0,1,0,1
0.195899109,47,0,0.562887423,5000.0,9,0,1,0,0
0.043294762,62,0,0.714064676,12925.0,12,0,4,0,0
0.034136586,73,0,52.0,5400.0,7,0,0,0,0
0.542825109,48,0,1.521457966,1700.0,9,0,1,0,0
0.0,46,0,0.27571751,3100.0,2,0,1,0,0
0.080194092,81,1,0.164128596,6500.0,7,0,2,0,0
0.132457336,76,0,0.49877571,4083.0,13,0,2,0,1
0.377001138,52,0,3764.0,5400.0,12,0,2,0,0
0.153475217,48,0,0.300796991,11166.0,12,0,3,0,0
0.028809648,50,0,0.398908967,5865.0,9,0,2,0,0
0.000488542,47,1,1473.0,0.0,14,0,1,0,2
0.015062593,77,0,23.0,5400.0,12,0,0,0,0
0.765856438,26,0,0.306538692,1666.0,5,0,0,0,0
0.068943772,55,0,3115.0,5400.0,20,0,1,0,0
0.551684427,58,0,9059.0,5400.0,33,0,1,0,2
0.620665027,34,0,0.383308346,2000.0,3,0,0,0,0
0.043635826,55,6,0.041263622,8166.0,16,0,0,0,2
0.276490679,59,1,0.152483391,3160.0,5,0,0,0,0
0.0,55,0,0.029569892,5579.0,13,0,0,0,0
0.757400893,44,2,0.651397977,3361.0,15,0,1,0,1
0.436847522,31,6,0.074442675,7535.0,14,0,0,1,2
0.9999999,53,0,0.428897773,1750.0,5,0,0,0,0
0.203879612,49,1,0.01926113,3166.0,1,0,0,0,0
0.133460139,61,0,0.378575903,4788.0,11,0,1,0,0
0.236309608,54,0,0.158290031,22900.0,5,0,2,1,0
1.03187251,29,0,0.002393162,2924.0,1,2,0,0,2
0.13702934,71,0,0.958534771,5377.0,11,0,2,0,1
0.940630798,52,0,0.680136112,2350.0,11,2,0,1,1
0.317778054,49,0,0.516717325,3289.0,9,1,1,0,2
1.014976048,39,0,1059.0,5400.0,3,2,0,0,0
0.543435049,36,1,0.588102974,4000.0,7,0,1,0,0
0.384711518,34,0,893.0,5400.0,4,0,1,2,0
0.01207863,62,0,40.0,5400.0,4,0,0,0,0
0.108356215,31,0,0.093538022,2800.0,8,0,0,0,0
0.0,33,0,0.058117835,3750.0,8,2,0,0,0
0.143895203,51,0,4797.0,5400.0,7,0,1,0,0
0.283346507,67,1,0.085856148,14500.0,10,0,0,0,0
0.101549855,67,0,0.235826087,11499.0,6,0,1,0,0
0.260964987,72,0,0.346472436,3500.0,9,0,1,0,0
1.025374856,45,1,0.12617789,4350.0,6,0,0,0,1
0.064803297,47,1,0.389178175,4416.0,12,0,1,0,1
0.095645218,53,0,0.003930763,14500.0,1,0,0,0,1
0.004840733,38,0,100.0,5400.0,15,0,0,0,0
1.513981358,54,2,145.0,5400.0,4,0,0,0,0
0.158880208,55,0,0.31504329,9239.0,11,0,2,0,0
0.101986517,62,0,0.306509374,4746.0,9,0,1,0,0
0.028815302,38,0,0.263164911,7500.0,4,0,2,0,0
0.003999867,55,0,0.001953125,1535.0,3,0,0,0,0
0.157354532,41,0,0.136772645,3333.0,8,0,0,0,0
0.950611844,44,0,0.32950759,2700.0,7,0,0,0,2
0.898717919,55,0,0.369142033,9708.0,12,0,2,0,0
1.005293835,50,0,0.225109956,2500.0,7,0,0,0,3
0.9999999,76,0,1474.0,5400.0,6,0,1,0,0
0.005308898,80,0,3.0,5400.0,6,0,0,0,0
0.332115256,59,0,0.287392717,12000.0,9,0,2,0,2
0.010924727,65,0,0.011761247,3400.0,2,0,0,0,1
0.051981472,71,0,0.003230272,6500.0,1,0,0,0,0
0.9999999,59,0,0.41023622,2539.0,4,0,0,0,0
0.709184494,57,0,0.527170518,1600.0,8,0,0,0,0
0.00952089,62,0,0.070377479,4688.0,9,0,0,0,0
0.573411202,52,0,0.358701863,8750.0,10,0,1,0,3
0.718871099,53,0,0.558684831,7633.0,16,0,2,0,2
0.0257425,57,0,0.144462432,10500.0,17,0,1,0,0
0.9999999,31,0,0.104320337,2846.0,1,0,0,0,1
0.236636182,51,0,0.152472929,3416.0,18,0,0,0,0
0.9999999,59,0,0.375223135,2800.0,2,0,1,0,1
0.0,77,0,8.0,5400.0,3,0,0,0,0
4.084547272,32,0,2429.0,5400.0,7,0,1,0,0
0.018054715,62,0,28.0,5400.0,4,0,0,0,0
0.955459855,57,0,2517.0,5400.0,7,0,1,0,0
0.030755094,50,0,0.416633347,2500.0,9,0,0,0,0
0.452238117,42,0,1.237442922,656.0,5,1,0,0,0
0.009327716,41,0,0.673525037,4033.0,8,0,1,0,0
0.704647676,23,0,0.020989505,2000.0,2,0,0,0,0
0.9999999,35,1,0.144234202,2800.0,1,0,0,0,1
0.333989604,64,0,0.416111541,6454.0,9,0,1,0,0
0.0,46,1,0.120625398,11000.0,9,0,1,0,0
0.614487656,85,3,5.053191489,375.0,17,0,2,0,0
0.841402211,81,0,0.766681798,4405.0,20,0,0,0,0
0.230823401,52,0,7298.0,5400.0,19,0,1,0,2
0.291077005,33,0,1850.0,5400.0,11,0,2,0,0
0.040663823,61,0,0.450938649,5166.0,16,0,1,0,1
0.0,31,0,0.312076436,9000.0,4,0,1,0,2
0.267606441,38,0,0.162567487,5000.0,7,0,0,0,3
0.080836033,72,0,0.8752499,2500.0,10,0,3,0,0
0.604697651,27,0,0.132289237,3000.0,8,0,0,0,0
0.03745876,51,0,0.442719261,2382.0,9,0,1,0,0
0.42880952,48,1,0.787807249,7200.0,12,0,2,0,3
0.960335978,57,0,0.682468329,2446.0,4,0,2,0,0
0.724685021,42,0,0.309486966,8400.0,6,1,1,0,2
0.931213757,64,0,0.348089172,3139.0,5,0,1,0,0
0.006104474,85,0,0.000939261,6387.0,5,0,0,0,0
0.086583388,72,0,0.101042331,4700.0,17,0,0,0,0
0.994003997,24,0,0.043956044,1000.0,2,0,0,0,0
0.782770335,42,0,0.169939307,2800.0,8,0,0,0,1
0.01279936,50,0,106.0,5400.0,3,0,0,0,0
0.01478545,69,0,34.0,5400.0,6,0,0,0,0
0.0,38,0,0.063431652,6305.0,3,0,0,0,0
0.441977705,61,0,0.598332702,10555.0,11,0,4,0,0
0.829056981,32,0,0.221564161,6584.0,5,1,1,0,3
0.504366376,52,0,0.652115961,3000.0,6,0,1,0,0
0.547037747,53,1,0.272218491,4466.0,6,1,0,0,2
0.232280645,67,0,0.581693221,3200.0,13,0,1,0,0
0.058103129,50,0,0.521542633,6637.0,12,0,3,0,1
0.078148112,53,0,0.373481166,6583.0,10,0,1,0,3
0.006096578,32,0,0.162332647,7767.0,5,0,1,0,0
0.294249662,69,0,0.652449184,3000.0,13,0,1,0,0
0.05668835,49,0,0.279897608,12500.0,17,0,1,0,1
0.014741125,52,0,25.0,5400.0,3,0,0,0,0
0.350347711,71,0,0.38021152,11440.0,12,0,1,0,0
0.168026501,29,0,0.479638009,1546.0,13,0,0,0,0
0.0,75,0,781.0,5400.0,6,0,0,0,0
0.010301229,60,0,0.264713622,11400.0,9,0,2,0,0
0.385703206,42,0,0.652069586,5000.0,14,0,2,0,0
0.364359075,48,0,0.368947293,7000.0,17,0,0,0,2
0.02811245,56,0,0.024779504,16666.0,4,0,0,0,3
0.0,46,0,0.29998154,10833.0,9,0,2,0,1
0.632195401,25,0,0.329177057,400.0,2,0,0,0,0
0.915394707,58,2,0.603046775,14900.0,14,0,6,0,0
0.079150034,51,0,1862.0,5400.0,7,0,1,0,0
0.9999999,23,0,152.0,0.0,2,0,0,0,0
0.173501274,63,1,0.466290695,3900.0,10,0,1,0,0
0.873126873,22,0,0.025974026,1000.0,2,0,0,0,0
0.125485783,55,1,0.312306853,5500.0,22,0,1,0,0
0.020308224,49,1,0.485381003,6600.0,13,0,3,0,1
0.073810962,74,0,0.918378679,1800.0,8,0,1,0,0
0.0,49,0,0.292115573,4083.0,4,0,1,0,0
0.615492341,43,0,0.455636091,4000.0,8,0,2,0,1
0.282843674,64,0,0.599766082,4274.0,6,0,2,1,0
0.589174118,54,4,0.353911522,4000.0,8,1,0,1,0
0.102376942,61,1,3144.0,5400.0,11,1,2,0,0
0.557067481,25,1,0.149179158,1400.0,5,0,0,0,0
0.001703672,67,0,0.422915417,5000.0,7,0,2,0,2
0.275682375,53,0,0.216472239,11400.0,8,0,3,0,1
0.9999999,46,1,1001.0,5400.0,3,0,0,0,1
0.018292846,49,0,0.28651351,8400.0,6,0,2,0,2
0.9999999,48,0,0.0,6250.0,0,0,0,0,2
0.206215779,42,0,2130.0,5400.0,11,0,1,0,0
0.036015424,67,0,68.0,5400.0,5,0,0,0,0
0.023241561,64,0,1182.0,5400.0,5,0,1,0,0
0.074540242,25,0,0.085056113,1692.0,7,0,0,0,0
0.066859481,59,0,0.012335987,8916.0,8,0,0,0,1
0.014576081,53,0,0.210955331,9200.0,9,0,1,0,2
0.3049939,53,0,0.692253021,2813.0,14,0,1,0,1
0.783440008,60,1,0.459109567,9500.0,20,0,2,0,1
0.003005863,45,0,0.410509273,6793.0,10,0,1,0,0
0.9999999,44,3,871.0,5400.0,3,0,0,1,0
0.357452446,42,1,0.35110601,9583.0,11,0,2,0,2
0.090067678,49,0,0.261570106,8750.0,15,0,1,0,3
0.84390033,34,0,0.154004999,9200.0,7,0,0,0,1
0.126445417,67,0,0.286080878,11300.0,8,0,3,0,1
0.125154994,43,0,0.419830973,8400.0,7,0,1,0,0
0.67019415,36,0,0.441725862,3800.0,17,0,1,0,0
0.023173553,62,0,1951.0,5400.0,12,0,1,0,2
0.655344655,26,1,824.0,5400.0,4,0,0,1,0
0.149192779,54,0,0.402225893,11500.0,20,0,2,0,0
0.3324201,52,0,0.595600677,6500.0,18,0,1,0,0
0.238609924,48,0,1526.0,5400.0,10,0,1,0,0
0.279051955,52,0,2771.0,5400.0,6,0,1,0,0
0.9999999,28,1,0.994076268,2700.0,5,0,2,1,0
0.319211164,50,1,842.0,0.0,16,0,0,0,1
0.807498866,51,0,0.171441428,20000.0,8,0,0,0,1
0.085081719,64,0,0.104316547,11953.0,8,0,1,0,1
0.075592425,41,0,0.501363388,5500.0,7,0,1,0,2
0.0,75,0,0.322677323,1000.0,6,0,0,0,0
0.134107972,45,0,0.119452728,5700.0,4,0,0,0,2
0.837034151,43,1,0.198971575,7000.0,6,1,0,0,0
0.391721656,41,0,0.199046301,6500.0,3,0,1,0,1
0.05986454,44,0,3.468288445,1150.0,9,0,2,0,0
0.0,63,0,0.193727985,8800.0,9,0,2,0,1
0.014774631,55,0,0.182642487,16983.0,6,0,1,0,3
0.0,73,0,0.176218127,3960.0,5,0,0,0,0
0.395700729,40,0,0.210629279,9200.0,11,0,0,0,3
0.576745748,75,0,1594.0,5400.0,13,0,0,0,0
0.772025431,22,0,0.019215988,1300.0,1,0,0,0,0
0.277771356,27,0,0.13675602,2200.0,6,0,0,0,1
0.385299252,71,0,0.341684864,8700.0,7,0,1,0,0
0.088142928,59,0,0.285113269,3089.0,11,0,1,0,0
0.02216717,70,0,25.0,5400.0,3,0,0,0,0
0.374015688,30,0,0.242463745,6136.0,15,0,0,0,0
0.001496395,43,4,0.492458005,5833.0,8,1,1,3,0
0.0112565,62,0,5.0,5400.0,4,0,0,0,0
0.26751744,59,0,2343.0,1.0,14,0,2,0,0
0.0559986,73,0,0.087591241,6027.0,5,0,0,0,1
0.9999999,33,0,0.32544261,5026.0,3,0,1,0,1
0.785048151,62,0,4516.0,5400.0,8,0,2,0,0
0.001538402,70,0,0.16957739,7500.0,7,0,2,0,0
0.784405352,37,0,0.21550276,8333.0,8,0,0,0,3
1.006066329,50,3,0.440475173,11700.0,9,0,2,0,6
0.01052488,88,0,0.011497126,4000.0,13,0,0,0,0
0.942301923,53,0,0.305699482,11000.0,7,0,2,0,3
0.162429571,54,0,0.347887584,16260.0,11,0,2,0,0
0.028134074,41,0,0.441079846,7000.0,10,0,2,0,2
0.046458261,58,0,0.027628982,3546.0,11,0,0,0,1
0.354754272,67,0,1815.0,5400.0,9,0,1,0,0
0.0,74,0,0.227602431,5100.0,9,0,2,0,0
0.9999999,66,0,0.206793207,1000.0,1,0,0,0,0
0.257802557,54,0,0.375402733,9000.0,6,0,1,0,2
0.277402152,39,0,0.174765015,6276.0,5,0,1,0,2
0.845288522,52,0,0.166332665,10977.0,5,0,1,0,1
0.58592448,49,0,0.318409066,9000.0,13,0,1,0,1
0.9999999,65,1,702.0,5400.0,3,1,0,0,0
0.010750267,60,0,0.001965602,10174.0,8,0,0,0,0
0.68962118,37,0,0.268131868,2274.0,3,0,0,1,1
0.9999999,87,0,0.0,5400.0,7,0,0,0,0
0.01536908,36,0,0.120351859,2500.0,17,0,0,0,3
0.025949913,42,0,4166.0,5400.0,11,0,1,0,0
0.081523138,55,0,4.094311377,667.0,8,0,2,0,0
0.226259375,33,0,0.065978007,3000.0,8,0,0,0,0
0.0,79,0,0.0,5400.0,2,0,0,0,0
0.810203388,71,0,0.095891764,10125.0,4,0,0,0,0
0.01899017,63,0,0.43702519,2500.0,5,0,2,0,0
0.069338613,70,0,0.479226838,4500.0,5,0,2,0,0
0.0,35,0,0.366605566,6000.0,5,0,1,0,0
0.612644579,55,0,0.263680832,6541.0,9,0,0,0,0
0.764687818,46,0,5279.0,5400.0,13,0,2,0,3
0.034990464,57,0,0.330382106,8583.0,16,0,2,0,0
0.658588662,52,4,0.419647115,6290.0,11,1,0,2,1
0.323969793,52,0,0.688709819,11416.0,28,0,3,0,2
0.001002683,49,0,0.363946634,25783.0,9,0,3,0,2
0.86448271,44,1,0.43225084,6250.0,7,0,1,0,2
0.179621925,68,0,152.0,5400.0,3,0,0,0,0
0.654946615,40,0,1249.5,1.0,5,0,2,0,3
0.106465979,65,0,0.062473969,4801.0,8,0,0,0,0
0.109782562,39,0,1.512487512,1000.0,4,0,1,0,4
0.262701,50,0,0.224310276,2500.0,5,0,0,0,1
0.210965882,52,0,0.280805069,13414.0,13,0,2,0,0
0.021872569,54,0,0.300633263,9000.0,9,0,1,0,2
0.732712056,52,0,1.260450161,7463.0,30,0,2,0,1
9.09e-05,39,0,0.555260361,5645.0,7,0,1,0,2
0.029087971,79,0,0.262818446,3100.0,6,0,1,0,1
0.507804009,53,0,0.23888056,2000.0,10,0,0,0,0
0.015441945,48,0,417.0,5400.0,3,0,0,0,0
0.500042731,49,0,0.189554318,7179.0,5,0,2,0,1
0.516522129,56,0,0.461135019,7435.0,9,0,3,0,1
0.026526857,48,0,22.0,5400.0,4,0,0,1,0
0.0,38,0,1.527294541,5000.0,8,0,2,0,2
0.244454947,65,0,0.216435948,4550.0,7,0,0,0,0
0.9999999,30,0,0.019433648,1800.0,2,0,0,0,0
0.260108062,54,0,0.489127718,4000.0,9,0,1,0,0
0.169115729,28,0,0.215885947,5400.0,6,0,1,0,0
0.050585857,38,1,0.126499684,4750.0,4,1,0,0,0
0.861706915,46,0,0.384106912,6958.0,6,0,2,0,4
0.002920542,47,0,0.00339932,5000.0,4,0,0,0,0
0.349005761,57,0,0.118700541,2400.0,4,0,0,0,1
0.911817735,39,1,0.354692557,3089.0,4,0,0,0,2
0.0,70,0,0.27076049,4575.0,5,0,1,0,1
0.062591387,48,0,0.476534296,3600.0,6,0,1,0,0
0.014776126,66,0,0.105360018,4346.0,9,0,2,0,0
0.105421041,29,0,0.140039448,2534.0,3,0,0,0,0
0.096180572,63,0,0.317726436,4890.0,4,0,1,0,0
0.048012561,25,0,0.135540287,1600.0,3,0,0,0,0
0.782963858,53,0,1.812527765,2250.0,15,0,1,0,3
0.04085816,63,0,802.0,5400.0,8,0,0,0,0
0.024433016,50,0,0.270877341,14201.0,9,0,1,0,2
0.9999999,29,1,375.0,5400.0,2,0,0,0,0
0.006234927,64,1,333.0,5400.0,8,0,1,0,0
0.003599949,46,0,0.00308642,2267.0,5,0,0,0,0
0.78972768,32,1,0.365324193,3500.0,6,1,0,0,1
0.9999999,72,2,0.854390935,1764.0,6,2,3,1,1
0.183671951,49,0,0.262210797,3500.0,4,0,1,0,0
0.072518561,55,0,0.298634294,6589.0,4,0,2,0,0
0.063595868,61,0,0.337545325,9100.0,15,0,2,0,0
0.882135505,46,3,1.199971019,6900.0,20,0,2,0,0
0.659983582,51,1,0.164307004,10735.0,6,0,0,0,3
0.097697558,54,0,0.595680864,5000.0,3,0,1,0,0
0.012487196,78,0,40.0,5400.0,2,0,0,0,0
0.527902119,57,0,2624.0,5400.0,10,0,1,0,0
0.165748012,37,0,0.202336816,8900.0,3,0,1,0,1
0.9999999,29,0,0.251962884,1400.0,1,0,0,0,0
0.550744926,42,0,0.111725132,4161.0,7,0,0,0,2
0.342503939,46,2,2495.0,5400.0,4,2,1,0,0
0.0,84,0,0.048983672,3000.0,7,0,0,0,0
0.000153372,79,0,0.517666393,2433.0,11,0,1,0,0
0.010632979,71,0,0.109590809,7746.0,6,0,1,0,1
0.187130262,42,0,0.43181281,4230.0,16,0,1,0,2
0.0,50,0,0.307692308,10451.0,17,0,5,0,0
0.003673319,84,0,2.0,5400.0,2,0,0,0,0
0.35832084,63,0,0.416804865,3617.0,6,0,1,0,0
0.063578294,52,2,0.408998334,5400.0,8,0,1,1,1
0.488921504,43,0,0.859576079,2641.0,10,0,1,0,1
0.265283475,48,0,0.385107099,17833.0,12,0,2,0,4
0.02431634,66,1,13.0,5400.0,5,0,0,0,0
0.17939103,52,0,0.028336966,7798.0,2,0,1,0,2
0.762607723,68,0,0.649545594,9792.0,16,0,2,0,1
0.110377512,51,0,0.619532199,6583.0,12,0,3,0,0
0.021255928,74,0,11.0,5400.0,2,0,0,0,0
0.386323752,73,0,0.660925102,5166.0,17,2,2,0,0
0.073099481,63,0,0.162938202,11666.0,4,0,1,0,1
1.924170616,61,0,945.0,5400.0,2,1,0,0,0
0.377506882,79,0,0.086365454,2500.0,10,0,0,0,0
0.9999999,58,0,1276.0,5400.0,3,0,1,0,0
0.742392965,46,0,0.509249075,10000.0,8,1,2,0,2
0.022716288,73,1,0.012588944,3653.0,8,0,0,0,0
0.136207308,38,0,0.399541885,9167.0,10,0,2,0,2
0.273004349,61,0,0.628997868,7972.0,14,0,2,0,0
0.787979795,76,0,0.711648113,14731.0,20,0,11,0,1
0.003873399,65,0,0.000946074,12683.0,12,0,0,0,2
0.907573813,25,3,619.0,0.0,5,2,0,1,1
0.029906195,77,0,0.00719856,5000.0,9,0,0,0,0
0.9999999,58,0,0.449191056,5500.0,6,0,2,0,1
0.072445599,66,1,0.477570611,10833.0,19,0,2,0,2
0.043826029,57,1,0.39566075,2534.0,7,0,1,0,0
0.630062863,59,0,0.724697256,9000.0,10,0,2,0,0
0.106496197,53,0,0.975394079,2600.0,10,0,1,0,0
1.62455018,46,0,0.823927765,3100.0,6,0,2,0,0
0.031551287,68,0,0.313124934,9500.0,12,0,2,0,2
0.5691578,46,0,0.061746988,3983.0,3,1,0,0,0
0.972279972,48,0,0.725283314,2558.0,7,0,1,0,1
0.036358807,67,0,68.0,5400.0,5,0,0,0,0
2.139534884,61,5,0.176562257,6416.0,6,5,1,1,0
0.073186501,36,0,0.493253373,2000.0,5,0,1,0,0
0.210526316,54,1,331.0,5400.0,4,1,0,0,0
0.273465892,60,0,0.45661483,4436.0,13,0,2,0,0
0.070531009,27,0,0.152692948,1800.0,5,0,0,0,1
0.279782299,71,0,0.908436625,2500.0,16,0,2,0,0
0.00718055,61,0,0.261626575,4364.0,6,0,1,0,1
0.9999999,24,0,0.0,0.0,1,0,0,0,0
0.001473607,81,0,57.0,5400.0,11,0,0,0,0
0.064098231,80,0,0.006797281,2500.0,5,0,0,0,0
0.0,42,1,0.378225299,3177.0,7,1,2,1,2
0.100476955,55,0,0.338907085,5800.0,28,0,2,0,0
0.244582292,43,1,0.382128741,7083.0,15,0,2,0,2
0.0,76,0,0.112476507,6916.0,7,0,1,0,0
0.046588257,43,0,0.082644628,3750.0,4,0,0,0,4
0.249221978,34,0,0.054054054,2700.0,3,0,0,0,0
0.079956802,57,0,0.007035535,8385.0,2,0,0,0,1
0.661508021,45,2,0.730763078,6250.0,9,0,2,0,3
0.47680153,69,0,5.863701578,696.0,16,0,2,0,0
0.0,89,0,0.0,3333.0,4,0,0,0,0
0.242161493,47,0,3524.0,5400.0,9,0,2,0,1
0.832322402,48,1,1.030208796,2250.0,11,1,0,1,3
0.042636484,67,0,30.0,5400.0,9,0,0,0,0
0.769427511,41,0,1.510954617,3833.0,15,0,1,0,3
0.055013599,44,0,0.866169022,3750.0,17,0,1,0,1
0.553580394,57,1,4013.0,5400.0,13,0,1,0,0
0.9999999,52,0,0.0,5400.0,0,0,0,0,0
0.809023261,59,0,0.344330593,8880.0,11,0,0,0,1
0.000386808,39,0,0.410344042,4388.0,19,0,0,0,1
0.031893666,47,0,0.019559218,25000.0,19,0,0,0,0
0.594183741,38,0,0.155352068,3166.0,9,0,0,0,2
0.062476613,55,0,0.216715189,14082.0,6,0,1,0,2
0.08388455,52,0,0.186600531,14313.0,17,0,2,0,2
0.0,50,0,3854.0,5400.0,9,0,3,0,0
0.037246567,34,0,0.16091954,7916.0,7,0,1,0,2
0.427145709,29,3,0.367894887,3500.0,5,0,0,0,0
0.130587435,51,1,1.206896552,550.0,18,0,0,0,0
0.0,53,0,1.30993107,7833.0,9,0,4,0,2
0.053760652,68,0,0.11325622,12016.0,8,0,1,0,0
0.0,63,0,0.405622111,10600.0,18,0,2,0,0
0.016839462,60,0,0.003418549,6727.0,6,0,0,0,0
0.034298571,79,0,0.143697126,16666.0,10,0,1,0,0
0.454223107,31,0,0.32651834,4988.0,9,0,0,0,2
0.9999999,40,0,0.401117483,6800.0,4,0,1,0,0
0.0,58,0,2321.0,5400.0,6,0,5,0,0
0.034949126,65,0,0.056515479,8333.0,6,0,0,0,0
0.01976948,43,0,0.007610764,7357.0,16,0,0,0,0
0.559305087,52,0,0.247690166,7900.0,6,0,1,0,3
1.056327075,26,1,0.124250214,3500.0,5,0,0,0,0
0.250383915,58,0,0.029653519,35037.0,6,0,1,0,0
0.017092526,70,0,0.009998667,7500.0,5,0,0,0,0
0.007351153,64,1,103.0,5400.0,12,0,0,0,0
0.118171664,53,1,0.525975299,5100.0,12,0,1,0,2
0.508872782,55,1,0.274368644,8750.0,5,2,1,0,3
0.553495137,44,0,0.254213082,3500.0,6,0,0,0,0
0.047610676,59,0,0.274676783,12916.0,18,0,1,0,1
0.055897243,44,0,0.020997375,2285.0,5,0,0,0,0
0.756243756,66,1,0.414383562,2627.0,7,0,1,1,2
0.141024757,43,0,0.461616675,5900.0,8,0,2,0,2
0.386160615,75,1,2.886778305,4000.0,18,0,1,0,1
0.037954059,49,0,0.210232285,3400.0,8,0,0,0,0
0.02520966,54,1,0.215280215,8546.0,14,0,2,0,1
0.083289418,76,0,0.043449493,4533.0,9,0,0,0,0
0.058664652,44,0,0.295182139,4254.0,12,0,2,0,1
0.9999999,36,0,0.011799213,15000.0,4,0,0,0,1
0.896382708,39,0,0.248175182,4931.0,4,0,0,0,2
1.373253493,52,1,0.233983287,4666.0,3,2,1,0,0
0.020195961,47,0,4844.0,5400.0,7,0,2,0,2
0.9999999,45,1,1.04611837,1300.0,5,0,1,0,2
0.0,47,0,0.01466527,10500.0,10,0,0,0,0
0.263338676,32,0,0.067954697,1500.0,3,0,0,0,0
0.893848177,59,3,0.466596436,11390.0,11,0,2,1,0
0.000523678,63,2,0.067135167,6687.0,9,0,0,0,2
0.0,67,0,997.0,5400.0,3,0,1,0,0
0.9999999,50,0,0.281411997,4050.0,4,0,1,0,0
0.9999999,56,0,0.058659556,8250.0,2,2,0,1,0
0.0,48,0,2781.0,0.0,10,0,2,0,0
0.876012399,26,0,0.431979368,1550.0,4,0,0,0,0
0.016449318,63,0,0.398948752,7609.0,21,0,1,0,0
0.495872836,58,0,1.015996001,4000.0,13,1,3,0,1
0.808799235,41,1,0.551588718,2800.0,4,0,1,0,0
0.806296177,49,2,1.123750338,3700.0,12,0,2,0,3
0.101184269,40,0,0.344525211,8666.0,5,0,1,0,2
0.013447348,40,0,0.232944291,8310.0,6,0,2,0,3
0.005519779,60,0,0.000666519,4500.0,3,0,0,0,0
0.9999999,54,1,0.070584671,3300.0,3,2,0,1,0
0.017331023,31,0,0.094635122,3000.0,4,0,0,0,0
0.039248038,33,0,0.079510703,4577.0,4,0,0,0,0
0.064821218,70,0,0.093587522,7500.0,15,0,0,0,0
0.035697965,68,0,0.174159474,7762.0,9,0,1,0,0
0.313378163,57,0,2540.0,5400.0,11,0,1,0,0
0.727272727,53,3,0.049497636,6767.0,9,0,0,0,0
0.020747759,79,0,0.018883415,2435.0,14,0,0,0,0
0.072441588,68,0,1794.0,5400.0,7,0,2,0,0
0.022456955,53,0,0.225967023,9642.0,11,0,2,0,0
0.122043055,33,0,0.87906047,2000.0,8,0,1,0,3
0.0,36,0,0.686217009,3750.0,5,0,2,0,0
0.936539681,46,1,0.111131606,10842.0,6,0,0,0,1
0.022651303,55,0,0.571485703,5000.0,6,0,2,0,0
1.680709534,51,1,0.17872969,3384.0,7,2,0,3,1
0.037349944,77,0,1128.0,5400.0,5,0,1,0,0
0.016302682,78,0,0.006545821,3971.0,7,0,0,0,0
0.00579884,45,0,0.119688281,6800.0,3,0,1,0,1
0.0,69,0,1575.0,5400.0,4,0,1,0,0
0.004134808,73,0,34.0,5400.0,24,0,0,0,0
0.0,45,1,0.392801028,7000.0,8,0,1,0,0
0.103781132,61,0,0.867655786,5054.0,13,0,2,0,0
0.429565386,42,0,1.990006662,1500.0,9,0,2,0,2
1.159854678,65,3,723.0,0.0,5,2,0,4,0
0.242525249,36,0,0.402968037,875.0,4,0,0,0,0
0.037174205,67,0,0.245377165,10220.0,12,0,1,0,1
0.00179991,53,0,0.000217344,4600.0,1,0,0,0,2
0.160347866,52,0,2538.0,5400.0,29,0,1,0,3
0.309993336,65,1,0.457654235,10000.0,17,0,2,0,0
0.720149754,47,0,0.401658122,9166.0,9,0,1,0,1
0.0,41,0,0.582402933,6000.0,9,0,1,0,0
0.068908696,46,1,2830.0,5400.0,5,0,2,0,0
0.313358244,49,1,0.364815997,4700.0,13,0,0,0,0
0.306830263,45,1,0.520773162,4500.0,11,0,1,0,2
0.301782814,61,0,0.311537692,5000.0,5,0,1,0,0
0.0539363,66,0,0.439121756,500.0,10,0,1,0,0
0.093103724,61,0,0.159808404,4592.0,9,0,1,0,0
0.0,46,0,0.138976837,6000.0,6,0,1,0,2
0.440639627,54,1,0.35923778,6034.0,9,2,2,1,2
0.330630429,71,0,0.21952847,4495.0,10,0,0,0,0
0.076893502,33,0,0.23252355,6050.0,4,0,1,0,0
0.03475202,79,0,0.379610999,4472.0,17,0,1,0,0
0.0,35,0,0.55069678,2080.0,3,0,2,0,0
0.969354744,40,0,0.467654499,8300.0,3,0,1,0,0
0.586741326,61,0,0.321691176,5983.0,4,0,1,0,0
1.021535148,43,1,0.207812101,3916.0,7,0,0,0,0
0.21742443,66,0,0.235344532,5833.0,12,0,0,0,1
0.017167838,64,0,0.155342258,3958.0,7,0,1,0,1
0.018349817,68,0,0.048471574,10500.0,18,0,0,0,0
0.9999999,46,0,2735.0,5400.0,2,0,1,0,0
1.01332889,33,0,0.084652558,6000.0,5,0,0,0,1
0.923295707,66,0,0.523213354,1916.0,9,0,2,1,0
0.594267304,67,2,0.219527982,20083.0,12,0,6,0,1
0.033721812,33,2,0.158811768,3500.0,12,0,0,0,0
0.106670293,69,0,0.159311597,12666.0,9,0,1,0,0
0.451141575,51,1,1.14547619,4199.0,14,0,4,0,1
0.497069057,43,0,0.410489646,5166.0,12,0,1,0,3
0.173452306,49,0,0.234821519,9832.0,14,0,1,0,2
0.060710212,72,0,0.186824239,11930.0,10,0,4,0,1
0.016933011,77,0,0.249583472,3000.0,9,0,1,0,1
0.168901414,49,0,0.021995601,5000.0,5,0,0,0,0
0.022131866,64,0,0.309572301,5400.0,17,0,1,0,0
0.532350654,51,0,0.430664986,6345.0,7,0,1,0,1
0.06489667,39,0,0.252955708,11333.0,5,0,2,0,4
0.435013827,44,0,0.211368181,3500.0,5,0,0,0,1
0.0,58,0,0.258332099,6750.0,5,0,2,0,1
0.141195293,71,0,0.223093963,10833.0,7,0,1,0,0
0.227504797,31,0,0.412103272,6080.0,11,0,1,0,2
0.0,34,0,0.511803406,5167.0,6,0,1,0,0
0.113240563,84,0,0.003718163,10757.0,2,0,0,0,0
0.504704823,49,1,0.522155689,5844.0,12,0,2,0,2
1.107410491,53,4,0.552473417,2162.0,6,0,1,0,2
0.425188951,56,1,0.07754734,4435.0,8,0,0,0,1
0.99240076,50,2,0.424242424,3200.0,6,2,0,2,3
0.0,49,2,3090.0,5400.0,10,0,3,1,0
0.372594056,67,1,1.083764219,2900.0,21,0,2,0,0
0.304848447,53,0,0.685413929,3804.0,12,0,1,0,0
0.9999999,34,0,2971.0,5400.0,4,0,2,0,0
0.007867045,34,0,0.004799302,2291.0,4,0,0,0,0
0.00239984,85,0,0.000136221,7340.0,6,0,0,0,0
0.055747368,38,0,0.287494232,6500.0,16,0,1,0,1
0.081791821,76,0,24.0,5400.0,1,0,0,0,0
0.400194283,35,0,0.614918132,3297.0,5,0,1,0,1
0.381736637,31,0,0.313790806,1500.0,5,0,0,0,0
0.9999999,61,0,0.0,3659.0,0,0,0,1,2
0.851527188,54,0,0.29772665,3650.0,17,0,0,1,0
0.798150231,50,4,0.489397699,8865.0,12,0,2,0,3
0.331968384,56,2,0.244338498,7550.0,9,1,1,0,2
0.348910073,67,0,0.247722728,4500.0,5,0,1,0,0
0.00096773,81,0,70.0,5400.0,2,0,0,0,0
0.106906747,62,0,1518.0,0.0,5,0,2,0,0
0.108223547,72,0,0.090726481,2986.0,11,0,0,0,1
0.022720402,53,0,1240.0,5400.0,6,0,1,0,0
0.003116843,46,2,0.418681913,12942.0,14,0,3,0,2
0.064878702,45,0,1.151848152,1000.0,6,0,1,0,4
0.202548511,63,0,0.437347767,11084.0,17,0,3,0,1
0.071442351,56,3,3032.0,5400.0,12,1,2,3,0
0.9999999,45,0,2112.0,5400.0,2,0,1,0,0
0.014371875,89,0,0.004808909,3950.0,6,0,0,0,0
0.825182383,37,0,0.140209659,5341.0,6,0,0,0,1
0.329534093,36,0,0.109837377,3750.0,7,0,0,0,0
0.05119872,53,0,0.224361996,14850.0,7,0,2,0,3
0.862242496,48,0,0.541230443,8500.0,18,0,2,0,0
0.206381305,29,0,0.296157451,3200.0,6,0,0,1,0
0.435770861,58,0,0.261207711,18000.0,8,0,1,0,2
0.984595256,47,2,0.313702503,14500.0,10,0,2,1,0
0.018419226,75,1,0.004491018,8683.0,10,0,0,0,1
0.574775792,41,0,1436.0,0.0,11,0,0,0,0
0.0,72,0,0.0,1525.0,4,0,0,0,0
0.154315063,33,0,0.520127541,2508.0,12,0,1,0,0
0.1111128,62,0,0.495544119,7966.0,28,0,1,0,0
0.025165259,73,0,1916.0,5400.0,25,0,1,0,0
0.229174873,54,0,0.249267368,5800.0,3,0,1,0,2
0.447640526,36,0,0.146638735,5250.0,8,0,0,0,0
0.009805508,66,0,2049.0,5400.0,8,0,2,0,0
0.680935812,47,0,0.982668977,7500.0,16,0,1,0,1
0.092178156,67,0,1901.0,5400.0,7,0,1,0,0
0.004415317,49,0,0.238714925,4917.0,7,0,2,0,2
0.03167475,49,0,0.368861116,11361.0,7,0,2,0,2
0.068314535,51,0,0.183940774,1755.0,4,0,0,0,0
0.083224917,71,0,693.0,5400.0,14,0,0,0,0
0.594403832,48,0,0.256918893,6250.0,4,0,1,0,0
0.642194397,57,0,0.281407035,9750.0,17,0,3,0,0
0.155414833,47,0,0.320244328,4583.0,7,0,2,0,0
0.116044198,58,0,0.266702298,7483.0,6,0,1,0,3
0.99520016,64,0,0.411755142,12300.0,6,0,2,0,1
0.430546826,43,0,0.251741896,3300.0,9,0,0,0,0
0.9999999,61,3,1421.0,5400.0,3,1,1,0,0
0.150281881,32,0,0.362439593,6000.0,10,0,2,0,0
0.013239914,89,0,0.004521167,4865.0,6,0,0,0,0
0.032517314,81,0,1006.0,5400.0,5,0,1,0,0
0.085468912,48,0,0.369283724,6100.0,8,0,2,0,2
0.425637762,45,0,0.206043471,11317.0,19,0,1,0,0
0.026461354,47,0,47.0,5400.0,4,0,0,0,0
0.052686402,56,0,0.294543377,10500.0,9,0,2,0,0
0.386565293,46,1,0.132975798,7271.0,6,0,0,0,2
0.196108744,62,6,1.377732588,1966.0,14,0,2,1,0
0.9999999,45,0,1578.0,5400.0,2,0,2,0,0
0.295564908,43,0,0.12465951,6240.0,4,0,0,0,0
0.940002,45,0,0.383985844,4520.0,7,0,0,0,1
0.805938331,55,0,0.692240817,4600.0,5,0,1,0,2
0.009349533,58,0,0.501017355,8354.0,7,0,2,0,0
0.402624874,40,0,0.454916123,8583.0,9,0,2,0,1
0.0,51,2,0.735977688,6453.0,10,0,1,0,2
0.687731362,41,0,0.77983288,10650.0,22,0,3,1,4
0.06452473,57,0,0.658667159,5416.0,6,0,3,0,0
0.005977069,90,0,19.0,5400.0,11,0,0,0,0
1.033630249,48,1,0.539093091,7916.0,4,5,1,2,4
0.015711063,50,0,2784.0,5400.0,16,0,2,0,0
0.000478948,54,0,0.788035327,6000.0,13,0,2,0,0
0.02889711,57,0,0.683947533,1600.0,4,0,2,0,0
0.0,36,0,0.180487805,3689.0,4,0,0,0,2
5649.0,63,0,0.287246114,17625.0,6,0,1,0,1
0.00958914,52,0,11.0,5400.0,5,0,0,0,0
0.01413117,54,0,0.240679903,7000.0,16,0,1,0,0
0.040455287,61,0,0.103370612,12875.0,6,0,1,0,0
0.0,38,0,0.408795602,2000.0,11,0,0,0,0
2.86e-05,47,0,0.313535293,6700.0,9,0,1,0,3
0.512479201,21,0,0.101460415,1300.0,1,0,0,0,0
0.037069158,59,0,1084.0,5400.0,8,0,1,0,0
0.105826487,65,0,0.302819779,2446.0,12,0,1,0,0
0.007041936,66,0,0.206385037,3100.0,14,0,0,0,1
0.9999999,27,18,15.0,5400.0,0,18,0,18,0
0.055523612,50,0,0.182337539,4200.0,6,0,0,0,4
0.542016491,65,0,0.357255025,6367.0,12,0,2,0,0
0.275899673,65,0,0.267736613,20000.0,9,0,2,0,3
0.275892331,46,0,0.627537246,10000.0,13,0,4,0,0
0.137930268,76,0,0.257896841,2500.0,3,0,0,0,0
0.171089654,51,0,0.661239749,8291.0,14,0,2,0,1
0.45859811,52,0,1.282126168,3423.0,9,0,2,0,0
0.368071919,50,0,0.258423957,18666.0,9,0,2,0,3
0.165858987,50,0,0.103452339,8486.0,9,0,0,0,0
0.082310553,63,1,1967.0,5400.0,11,0,1,0,0
0.0,60,0,6067.0,5400.0,16,0,4,0,0
0.046576689,68,0,0.077790421,9666.0,11,0,1,0,0
0.363512853,51,0,0.340212793,7800.0,5,0,2,0,2
0.050894579,28,0,0.307790753,6250.0,9,0,2,0,0
0.983934404,33,0,0.015406009,64000.0,2,0,0,0,0
0.249784276,65,0,2362.0,5400.0,27,0,0,0,0
0.009465405,59,1,0.275890099,6150.0,4,0,1,0,1
0.002780523,45,0,0.890274314,400.0,8,0,0,0,2
0.086994563,52,0,0.627236581,6035.0,8,0,2,0,1
0.9999999,50,0,27.0,5400.0,0,4,0,0,0
0.593567739,26,0,0.045984672,3000.0,4,0,0,0,0
0.321770697,53,0,0.140196078,2039.0,3,0,0,0,0
0.051527896,76,0,0.022848439,2625.0,4,0,0,0,0
0.09235524,35,0,594.0,5400.0,6,0,1,0,2
0.021523559,43,0,0.132759339,7200.0,18,0,0,0,2
0.238324903,43,1,0.018229932,3400.0,5,0,0,0,6
0.361597983,44,0,0.438243065,9083.0,9,0,2,0,1
0.9999999,30,0,0.517078488,2751.0,2,2,1,0,2
0.0,85,0,0.116842759,3217.0,6,0,1,0,0
0.010338037,62,0,0.248771658,11600.0,6,0,2,0,1
0.712776881,42,0,0.379436761,6000.0,9,0,1,0,0
0.043755826,61,0,0.301424644,4000.0,5,0,1,0,0
0.458081028,54,0,0.609315937,8200.0,22,0,2,0,2
0.066842959,40,0,2929.0,5400.0,6,0,1,0,0
0.349947372,31,0,0.717401181,2200.0,9,0,1,0,0
0.194292747,69,0,0.130202279,4300.0,5,0,0,0,0
0.365323097,53,0,2715.0,5400.0,9,0,1,0,0
0.053552244,55,0,600.0,1.0,4,0,1,0,0
0.245808337,39,1,0.011418205,9370.0,7,0,0,1,4
0.020251925,84,0,0.003999619,10500.0,11,0,0,0,0
0.010649468,45,0,0.264459765,19000.0,5,0,2,0,2
0.064841612,53,0,0.239478872,11666.0,13,0,3,0,1
0.075172792,72,0,0.239107273,17832.0,15,0,2,0,0
0.425232844,44,0,0.567154542,4645.0,6,0,2,0,2
0.046237426,38,1,1.019899285,12311.0,20,0,6,0,1
0.0,24,0,520.0,5400.0,3,0,0,0,0
0.257432922,64,0,0.365619546,4583.0,10,0,2,0,0
0.94338897,63,1,5396.0,5400.0,9,0,1,0,2
8.33e-05,64,0,0.395833333,3167.0,5,0,1,0,1
0.430145994,51,0,0.407851842,14416.0,19,0,5,0,0
0.630473905,38,0,0.33145804,4265.0,4,0,1,0,3
0.016505557,78,0,0.004666148,9000.0,5,0,0,0,0
0.629482072,30,0,4094.0,5400.0,7,0,3,0,0
0.016339945,60,1,0.006174655,3400.0,3,0,0,0,0
0.071958398,63,0,0.17917611,7500.0,15,1,1,0,0
0.9999999,33,2,0.103498971,3400.0,1,2,0,0,1
0.085240561,58,0,1474.0,5400.0,9,0,1,0,0
0.069815643,60,0,0.031649084,1800.0,2,0,0,0,1
0.19279036,42,0,0.340255345,6500.0,11,0,1,0,2
0.410299943,36,0,1.007508834,2263.0,9,0,1,0,2
0.801000661,47,0,0.590516588,6600.0,13,0,2,0,3
0.988241829,35,0,2154.0,5400.0,6,0,2,0,1
0.0,66,0,0.232403165,2400.0,6,0,0,0,2
0.0,80,0,674.0,5400.0,4,0,1,0,0
0.829925859,33,1,0.429955183,6916.0,7,0,2,0,1
0.589797806,46,0,1960.0,5400.0,9,0,2,0,1
0.267648725,58,0,0.425,1799.0,9,0,1,0,0
0.0122781,71,0,0.006324111,3794.0,3,0,0,0,0
0.322271542,63,0,0.718511318,7200.0,20,0,2,0,1
0.076360165,67,0,0.146994473,17367.0,10,0,2,0,1
0.163071905,48,0,0.12487001,12500.0,6,0,1,0,2
0.004259899,38,0,0.287917544,13291.0,10,0,2,0,2
0.0,64,0,0.0,5400.0,3,0,0,0,0
0.9999999,33,1,0.24267101,1841.0,1,0,0,0,3
0.097808679,31,0,3220.0,5400.0,14,0,1,0,0
0.035034473,51,0,0.443276503,7800.0,11,0,2,0,3
0.021582372,83,0,0.002380726,10500.0,7,0,0,0,0
0.320545274,51,4,0.530182758,5416.0,18,0,2,0,2
0.077153839,60,0,0.721508141,3500.0,13,0,1,0,0
0.9999999,32,0,0.081248452,4036.0,1,0,0,0,0
0.9999999,42,3,0.364363404,3125.0,5,2,0,0,1
0.144943718,69,0,0.342187946,3500.0,19,0,1,0,0
0.277234867,40,0,0.381744919,5707.0,7,0,2,0,1
0.561897837,48,1,0.446415898,4226.0,4,0,1,0,0
0.486457008,46,0,192.0,5400.0,4,0,0,0,1
0.03428148,64,0,0.477052295,10000.0,17,0,4,0,2
0.893955302,41,2,0.705058988,5000.0,12,0,2,0,2
0.206684993,42,0,0.591147073,2100.0,9,0,2,0,3
0.0,57,0,0.240663281,6693.0,8,0,1,0,0
0.129881065,53,0,0.533497402,3656.0,6,0,2,0,0
0.172429213,58,0,3.742628686,2000.0,35,0,3,0,0
0.053135266,38,0,0.380610064,5146.0,9,0,1,1,3
0.023015685,59,0,0.401679916,6666.0,8,0,1,0,1
0.0,68,1,0.06285767,10833.0,9,1,0,0,0
0.44661954,53,1,0.1808487,4500.0,15,0,0,0,0
0.033718554,57,0,0.261289211,2900.0,7,0,1,0,1
0.600057963,31,1,0.232929164,3133.0,4,0,0,0,0
0.37841439,32,0,0.014154871,1200.0,2,0,0,1,0
0.005504841,46,0,0.34346103,9083.0,10,0,2,0,0
0.053194179,46,0,0.106099322,9000.0,6,0,1,0,2
0.816433967,35,2,0.781602628,7000.0,13,0,3,0,0
0.269272246,59,0,0.620088352,4300.0,12,0,2,0,0
0.9999999,28,18,8.0,5400.0,0,18,0,18,0
0.117136156,58,0,0.526078987,6000.0,9,0,2,0,0
0.57753097,53,1,0.887293765,4666.0,30,5,1,0,1
0.001384509,50,2,0.765037171,13316.0,18,0,5,0,0
0.014866994,44,0,0.055972248,10665.0,7,0,0,0,2
0.453253879,62,0,0.232704403,6200.0,6,0,2,0,0
0.854438969,31,0,0.356328734,3333.0,4,0,0,0,1
0.00472346,79,0,7.0,5400.0,7,0,0,0,0
0.039719596,67,0,0.033202428,2800.0,7,0,0,0,0
0.091972584,71,0,0.116290481,4075.0,6,0,1,0,1
0.01076151,55,0,0.277940561,7166.0,9,0,1,0,0
0.62694922,52,0,0.218866781,9900.0,6,0,2,0,2
0.24870052,23,0,0.598442714,898.0,3,0,0,0,0
0.36951263,83,0,0.426839643,4701.0,20,0,1,0,1
0.193618639,51,0,0.305855162,7787.0,10,0,1,0,1
0.428368108,39,0,0.602427097,5520.0,14,0,2,0,1
0.007648854,51,0,2.375312344,2000.0,9,0,1,0,0
0.042767131,34,0,0.224719101,5250.0,13,0,0,0,0
0.037835718,49,0,0.352130439,11100.0,7,0,3,0,0
0.9999999,38,0,0.171822941,2100.0,2,0,0,0,0
0.526588492,50,1,0.186512283,6390.0,7,0,1,0,2
0.9999999,62,1,0.391888649,8333.0,4,0,1,0,1
0.0,30,0,0.409647588,4000.0,4,0,1,0,1
0.03078594,63,0,1769.0,5400.0,4,0,1,0,0
0.278194768,58,0,0.2733514,5534.0,12,0,1,0,1
0.081986307,81,0,0.017196561,5000.0,7,0,0,0,0
0.233794825,35,0,1.149603585,2900.0,16,0,1,0,1
0.106148673,56,0,0.290214477,8951.0,5,0,1,0,1
0.0,51,0,0.399811122,18000.0,10,0,2,0,2
0.9999999,33,0,0.113636364,3211.0,6,0,0,0,0
0.0,34,0,982.0,5400.0,6,0,1,0,0
0.0,49,0,0.185226847,5333.0,12,0,0,0,2
0.365340866,50,0,0.501844302,5150.0,8,0,1,0,0
0.9999999,53,2,0.744782757,2922.0,3,1,1,1,5
0.9999999,60,0,0.208761123,2921.0,4,0,0,0,0
0.36018938,55,1,3755.0,5400.0,13,0,1,0,3
0.057340151,59,0,327.0,5400.0,10,0,0,0,0
0.012364201,79,0,0.071832579,1767.0,9,0,0,0,0
0.972011196,29,2,0.386769964,1677.0,8,0,0,3,1
0.45812258,61,0,0.197427783,14850.0,13,0,1,0,4
0.069298661,62,0,0.072151899,9479.0,5,0,1,0,0
0.567642306,42,0,0.21559805,8000.0,14,0,0,0,0
0.006805268,81,1,23.0,5400.0,14,0,0,0,0
0.0,47,0,1945.0,5400.0,2,0,1,0,0
0.181940648,54,0,1.44063984,4000.0,16,0,3,0,1
0.021003825,73,0,0.010319174,4166.0,7,0,0,0,0
0.108380759,58,0,0.267676046,7000.0,14,1,1,0,0
0.665666705,55,0,0.886119467,2326.0,5,0,1,0,0
0.429742614,40,0,0.957660893,25342.0,18,0,8,0,0
0.606956873,64,0,3.462809917,1330.0,23,0,1,0,3
0.003251277,43,3,1231.0,5400.0,4,0,1,0,0
0.34551495,42,0,0.192726601,5416.0,8,0,2,0,1
0.0,52,0,0.486523842,15916.0,6,0,3,0,2
0.501056132,56,1,0.554584506,6750.0,14,0,2,0,0
0.06341338,51,0,0.233378767,6602.0,11,0,1,0,1
0.031064596,36,0,0.002363207,5500.0,4,0,0,0,0
0.9999999,56,0,0.023253194,71000.0,2,1,1,0,3
0.258327012,49,0,1973.0,5400.0,5,0,1,0,1
0.280345814,62,0,0.572461774,25440.0,26,0,12,0,5
0.206209505,76,0,167.0,5400.0,4,0,0,0,0
0.089636085,63,0,0.127570357,12400.0,6,0,1,0,1
0.089701194,64,1,0.138300405,4200.0,10,0,0,0,1
0.152820639,38,0,0.093181364,5000.0,6,0,0,0,0
0.75114229,66,1,0.558390874,9992.0,11,0,3,0,1
0.30486442,31,0,0.194268577,3000.0,10,0,0,0,1
0.031587365,33,0,0.190839695,916.0,2,0,0,0,0
0.0,78,0,0.399244612,4500.0,9,0,2,0,1
0.007774765,79,0,0.310114981,6000.0,21,0,2,0,1
0.09466071,63,0,0.085835394,11323.0,3,0,1,0,2
0.0,47,0,2549.0,5400.0,6,0,2,0,0
0.589426322,65,0,0.674749434,3092.0,12,0,1,0,0
0.657724564,73,3,0.657566566,8900.0,12,0,3,0,1
0.732857143,55,4,2418.0,5400.0,8,1,0,3,1
0.107675104,45,0,0.313103128,8600.0,10,0,1,0,0
0.151849912,84,0,0.200106652,7500.0,8,0,2,0,0
0.652722073,61,0,2.488255872,2000.0,11,0,2,0,1
0.11280545,39,0,797.5,1.0,6,0,1,0,3
0.99749096,30,0,0.13638494,6400.0,8,0,0,0,0
0.102860992,37,0,4432.0,5400.0,8,0,3,0,0
0.318536293,87,0,0.020425902,2300.0,2,0,0,0,0
0.989023766,44,2,1317.0,5400.0,5,1,0,0,0
1.011451874,28,0,0.798091603,2619.0,11,0,1,0,2
0.9999999,59,0,0.264663531,10416.0,3,0,1,0,0
0.9999999,46,0,0.026194761,5000.0,1,1,0,0,1
0.006740491,66,0,0.002499306,3600.0,5,0,0,0,0
0.997363876,36,0,0.777160631,4500.0,8,0,2,0,3
0.000333319,50,0,2219.0,5400.0,13,0,1,0,0
0.706464442,58,0,0.254202432,11183.0,10,0,0,0,1
0.164515597,55,1,0.064498704,9255.0,8,0,0,1,0
0.906418716,25,0,0.092293493,4333.0,3,0,0,0,0
0.684376305,68,0,0.201848708,5300.0,5,0,1,0,0
0.035227025,55,0,0.170397664,14383.0,8,0,1,0,3
0.9999999,55,2,1898.0,5400.0,7,2,1,0,0
0.838032394,48,0,0.421928998,6365.0,5,0,1,0,1
0.152279545,70,0,0.169986196,5070.0,13,0,0,0,0
0.518253723,57,0,0.404673853,12708.0,9,0,1,0,1
0.770287141,31,0,0.267958326,5470.0,8,0,2,0,0
0.733168854,49,2,0.585520362,5524.0,11,0,1,0,1
0.856381206,35,0,0.224908201,3267.0,5,0,0,0,0
1.047583781,52,1,0.418994413,3400.0,11,0,1,1,0
0.0,42,1,0.3726645,4923.0,9,0,2,0,1
0.17488836,69,0,837.0,5400.0,9,0,0,0,0
0.020347236,66,0,0.193415638,1700.0,4,0,0,0,0
0.232407601,33,1,0.275303644,2716.0,7,0,0,0,0
0.9999999,60,0,0.0,5400.0,0,0,0,0,0
0.070692931,28,0,21.0,5400.0,1,0,0,0,0
0.713019474,47,0,1.182396088,6134.0,16,0,5,1,2
1.004027903,52,0,0.922346276,6000.0,18,0,2,0,2
0.0,40,1,0.234481797,7168.0,7,0,2,0,2
0.154246538,43,1,3077.0,5400.0,18,0,1,0,2
0.167035049,41,0,152.0,5400.0,7,0,0,0,0
0.017202231,64,0,0.007159071,5726.0,11,0,0,0,0
0.418916217,27,0,0.226592134,5008.0,6,0,0,0,0
0.024674383,49,0,0.017028773,1702.0,3,0,0,0,0
0.87543344,63,4,5732.0,5400.0,14,7,1,0,0
0.041772797,30,0,613.0,5400.0,7,0,0,0,0
0.206356743,63,0,0.301020945,9500.0,12,0,2,0,0
0.006996502,23,0,0.0,2557.0,2,0,0,0,0
1.074221254,47,2,3.354767184,450.0,8,2,1,1,2
0.005651558,64,0,1922.0,5400.0,13,0,2,0,0
0.9999999,26,0,0.085118538,3500.0,2,0,0,0,0
0.224500347,64,0,0.625175668,4980.0,9,0,1,0,0
0.032956543,78,0,0.016796641,5000.0,6,0,0,0,0
0.810536288,42,2,0.079904002,14166.0,6,0,0,0,1
0.0,71,0,0.552567237,3680.0,6,0,1,0,0
0.860465116,46,0,0.001365587,5125.0,1,0,0,0,0
0.471675986,53,0,0.085801449,7866.0,3,0,0,0,2
0.235260664,46,1,0.085879347,9000.0,4,0,0,0,4
0.463849724,53,0,0.154144549,9795.0,27,0,0,0,0
0.011863097,46,0,0.240788346,3500.0,4,0,2,0,2
0.9999999,42,1,0.056896817,6502.0,2,0,0,0,2
0.261226668,62,1,0.838589981,2694.0,13,0,0,0,1
0.437046766,75,0,0.740037138,7000.0,20,0,1,0,0
0.011110288,62,0,1095.0,5400.0,6,0,1,0,0
0.035487822,61,0,0.559755545,4417.0,14,0,1,0,0
0.99284039,81,0,0.640102828,3500.0,15,0,3,0,0
0.094265843,63,0,0.276124732,4200.0,6,0,1,0,0
0.46036445,48,0,0.249182849,5200.0,10,0,0,0,0
0.05841747,62,0,0.236585366,11479.0,5,0,1,0,0
4314.0,63,0,4343.0,5400.0,7,0,1,0,0
0.28547365,65,1,3105.0,5400.0,16,1,1,0,0
0.940147132,45,3,0.552535918,5776.0,5,2,1,0,3
0.654933627,50,0,0.326623117,7500.0,4,0,2,0,1
0.336031618,55,0,0.938676887,6000.0,11,0,3,0,1
0.021542351,52,0,1218.0,5400.0,15,0,1,0,0
0.9999999,55,4,3294.0,5400.0,5,3,1,0,0
0.08303276,63,0,0.319334933,5833.0,10,0,2,0,3
0.291199055,53,0,0.572071321,6000.0,11,0,2,0,2
0.710978307,47,0,0.745798766,4700.0,11,0,2,0,3
0.785273824,63,0,0.449193851,8000.0,10,0,2,0,0
0.855749645,46,0,0.336348532,5416.0,5,0,1,0,0
0.325031018,54,0,0.632204941,7650.0,17,0,2,0,0
0.015582035,87,0,5.0,5400.0,6,0,0,0,0
0.480204382,45,0,2787.0,0.0,7,0,1,0,2
0.446655334,46,0,0.266933267,4000.0,9,0,0,0,1
0.009200015,74,0,0.1885608,4300.0,6,0,1,0,0
0.367966548,32,0,0.584622943,4070.0,8,0,2,0,1
0.238536065,67,0,0.313285397,14880.0,18,0,4,0,0
0.9999999,26,0,0.037277147,1850.0,3,1,0,0,0
0.012547601,51,0,0.223306749,8400.0,7,0,1,0,3
0.329363519,31,0,500.0,5400.0,5,0,0,0,3
0.005114146,75,0,0.00088879,9000.0,10,0,0,0,1
0.0,55,0,0.474495639,11350.0,3,0,1,0,1
0.0,77,0,0.0,2879.0,4,0,0,0,0
0.115483365,37,0,0.280658938,4916.0,5,0,1,0,2
0.00179991,80,0,6.62e-05,15100.0,1,0,0,0,0
0.974007426,30,0,0.265123619,1900.0,5,0,0,0,0
0.291618064,36,0,0.252282467,16100.0,8,0,2,0,2
0.369434356,43,0,0.11628544,7300.0,5,0,0,0,0
0.884527528,52,0,0.418036332,4623.0,8,0,1,0,0
0.89777707,35,0,0.320987654,3725.0,7,0,0,0,2
0.286681115,42,0,0.175804033,6000.0,3,0,0,0,0
0.05649325,52,1,0.443732376,3900.0,20,0,2,0,1
0.312318461,47,0,0.230779624,7400.0,4,0,2,0,0
0.502129949,58,0,0.275391956,4400.0,14,0,1,0,0
1.039584166,36,1,0.144655704,3891.0,2,0,0,0,1
0.9999999,67,0,0.057942058,1000.0,0,0,0,0,0
0.297326726,63,0,0.465317206,4050.0,10,0,2,0,1
0.612399523,46,1,0.402153609,9100.0,11,0,3,1,2
0.077283372,73,0,0.22755482,7250.0,7,0,1,0,0
0.009428235,51,0,0.860063607,2200.0,9,0,1,0,2
0.193823078,63,0,0.597175353,8000.0,16,0,1,0,2
0.06887447,49,0,0.29540753,7250.0,5,0,1,0,0
1.047439173,48,5,0.466515752,5300.0,11,0,1,2,3
0.139244012,56,0,0.338309985,35833.0,17,0,5,0,2
0.205727946,59,0,3360.0,5400.0,11,0,2,0,0
0.151721529,52,0,0.515871032,4000.0,8,0,1,0,0
0.758850479,33,0,0.188212309,3070.0,2,0,0,0,0
1.245901639,24,1,0.935587762,620.0,3,1,0,1,0
0.010316822,28,0,2125.0,5400.0,9,0,1,0,2
0.179422875,41,0,0.34166011,5083.0,4,0,1,0,2
0.11695713,43,0,0.412680396,12333.0,18,0,2,0,0
0.055099648,54,0,0.116183024,9200.0,14,0,1,0,1
0.062762914,45,0,0.122506538,19500.0,5,0,2,0,1
0.146637244,57,0,0.296212482,8395.0,7,0,2,0,0
0.0,50,0,177.0,5400.0,5,0,0,0,1
0.723190597,82,0,0.329008451,8400.0,15,0,0,0,0
0.42957043,27,0,0.503175723,4250.0,4,0,1,0,0
0.02286988,43,0,0.170846028,8533.0,6,0,1,0,1
0.685314685,55,0,0.001142857,17499.0,5,0,0,0,2
0.519206498,48,0,5585.0,5400.0,19,0,3,0,0
0.112535546,39,0,0.702131673,5300.0,5,0,2,0,2
0.005809894,55,0,0.068521381,3881.0,5,0,0,0,0
0.000199987,67,0,686.0,5400.0,4,0,1,0,0
0.82683266,42,1,0.175815884,5300.0,4,0,0,0,1
0.328689344,46,0,0.065061011,18766.0,9,0,0,0,3
0.078329534,58,0,1840.0,5400.0,7,0,1,0,0
0.430517316,53,0,0.432989691,3200.0,6,1,1,1,0
0.9999999,32,0,280.0,5400.0,1,1,0,0,1
0.0,23,0,0.037924152,500.0,1,0,0,0,0
0.0,66,1,0.355607399,6000.0,7,0,1,0,0
0.050803945,44,0,0.487008661,1500.0,8,0,0,0,3
0.046906866,36,0,0.336666333,10000.0,14,0,2,0,1
0.071385723,25,0,0.025322079,4501.0,2,0,0,0,0
0.538109417,49,0,0.08595732,6700.0,5,0,0,0,1
0.0,28,0,0.253376553,1850.0,2,0,0,0,0
0.369060405,39,0,0.190732551,5200.0,4,0,0,0,2
0.052051262,44,0,0.156179885,10250.0,6,0,1,0,3
0.990643525,45,1,0.24838013,4166.0,3,2,0,1,0
0.0,24,0,0.173275575,3000.0,5,0,0,0,0
0.597054716,64,0,0.346721639,7518.0,16,0,0,0,1
0.008461278,62,0,7.0,5400.0,4,0,0,0,0
0.129319678,44,0,0.30786644,5300.0,12,0,2,0,3
0.153491473,80,0,82.0,5400.0,1,0,0,0,0
0.424525158,68,0,0.310567605,4333.0,3,0,1,0,0
0.003413663,56,0,0.467608638,3750.0,17,0,2,0,0
0.0,72,0,19.0,5400.0,6,0,0,0,0
0.737642153,44,0,0.32096048,19989.0,15,0,1,0,0
0.747375119,44,1,1.638867034,5083.0,5,0,3,0,1
0.138145573,39,0,0.359728054,5000.0,11,0,0,0,2
0.846644955,50,0,0.561336092,6765.0,10,0,1,0,0
1.915947297,41,1,782.0,5400.0,5,1,0,0,2
0.04749525,44,0,1524.0,5400.0,5,0,1,0,0
0.054374171,59,0,0.287040343,2800.0,15,0,1,0,0
0.066898328,51,0,3420.0,5400.0,5,0,1,0,0
1.603993344,46,2,0.007949603,6666.0,2,3,0,0,3
0.0,48,0,0.487387179,4320.0,6,0,2,0,1
1.803986711,27,1,0.382340691,2400.0,2,4,0,0,3
0.167976738,62,0,0.22578802,10500.0,14,0,1,0,0
0.077393401,65,0,1393.0,5400.0,12,0,2,0,0
0.364382428,60,0,0.271745651,5000.0,7,0,0,0,0
0.870162297,32,2,0.6729634,2540.0,10,1,1,0,1
0.001363589,57,0,0.425461009,4500.0,10,0,2,1,0
0.48166072,57,0,0.397631134,6500.0,8,0,1,0,0
0.887938129,61,0,0.618487173,7561.0,20,0,3,0,2
0.887488045,44,0,0.345017414,8900.0,20,0,1,0,2
0.9999999,26,0,10.0,5400.0,0,1,0,0,0
0.168627338,52,0,0.381661834,10000.0,14,0,2,0,3
0.063432569,68,0,0.214644877,3181.0,10,0,0,0,0
0.007413458,75,0,0.394094431,6840.0,17,0,1,0,1
0.035730951,74,0,0.260976275,11000.0,5,0,1,0,1
0.037996027,56,0,0.555470102,5200.0,9,0,2,0,2
0.134044408,40,1,0.01284162,6073.0,2,0,0,0,0
0.095059026,56,0,0.221755649,5000.0,9,0,1,0,0
0.985734284,52,1,0.471827031,10683.0,7,0,4,0,0
0.0695105,75,0,0.011333333,7499.0,5,0,0,0,0
0.010528126,77,0,0.370657336,4000.0,15,0,1,0,0
0.054348641,66,0,0.024065161,2700.0,2,0,0,0,0
0.449832588,47,0,4596.0,5400.0,6,0,2,0,2
0.972186564,66,0,0.666410306,5200.0,9,0,0,0,0
1.136863137,33,1,0.107204412,2900.0,2,3,0,1,0
0.9999999,48,0,5616.0,5400.0,5,0,3,0,0
0.010335432,49,0,0.006283919,3500.0,7,0,0,0,2
0.497075846,51,0,0.408776371,5924.0,19,0,2,0,0
0.45136486,27,0,570.0,5400.0,6,0,0,0,2
0.296034153,67,0,0.340829585,2000.0,4,0,1,0,0
0.760592041,62,0,1.077967587,6848.0,16,0,2,0,0
0.300567158,44,0,0.551053834,23200.0,21,0,6,0,2
0.182645703,53,0,0.26630732,12800.0,10,0,2,0,2
1.037584966,42,2,0.599111829,2476.0,3,0,0,3,2
1.00239952,42,1,0.299350325,2000.0,5,0,1,2,0
0.722615577,37,0,0.31964018,3334.0,9,2,0,0,1
0.040748302,61,0,0.255437228,6666.0,6,0,1,0,0
0.040328093,78,0,0.843625056,2250.0,11,0,1,0,0
0.565250833,74,1,0.208597134,3000.0,6,1,0,0,0
0.182921139,74,0,0.009395517,8833.0,4,0,0,0,1
0.604088545,29,1,0.245200698,4583.0,7,0,0,0,0
0.0,40,1,0.103933693,7600.0,10,0,0,0,2
0.02644201,56,0,0.149560117,3750.0,9,0,1,0,2
0.238663352,61,0,0.606949421,12000.0,18,0,2,0,1
0.962557636,52,1,0.601036269,7719.0,10,0,2,0,1
0.0,53,0,1200.0,5400.0,5,0,1,0,0
0.67637186,37,0,0.865282215,5633.0,17,0,2,0,0
0.186156158,70,2,0.216630197,5483.0,3,0,1,0,0
0.046448394,64,0,0.032489847,3200.0,4,0,0,0,0
0.047180084,38,0,0.088961262,11667.0,10,0,0,0,2
0.017177396,80,0,0.002124123,10827.0,4,0,0,0,0
0.735484227,30,0,812.0,5400.0,4,0,1,0,0
0.392764599,74,2,0.563203602,9326.0,21,0,2,0,0
0.059998333,30,0,0.649673203,764.0,5,0,0,0,0
0.716856929,42,0,0.372253765,4050.0,5,0,2,0,2
0.052189267,72,0,2056.0,5400.0,8,0,1,0,0
0.012443523,46,0,0.417058294,10000.0,5,0,2,0,0
0.098129974,75,2,0.283902439,2049.0,14,0,1,0,0
0.176857685,36,0,0.189189189,17500.0,10,0,2,0,1
0.9999999,37,3,0.255739455,1872.0,0,3,0,1,2
0.55875763,56,0,0.427254378,18330.0,14,0,2,0,0
0.0,30,0,0.035577771,3400.0,7,0,0,2,0
0.0,32,1,0.034214619,4500.0,4,0,0,1,0
0.000535695,40,0,0.350516609,9000.0,6,0,2,0,2
0.08319584,50,0,686.0,5400.0,4,0,1,0,0
0.031310449,73,0,0.991871492,5166.0,9,0,2,0,1
0.034599231,67,0,1368.0,5400.0,8,0,1,0,0
0.010436174,61,0,0.331917021,4000.0,14,0,1,0,0
0.443163288,45,0,0.560850189,5833.0,13,0,1,0,1
0.089722757,42,0,0.251119164,4690.0,5,0,1,0,4
0.549766261,56,0,2673.0,5400.0,8,0,1,0,0
0.006538378,70,0,0.163235076,6750.0,12,0,1,0,0
0.363246347,61,0,0.128885657,5500.0,5,0,0,0,0
0.209278474,67,0,1690.0,5400.0,5,0,1,0,0
0.346446425,41,1,0.450484224,3200.0,8,0,0,0,2
0.079958401,60,0,0.393590148,6333.0,12,0,1,0,1
0.364596721,31,0,0.141195293,30000.0,8,0,2,0,1
0.68634742,47,0,0.812540317,7750.0,10,0,4,0,3
0.086266744,50,2,2576.0,5400.0,15,0,1,0,3
0.275157488,58,0,0.571080422,4923.0,20,0,1,0,0
0.653056973,53,0,0.06841612,3200.0,6,0,0,0,0
0.051595586,74,0,0.237383798,9035.0,10,0,1,0,0
0.0,49,0,0.181710214,5893.0,12,0,1,0,1
0.047724087,68,0,0.031479809,7750.0,13,0,1,0,0
0.440998474,58,0,0.020281789,39887.0,6,0,0,0,3
0.0,34,0,0.191761648,5000.0,4,0,0,0,1
0.133476692,66,0,0.349222798,3859.0,10,0,1,0,0
0.153831909,48,0,0.236921026,3000.0,5,0,0,0,2
0.127713838,59,0,0.268538517,12500.0,20,1,3,0,0
0.059837606,61,0,0.215317994,19166.0,4,0,3,0,1
0.065934066,52,2,1143.0,5400.0,4,0,1,1,0
0.276154559,43,0,0.316477088,15384.0,11,0,3,0,3
0.0,61,0,0.353543155,5178.0,10,0,1,0,0
0.9999999,46,0,0.374035878,11538.0,5,0,1,0,2
0.129971118,23,0,0.020706456,820.0,4,0,0,0,0
0.001872061,44,2,0.238944026,40000.0,15,0,2,0,2
0.9999999,61,0,437.0,5400.0,2,11,0,0,0
1.025682183,27,0,1091.0,5400.0,12,0,0,0,2
0.636307407,54,1,0.515296941,5000.0,10,0,1,0,0
0.242703637,42,1,0.036493918,6000.0,11,0,0,0,0
0.199190555,41,0,1677.0,5400.0,15,0,0,0,0
0.529852923,50,0,0.412044751,4200.0,10,0,1,0,3
0.256780098,48,0,0.345176045,9400.0,6,0,2,0,3
0.038696083,61,1,0.348932085,4166.0,15,0,2,0,0
0.843508169,61,2,34102.0,5400.0,15,0,1,1,1
0.9999999,33,0,0.019843101,2166.0,2,0,0,0,3
0.026362375,79,0,27.0,5400.0,6,0,0,0,0
0.001576001,52,0,3903.0,5400.0,8,0,2,0,0
0.17840065,51,0,0.006751905,121150.0,4,0,0,0,2
0.003066564,51,0,0.100610565,3766.0,6,0,0,0,1
0.230157876,47,0,0.392321453,7266.0,16,0,1,0,2
0.914034386,55,0,0.523095381,3333.0,5,1,1,0,2
0.324668242,59,3,0.246001932,9316.0,9,0,1,1,2
0.016024911,85,0,0.004498875,4000.0,3,0,0,0,0
0.004588822,84,0,4737.0,5400.0,9,0,3,0,0
0.06869614,68,0,0.045185958,5753.0,4,0,0,0,0
0.038361696,47,5,0.297517029,4550.0,7,0,1,0,3
0.847639777,42,2,2099.0,5400.0,11,0,1,0,0
0.032896707,52,0,0.635708042,4575.0,13,0,1,0,0
0.187503208,69,0,0.97392013,3680.0,8,0,1,0,1
0.878024395,51,0,0.237758831,4104.0,5,0,0,0,0
0.0,31,0,0.0,1500.0,2,0,0,0,0
0.9999999,47,1,0.2768833,8508.0,5,1,1,0,1
0.989225369,80,1,0.491403439,2500.0,3,0,1,0,0
0.204435358,56,1,0.453848717,3000.0,12,0,2,0,2
0.9999999,23,0,0.0,5400.0,0,0,0,0,0
0.52649117,32,0,0.139519209,4450.0,4,0,0,0,2
0.078921979,41,0,0.255504261,11263.0,6,0,1,0,2
0.00769903,69,0,0.741169486,3368.0,11,0,2,0,0
0.080849584,57,0,4536.0,5400.0,14,0,1,0,0
0.244787204,30,0,0.079097581,3678.0,3,0,0,0,0
0.075337565,73,0,1.916736053,1200.0,18,0,2,0,0
0.006094298,49,0,0.950301904,6458.0,18,0,3,0,0
0.0,83,0,0.00019996,5000.0,6,0,0,0,0
0.583231012,46,0,0.287373004,1377.0,6,0,0,0,3
0.249435496,49,0,1703.0,5400.0,7,0,1,0,2
0.289236921,36,0,0.388502616,13950.0,9,0,2,0,0
0.016098021,68,1,500.0,5400.0,8,1,1,1,0
0.264152821,34,0,0.444757754,3900.0,6,0,1,1,1
0.354913775,58,0,1.514483466,3900.0,16,0,2,0,1
0.034850009,29,0,204.0,5400.0,8,0,0,0,0
0.036266724,60,0,0.165723847,12550.0,8,0,1,0,0
0.016763582,70,0,0.200861273,3250.0,8,0,1,0,0
0.0,54,0,0.437608152,5200.0,10,0,2,0,1
0.195206206,83,0,0.258785473,6800.0,10,0,2,0,0
0.273293689,58,0,0.622038687,4600.0,23,0,3,0,0
0.276308857,73,0,0.911504425,8700.0,14,0,7,0,1
0.09221289,71,0,125.0,5400.0,5,0,0,0,0
0.050074668,39,0,4296.0,5400.0,10,0,1,0,0
0.278656443,58,0,0.506693781,5900.0,19,0,1,0,0
0.134462424,64,0,0.486930372,8645.0,15,0,5,0,1
0.070265285,41,0,0.472740992,5300.0,9,0,2,0,3
0.9999999,37,0,0.092976756,4000.0,1,0,0,0,1
0.9999999,57,0,0.709601598,8508.0,10,0,3,0,1
0.102983121,74,0,91.0,5400.0,5,0,0,0,0
0.391282609,79,0,0.527795734,3093.0,10,0,0,0,0
0.077929817,64,0,0.525405456,21333.0,21,0,3,0,0
0.201479852,31,0,0.34985791,3166.0,9,0,1,0,0
0.136521248,48,0,0.23793976,12250.0,8,0,2,0,3
0.39496448,65,0,0.195600419,10500.0,30,0,1,0,0
0.018283102,82,0,45.0,5400.0,9,0,0,0,0
0.022433807,48,0,0.439140215,4000.0,3,0,1,0,1
0.008600455,69,0,0.262361524,3700.0,11,0,1,0,1
0.006095122,47,0,1085.0,5400.0,5,0,1,0,2
0.753267302,69,0,0.272370586,7900.0,8,0,2,1,1
0.042021772,58,0,0.486702659,5000.0,10,0,2,0,1
0.021686203,59,0,0.150827987,13405.0,10,0,1,0,0
0.572092319,49,0,2088.0,5400.0,9,0,1,0,0
0.634592215,45,1,0.212106589,18650.0,7,0,0,0,2
0.0444901,64,0,72.0,5400.0,3,0,0,0,0
0.102928759,77,0,0.182608696,4139.0,6,0,1,0,0
0.703816909,31,0,0.553445337,8213.0,12,0,2,0,1
0.43870351,77,0,0.245748299,3527.0,7,0,0,0,0
0.9999999,56,0,0.125624792,3000.0,1,0,0,0,0
0.033711598,74,0,0.085492228,5403.0,8,0,0,0,0
0.151515152,40,0,0.621702638,1667.0,5,0,1,0,2
0.004800768,62,0,0.631273745,5000.0,19,0,2,0,0
0.171529037,36,0,0.738963532,4167.0,11,0,1,0,2
0.672517218,41,0,0.217515469,2100.0,6,0,0,0,2
0.529778809,34,0,0.489627593,4000.0,3,0,1,0,0
0.0,49,0,871.0,5400.0,21,0,2,0,4
0.9999999,35,0,2358.0,5400.0,5,0,1,0,3
0.101798728,65,0,0.235903066,12750.0,10,0,2,0,1
0.009797732,54,0,0.002291189,4800.0,5,0,0,0,0
0.340786969,57,0,0.356386456,7648.0,11,0,2,0,1
0.110755409,57,0,0.404042599,4600.0,10,0,1,0,4
0.569838509,31,0,0.266681954,4360.0,6,0,0,0,0
0.007450386,60,0,1500.0,5400.0,9,0,1,0,0
0.9999999,53,0,0.124625125,3000.0,5,0,1,0,0
0.03343541,48,0,0.005923732,2700.0,2,0,0,0,0
0.008475787,71,0,0.025294374,4585.0,3,0,0,0,0
0.380658966,48,0,2882.0,5400.0,14,0,1,0,0
0.9999999,23,0,0.184815185,1000.0,2,0,0,0,0
0.445760573,57,0,0.399571463,12600.0,17,0,2,0,2
0.035267874,61,1,0.375202362,10500.0,10,0,1,0,0
1.014197161,48,1,0.545059718,3683.0,7,0,1,0,4
0.075240022,70,0,0.800816697,2203.0,12,0,1,0,0
0.399924543,26,0,0.137544982,2500.0,4,0,0,0,0
0.531432275,57,1,0.035706871,4816.0,6,1,0,1,0
0.233512136,49,0,0.34636672,5600.0,11,0,1,0,1
0.177223508,66,0,1774.0,5400.0,7,0,1,0,0
0.888483708,41,0,0.187235679,2600.0,3,0,0,0,0
0.9999999,56,1,0.428103602,3358.0,3,0,1,2,1
0.162478363,54,0,0.31798254,26230.0,14,0,2,0,2
0.02948292,51,0,0.199571472,9800.0,5,0,1,0,0
0.752945377,44,0,0.259163273,2700.0,4,0,0,0,0
0.039296867,56,0,3318.0,5400.0,9,0,3,0,1
0.062062529,40,0,0.052595275,5798.0,5,0,0,0,2
0.706829758,61,0,0.397897465,6943.0,11,0,1,0,0
0.960506582,39,0,0.76124775,5000.0,6,2,1,0,2
0.788525125,78,3,0.953835474,2880.0,12,3,1,1,0
0.018678712,58,0,0.156512896,10816.0,10,0,2,0,0
0.070433098,38,1,0.006615878,4987.0,5,0,0,0,3
0.024310022,50,0,0.075592441,10000.0,10,0,1,0,0
0.144482624,60,0,0.275213993,5373.0,4,0,1,0,0
0.770095793,30,0,486.0,5400.0,3,1,0,0,0
0.033416555,36,0,2270.0,5400.0,8,0,1,0,0
0.412430642,37,0,0.26776,12499.0,11,0,1,0,3
0.703184436,28,0,0.165112577,4396.0,4,0,0,0,0
0.848237244,53,0,1049.0,5400.0,7,0,0,0,0
0.361527694,64,0,688.0,5400.0,2,0,1,0,0
0.394921016,28,0,0.130083646,3466.0,2,0,0,0,0
0.562013767,55,0,1.141378705,5700.0,9,0,2,0,1
0.9999999,33,0,0.0,5400.0,1,0,0,0,0
0.119288455,41,0,30.0,5400.0,2,0,0,0,0
0.109868133,64,0,0.276344731,5000.0,10,0,2,0,0
0.90687308,57,7,2.931292942,1600.0,19,0,2,0,0
0.79568953,44,2,0.815585961,1680.0,5,0,0,1,3
0.021049649,64,0,4084.0,5400.0,12,0,3,0,0
0.0,51,0,0.390293225,7911.0,9,0,2,0,4
0.022993423,48,0,0.015525499,19000.0,12,0,1,0,4
0.431844497,57,0,0.348386183,7063.0,9,0,1,0,1
0.269346131,24,0,0.682095006,820.0,3,0,0,0,0
0.98840116,54,1,0.370575295,15000.0,10,0,4,0,3
0.166833167,28,0,0.002082466,2400.0,1,0,0,0,0
0.111868727,42,0,0.385083995,5416.0,10,0,2,0,2
0.849833622,41,0,0.761939045,12500.0,16,0,5,0,2
0.021738271,76,0,15.0,5400.0,4,0,0,0,0
0.018605241,67,0,0.256051641,5576.0,12,0,2,0,1
0.043911134,59,0,0.378684478,6886.0,11,0,1,0,1
0.218196377,54,0,0.01348268,4820.0,5,0,0,1,0
0.578395597,53,0,2669.0,5400.0,8,0,2,0,0
0.348590701,44,1,0.454446263,5498.0,9,0,2,0,1
0.92007992,51,0,0.045522548,4678.0,5,1,0,0,0
0.49606995,30,0,0.446729506,3500.0,8,0,0,0,0
0.208010268,60,0,1666.0,5400.0,8,0,2,0,0
0.201021594,63,0,5908.0,5400.0,9,0,1,0,0
0.036918344,72,0,0.533333333,1124.0,7,0,0,0,0
0.032648263,49,0,0.026275704,2625.0,12,1,0,0,3
0.0,84,0,0.0,5400.0,2,0,0,0,0
0.056986807,63,0,84.0,5400.0,6,0,0,0,0
0.069426588,78,0,0.005725041,12750.0,7,0,0,0,0
0.0,70,1,0.291852139,5166.0,8,0,2,0,0
0.0,49,0,0.037932317,13444.0,5,0,1,0,3
0.901290674,27,0,0.128342246,4300.0,8,0,0,0,0
0.000878006,60,0,547.0,5400.0,8,0,0,0,0
0.077692997,61,0,0.373257143,8749.0,9,0,3,0,0
0.132721527,40,0,0.510034904,6875.0,12,0,1,0,0
0.0,49,0,0.113312578,150000.0,10,0,5,0,3
0.020798908,59,0,1971.0,5400.0,17,0,1,1,0
0.048907727,62,0,860.0,5400.0,11,0,1,0,0
0.843510098,76,0,1.718056389,1666.0,9,0,1,0,0
0.036968172,47,0,2117.5,1.0,10,0,1,0,0
0.525418377,31,2,0.741338112,3347.0,9,1,1,1,3
0.324179688,37,0,0.495001163,4300.0,14,0,1,0,0
0.02719864,71,0,16.0,5400.0,1,0,0,0,0
0.616374953,41,0,0.320473294,12000.0,11,0,2,0,0
0.401380837,52,0,0.299690343,10333.0,11,0,2,0,0
0.934393014,55,0,0.369404997,11125.0,21,0,2,0,2
0.024098137,48,0,32.0,5400.0,4,0,0,0,0
0.186765694,49,0,0.232828261,22900.0,13,0,1,0,1
0.327390217,46,0,0.451274363,2000.0,6,0,0,0,2
1.708818636,50,2,0.009360374,3204.0,2,1,0,0,3
0.336408747,54,0,0.208284799,13735.0,6,0,1,0,3
0.290541705,45,0,0.576940904,8629.0,6,0,2,0,0
0.52248511,58,0,0.46627566,3750.0,13,0,0,0,0
0.610191145,58,0,0.053095086,7834.0,6,0,0,0,0
0.9999999,43,0,0.254581806,3000.0,3,0,1,0,0
0.02879904,68,0,0.223991867,2950.0,3,0,1,0,1
0.294089892,72,0,0.352337514,11400.0,9,0,1,0,0
0.824750624,48,2,0.211724138,10149.0,8,0,0,0,3
0.005067453,75,0,0.172617833,4900.0,6,0,1,0,0
0.11091699,54,0,144.0,5400.0,3,0,0,0,0
0.062149815,46,1,0.135316699,2083.0,4,0,0,0,3
0.010511397,33,0,0.225849095,9833.0,6,0,2,0,0
0.744633218,51,0,0.431417374,12247.0,13,0,4,0,3
0.303387158,33,0,0.325253749,6600.0,10,0,1,0,4
0.907780705,51,0,0.775726811,6500.0,11,0,1,0,1
0.259728582,51,0,5935.0,5400.0,20,0,3,0,0
0.377881478,49,0,0.263137779,10465.0,18,0,2,0,0
0.888497446,52,0,0.402227889,7450.0,7,0,0,0,0
0.224422399,70,1,776.0,5400.0,12,0,0,0,0
0.041880646,47,0,2035.0,5400.0,6,0,1,0,3
0.939144283,41,0,0.225302154,7611.0,13,0,0,0,3
0.933457639,42,1,0.03519648,10000.0,9,0,0,1,2
0.00436177,87,0,36.0,5400.0,15,0,0,0,0
0.0,73,0,0.22954823,1637.0,4,0,1,0,0
0.079098418,35,0,0.016034787,7358.0,6,0,0,0,2
0.191093225,68,0,4262.0,5400.0,15,0,4,0,0
0.10162654,37,0,0.572261558,2400.0,9,0,1,0,5
0.0,70,0,492.0,5400.0,9,0,1,0,0
0.176002124,55,0,0.340186191,2577.0,7,0,1,0,0
0.18482529,66,0,0.546700943,3500.0,10,0,1,0,0
0.759232406,51,0,0.571094829,9416.0,18,0,2,0,0
0.608371836,33,0,0.131317623,6746.0,11,0,0,0,1
0.199473871,51,0,0.270205066,15750.0,10,0,2,0,3
0.016428341,56,1,0.255736337,4793.0,23,0,1,0,0
0.002794035,75,0,28.0,5400.0,3,0,0,0,0
0.0,35,0,0.436235859,5833.0,12,0,1,0,1
0.053852814,52,0,0.094293163,6903.0,5,0,1,0,2
0.9999999,39,1,0.034058449,4550.0,1,0,0,0,2
0.044698654,54,0,0.163524169,5833.0,9,0,1,0,0
0.009694032,24,0,0.0,897.0,1,0,0,0,0
0.303867403,58,0,0.347908745,5259.0,5,1,1,0,1
0.080033698,48,1,0.130268575,10201.0,19,0,1,0,1
0.041855764,53,0,0.289099526,19200.0,9,0,2,0,1
0.426323535,40,0,0.448805652,8916.0,7,0,3,0,4
0.174924961,74,0,0.101843174,3200.0,5,0,0,0,0
0.430188747,40,0,0.428933581,5916.0,7,0,1,0,2
0.251774823,55,6,0.155312625,7500.0,11,0,0,0,1
0.986773187,50,2,0.221970404,7500.0,11,0,0,1,0
0.350829522,38,0,0.687924726,5738.0,20,0,2,0,2
0.356373887,50,0,0.423501841,5973.0,20,0,1,0,2
0.417394064,32,3,0.171027552,5770.0,7,3,0,3,1
0.190624801,48,0,0.210078992,10000.0,6,0,1,0,1
0.394359737,47,0,0.366535403,12950.0,18,0,4,0,0
0.008985909,50,0,0.2003367,10097.0,9,0,2,0,0
0.066865181,50,0,1134.0,5400.0,8,0,1,0,0
0.96629053,43,0,0.423937554,5764.0,4,0,2,0,0
0.432197137,53,0,0.438063439,5989.0,9,0,1,0,3
0.638080427,30,0,0.406637345,2500.0,4,0,2,0,2
0.025113288,62,0,29.0,5400.0,2,0,0,0,0
0.807794677,52,1,1533.0,5400.0,3,0,1,0,0
0.007293689,45,0,0.403781864,9571.0,7,0,2,0,3
0.014453967,65,0,0.005416299,7938.0,10,0,0,0,0
0.390880992,40,0,0.535577404,6000.0,9,0,2,0,3
0.034201937,62,0,0.03030303,3200.0,4,0,0,0,0
0.057396174,46,0,0.26769764,7500.0,7,1,1,0,1
0.0516591,37,1,0.456908618,5000.0,10,0,1,0,2
0.039943481,37,0,0.452662009,4150.0,6,0,2,0,0
0.708932742,44,0,1.224181029,7600.0,18,0,4,0,3
0.210344165,60,0,0.42619127,3000.0,8,0,1,0,0
0.022843036,49,0,0.327668083,4000.0,5,0,1,0,0
0.17362058,60,0,0.575932334,2600.0,9,0,2,0,0
0.198416616,34,0,0.173235916,5200.0,7,0,0,0,0
0.644251864,29,0,4791.0,5400.0,15,0,2,0,0
0.866491835,60,0,0.597638862,5166.0,10,0,0,0,0
0.0,32,0,0.003731343,535.0,2,0,0,0,0
0.248214796,35,0,0.691687808,6700.0,3,0,2,0,3
0.9999999,63,0,2417.0,5400.0,8,0,1,0,0
0.9999999,53,0,0.069331668,3201.0,2,0,0,0,0
0.014082323,75,0,0.148885111,10000.0,6,0,1,0,0
0.006753403,52,0,0.259657143,8749.0,15,0,1,0,0
0.060840786,57,2,0.090370832,6417.0,7,0,0,0,0
0.009999301,42,0,1020.0,5400.0,2,0,1,0,0
0.18213617,72,0,0.771584368,3300.0,24,0,3,0,0
0.039147423,61,0,0.210541351,7000.0,6,0,2,0,0
0.35711944,71,0,2.768007271,4400.0,13,0,8,0,0
0.487266553,36,0,0.440243512,3120.0,7,0,0,0,0
0.18227216,29,0,0.001371272,2916.0,2,0,0,0,0
0.9999999,70,0,0.001279898,12500.0,0,0,0,0,0
0.142795354,58,0,0.326753113,15500.0,13,0,3,0,0
0.181936428,37,0,0.326243069,11000.0,9,0,1,0,5
0.149702213,47,0,1.11993337,1800.0,16,0,1,0,0
0.559417109,61,0,0.450404698,6300.0,8,0,2,0,1
0.00842065,49,0,0.236612959,14584.0,5,0,2,0,2
0.848977933,47,0,0.719160105,5333.0,13,0,2,0,3
0.0,82,0,0.017104927,7833.0,7,0,1,0,0
0.361570624,56,0,0.471149478,2200.0,5,0,3,0,0
0.093547185,61,0,0.025885809,5446.0,4,0,0,0,0
0.472428953,34,1,0.428702011,4375.0,14,0,1,0,0
0.015270496,80,0,18.0,5400.0,5,0,0,0,0
0.0,42,0,0.423850121,9500.0,8,0,2,0,2
1.002158799,42,0,0.279057018,5471.0,10,0,0,0,0
0.08789866,69,0,1815.0,5400.0,10,0,1,0,0
0.300021806,74,1,0.295710121,2400.0,11,0,1,0,0
0.015966414,61,0,0.007495315,1600.0,9,0,0,0,0
0.579038503,69,2,0.186235294,8499.0,8,0,1,1,0
0.141092945,56,0,4949.0,5400.0,4,0,2,0,0
0.625616606,56,0,0.645435244,13658.0,17,0,2,0,0
0.059097978,24,0,0.641900122,820.0,4,0,0,0,0
0.921860164,58,0,0.293033634,12100.0,11,0,1,0,1
0.77700892,64,0,0.313363425,7310.0,7,0,2,0,1
0.013570349,68,0,0.016596681,5000.0,11,0,0,0,1
0.337308348,57,1,0.479850047,3200.0,13,0,1,1,2
0.273505591,32,1,0.681460817,3942.0,10,0,2,0,0
0.535578577,56,0,0.384348921,6350.0,7,0,1,0,3
0.598742037,59,0,0.276787703,8977.0,8,0,2,0,1
0.028713493,56,0,0.134108236,8000.0,11,0,2,0,0
0.060206228,31,0,0.008623922,8000.0,5,0,0,0,2
0.017117478,48,0,0.086594505,1200.0,10,0,0,0,0
0.986820428,43,2,0.655292328,4600.0,12,0,1,0,3
0.9999999,52,0,1451.0,5400.0,8,0,1,0,0
0.990477097,49,1,0.584976989,6083.0,3,0,1,0,0
0.270169538,47,2,0.277459849,5416.0,13,0,0,0,0
0.156098066,43,0,0.432548839,6500.0,4,0,1,0,3
0.075892944,42,0,0.117385352,5843.0,6,0,0,0,1
0.624061527,61,1,0.135957471,8840.0,4,0,0,0,0
0.210028726,61,1,2257.0,5400.0,5,0,1,0,0
0.407424351,52,0,0.16459276,3535.0,3,0,0,0,0
0.028142879,61,0,0.348523599,4300.0,4,0,1,0,0
0.9999999,73,0,1453.0,5400.0,2,0,1,0,0
0.212601398,55,0,0.493574119,9025.0,27,0,2,0,2
0.652722211,45,0,0.16073671,7166.0,8,0,0,0,0
0.03812344,54,0,0.056924937,10750.0,11,0,0,0,0
0.061033657,58,0,0.220879403,11666.0,15,0,2,0,1
0.124980933,69,0,1.054629444,4978.0,8,0,3,0,0
0.213419289,46,0,0.584961719,8750.0,19,0,2,0,1
0.894776306,30,2,0.35019112,3400.0,5,0,0,1,0
0.454394693,27,0,2261.0,5400.0,5,0,0,0,0
0.9999999,22,18,0.0,5400.0,0,18,0,18,0
0.199738264,53,0,0.304452055,5839.0,9,0,1,0,0
0.871863663,50,1,0.637295338,8000.0,6,1,2,1,0
1.089700997,26,0,9.0,5400.0,1,0,0,0,0
0.505101347,40,0,0.15304799,3083.0,4,0,0,0,1
0.074942996,59,0,0.669089441,9905.0,10,0,6,0,1
0.063112215,49,0,0.068418172,1826.0,5,0,0,0,0
0.904533934,44,1,0.513018121,4800.0,9,1,0,0,2
0.005132991,82,0,1.0,5400.0,4,0,0,0,0
0.012624003,59,0,959.0,5400.0,10,0,1,0,0
0.48041815,52,0,8140.0,5400.0,7,0,2,0,4
0.61298377,28,0,364.0,5400.0,4,1,0,1,0
0.154452417,34,0,0.010854042,3500.0,5,0,0,0,0
0.689376797,48,0,0.346530346,4596.0,14,0,1,0,5
0.0,62,0,0.250954806,6283.0,7,0,1,0,0
0.9999999,72,0,0.0987525,10500.0,2,0,1,0,0
0.018139113,70,0,0.003942407,5833.0,5,0,0,0,0
0.675237367,70,1,1.338436078,4833.0,13,0,2,0,0
0.087037598,68,0,0.011913626,9400.0,3,0,0,0,1
0.175728384,45,0,0.128327645,4394.0,7,0,0,0,3
0.203169176,76,1,0.081765777,6591.0,5,0,0,0,0
0.9999999,45,0,0.084582853,2600.0,3,0,0,0,2
0.465304811,54,0,0.387474061,5300.0,10,0,2,0,0
0.7035505,33,0,0.611353008,6200.0,8,0,2,0,0
0.916550479,52,3,0.803691598,5200.0,17,0,2,1,0
0.180184088,52,0,0.619786281,2900.0,7,0,1,0,3
0.005531077,56,0,2724.0,5400.0,7,0,1,0,0
0.048899389,64,0,237.0,5400.0,6,0,0,0,0
0.816259986,44,0,958.0,5400.0,5,0,0,0,0
0.9999999,61,0,0.0,6249.0,2,0,0,0,0
0.003066872,63,0,0.256171697,18916.0,13,0,2,0,0
0.0,23,0,0.0,5400.0,1,0,0,0,0
0.028918137,44,0,0.23964004,9000.0,5,0,1,0,0
0.91263762,52,0,0.981585982,3366.0,12,0,1,0,0
0.044646769,34,0,0.365330322,7083.0,11,0,2,0,2
0.519028671,54,3,0.259727626,3083.0,8,0,1,2,0
0.26592965,58,0,0.616727357,17300.0,25,0,4,0,1
0.0,61,0,0.0,5400.0,3,0,0,0,0
0.020010481,75,0,469.0,5400.0,7,0,0,0,0
0.049151493,62,0,3086.0,5400.0,17,0,3,0,3
0.006286177,40,0,0.001661743,5415.0,3,0,0,0,0
0.132215445,36,0,0.27129716,7500.0,8,0,2,0,0
0.012738078,73,0,50.0,5400.0,8,0,0,0,0
0.003231783,72,0,0.002443901,4500.0,12,0,0,0,0
0.519733955,44,2,0.279734289,9483.0,15,0,2,0,2
0.9999999,61,0,0.0,5400.0,6,0,0,0,0
0.621211174,28,0,0.365163148,2083.0,7,0,0,0,0
0.0,43,1,0.402134472,4684.0,10,0,1,0,0
0.119972001,44,0,0.420057994,10000.0,7,0,1,0,1
0.359866754,36,0,5.744011976,667.0,14,0,2,0,2
0.014482559,37,0,0.401007919,4166.0,6,0,1,0,2
0.19030289,74,0,0.258414308,7100.0,13,0,1,0,1
0.117590097,53,0,0.522412931,6000.0,16,0,1,0,1
0.249783067,31,0,0.537154282,3000.0,10,0,1,0,0
0.049267336,35,0,0.097870569,43250.0,7,0,2,0,0
0.432416843,43,3,0.205183585,4166.0,9,0,0,0,0
0.170590329,66,0,0.248252268,6722.0,6,0,1,0,0
0.0,62,0,0.0,5400.0,8,0,0,0,0
1.014969718,41,0,0.739704118,2500.0,10,0,1,0,0
0.144409742,69,0,0.214960193,5400.0,9,0,0,0,0
1.028938384,44,5,0.307182447,17500.0,7,2,1,4,2
0.062496875,37,0,0.008359457,4784.0,4,0,0,0,0
0.038535191,34,0,0.381248611,4500.0,7,0,2,0,0
0.038803821,71,0,0.013478819,6231.0,4,0,0,0,0
0.012217697,53,1,0.13499325,6666.0,6,0,0,0,1
0.007395005,89,0,4.0,5400.0,1,0,0,0,0
0.01262102,60,0,18.0,5400.0,4,0,0,0,0
0.252407449,70,0,0.561422661,17403.0,25,0,12,0,0
1.128589263,36,1,0.239466794,4200.0,6,2,0,0,2
0.001933204,60,0,0.168690187,7000.0,9,0,2,0,0
0.9999999,27,0,0.0,1064.0,0,0,0,0,0
0.005041773,49,0,0.275862069,8467.0,13,0,2,0,3
0.032452224,59,0,0.284969592,8056.0,23,0,2,0,3
0.073478611,63,1,0.136809748,27000.0,13,0,2,0,2
0.056079492,46,0,0.184234816,5416.0,8,0,1,0,0
0.001684558,56,0,0.466158011,8125.0,11,0,2,0,0
0.9999999,46,0,0.233435717,2278.0,5,0,0,1,1
0.625521912,55,0,0.414544112,5417.0,6,0,1,0,0
0.114839527,58,0,0.511494253,6089.0,10,0,1,0,0
0.070714302,46,0,1688.5,1.0,11,0,1,0,0
0.0,87,0,0.188531712,1150.0,6,0,0,0,0
0.606177426,47,0,3600.0,5400.0,7,0,2,0,0
0.709129087,48,0,0.06632228,6000.0,3,0,0,0,2
0.042096867,55,0,0.369299802,9582.0,7,0,2,0,1
0.049891075,54,0,0.406709109,4083.0,7,0,2,0,0
0.0,21,0,0.0,1.0,2,0,0,0,0
0.0,83,0,0.0,5400.0,3,0,0,0,0
0.483843537,40,0,0.118480253,6000.0,9,0,0,0,2
0.01032434,58,0,0.406998793,5800.0,11,0,2,0,0
0.453624026,46,0,0.153170509,30625.0,12,0,2,0,3
0.486628529,36,0,6765.0,0.0,9,0,2,0,2
0.9999999,33,0,0.0,5400.0,1,0,0,0,1
0.037260392,52,0,1809.0,5400.0,5,0,2,0,0
0.162761637,25,0,0.136911281,1825.0,3,0,0,0,0
0.370702175,52,0,0.295466443,9550.0,11,0,1,0,0
0.119244038,42,0,0.09296592,45833.0,5,0,2,0,0
0.001949968,70,0,2.55,519.0,13,0,1,0,0
0.638659637,26,0,1876.0,5400.0,14,0,0,0,0
0.9999999,39,1,0.24326576,3600.0,1,1,0,0,0
0.9999999,50,0,0.796040792,5000.0,5,0,2,0,1
0.0099564,66,0,0.0046412,2800.0,8,0,0,0,0
0.063893611,30,0,0.329896907,2133.0,5,0,0,0,0
0.005924852,78,0,0.240075992,10000.0,4,0,1,0,0
0.129262632,27,0,0.00314911,6350.0,4,0,0,0,2
0.039837758,43,0,0.441778188,6500.0,7,0,2,0,2
0.9999999,59,0,0.214348206,8000.0,5,0,1,0,0
0.50763602,53,1,0.388496357,9057.0,16,0,1,0,2
0.541281957,36,0,0.274286508,14400.0,12,0,1,0,2
0.047140042,56,0,0.339808519,7206.0,8,0,1,0,0
0.0,32,0,2262.0,5400.0,5,0,1,0,0
0.9999999,25,1,0.158736505,2500.0,1,0,0,0,0
0.909976303,55,0,0.681616833,5417.0,19,0,2,0,0
0.9999999,40,0,0.051987003,4000.0,4,0,0,0,0
0.0,38,0,0.277674935,2700.0,4,0,1,0,0
0.9999999,41,0,0.111235119,2687.0,0,3,0,0,0
0.348922503,73,0,0.838497034,4550.0,16,0,2,0,1
0.412290073,72,0,0.255653416,4200.0,9,0,1,0,0
0.072904151,59,0,0.16360664,7951.0,3,0,1,0,1
0.48125937,37,0,14.37932414,5000.0,3,0,0,0,3
0.064834359,38,0,0.462651453,8500.0,9,0,2,0,1
0.074352251,37,0,0.0105241,4750.0,3,0,0,0,0
0.273358451,39,0,0.375314861,6748.0,6,0,1,0,2
0.910454394,38,2,0.588974579,3500.0,6,1,1,2,2
0.035256373,81,0,0.13986997,5690.0,9,0,1,0,0
0.01654407,38,0,63.0,5400.0,6,0,0,0,0
0.0,66,0,3999.0,5400.0,7,0,2,0,0
0.770012568,52,0,0.513340544,11093.0,19,0,2,0,2
0.000117034,75,0,18.0,0.0,9,0,0,0,0
0.099090341,28,0,0.087978005,4000.0,11,0,0,0,0
0.167974158,36,0,0.284399302,6300.0,6,0,1,0,2
0.015375825,41,0,317.0,5400.0,7,0,0,0,2
0.031601773,62,0,1.31564916,3750.0,8,0,1,0,0
0.896929303,41,0,0.081992938,2548.0,3,1,0,2,3
0.117784032,34,0,0.426266137,12083.0,10,0,3,0,0
0.705017396,45,0,0.800394144,3551.0,10,0,1,0,0
0.446449205,51,0,0.284867307,3541.0,6,1,1,0,1
0.9999999,73,0,0.0,4100.0,2,0,0,0,0
0.001499942,56,0,0.107563745,9333.0,7,0,1,0,0
0.0,68,0,0.196992826,13101.0,7,0,2,0,0
0.0,42,0,2173.0,5400.0,3,0,1,0,0
0.289378268,36,0,0.35994001,6000.0,19,0,0,0,3
0.129216456,50,0,0.422781646,5600.0,11,0,2,0,2
0.017604988,42,2,0.510064465,7600.0,12,0,1,0,2
0.00169643,55,0,0.316818485,4500.0,14,0,2,0,0
0.016484079,37,0,1449.0,5400.0,8,0,1,0,0
0.498465092,65,0,0.833047652,5833.0,18,0,2,0,2
0.0,38,0,0.277151185,7890.0,12,0,1,0,2
0.114478775,62,0,0.265521316,11000.0,14,0,3,0,1
0.007644915,53,0,4519.0,0.0,13,0,2,0,0
0.051715462,61,0,0.121411227,7000.0,5,0,1,0,0
0.079147899,85,0,0.005466302,15000.0,3,0,0,0,0
0.859869717,34,0,0.107254426,2880.0,6,0,0,0,0
0.252173254,59,0,0.418344519,8492.0,9,0,1,0,0
0.042889094,43,0,2804.0,5400.0,3,0,1,0,0
0.004217021,58,0,0.433403173,3340.0,14,0,1,0,0
0.0,77,0,0.0,5400.0,4,0,0,0,1
0.679592263,42,0,0.609742283,3530.0,8,0,2,0,1
0.000176543,49,0,0.2574994,4166.0,12,0,1,0,0
0.000835711,36,0,591.0,5400.0,15,0,0,0,0
0.198770251,42,0,0.193292582,6052.0,8,0,1,0,2
0.571517187,45,0,0.534325705,4500.0,7,0,1,0,1
0.411780145,36,0,0.315989006,10550.0,7,0,1,0,1
0.106557756,66,0,0.282484093,19016.0,21,0,2,0,1
0.175129948,25,0,157.0,5400.0,6,0,0,0,0
0.176623377,51,1,1.159520516,2168.0,9,0,2,0,0
0.014261126,65,0,5.0,5400.0,7,0,0,0,0
0.333267678,35,0,0.096897515,6800.0,9,0,0,0,0
0.034617595,49,0,0.120850865,12833.0,8,0,1,0,0
0.082929255,57,0,0.224118392,15000.0,13,0,2,0,2
0.9999999,44,0,0.01847079,6983.0,1,0,1,0,2
0.910831425,65,0,2360.0,5400.0,14,0,0,0,0
0.506182312,60,1,1.647435256,10000.0,23,0,6,0,0
0.0,48,0,0.168258633,1360.0,14,0,0,0,0
0.974392418,21,0,672.0,5400.0,1,0,0,0,0
0.986455777,52,0,0.054079039,8653.0,4,0,0,0,1
0.413804742,38,0,3.736406057,10500.0,15,1,2,0,3
0.234235435,73,0,0.496195166,4467.0,9,0,2,0,0
0.000314954,62,0,1149.0,5400.0,8,0,1,0,0
0.668832792,49,0,0.427704391,2800.0,9,0,1,0,1
0.652682044,56,0,0.11629651,17334.0,10,0,0,0,0
0.488226749,71,0,0.656110899,7862.0,14,0,5,0,0
0.010359213,50,0,0.003670788,5175.0,4,0,0,0,0
0.081106761,40,0,0.431392152,4000.0,6,0,1,0,1
0.918854057,44,0,0.191400304,7883.0,5,0,0,0,0
0.176672933,42,0,432.0,1.0,4,0,1,0,3
0.118254879,48,0,1.038740315,4000.0,14,0,3,0,0
0.217796696,54,1,0.092464344,29167.0,5,0,2,0,3
0.737355872,36,1,0.174733015,4400.0,8,0,0,0,1
0.002678784,73,0,0.001782531,2804.0,4,0,0,0,0
0.477672067,31,0,0.114400727,7700.0,11,0,0,0,1
0.322320954,91,0,0.118712902,3200.0,10,0,0,0,0
0.028829832,62,0,0.910028116,3200.0,23,0,2,0,0
0.648356953,32,1,0.664335664,1000.0,5,0,0,0,3
0.216943356,53,0,0.308461264,2800.0,5,0,1,0,2
0.534638026,63,0,0.60100349,4583.0,7,0,1,0,1
0.033937941,53,0,0.338018512,5833.0,16,0,2,0,0
0.9999999,35,0,0.0,2500.0,0,1,0,0,1
0.348358756,55,0,5841.0,5400.0,6,0,2,0,0
0.018651788,67,0,0.283761161,7167.0,9,0,1,0,2
0.08025485,54,0,0.295632699,6250.0,14,0,0,0,0
1.000062496,36,0,0.241939515,4000.0,2,0,0,0,0
0.014381047,80,0,21.0,5400.0,7,0,0,0,0
0.0,59,0,0.152975048,5209.0,5,0,0,0,0
0.0,53,0,0.29451868,11000.0,9,0,1,0,2
0.73947756,50,0,640.0,5400.0,8,0,0,0,0
0.0,24,0,0.0,864.0,1,0,0,0,0
0.106489351,67,1,0.171037946,3583.0,2,0,1,0,0
0.167044786,47,2,0.344331134,5000.0,12,0,1,1,2
0.527625524,63,0,2857.0,5400.0,23,0,0,0,0
0.708419439,36,0,0.156526707,3500.0,7,0,0,0,0
0.769145394,69,4,0.380706732,3876.0,7,0,1,2,1
0.031992658,63,0,30.0,5400.0,3,0,0,0,0
0.037267861,63,0,0.127918728,18800.0,7,0,1,0,1
0.210210544,35,0,0.074030204,3376.0,7,0,0,0,0
0.204196492,32,0,824.0,5400.0,13,0,0,0,0
0.679528295,53,0,0.697860428,5000.0,12,0,2,0,3
1.756996016,79,0,0.661033897,10000.0,5,0,1,0,0
0.213308615,52,0,0.398248743,6166.0,5,0,1,0,0
0.066831213,29,0,0.104779044,5000.0,6,0,0,0,0
0.17911902,37,0,0.046974522,7535.0,4,0,0,0,4
0.689043937,60,0,0.558814085,9342.0,17,0,1,0,1
0.3203572,47,0,0.089387239,3165.0,3,0,0,0,0
0.003189564,54,0,2.0,5400.0,4,0,0,0,0
0.062585832,49,0,0.019141034,10500.0,5,0,0,0,0
0.785746194,45,1,0.296744806,9000.0,14,0,1,0,4
0.0,85,0,7.0,5400.0,5,0,0,0,0
0.259636698,52,0,1852.0,5400.0,12,0,1,0,2
0.064779792,31,0,100.0,1.0,8,0,0,0,0
0.139886011,57,0,0.072650522,4500.0,5,0,1,0,2
0.129790874,70,0,356.0,5400.0,12,0,0,0,1
0.9999999,29,0,0.202229912,2600.0,1,0,0,0,0
0.212584067,61,2,0.280950733,8666.0,23,0,1,0,1
0.879140107,45,0,0.618873297,9833.0,11,0,2,0,0
0.102905502,54,0,0.185905128,12500.0,8,0,1,0,2
0.031878576,66,0,0.017149717,5830.0,8,0,0,0,0
0.066042123,33,0,0.504718762,2648.0,6,0,1,0,0
0.3049412,60,1,0.785371867,7300.0,17,0,2,0,0
0.237571197,84,0,0.380680966,6666.0,8,0,1,0,0
0.022631103,50,0,0.220616308,7333.0,9,0,1,0,0
0.003349833,57,0,0.253005041,5157.0,2,0,1,0,1
0.01887849,31,0,0.003336511,2097.0,4,0,0,0,0
0.020223789,63,0,0.005434783,6255.0,3,0,0,0,0
0.766557424,65,0,0.883845924,3348.0,9,0,1,0,1
0.430712637,59,0,0.562224302,7480.0,10,0,1,0,1
0.176113085,32,0,0.474462073,4600.0,12,0,1,0,2
0.00869913,73,0,37.0,5400.0,4,0,0,0,0
0.067193281,53,0,20.0,5400.0,1,0,0,0,0
0.9999999,25,0,170.0,5400.0,1,0,0,0,0
0.003722259,38,0,0.347958215,5264.0,12,0,1,0,0
0.132812145,29,0,0.411911703,2400.0,4,0,0,0,0
0.951578346,47,3,0.310960371,2800.0,4,0,1,0,2
0.9999999,28,0,0.087641692,3616.0,1,0,0,0,1
0.219531199,39,0,101.0,5400.0,2,0,0,0,0
0.155199921,43,0,0.649096941,5425.0,7,0,1,0,0
0.004837758,48,0,0.197312719,5432.0,7,0,1,0,1
0.000458327,31,0,0.088,5374.0,10,0,0,0,0
0.9999999,54,0,0.207930917,8800.0,7,0,2,0,0
0.023613915,60,0,0.314737053,5000.0,6,0,0,0,1
0.9999999,32,0,0.0,2000.0,1,5,0,0,1
0.022694732,45,2,1380.5,1.0,19,0,1,2,0
0.0,39,1,0.224912506,14000.0,8,0,2,0,0
0.433504427,35,1,0.432302082,8500.0,12,0,2,0,0
0.255807421,57,0,0.279122997,8300.0,6,0,1,0,2
0.198611231,60,0,0.483939326,8965.0,21,0,3,0,2
0.234529441,48,0,0.008272351,22000.0,2,0,0,0,2
0.61472541,48,0,0.46100312,12500.0,12,0,1,0,0
0.23815702,55,0,1.091908092,1000.0,10,0,1,0,0
0.018165153,53,0,47.0,5400.0,7,0,0,0,0
0.17994216,41,1,0.216015279,14660.0,12,0,2,0,2
0.062640716,54,0,0.19925638,5916.0,11,0,1,0,2
0.9999999,67,0,0.189148073,1971.0,0,1,0,0,0
0.370485751,77,0,0.505122633,3220.0,6,0,1,0,0
0.038249276,50,1,0.367148441,11000.0,9,0,2,0,0
0.99440056,54,0,1996.0,5400.0,7,0,1,0,0
0.0,63,0,0.497512438,3416.0,6,0,1,0,0
0.687044708,31,2,2.079738562,764.0,6,0,1,0,0
0.057689673,36,0,0.141308276,8300.0,7,0,1,0,3
0.024429864,81,0,0.086213445,7898.0,14,0,1,0,0
0.098291435,54,0,0.488920886,12500.0,12,0,2,0,1
0.949763078,53,0,0.406850459,13166.0,6,0,1,0,1
0.043139776,56,0,0.1738406,3600.0,3,0,1,0,0
0.600249982,37,0,1.151783686,4400.0,9,0,2,3,2
0.925216534,36,4,0.847475006,3900.0,18,0,1,1,2
0.037230133,54,0,807.0,5400.0,12,0,1,0,0
0.326554979,32,1,0.265216385,8641.0,7,0,1,0,2
0.039766487,41,0,1206.0,5400.0,8,0,1,0,0
1.069203116,32,3,0.117750439,3982.0,5,0,0,0,0
0.276828513,64,0,0.331410996,2600.0,14,0,1,0,0
0.199963637,39,0,0.425179631,3200.0,6,0,1,0,3
0.091027864,48,2,0.279399215,5858.0,15,0,2,0,0
0.100021951,56,1,0.332372165,5201.0,9,0,1,0,0
0.043705942,64,1,879.0,5400.0,9,0,0,0,0
0.683132885,64,0,0.431646815,9150.0,9,0,1,0,0
1.092301238,38,4,0.882389701,8000.0,14,1,2,0,1
0.9999999,58,0,0.124039153,18082.0,2,1,1,0,3
0.070977755,58,0,0.207709949,9156.0,12,0,1,0,0
0.017857604,47,1,0.368932039,9166.0,7,0,1,0,10
0.0,63,0,0.0,5400.0,5,0,0,0,0
0.109066563,36,0,0.160714286,3583.0,5,0,1,0,0
6.78e-05,62,0,0.322837951,4763.0,8,0,1,0,0
0.006135666,67,0,0.181836529,4954.0,4,0,1,0,1
0.73383108,43,0,0.550131329,11040.0,12,0,3,0,2
0.006622078,41,0,0.477545423,5833.0,6,0,3,0,0
0.021293067,75,0,89.0,5400.0,10,0,0,0,0
0.006749663,62,0,0.326167383,10000.0,6,0,2,0,0
0.501894292,56,1,0.757783771,4078.0,17,3,1,0,1
0.9999999,46,0,0.074493792,12000.0,2,0,1,0,3
0.008848393,45,0,0.838172299,2100.0,6,0,1,0,2
0.9999999,34,0,3210.0,0.0,2,0,1,0,2
0.002966568,72,0,0.01815065,9916.0,3,0,0,0,0
0.016942814,74,0,0.701738194,6500.0,8,0,1,0,0
1.064403627,52,1,0.542993631,5023.0,8,0,2,0,0
0.561272526,37,0,0.983338887,3000.0,11,0,1,0,1
0.002444173,57,0,0.277134719,16500.0,8,0,2,0,2
0.132582576,34,0,0.772747647,2230.0,6,0,1,0,0
0.22241798,83,0,0.210679869,11310.0,7,0,2,0,0
0.380705338,53,0,0.369118622,7544.0,12,0,1,0,0
0.936031984,40,1,0.513413993,1900.0,4,0,1,0,3
0.001013951,80,0,0.049773756,7513.0,10,0,0,0,0
0.027880713,42,0,0.291555556,4499.0,4,0,1,0,2
0.017604504,58,0,0.229941151,6966.0,6,0,1,0,0
0.017732939,83,0,25.0,5400.0,11,0,0,0,0
0.337978876,59,0,2452.0,5400.0,10,0,2,0,2
0.670043714,43,0,1253.0,5400.0,7,0,0,0,0
0.636615201,56,2,0.609463585,9171.0,22,0,3,0,3
0.002008114,65,0,0.269137303,6583.0,10,0,1,0,2
0.0,57,0,0.510416667,7871.0,13,0,5,0,0
0.0,37,0,0.412285012,4069.0,8,0,1,0,0
0.057929097,37,0,0.541393916,2596.0,5,0,1,0,3
0.063013809,54,0,0.228506787,7955.0,8,0,2,0,0
1.017489069,30,0,0.080207863,4425.0,4,0,0,0,0
0.016938201,53,0,0.324044124,12056.0,8,0,1,0,2
0.040301492,77,0,1802.0,5400.0,8,0,1,0,0
0.04118057,81,0,0.006665556,6000.0,4,0,0,0,0
0.064116807,77,1,0.221405229,1223.0,6,0,0,0,0
0.114283081,56,0,0.473243192,5250.0,10,0,2,0,1
0.043879066,41,1,1332.0,5400.0,8,0,1,0,0
0.894105323,47,1,0.435365987,9166.0,12,0,2,0,3
0.841229792,41,0,0.487147335,4784.0,7,0,1,0,3
1.038365395,38,3,0.644142066,4335.0,8,2,1,3,3
0.005298361,81,0,0.23388582,3800.0,9,0,1,0,1
0.9999999,56,0,0.0,4655.0,1,0,0,0,0
0.517190929,52,0,0.583133356,5833.0,5,0,2,0,0
0.92595132,73,0,0.260246584,3000.0,5,0,0,0,0
0.901163186,61,0,0.876136069,3850.0,9,0,2,0,0
0.531356899,30,0,426.0,5400.0,7,0,0,0,0
0.02603896,44,0,0.46809671,5500.0,14,0,2,0,2
0.166904033,63,0,0.227678966,11300.0,7,0,1,0,1
1.03654485,31,0,0.176986146,3536.0,4,1,0,0,0
0.200239988,49,0,0.341980813,7400.0,11,0,2,0,2
0.084201079,69,0,0.36576736,2260.0,19,0,1,0,0
0.012785096,89,0,0.004052959,3700.0,16,0,0,0,0
0.834606616,31,0,0.320417587,4980.0,7,0,0,0,0
0.351239924,50,1,0.547218196,8968.0,12,0,1,0,1
0.412941144,49,1,0.356006666,6600.0,10,0,2,0,1
0.185820092,63,0,0.100644968,13333.0,7,0,1,0,1
0.080458568,37,0,0.237813516,12000.0,10,0,1,0,2
1.0209979,40,0,0.6648786,7083.0,9,0,1,0,1
0.0699965,61,2,0.012808497,3200.0,5,0,0,0,0
0.860840581,43,4,0.37139368,6550.0,10,1,0,4,0
0.168114385,60,0,0.041989503,4000.0,4,0,0,0,0
0.325534893,46,0,0.149050723,3528.0,9,0,0,0,1
0.003138752,80,0,1482.0,5400.0,12,0,1,0,0
0.261925164,33,0,0.548387097,2603.0,9,0,1,1,1
0.20729309,50,0,0.466139343,9228.0,12,0,3,0,2
0.71058788,32,0,0.233023095,2900.0,4,0,0,0,3
0.052695214,84,0,0.005997601,2500.0,4,0,0,0,0
0.9999999,48,0,1540.0,5400.0,2,0,1,0,0
0.015630095,45,0,0.008073818,2600.0,8,0,0,0,1
0.143323868,43,0,0.274390244,5083.0,20,0,1,0,1
0.9999999,30,0,0.245644102,3500.0,6,0,0,0,0
0.133573751,53,0,0.20829167,13000.0,19,0,1,0,3
0.227420761,29,0,0.113660282,4750.0,11,0,0,0,0
0.040423989,69,0,0.394471114,6040.0,9,0,2,0,1
0.211770052,24,1,0.067880284,3240.0,7,0,0,0,0
0.000122949,42,0,0.638690803,5468.0,14,0,2,0,0
0.856391373,44,0,0.248068978,5566.0,5,0,1,0,1
0.996007984,51,0,14.0,5400.0,1,0,0,0,0
0.146347967,38,0,0.027707505,8300.0,12,0,0,0,1
0.425681055,56,0,0.19246646,3875.0,7,0,0,0,1
0.511179785,43,1,0.065064916,6700.0,6,0,0,0,1
0.386083053,57,0,737.0,5400.0,3,0,1,0,0
0.069388287,38,0,0.194492058,8750.0,4,0,2,0,0
0.356690904,60,1,0.419490634,4750.0,13,0,1,0,1
0.094965992,79,0,0.298528782,7000.0,7,0,2,0,1
0.220229648,32,0,3.807247735,3200.0,4,0,1,0,2
0.788007571,65,0,0.382504288,4663.0,9,0,1,0,1
0.051193022,63,0,0.015746063,4000.0,11,0,0,0,0
0.20953488,56,0,0.257074293,10000.0,12,0,2,0,1
0.167599814,50,1,3324.0,5400.0,10,0,1,0,2
0.195844105,42,0,0.027091474,65001.0,9,0,2,0,2
0.192347284,55,0,2579.0,5400.0,11,0,2,0,2
0.34911599,41,0,0.146668369,7833.0,14,0,0,0,2
0.210584855,57,1,0.291641245,9833.0,20,0,2,1,2
0.001220448,72,0,925.0,5400.0,5,0,1,0,0
0.9999999,37,0,0.302879671,5833.0,5,0,0,0,2
0.014061424,51,0,2358.0,5400.0,6,0,2,0,0
1.067197312,41,0,0.307390817,5357.0,8,0,1,0,2
0.110456511,57,0,0.44379635,12000.0,18,0,2,0,0
0.096523111,59,1,0.301118781,4200.0,9,0,1,0,1
0.563884603,30,0,987.0,5400.0,9,0,0,0,1
0.010552862,45,0,0.086674195,7083.0,25,0,1,0,1
0.047045379,71,0,0.069437138,1900.0,8,0,0,0,0
0.418665329,53,0,0.388021825,7880.0,15,0,1,0,0
0.105344733,64,0,0.007096011,9300.0,2,0,0,0,1
0.024808782,58,0,0.348880138,8125.0,11,0,2,0,1
0.9999999,39,0,0.597756896,3298.0,1,1,1,0,2
0.9999999,33,0,453.0,5400.0,1,2,0,1,0
0.476198616,60,0,1.229872293,1800.0,8,0,1,0,0
0.069597859,62,0,812.0,5400.0,4,0,1,0,0
0.776274933,59,0,0.662109774,4900.0,11,0,1,0,0
0.016033621,72,0,0.03645593,6500.0,8,0,0,0,0
0.0,77,0,4.0,5400.0,5,0,0,0,0
0.867555478,33,4,0.164208948,4000.0,3,1,0,1,1
0.011874753,55,0,0.005664778,3000.0,6,0,0,0,0
0.19799175,31,1,0.133554695,5420.0,9,0,0,0,2
0.806544463,74,0,0.41026806,2200.0,6,0,0,0,0
0.737279887,73,0,0.230353929,5000.0,7,1,1,0,0
0.629725005,41,0,0.598084132,2400.0,8,0,0,0,0
0.256335988,34,0,2422.0,5400.0,4,0,1,0,2
0.0,34,0,0.604052793,7500.0,5,0,1,0,0
0.141108896,81,0,0.161354831,8000.0,13,0,0,0,0
0.269932545,45,0,4092.0,5400.0,10,0,2,0,0
1.071071627,29,0,0.621126291,3000.0,8,1,0,2,0
0.0645781,64,0,1282.0,5400.0,7,0,1,0,1
0.100445414,52,0,0.183563287,5000.0,5,0,1,0,1
0.0,59,0,0.0,3281.0,4,0,0,0,0
0.924151697,39,0,0.145428874,2832.0,6,0,0,0,2
0.081962822,58,0,137.0,5400.0,3,0,0,0,0
0.000397012,74,0,0.0,2013.0,3,0,0,0,0
0.794623284,56,0,5790.0,5400.0,7,0,3,0,0
0.578985692,36,0,0.366463354,10000.0,15,0,2,0,3
0.967722962,34,0,0.236670616,3375.0,5,0,0,0,0
0.032786348,52,0,0.550595952,12500.0,12,0,2,0,0
0.0,74,0,36.0,5400.0,17,0,0,0,0
0.555777689,26,0,1.321568627,764.0,4,0,0,0,0
0.099106793,71,0,0.253336455,4270.0,4,0,1,0,0
0.003765492,28,0,0.167056987,3842.0,5,0,0,0,0
0.207558488,61,0,0.048115571,17166.0,4,0,1,0,1
0.001099448,46,0,0.000253485,3944.0,5,0,0,0,0
0.503207674,53,1,0.122604832,7201.0,10,0,0,1,0
1.272425249,36,0,0.003665445,3000.0,1,1,0,0,0
0.9999999,91,0,5.0,5400.0,5,0,0,0,0
0.003513324,67,0,0.299115725,2600.0,7,0,1,0,0
0.02639868,35,0,0.282445477,5593.0,7,0,2,0,3
0.007874803,31,0,0.001858736,4841.0,3,0,0,0,0
0.34488528,40,0,0.483529668,9167.0,13,0,2,0,2
0.54708438,69,0,0.43892829,3806.0,12,0,1,0,0
0.207869803,63,0,1961.0,5400.0,5,0,2,0,0
0.119388061,53,0,1.182847896,1235.0,5,0,0,0,2
0.003052551,37,0,0.001894537,3166.0,12,0,0,0,0
0.832933653,47,0,0.195012309,9342.0,6,0,0,0,2
0.169361021,60,1,168.0,5400.0,8,0,0,0,0
0.813086133,37,2,0.216222702,4166.0,3,1,0,0,3
0.097617091,70,0,1188.0,5400.0,9,0,0,0,0
0.706697704,57,1,2238.0,5400.0,8,0,1,0,0
0.773440744,45,0,0.807033781,2160.0,7,0,1,1,0
0.039028368,43,0,0.304991058,6150.0,6,0,1,0,3
0.2987542,51,0,0.656467737,3300.0,16,0,2,0,1
0.0,22,0,0.0,2745.0,2,0,0,0,0
0.932854339,57,1,0.61277356,8955.0,8,0,2,0,2
0.450167088,62,0,0.168923141,4800.0,5,0,0,0,0
2.183028286,58,0,64.0,5400.0,5,1,0,0,0
0.996005326,49,0,0.256916996,4300.0,2,2,1,1,0
0.598016502,56,0,0.298650784,16453.0,21,0,1,0,3
0.023724909,78,0,0.006019701,5481.0,4,0,0,0,0
0.011950143,68,0,1.450509898,5000.0,14,0,2,0,0
0.229481343,63,0,0.352511007,13400.0,15,0,2,0,2
0.008235009,58,0,0.468265867,2000.0,3,0,1,0,1
0.661088306,41,0,0.221029248,2700.0,3,0,0,0,0
0.112729635,52,0,666.0,0.0,12,0,0,1,0
0.075533425,61,0,0.161002826,13800.0,5,0,1,0,2
0.047273571,75,0,0.351027086,5500.0,18,0,1,0,1
0.0,76,0,0.0,5400.0,4,0,0,0,0
0.241144648,45,0,0.264021888,5116.0,9,0,1,0,1
0.368654955,41,0,0.41162898,2166.0,6,1,0,0,3
0.550177718,58,1,0.383287165,10829.0,12,0,2,0,2
0.020825619,64,0,0.359947067,6800.0,14,0,2,0,0
0.000166639,35,0,0.0,2666.0,1,0,0,0,0
0.37117404,37,0,0.169255383,15000.0,23,0,1,0,2
0.040442328,58,0,0.133386661,10000.0,7,0,1,0,3
0.868027407,38,0,1.00979804,5000.0,11,0,1,0,0
0.176251991,48,0,2066.0,5400.0,4,0,1,0,1
0.044036545,53,0,0.249346254,6500.0,6,0,2,0,2
0.978461974,51,0,0.542442217,14666.0,14,0,2,0,3
0.27728914,66,0,0.946109921,2801.0,4,0,1,0,1
0.038348083,60,0,23.0,5400.0,2,0,0,0,0
0.664853406,50,1,0.463424903,9500.0,9,0,2,0,0
1.053157807,33,4,0.145823719,6500.0,12,1,0,0,0
0.710430633,27,0,0.354616048,5794.0,8,0,1,0,0
0.9999999,44,0,0.392645816,4731.0,4,0,1,0,0
0.053661329,59,0,81.0,5400.0,9,0,0,0,0
0.829115901,40,0,0.58302583,1625.0,8,0,1,0,2
0.979336089,38,0,0.797312023,2752.0,7,0,1,1,2
0.107563296,47,1,581.0,5400.0,4,0,0,1,0
0.139490597,71,0,17.0,5400.0,4,0,0,0,0
0.05218671,52,0,1.673590185,9291.0,27,0,13,0,3
2.925311912,55,3,1489.0,5400.0,5,7,0,1,0
0.813319619,47,0,0.065331928,15183.0,4,0,0,0,4
0.0,64,0,0.0,5400.0,1,0,0,0,0
0.009114109,74,0,352.0,5400.0,3,0,0,0,0
0.005367306,56,0,2921.0,5400.0,13,0,3,0,0
0.685082873,41,0,0.415044365,7550.0,6,0,2,0,0
0.001749913,75,0,0.204819277,3070.0,3,0,1,0,2
0.046598136,37,0,0.475809676,2500.0,11,0,1,0,1
0.38380789,48,0,0.364572523,12526.0,13,0,2,0,1
0.992859183,30,0,0.636136553,1200.0,9,0,0,0,0
0.028028173,63,0,0.194248914,6676.0,8,0,1,0,1
1.04598978,44,2,0.378406229,8733.0,14,1,1,0,0
0.0,45,3,1.151927438,3968.0,7,1,4,3,2
0.288213073,54,0,0.320421821,4930.0,8,0,1,0,0
0.063815816,59,0,0.139674379,3500.0,9,0,0,0,1
0.177792888,61,0,0.176459385,10500.0,10,0,1,0,0
0.114392374,39,0,0.10771748,7333.0,5,0,1,0,0
0.226389472,46,2,0.362688379,14000.0,19,0,2,0,2
0.549177169,66,0,0.618464677,3920.0,8,0,1,0,0
0.020753758,50,0,0.299670033,10000.0,7,0,1,0,0
0.00814578,51,0,1395.0,5400.0,12,0,2,0,0
0.188741261,61,0,0.46992168,6000.0,14,0,2,0,0
0.000449989,91,0,0.000378692,7921.0,7,0,0,0,0
0.083436758,50,0,69.0,5400.0,2,0,0,0,0
0.392837666,30,0,0.259484067,1976.0,4,0,0,0,0
0.163753623,56,1,4126.0,5400.0,14,0,2,0,0
0.0,56,0,0.0,0.0,1,0,0,0,1
0.102074569,49,0,0.349365036,3700.0,13,0,1,0,2
0.020545916,80,2,0.012570231,10500.0,42,0,0,0,0
0.089903793,51,0,0.38790001,10280.0,11,0,2,0,2
0.9999999,24,1,0.111056269,2025.0,0,0,0,0,0
0.01475941,68,0,0.373339338,4440.0,6,0,2,0,0
0.042842297,57,0,64.0,5400.0,3,0,0,0,0
0.409726781,34,0,588.0,5400.0,3,0,0,0,0
0.073698208,62,1,62.0,5400.0,6,0,0,0,2
0.9999999,37,0,0.335209003,4975.0,4,0,1,0,1
0.054335514,70,0,0.195426195,2404.0,13,0,0,0,0
0.016275211,65,0,0.056033507,8833.0,10,0,0,0,0
0.158795586,57,0,1587.0,5400.0,6,0,1,0,0
0.969799338,55,0,0.293290441,10879.0,3,0,1,0,1
0.0,47,1,0.0,1600.0,6,0,0,0,0
0.099997222,55,0,0.920024992,3200.0,12,0,2,0,1
0.798666761,46,1,5041.0,5400.0,6,0,2,0,2
0.251985392,54,2,3.239920027,3000.0,14,1,0,1,2
0.9999999,71,0,0.0,7300.0,0,0,0,0,0
0.540101023,45,0,0.337779472,7871.0,13,0,1,0,4
0.0,73,0,0.197901486,3430.0,11,0,0,0,0
0.08121847,46,0,1323.0,5400.0,12,0,1,0,0
0.0,66,0,0.592534992,4500.0,8,0,2,0,0
0.065061425,57,0,0.248983051,5899.0,10,0,1,0,2
0.298544215,59,0,0.322024942,9461.0,12,0,1,0,0
0.183101815,67,0,0.29322548,4944.0,6,0,2,0,0
0.138442755,62,0,0.54741533,5609.0,13,0,3,0,0
0.05778606,59,0,0.442583086,3700.0,12,0,2,0,0
0.050022781,59,0,0.25659878,13600.0,12,0,2,0,1
0.0,31,0,0.051438729,9000.0,3,0,0,0,0
0.423061302,35,1,0.800220143,5450.0,13,0,1,0,2
0.682850702,65,0,0.471149478,2200.0,9,0,1,0,1
0.9999999,62,0,0.0,5400.0,0,0,0,0,0
0.003733084,36,0,1280.0,5400.0,5,0,1,0,3
0.004999888,85,0,0.00179964,3333.0,10,0,0,0,0
0.00196803,69,0,0.142462623,10500.0,14,0,2,1,0
0.063061643,62,0,0.319174466,4166.0,12,0,2,0,0
0.032415217,79,0,354.0,5400.0,11,0,0,0,0
0.000150499,32,0,0.29306671,6100.0,12,0,1,0,1
0.340365963,65,0,0.574474342,6800.0,4,0,2,0,1
0.999250094,35,0,0.174458739,3186.0,3,0,0,1,1
0.0,50,0,0.395892755,5258.0,16,0,0,0,2
0.036264249,44,0,0.580302063,4700.0,7,0,2,0,3
0.068459943,38,0,0.012625163,6890.0,4,0,0,0,0
0.403924978,52,1,2863.0,5400.0,10,4,1,5,0
0.102494875,36,0,1759.0,5400.0,5,0,1,0,0
0.9999999,24,0,0.135895033,3200.0,1,0,0,0,0
0.022931805,88,0,0.003332223,3000.0,3,0,0,0,0
0.548009131,59,0,0.748328326,10318.0,21,0,2,0,0
0.255178171,83,1,0.331541919,10233.0,8,0,1,0,2
0.755310524,49,0,0.313223233,8900.0,11,1,1,0,0
0.163391497,78,1,742.0,5400.0,6,0,1,0,0
0.093475551,40,0,0.163578765,10416.0,7,0,1,0,0
0.9999999,38,0,3027.0,5400.0,7,0,2,0,0
0.411768714,46,0,0.620063323,6000.0,14,0,2,0,0
0.829032978,54,0,0.512720157,8175.0,12,0,4,0,0
0.0,72,0,0.325164939,1060.0,4,0,0,0,0
1.033897239,42,0,0.798346148,6892.0,12,0,6,0,3
0.036813032,45,0,632.0,5400.0,5,0,1,0,0
1.067096201,51,1,0.346784997,5971.0,4,0,1,0,0
0.522053651,58,0,1.134807634,3300.0,17,0,2,0,0
0.463409974,60,0,0.150899471,4724.0,4,0,0,0,2
0.133647767,68,0,0.0356184,5586.0,8,0,0,0,0
0.013379179,45,0,0.248285817,5541.0,10,0,1,0,0
0.164556962,71,0,0.467253275,10000.0,14,0,2,0,1
0.010929724,76,0,0.428845692,8333.0,10,0,2,0,1
0.275781615,46,1,7232.0,5400.0,9,0,1,0,0
0.003517988,54,0,0.001390821,2875.0,2,0,0,0,0
0.075553584,57,1,0.363174093,7472.0,14,0,1,0,1
1.129959388,39,1,0.226133001,6420.0,7,3,0,1,0
0.184134509,53,0,0.605944607,4440.0,10,0,3,0,1
0.377560062,44,0,0.193902615,6920.0,6,0,2,0,1
0.400837064,34,0,0.385599524,3360.0,8,0,1,0,2
0.237302874,62,1,0.203394092,7954.0,11,0,0,0,0
0.004334263,89,0,0.001181711,11000.0,10,0,0,0,0
0.140219106,26,0,4.873403665,1800.0,10,0,4,0,0
0.0,63,0,1285.0,5400.0,7,0,1,0,0
0.004059835,46,0,0.173152446,2800.0,9,0,1,0,1
0.961399592,47,0,0.528651612,7660.0,9,0,1,0,1
0.077080539,70,0,0.28367908,4000.0,9,0,2,0,1
0.334990946,63,0,1471.0,5400.0,6,0,1,0,0
0.12419586,63,0,0.401473297,3800.0,4,0,1,0,1
0.075696556,33,0,0.126752221,5064.0,5,0,0,0,0
0.209310745,62,0,0.397102106,8833.0,9,0,1,0,0
0.946634303,49,0,0.669900819,4637.0,7,0,1,0,0
0.418990326,42,0,0.424164524,3500.0,6,0,1,0,0
0.0239976,63,0,8.0,1.0,3,0,0,0,0
0.061367693,50,1,2136.0,5400.0,6,0,2,0,0
0.9099818,58,0,5.959208158,1666.0,7,0,2,0,0
0.001165252,78,0,0.104097236,5100.0,8,0,0,0,1
0.028676602,56,0,0.387747616,5451.0,11,0,1,0,4
0.950019992,68,0,2204.0,0.0,12,0,1,0,0
0.603591417,35,0,0.404731293,3888.0,7,0,1,0,0
0.626209978,31,0,0.253208463,2882.0,10,0,0,0,1
0.430476949,50,0,0.586699306,2450.0,16,0,0,0,0
0.003003065,56,0,0.534419603,7916.0,11,0,2,0,0
0.057454381,69,0,0.631533847,3500.0,12,0,2,0,0
0.062129191,56,0,0.003575685,7550.0,1,0,0,0,0
0.239966397,56,0,0.372062794,10000.0,5,0,2,0,1
0.11639418,40,0,0.234921103,6780.0,3,0,1,0,1
0.175924134,66,0,81.0,5400.0,3,0,0,0,0
0.049765368,62,0,0.811750231,3250.0,13,0,2,0,0
0.461830115,38,0,3965.0,5400.0,15,0,1,0,2
0.0,54,0,5755.0,5400.0,5,0,4,0,2
0.017586441,45,0,0.240673794,13000.0,13,0,1,0,4
0.791252131,30,0,0.273787702,6000.0,11,0,0,1,0
0.197048728,87,0,0.040243677,5416.0,4,0,0,0,0
0.001638387,61,0,0.615168276,10666.0,10,0,4,0,0
0.006059495,70,0,0.003998857,3500.0,4,0,0,0,0
0.167573462,42,0,0.48795564,11000.0,27,0,2,0,0
0.288630408,56,0,1081.0,5400.0,6,0,1,0,0
0.029373513,68,1,2408.0,5400.0,11,0,1,0,0
0.791151106,31,0,0.375396497,7250.0,5,0,2,0,0
0.311852407,57,0,0.271198157,4339.0,12,0,0,0,0
0.002979263,62,0,2.0,5400.0,8,0,0,0,0
0.02895273,39,0,77.0,5400.0,7,0,0,0,0
0.222110526,40,0,0.455252918,11050.0,14,0,3,0,1
0.441876546,52,0,4549.0,5400.0,9,0,1,0,0
0.472184071,69,1,2.057701957,1992.0,16,0,3,0,0
0.062315173,51,0,814.0,5400.0,12,0,0,0,0
0.229584694,39,1,0.207537108,11250.0,5,0,2,0,3
0.271597265,60,0,0.491989963,5180.0,17,0,2,0,0
0.062964727,61,0,508.0,5400.0,5,0,1,0,0
0.338178182,61,0,0.221293445,9091.0,10,0,1,0,0
0.304964539,70,0,0.402766206,6000.0,3,0,1,0,0
0.63851791,40,0,0.062320972,12916.0,6,0,0,0,2
0.065649795,30,0,0.207676287,3360.0,7,0,0,0,0
0.0,54,0,818.0,5400.0,11,0,1,0,0
0.101659974,50,0,0.347307553,8300.0,8,0,1,0,2
0.093004825,53,0,0.057239057,9800.0,11,0,0,0,3
0.9999999,32,0,0.26118766,8200.0,4,0,2,0,2
1.02713898,33,0,0.580083983,3333.0,5,0,1,0,1
0.175982402,32,0,0.358960621,3732.0,7,0,0,0,1
0.9999999,75,0,508.0,5400.0,3,0,0,0,0
0.108492251,46,0,0.15570605,17866.0,7,0,2,0,2
0.235765604,61,0,0.34510837,8350.0,8,0,1,0,0
0.096891216,45,0,0.083826879,2194.0,5,0,0,0,0
0.576304339,63,0,0.471161241,3900.0,5,0,1,1,0
0.018288482,35,0,0.167819348,12000.0,6,0,1,0,1
0.0,46,0,0.137866133,8500.0,6,0,0,0,3
0.068897552,55,0,0.16980789,16500.0,7,0,1,0,1
0.0,28,0,1093.0,5400.0,8,0,0,0,0
0.098814038,51,0,2410.0,5400.0,12,0,2,0,0
0.629778847,53,1,0.033745765,67000.0,5,0,1,0,6
0.986602679,27,0,0.106865141,4500.0,4,0,0,0,0
0.005484793,90,0,0.0029994,5000.0,6,0,0,0,0
0.088874938,48,0,0.122433784,9400.0,7,1,0,0,2
0.26544112,57,0,0.085176934,19300.0,5,0,1,0,0
0.0,91,0,0.0,5400.0,4,0,0,0,0
0.09924804,52,0,0.548789809,3924.0,6,0,1,0,1
0.202341776,57,0,0.299091623,8916.0,7,0,2,0,2
0.050539175,66,0,0.008947116,6258.0,4,0,0,0,0
0.038612634,77,0,0.348118524,5500.0,15,0,2,0,0
0.019465298,54,0,0.00518686,7518.0,7,0,0,0,0
0.0,53,0,0.0,4725.0,6,0,0,0,1
0.0,71,0,0.161071143,5003.0,9,1,2,0,0
0.225492919,29,0,0.057320595,4500.0,3,0,0,0,2
0.35619271,47,0,0.247071793,7256.0,8,0,1,0,3
0.299731926,45,0,0.061213939,9670.0,5,0,0,0,1
0.000487793,82,0,0.0,4500.0,6,0,0,0,0
0.116792366,84,0,0.434521826,3000.0,10,0,2,0,0
0.002497347,63,0,0.192025422,13216.0,15,0,1,0,0
0.274922647,45,2,0.600375738,3725.0,8,0,2,0,2
0.202709332,28,0,451.0,5400.0,10,0,0,0,0
0.333763688,57,1,1.496211251,4354.0,13,0,3,0,0
0.831865934,60,0,0.238944121,5833.0,3,0,0,0,0
0.149479267,58,0,0.288571067,7900.0,11,0,2,0,0
0.115802598,48,0,0.147501213,2060.0,6,0,0,0,0
0.679513658,43,0,0.370297169,14166.0,14,0,2,0,2
0.285915281,39,0,0.279606275,3250.0,5,0,0,0,0
0.220265541,52,0,0.190923132,8416.0,6,0,1,0,0
0.008936287,72,0,0.905899751,12847.0,17,0,2,1,1
0.123971107,62,0,0.178700658,12159.0,17,0,2,0,0
0.609183808,54,0,0.705338615,5300.0,5,0,1,0,1
0.753046435,35,0,0.360238216,7891.0,11,0,2,0,0
0.064081197,87,0,101.0,5400.0,5,0,0,0,0
0.027884014,54,0,0.136309095,8333.0,17,0,0,0,1
0.098498602,67,0,0.117840111,19500.0,12,0,3,0,0
0.056176999,59,0,3666.0,5400.0,17,0,3,0,0
0.9999999,42,0,381.0,5400.0,3,0,0,0,0
0.065614748,48,1,1292.0,5400.0,7,0,2,0,0
0.102034508,60,0,0.371271855,5833.0,10,0,1,0,1
0.217160139,50,0,1379.0,5400.0,9,0,1,0,0
0.62700946,46,4,4.606908393,9900.0,17,0,5,0,2
0.9999999,53,0,0.0,1924.0,0,0,0,0,1
0.030510865,45,0,0.25403784,4333.0,5,0,1,0,2
0.565371222,41,2,0.833792154,2905.0,10,0,1,0,2
0.037579647,75,0,27.0,5400.0,7,0,0,0,0
0.0,42,1,0.232368817,11300.0,4,0,1,2,2
0.064762624,66,0,0.401564537,3834.0,7,0,0,0,0
0.04147926,84,0,0.024991669,3000.0,9,0,0,0,0
0.9999999,69,1,0.230265426,2900.0,4,2,1,3,0
0.430771282,45,0,0.202459508,3333.0,2,0,0,0,0
0.383496898,46,0,0.248807286,6916.0,14,0,0,0,0
0.137866559,60,0,0.626107501,1692.0,7,0,1,0,0
0.562587786,47,0,2595.0,5400.0,14,0,1,0,2
0.9999999,58,1,428.0,5400.0,2,1,1,0,0
0.471053857,56,0,0.489969136,1295.0,5,0,0,0,0
0.946508915,31,0,0.379767828,2411.0,11,0,0,0,1
0.693620259,40,1,0.27398702,5700.0,4,1,1,0,1
0.272275896,33,0,0.691796649,3461.0,12,0,1,0,0
0.458332989,63,0,4654.0,5400.0,15,0,1,0,0
0.221115558,40,0,0.496867084,7500.0,12,0,1,0,3
0.314480345,42,0,0.312349565,5400.0,5,0,2,0,5
0.033506275,68,0,0.515835141,2304.0,6,0,1,0,1
0.529506965,38,0,0.556870035,5916.0,9,0,1,0,1
0.040676107,45,0,6.812,249.0,8,0,2,0,0
0.694596058,47,0,0.546363409,4000.0,4,0,1,0,0
0.379255691,67,0,0.50235538,5306.0,14,0,2,0,0
0.014579705,36,0,0.045465365,4200.0,9,0,0,0,0
0.111995485,48,0,0.389206665,4020.0,6,0,1,0,0
0.0,38,0,1202.0,5400.0,5,0,1,0,0
0.507702543,68,0,0.242709893,11350.0,5,0,1,0,1
0.085849471,49,0,0.261273466,10333.0,11,0,1,0,2
0.185088103,50,0,2526.5,1.0,13,0,2,0,2
0.9999999,30,0,0.017634409,2324.0,0,1,0,0,0
2.034077556,41,1,0.105185185,674.0,3,0,0,0,0
0.0,62,0,0.30441793,3100.0,9,0,0,0,0
0.543660877,35,0,0.223990208,8169.0,11,0,0,0,1
0.786079434,58,0,1360.0,5400.0,12,0,0,0,0
0.035879587,45,0,0.571848657,5100.0,11,0,1,0,3
0.0,74,0,321.0,5400.0,5,0,0,0,0
0.975680493,68,0,0.307617504,6169.0,4,0,1,0,0
0.65002647,45,0,0.551508659,5600.0,8,0,1,0,0
0.612088175,40,1,1.091497573,8032.0,23,0,5,0,2
0.013445548,68,0,0.138847193,6661.0,14,0,1,0,1
0.941372418,28,1,0.087977633,5364.0,3,0,0,0,2
0.9999999,68,0,29.0,5400.0,0,0,0,0,0
0.498450155,50,1,0.362411726,16850.0,15,0,3,0,1
0.062597156,79,0,80.0,5400.0,8,0,0,0,0
0.9999999,49,0,0.01612342,8620.0,1,0,1,0,2
0.046699863,62,0,0.092888244,6200.0,18,0,1,0,0
0.046208094,71,1,444.0,5400.0,14,0,1,0,0
0.049548219,58,0,94.0,5400.0,7,0,0,0,0
0.051375494,35,0,0.182554732,5800.0,10,0,0,0,2
0.348660536,46,0,0.075731067,4000.0,3,1,0,0,1
0.682572334,63,1,3333.0,5400.0,10,0,1,0,0
0.348631813,68,0,0.504368546,6294.0,10,0,2,0,0
0.097432665,44,0,134.0,5400.0,5,0,0,0,0
0.017539956,57,0,0.151652242,5083.0,14,0,2,0,0
0.139931167,71,0,0.265500152,9886.0,19,0,1,0,0
0.092196335,44,0,0.757829731,6800.0,12,0,1,0,2
0.16495876,56,4,0.201905701,6086.0,9,0,1,4,2
0.9999999,63,0,0.0,5400.0,1,0,0,0,0
0.504037399,31,0,0.267110997,3900.0,7,0,0,0,0
0.219024538,31,0,0.001292149,16251.0,3,0,0,0,0
0.018440365,28,0,0.083833256,6500.0,10,0,0,0,0
0.929907009,32,0,1.001537279,1300.0,4,0,2,0,0
0.004937191,84,0,2.0,5400.0,3,0,0,0,0
0.9999999,47,1,0.599582305,5266.0,5,2,2,1,3
0.0,46,0,0.278906093,4972.0,5,0,2,0,2
0.01567369,33,0,10.0,5400.0,1,0,0,0,0
0.028830012,26,0,0.235895158,2250.0,5,0,0,0,0
0.007705544,24,0,0.003557137,2248.0,3,0,0,0,0
0.239611196,41,0,3.020979021,1000.0,12,0,2,0,0
0.154103943,33,0,0.146463384,4000.0,8,0,0,0,0
0.200639434,40,0,0.200326619,5510.0,8,0,2,0,0
0.528182727,31,0,1.043982407,2500.0,7,0,2,0,0
0.008759097,67,0,2504.0,5400.0,12,0,2,0,0
0.007135384,50,0,0.080311722,9238.0,9,0,1,0,3
0.92054726,47,0,0.677046549,6229.0,8,0,1,0,2
0.0,67,0,0.364019254,3323.0,4,0,1,0,0
0.006441151,28,0,0.030613505,8100.0,8,0,0,0,0
0.9999999,41,0,0.013318535,2702.0,0,0,0,0,2
0.194841568,56,0,1971.0,5400.0,18,1,1,0,0
9.43e-05,51,0,0.073731567,4000.0,7,0,0,0,0
0.226774186,45,0,0.493930636,10379.0,16,0,4,0,3
0.859490479,40,0,0.181705371,5640.0,5,0,0,0,0
0.071484163,67,0,1316.0,5400.0,7,0,1,0,0
0.563755751,49,3,4790.0,5400.0,15,0,2,0,1
0.016914596,76,0,0.002934464,15334.0,4,0,0,0,0
0.0,65,0,2269.0,5400.0,11,0,2,0,0
0.14119647,64,0,0.39348312,8500.0,15,0,1,0,5
0.9999999,87,0,597.0,5400.0,2,0,1,0,1
0.135613696,63,0,0.12373663,10190.0,15,0,2,0,1
0.9999999,34,0,307.0,5400.0,2,3,0,0,2
0.338094839,57,0,4215.0,5400.0,16,0,2,0,0
0.18601064,65,0,2370.0,5400.0,15,0,1,0,0
0.0,28,0,0.083253221,5200.0,5,0,0,0,0
0.008469441,56,0,0.02188392,1050.0,11,0,0,0,1
0.125387673,92,4,2925.0,5400.0,30,0,2,0,0
0.411273254,40,0,0.317621853,5600.0,9,0,1,0,0
0.227803243,59,1,0.702849613,6070.0,15,0,1,0,0
0.032748363,88,0,1373.0,0.0,2,0,1,0,0
0.112835946,49,0,3113.0,5400.0,9,0,1,0,0
0.0,55,4,1937.0,5400.0,17,1,1,4,0
0.0,55,0,0.208346919,9200.0,7,0,1,0,1
0.061201024,46,0,5.290935673,683.0,10,0,2,0,3
0.050266782,55,0,0.112813281,15600.0,21,0,1,0,2
0.138618262,74,0,353.0,5400.0,9,0,0,0,0
0.610591612,36,2,0.371695179,4500.0,7,5,0,1,0
0.0,41,0,0.327934413,5000.0,7,0,2,0,1
0.869713355,58,0,0.784027867,7750.0,8,0,2,0,0
1.003094501,27,2,0.089455272,2000.0,8,0,0,0,1
0.178940353,26,0,217.0,0.0,8,0,0,0,0
0.485341049,32,0,0.722853249,2200.0,9,0,1,0,2
0.330839599,46,0,1.664134346,2500.0,9,0,2,0,2
0.9999999,49,0,0.114600551,3629.0,3,0,0,0,0
0.219694435,28,0,0.517584098,2615.0,14,0,0,0,2
0.009787026,48,0,2058.0,5400.0,11,0,2,0,0
0.592497263,33,0,1732.0,5400.0,12,0,0,0,4
0.071141587,46,1,1754.0,5400.0,6,0,1,0,0
0.012776989,68,0,1912.0,5400.0,5,0,1,0,0
0.013859745,62,0,0.525368658,4000.0,16,0,1,0,0
0.040281878,68,0,0.258295381,4610.0,4,0,1,0,0
0.064123591,65,0,0.446031746,1889.0,6,0,1,0,0
0.150226478,38,0,0.157942103,6666.0,17,0,0,0,0
0.928535732,37,0,0.299495286,10500.0,7,0,1,0,0
0.072747833,32,0,0.353825322,7384.0,5,0,2,0,0
0.388922116,68,0,0.455734845,4585.0,9,0,1,0,0
0.9999999,31,18,0.0,1440.0,0,18,0,18,1
0.005619937,77,0,0.007874016,507.0,6,0,0,0,0
0.104905317,55,0,0.376483279,12050.0,17,0,1,0,0
0.064084119,64,0,1837.0,5400.0,9,0,1,0,0
0.216556931,61,0,791.0,5400.0,4,0,1,0,0
1.215139442,29,0,470.0,5400.0,2,0,0,0,0
0.019868201,63,0,2149.0,5400.0,7,0,1,0,0
0.224925025,39,0,0.357200757,3700.0,8,0,1,0,5
0.0,78,0,0.0,5400.0,6,0,0,0,0
0.9999999,32,1,0.298995622,3882.0,6,0,0,0,3
0.034094589,74,0,1399.0,5400.0,10,0,1,0,1
0.427203677,51,0,1.14439993,5740.0,7,0,2,0,5
0.350092011,36,0,0.148527529,5466.0,7,0,0,0,0
0.0,52,1,0.0,5400.0,3,0,0,0,0
0.115814031,26,0,0.413452915,1114.0,3,0,0,0,0
0.626043244,59,0,0.327933488,11666.0,8,0,1,0,0
0.555200667,29,0,0.215810995,2200.0,6,0,0,1,0
0.007020779,39,1,625.0,5400.0,5,0,0,0,0
0.9999999,55,0,0.476772347,9083.0,6,0,4,0,0
0.187333688,36,1,0.353770176,8301.0,11,0,1,1,0
0.00999927,45,0,0.610328638,2768.0,8,0,1,0,2
0.568118341,59,0,0.253158804,11000.0,18,0,2,0,1
0.940211958,46,3,0.265036148,6500.0,5,4,0,4,1
0.010830603,58,0,0.123293339,4833.0,11,0,1,0,0
0.758326658,46,0,0.522033159,4583.0,12,0,0,0,3
0.999911269,49,1,0.146970606,5000.0,2,2,0,1,0
0.9999999,53,0,0.632486388,1101.0,2,1,1,0,1
0.142042898,64,0,85.0,5400.0,3,0,0,0,1
0.954393966,28,1,0.048044069,14340.0,3,1,0,0,0
0.295830628,70,0,0.446461458,3800.0,9,0,1,0,0
0.037211404,63,0,0.230153969,5000.0,6,0,1,0,0
0.094190527,31,0,218.0,5400.0,7,0,0,0,0
0.705444228,46,0,0.61484693,11301.0,13,0,2,0,3
0.389470313,62,0,2754.0,5400.0,15,0,2,0,0
0.260795285,46,0,0.378894306,12100.0,20,0,1,0,2
0.010403553,89,0,12.0,5400.0,5,0,0,0,0
0.13959408,62,2,0.212308883,5166.0,12,0,0,0,1
0.212518696,60,2,0.370655442,8314.0,8,0,1,0,2
0.299259202,61,0,0.213910512,15800.0,9,0,2,0,1
0.031258248,57,0,0.397520496,5000.0,15,0,2,0,0
0.101898102,25,0,0.001998668,1500.0,1,0,0,0,1
0.9999999,65,0,0.078828149,3310.0,3,0,1,0,0
0.0,69,0,0.0,7542.0,4,0,0,0,0
0.122090184,50,0,0.09349237,5700.0,4,0,0,0,1
0.022148232,50,0,0.128772885,8083.0,9,0,1,0,1
0.09232766,56,0,3812.0,5400.0,12,0,2,0,0
0.388850697,62,1,0.122986335,9000.0,8,0,1,0,2
0.013972056,28,1,0.025135676,3500.0,2,0,0,0,0
0.0,47,0,0.184965256,7914.0,5,0,1,0,0
0.928168377,38,1,0.376124775,5000.0,8,0,0,0,2
0.005129534,64,0,0.399571505,5600.0,10,0,2,0,0
0.017577746,39,0,0.288493001,5500.0,12,0,1,0,2
0.002281626,58,0,0.122775053,14269.0,17,0,1,0,0
0.16757479,53,0,0.493263798,2300.0,11,0,1,0,0
0.044842704,36,0,0.45891246,4100.0,9,0,1,0,2
0.469813526,33,0,0.378091873,7640.0,20,0,1,0,3
0.642981955,44,0,4288.0,5400.0,12,0,1,0,0
0.748431866,46,0,9263.0,5400.0,7,0,2,0,0
0.9999999,34,1,0.430713857,3333.0,4,0,1,1,2
0.312971548,32,0,4.128871129,1000.0,6,0,1,0,0
0.717905462,35,0,0.650231674,8416.0,10,0,1,0,2
0.007953303,38,0,1055.0,5400.0,7,0,2,0,0
0.440121031,53,2,0.316834512,14000.0,12,0,3,0,1
0.052315895,37,1,351.0,5400.0,4,0,0,0,0
0.189967652,66,0,0.630073985,5000.0,13,0,2,0,0
0.030982526,47,0,0.45193017,12200.0,9,0,2,0,5
0.030213746,62,0,0.203846154,6499.0,8,0,1,0,0
0.075325475,66,0,0.611343392,5500.0,13,0,1,0,0
0.535274582,42,0,0.214447978,4401.0,8,0,0,0,1
0.332530235,78,0,0.728310502,7007.0,8,0,1,0,0
0.20739658,33,0,0.140747577,4333.0,6,0,0,0,1
0.003818665,87,0,0.001084403,5532.0,4,0,0,0,0
0.115466537,46,0,0.472836352,9000.0,9,1,2,1,2
0.234323712,36,0,0.827543114,4000.0,24,0,2,0,2
0.050143059,60,0,0.310765655,6882.0,5,0,2,0,0
0.114724766,26,0,0.008752117,3541.0,3,0,0,0,0
0.0,34,0,0.778234086,1460.0,5,0,1,0,0
0.9999999,74,0,0.535235732,4029.0,6,0,1,0,0
0.530832729,29,0,0.219400162,3700.0,3,0,0,0,2
0.014258644,78,0,0.110377358,4239.0,8,0,0,0,0
0.814487421,44,0,0.239014913,17500.0,14,0,2,0,2
0.060493895,51,0,0.078603292,6500.0,3,0,0,0,3
0.022477758,63,0,0.162476106,6800.0,8,0,1,0,0
0.018753791,81,0,0.009703029,3400.0,9,0,0,0,0
0.020931938,84,0,0.007712082,1166.0,2,0,0,0,1
0.253898441,29,0,767.0,5400.0,7,0,0,0,0
0.742454728,49,0,0.83515118,7242.0,17,0,1,0,3
0.077228811,32,0,0.440429136,7083.0,13,0,2,0,0
0.037298217,57,0,1962.0,1.0,11,0,2,0,3
0.170758652,57,0,0.048454084,6500.0,7,0,0,0,0
0.000735258,62,0,0.30946145,12217.0,8,0,2,0,1
0.195943805,64,0,2131.0,5400.0,5,0,1,0,0
0.925933862,33,0,0.301449953,4275.0,5,0,1,0,0
0.065658734,35,0,0.458862737,4800.0,15,0,1,0,1
0.30228961,59,0,0.46682863,5350.0,19,0,1,0,0
0.000224485,47,0,0.380206598,3000.0,8,0,1,0,0
0.016131183,76,0,3.0,5400.0,2,0,0,0,0
0.270906456,64,0,0.644029105,7008.0,28,0,2,0,0
0.262496452,53,0,0.194356633,8540.0,5,0,1,0,3
0.269562484,32,0,1.24445111,3333.0,17,0,3,0,0
0.008249484,72,0,0.446088795,1891.0,6,0,1,0,0
0.9999999,22,0,50.0,5400.0,2,0,0,0,0
0.156149676,42,0,0.556205803,4100.0,12,0,2,0,1
0.962375073,30,1,0.066896928,5500.0,2,0,0,0,3
0.394674709,59,1,0.370189513,8600.0,20,0,2,1,0
0.854338189,60,0,0.371669992,8520.0,8,0,1,0,0
0.0,45,0,0.358590018,6070.0,10,0,2,0,1
0.01019796,71,0,0.251499769,2166.0,6,0,1,0,0
0.844988763,31,0,0.403167747,4166.0,7,0,0,0,2
0.055747446,61,0,0.396097046,3791.0,9,0,1,0,0
0.0,80,0,1652.0,5400.0,4,0,1,0,0
0.007514017,47,0,0.200553025,6147.0,6,0,1,0,2
0.052358447,71,0,0.245775422,10000.0,15,0,2,0,2
0.896075646,47,4,0.231668104,12750.0,19,0,1,0,0
0.0,66,1,1549.0,5400.0,8,0,1,0,0
0.427724544,40,0,0.503490205,4440.0,5,1,1,0,1
0.042165085,64,2,0.194083996,7166.0,13,1,0,0,2
0.026720738,47,0,2557.0,5400.0,6,0,2,0,1
0.039858032,51,0,82.0,5400.0,5,0,0,0,0
0.9999999,29,0,125.0,5400.0,0,2,0,0,0
0.46391317,58,0,0.726824333,7906.0,15,0,2,0,0
0.011679285,72,0,349.0,5400.0,6,0,0,0,1
0.121624231,56,0,0.252120667,17800.0,14,0,3,0,1
0.028451154,65,0,0.273740869,2600.0,6,0,0,0,0
0.114958622,56,0,0.097860143,15000.0,18,0,2,0,4
0.047458177,66,0,1211.0,5400.0,4,0,1,0,0
0.054005305,66,0,84.0,5400.0,13,0,0,0,0
0.056153633,76,0,1406.0,5400.0,14,0,1,0,0
0.636840551,52,1,0.48710662,9500.0,16,0,2,0,1
0.030897141,74,0,16.0,5400.0,2,0,0,0,0
0.337059029,43,0,0.326543705,6234.0,9,0,1,0,0
0.193893537,65,0,0.598144297,6250.0,12,0,2,0,0
0.882235529,24,0,0.12095968,3000.0,2,0,0,0,0
0.717131474,33,0,0.134042553,939.0,2,0,0,0,2
0.283793658,52,0,1.118450349,6736.0,15,0,2,0,0
0.058278834,56,0,1760.0,5400.0,10,0,2,0,0
0.085417151,56,0,0.324668242,5500.0,8,0,2,0,0
0.4308024,43,0,0.67537415,7349.0,17,0,1,0,3
0.1141528,46,0,0.235702963,8200.0,4,0,2,0,0
0.13072672,45,0,0.627441652,35733.0,16,0,5,0,3
0.112335845,39,0,0.28151397,6155.0,9,0,1,0,1
0.243371547,51,0,0.370681382,4167.0,7,0,1,0,1
0.421713346,48,0,0.469419556,7700.0,17,0,1,0,2
0.356028083,63,0,2620.0,5400.0,11,0,0,0,0
0.367673179,57,0,1.032796318,5213.0,10,0,4,0,0
0.58689097,33,0,1628.0,5400.0,10,0,2,0,0
0.007809338,55,0,0.010531929,7500.0,5,0,0,0,0
0.77378726,59,0,0.920036347,2200.0,7,0,2,0,1
0.0,75,0,0.158972958,3660.0,7,0,1,0,0
0.007668085,76,0,0.002219482,4054.0,3,0,0,0,0
0.414452731,47,0,0.308189206,4798.0,10,0,0,0,4
0.0,41,0,0.350817049,8750.0,12,0,2,0,1
0.306517504,45,0,0.141821515,12000.0,11,0,0,0,0
0.738946093,38,1,0.098696978,3606.0,6,3,0,1,1
0.409867173,40,0,1714.0,5400.0,7,0,2,0,0
0.0,68,0,0.319905213,10971.0,12,0,2,0,1
0.934604905,27,1,0.019986676,1500.0,2,1,0,1,0
0.055879728,44,0,0.025313717,4621.0,6,0,0,0,0
0.028142589,67,0,0.057323779,6000.0,9,0,0,0,0
0.05880047,27,0,0.065837601,4100.0,6,1,1,0,1
0.02076839,79,0,0.006234414,2405.0,2,0,0,0,0
0.004423504,46,1,0.465566804,8000.0,11,0,4,0,2
0.046710949,81,0,0.00569886,3333.0,2,0,0,0,0
0.0,31,0,0.012947888,15600.0,5,0,0,0,0
0.134149268,79,2,0.195251219,4716.0,8,0,1,0,0
0.9999999,28,0,0.29199549,2660.0,7,4,0,1,0
0.058127721,56,0,0.019164385,8400.0,5,0,0,0,0
0.9999999,56,0,0.038308871,10832.0,0,1,0,1,0
0.023985037,71,0,0.018993669,3000.0,14,0,0,0,1
0.255157998,49,0,2264.0,5400.0,10,0,1,0,0
0.001809481,68,0,2.0,5400.0,6,0,0,0,0
0.153719674,39,0,1229.0,5400.0,6,0,1,0,1
0.9999999,51,0,151.0,5400.0,2,0,0,0,0
0.030793841,83,0,0.002,2499.0,2,0,0,0,0
0.212667612,44,1,0.061675883,2350.0,8,0,0,0,0
0.804688368,40,0,0.596314549,4666.0,19,0,1,0,0
0.9999999,22,0,0.0,1600.0,0,0,0,0,0
0.975012494,44,0,0.421857088,2616.0,7,0,2,0,2
0.0,56,0,0.0,1505.0,1,0,0,0,0
0.802335536,34,0,0.444054829,3136.0,14,0,0,0,0
0.049029095,25,0,0.043912176,500.0,4,0,0,0,0
0.668625559,46,0,0.264083881,5626.0,6,0,1,0,1
0.183887668,30,0,0.355076684,5150.0,9,0,1,0,1
0.004107038,87,0,0.980849292,1200.0,11,0,2,0,0
0.031621861,49,0,0.122336391,14500.0,12,0,1,0,1
0.212358818,65,0,0.299510742,4700.0,9,0,1,0,1
0.9999999,61,1,0.426461538,1624.0,2,1,0,0,0
0.002849692,69,0,1299.0,5400.0,7,0,1,0,0
0.013249172,56,0,4737.0,5400.0,5,0,2,0,0
0.014092742,79,0,27.0,5400.0,8,0,0,0,0
0.0,30,0,0.350886478,7557.0,10,0,1,0,0
0.813482019,41,1,0.296235188,6666.0,10,0,1,0,2
0.907936257,44,3,0.250792103,12308.0,17,0,2,0,0
0.059578641,62,0,0.203283438,8283.0,7,0,2,0,1
0.189018507,31,0,0.035745234,4615.0,4,0,0,0,0
0.228607579,62,0,0.299140172,5000.0,9,0,1,0,3
0.652298692,49,0,0.585423568,4225.0,7,0,1,0,1
0.611369184,35,0,0.139988607,7021.0,9,0,0,0,2
0.076758348,44,0,0.475628046,5333.0,13,0,2,0,0
0.860856752,65,0,0.113488862,5700.0,4,0,0,0,1
0.118967488,51,0,0.484770384,4267.0,13,0,1,0,1
0.76055263,73,2,0.368463154,10000.0,17,0,3,0,0
0.834466214,54,0,0.177503933,3813.0,6,1,0,0,0
0.620291835,59,0,0.231250483,12946.0,15,0,1,0,1
0.183585192,42,0,0.282286213,4583.0,6,0,2,0,0
0.9999999,45,0,3000.0,5400.0,5,0,2,0,2
0.020217025,63,0,32.0,5400.0,11,0,0,0,0
0.023724407,64,0,1799.0,5400.0,3,0,1,0,0
0.0,33,0,0.247740181,12500.0,9,0,2,0,0
0.0,60,0,0.673521851,3500.0,12,0,1,0,0
0.001240382,49,0,0.50212138,5420.0,11,0,1,0,2
0.058348396,47,0,0.250958174,6000.0,10,0,0,0,0
0.11372205,70,0,0.405572265,6316.0,17,0,2,0,0
0.009429422,79,0,1513.0,5400.0,11,0,2,0,0
0.053924478,62,0,0.261770587,5500.0,9,0,1,0,1
0.220064995,28,0,0.333629498,2250.0,5,0,0,0,2
0.029467041,68,0,0.1766018,13000.0,9,0,1,0,0
0.109544523,37,0,0.458754407,8509.0,5,0,1,0,0
0.257603595,57,0,0.313247307,8446.0,25,0,3,0,2
0.534057309,35,1,1.200228506,3500.0,22,0,2,0,0
0.084871545,68,0,716.0,5400.0,3,0,1,0,0
0.0,31,0,4.421441774,540.0,12,0,1,0,0
0.009657594,83,0,21.0,5400.0,14,0,0,0,0
0.685573286,54,0,0.531395814,7500.0,13,0,1,0,0
0.004458148,54,0,0.023939064,918.0,10,0,0,0,1
0.196758683,74,0,2835.0,5400.0,8,0,3,0,0
0.378411606,42,2,0.63493746,4716.0,11,0,2,0,0
0.594281144,59,0,0.115088491,10000.0,4,5,0,0,1
0.218315634,36,0,0.353190288,7083.0,7,0,1,0,2
0.440402461,51,1,0.191683679,9306.0,9,1,0,0,0
0.525051585,46,2,0.454329775,5900.0,7,0,2,0,2
0.007562898,39,0,0.495585576,9400.0,9,0,2,0,0
0.0,78,0,38.0,5400.0,2,0,0,0,1
0.965008748,45,2,0.140477512,1800.0,4,0,0,0,0
0.0,71,0,0.114496548,4200.0,9,0,0,0,0
0.121496151,71,0,0.612253642,2333.0,20,0,0,0,0
0.969882745,52,0,848.0,5400.0,7,0,1,0,0
0.199776004,45,0,720.0,5400.0,6,0,0,0,2
0.015941259,40,0,1.00479693,3126.0,10,0,1,0,0
0.085334696,42,0,0.55039267,4583.0,10,0,2,0,1
0.028801378,35,0,0.005722725,5416.0,5,0,0,0,0
0.0,45,0,0.325499944,8850.0,3,0,1,0,3
0.033048348,46,0,1451.0,5400.0,6,0,2,0,2
0.004503136,74,0,0.335872411,4200.0,5,0,1,0,1
0.866416979,28,0,0.055005393,10198.0,3,0,0,0,0
0.9999999,31,1,0.643921192,2080.0,2,4,1,1,2
0.032102849,41,0,12.0,5400.0,2,0,0,0,0
0.0618625,62,0,1.478621835,2408.0,15,0,1,0,0
0.267393019,54,1,0.516888889,11249.0,14,0,1,0,1
0.027819799,49,0,960.0,0.0,9,0,1,0,0
0.9999999,32,0,0.017050837,3166.0,1,0,0,0,0
0.040793003,62,0,9423.0,5400.0,10,0,3,0,0
0.209328262,68,0,0.744132197,9500.0,18,0,2,0,0
0.0,87,0,0.0,5400.0,4,0,0,0,0
0.371259503,46,0,0.746531684,8000.0,9,0,3,0,2
0.864930714,57,0,0.392742171,3416.0,11,0,0,0,0
0.037885173,53,0,0.009302326,9459.0,16,0,0,0,2
0.007586033,62,0,860.0,5400.0,7,0,1,0,0
0.063154823,34,0,0.076392361,10000.0,9,0,1,0,0
0.446964283,43,0,0.630791456,9690.0,23,0,3,0,2
0.113711862,76,0,0.202877925,12647.0,9,0,2,0,1
0.10045877,35,0,0.069554277,5563.0,4,0,0,0,0
0.617546165,26,0,0.306182122,2393.0,7,0,0,0,3
0.085727413,59,0,0.368557404,7333.0,6,0,2,0,3
0.9999999,30,0,0.0,5400.0,1,0,0,0,0
0.087515152,50,1,0.623595506,6585.0,22,0,2,0,1
0.063651966,39,0,0.059237079,7680.0,3,0,0,0,3
0.371015175,62,4,0.324050374,9766.0,7,2,1,1,0
0.057291918,82,0,0.120210728,4175.0,7,0,1,0,0
0.506073452,50,0,0.579903349,6000.0,20,0,1,0,0
0.087193671,49,0,0.29262765,7500.0,6,0,2,0,2
0.087582426,56,0,635.0,5400.0,3,0,0,0,0
0.128149229,74,0,0.158089596,2700.0,4,0,1,0,0
0.554574238,68,0,2284.0,5400.0,6,0,1,0,0
0.695860828,68,2,0.757620272,2722.0,6,3,1,0,1
0.29401765,60,0,0.200658465,23083.0,6,0,2,0,0
0.95330467,36,0,0.095980804,5000.0,3,0,0,0,1
0.072740907,28,0,0.098967011,3000.0,2,0,0,0,0
0.929860483,57,1,2.175515303,1600.0,9,0,1,0,0
0.06515761,51,0,0.459416864,5075.0,9,0,2,0,0
0.619843503,66,0,2997.0,5400.0,14,0,1,0,0
0.9999999,50,0,514.0,5400.0,1,0,0,0,0
0.9999999,56,0,0.0,5400.0,0,0,0,0,0
0.600895964,57,0,0.173281034,4333.0,15,0,0,0,0
0.434610604,60,0,0.488458215,8100.0,25,0,2,0,1
0.019418776,64,0,0.036567946,10500.0,13,0,1,0,0
0.075347143,28,0,0.47700511,4500.0,6,0,1,0,1
0.044508081,32,0,0.012283959,7000.0,9,0,0,0,0
0.336310275,41,0,0.143457103,15000.0,11,0,2,0,0
0.214624679,63,0,0.766539253,3400.0,17,0,3,0,0
0.501968164,61,0,0.239486695,18000.0,8,0,3,0,2
0.014713222,54,0,0.266935755,14864.0,6,0,2,0,2
0.148118836,36,0,0.342131574,5000.0,8,0,1,0,1
0.035964036,22,0,0.001075269,929.0,2,0,0,0,0
0.088516077,52,0,5860.0,5400.0,10,0,2,0,2
0.009852424,77,1,0.197121152,2500.0,11,0,1,0,0
0.016161616,50,0,0.023809524,125.0,4,0,0,0,1
0.210251472,51,1,0.784920752,6750.0,10,2,4,1,2
0.027143738,38,0,0.179528189,2500.0,6,0,0,0,2
0.239501,35,0,0.508294806,3676.0,4,0,1,0,2
0.045272026,37,0,0.625254582,5400.0,5,0,2,0,0
0.15100143,69,0,0.076715023,4066.0,7,0,0,0,0
0.017702589,55,0,0.246555862,11250.0,14,0,1,0,0
0.326900476,73,0,0.504890679,3475.0,6,0,1,0,0
0.655956085,47,0,4100.0,5400.0,9,0,1,0,4
0.018507498,56,0,0.820458977,6666.0,22,0,3,0,0
0.056300825,54,0,552.0,5400.0,8,0,0,0,0
0.125262025,33,0,0.724219676,2530.0,7,0,1,0,2
0.654748549,56,0,0.723934602,3730.0,8,0,1,0,0
0.0,56,0,80.0,5400.0,10,0,0,0,0
0.028466112,41,0,0.00619876,5000.0,6,0,1,0,3
0.75089273,66,0,0.408865444,12700.0,9,0,4,0,0
0.372167979,61,0,5085.0,5400.0,16,0,2,0,0
0.652080012,52,1,0.436005389,5937.0,9,0,1,0,0
0.245345818,43,0,1.697321072,2500.0,10,0,2,0,0
0.059303702,54,0,1237.0,5400.0,4,0,1,0,0
0.031631305,63,0,36.0,5400.0,5,0,0,0,0
0.176392434,68,0,0.373565346,2700.0,13,0,1,0,1
0.003673037,49,0,0.391536155,3000.0,7,0,1,0,0
0.900915903,31,0,0.565623992,3100.0,7,1,2,0,0
0.038313773,64,0,22.0,5400.0,5,0,0,0,0
0.571002727,52,1,0.741968125,3952.0,14,0,1,0,1
0.064663587,39,0,0.165229984,14500.0,6,0,2,0,4
0.453090168,60,0,0.89114135,3600.0,9,0,2,0,1
0.876247505,34,0,0.27897532,3200.0,4,0,0,0,1
0.038994429,67,0,0.00139972,5000.0,6,0,0,0,0
0.246590136,56,0,0.227067392,10846.0,4,0,1,0,1
0.017779829,81,0,24.0,5400.0,4,0,0,0,0
0.078872817,67,0,0.01727235,7236.0,5,0,0,0,0
0.430795023,61,0,0.140514383,11158.0,14,0,2,0,0
0.167369245,49,0,0.418925884,9700.0,18,0,1,0,0
0.008477954,55,0,641.0,5400.0,5,0,2,0,0
0.008531349,79,0,0.00350371,4851.0,7,0,0,0,0
0.021268822,72,0,0.024162618,7821.0,6,0,0,0,0
0.476809366,41,1,3414.0,5400.0,20,0,2,0,0
0.399262154,57,0,0.767760269,3870.0,9,0,2,0,0
0.0,45,0,834.0,5400.0,5,0,0,0,0
0.003833841,33,0,2.0,5400.0,4,0,0,0,0
0.10619581,40,0,5031.0,5400.0,4,0,2,0,0
0.043062007,63,0,0.204540721,4800.0,17,0,1,0,2
0.9999999,43,0,0.155212101,3040.0,1,0,0,0,7
0.0,47,0,0.371435718,3997.0,7,0,1,0,0
0.019079746,58,0,0.27868033,4000.0,5,0,1,0,0
0.088036479,88,0,0.010136692,6510.0,2,0,0,0,0
0.001025628,65,0,3420.0,0.0,10,0,2,0,0
0.035528199,82,0,0.337527352,3655.0,17,0,2,0,0
0.519389066,60,0,0.605274173,7166.0,14,0,2,0,0
0.256384567,49,0,0.370325935,5000.0,7,0,1,0,0
0.553633691,47,0,0.539946934,6783.0,11,0,1,0,2
0.964132677,41,1,0.222506394,4300.0,7,1,0,0,0
0.150359731,53,0,1.027506334,2762.0,10,0,1,0,0
0.99160112,32,0,0.234423408,2904.0,8,0,0,0,0
0.709416999,49,2,0.477093336,12288.0,16,0,2,0,2
0.400688376,55,0,0.338204847,8210.0,10,0,2,0,3
0.094908758,71,0,0.013883046,2376.0,4,0,0,0,2
0.001309043,69,0,1630.0,5400.0,13,0,2,0,0
0.137325704,63,0,0.437187604,3000.0,8,0,1,1,0
0.962355156,37,1,0.31952874,2800.0,4,0,0,0,0
0.009537716,75,0,0.224725592,1730.0,10,0,0,0,0
0.39483284,42,0,0.333813468,2776.0,10,0,0,0,2
0.9999999,32,0,1.268362741,2436.0,5,0,2,0,0
0.015261097,71,0,0.291870813,10000.0,7,0,1,0,0
0.000784861,75,0,0.130705394,1927.0,4,0,0,0,1
0.015747232,32,0,0.084064477,4900.0,6,0,0,0,0
0.000189572,49,0,0.242539009,6600.0,8,0,1,0,0
0.720096879,59,0,0.428098244,16000.0,9,0,2,0,3
0.276011697,51,0,0.337221038,8916.0,7,0,1,0,1
0.054058919,61,0,1629.0,5400.0,7,0,1,0,1
0.017750558,45,0,30.0,5400.0,7,0,0,0,0
0.069694373,32,0,0.132641292,2600.0,2,0,0,0,0
0.208970147,56,3,0.293219415,5500.0,11,0,3,0,1
0.657976074,46,0,0.383878359,4800.0,7,0,1,0,2
0.0,30,0,1448.0,5400.0,5,0,1,0,2
0.105079722,60,0,0.432652478,7000.0,9,0,1,0,0
0.064007383,63,0,0.203736135,3425.0,9,0,1,0,0
0.396622015,69,2,0.417177914,2770.0,4,0,1,0,1
0.028499865,66,0,21.0,5400.0,6,0,1,0,0
0.992522389,27,0,1.100636943,784.0,5,0,0,1,0
0.0,45,1,0.069451884,5600.0,9,0,0,0,2
0.02741634,54,0,0.273092369,8216.0,9,0,3,0,1
0.851913478,49,1,826.0,5400.0,4,3,0,0,0
0.703401936,45,0,3184.0,5400.0,11,0,2,0,0
0.962013868,58,1,3077.0,5400.0,11,0,1,0,3
0.018533241,64,1,31.0,5400.0,4,0,0,0,0
0.9999999,59,0,266.0,5400.0,2,0,0,0,0
0.182427218,60,0,1.077926312,3066.0,8,0,1,0,2
0.44035244,48,0,0.422555464,4867.0,15,0,0,0,3
0.644427719,44,1,0.278876582,7583.0,7,0,1,0,3
0.151289723,33,0,0.322419395,4000.0,7,0,1,0,2
0.028223867,67,0,1086.0,5400.0,7,0,2,0,0
0.048832429,49,0,0.158471371,7666.0,7,0,1,0,2
0.024306624,56,0,0.166510465,3200.0,6,0,0,0,1
0.055349725,53,0,0.251319078,3600.0,6,0,1,0,2
0.007902928,62,0,0.09360301,2125.0,10,0,0,0,0
0.049432097,46,0,0.142476698,750.0,9,0,0,0,0
0.530512565,56,0,0.309269615,5900.0,7,0,0,0,1
0.010017069,40,0,0.434554974,4583.0,16,0,2,0,1
0.9999999,22,0,0.0,0.0,1,0,0,0,0
0.03679632,38,0,1654.0,5400.0,9,0,2,0,1
0.031854868,77,0,0.36476326,4920.0,11,0,2,0,0
0.0,41,0,0.13048369,2666.0,5,0,0,0,0
0.176674972,58,1,0.210522268,13000.0,6,0,1,0,2
0.371838847,64,0,0.153925266,2916.0,3,0,0,0,0
0.391240411,68,0,2.693124135,2166.0,13,0,2,0,0
0.039816443,74,0,0.0324797,1600.0,10,0,0,0,0
0.9999999,36,0,0.012699788,60000.0,2,2,0,0,0
0.722336686,34,0,0.419989367,3761.0,4,1,1,1,3
0.9999999,36,0,2250.0,5400.0,3,0,1,0,0
0.12737181,45,0,0.517084617,6818.0,8,0,2,0,2
0.313609242,52,1,0.288001008,7933.0,14,0,2,0,0
0.9999999,64,0,0.43905552,4700.0,2,0,1,0,0
0.15398386,63,0,0.248377135,15866.0,9,0,2,0,1
0.854458217,28,0,0.921634796,2666.0,4,0,1,0,0
0.148892933,49,2,0.398405886,8154.0,17,0,2,0,2
0.00407686,72,0,0.109154284,5450.0,8,0,1,0,0
0.074925075,22,0,2.0,5400.0,1,0,0,0,0
0.20966509,63,0,1.692261548,8334.0,12,0,2,0,0
0.188296234,48,0,0.473556345,5350.0,10,0,1,0,3
0.178994034,33,0,0.215632499,11667.0,8,0,2,0,0
0.089429578,50,0,2397.0,5400.0,6,0,1,0,0
0.055163602,50,1,0.077701848,3950.0,3,0,0,0,2
0.223348652,40,0,5060.0,5400.0,4,0,2,0,0
0.355596195,54,0,0.729057592,4583.0,13,0,2,0,0
0.238274978,41,0,0.157968406,5000.0,6,0,0,0,2
0.321038503,46,0,0.199482939,41000.0,9,0,4,0,2
0.88419487,31,0,0.288456923,8333.0,6,0,0,0,0
0.676388237,34,0,0.465946363,5182.0,11,0,1,0,3
0.002015784,41,0,0.310486522,6083.0,19,0,1,0,0
0.043191362,29,0,0.069968196,2200.0,5,0,0,0,0
0.014590348,84,0,4.0,5400.0,1,0,0,0,0
0.228219792,30,0,0.352861649,2218.0,8,0,0,0,0
0.179980853,54,0,821.0,5400.0,4,0,1,0,1
0.470430261,59,0,0.109160724,14583.0,9,0,0,0,3
0.435567526,43,0,0.807917628,5632.0,6,0,2,0,2
0.648187633,49,0,0.258064516,2200.0,3,0,0,0,0
0.353982851,63,0,0.349319195,8298.0,14,0,1,0,0
0.0,46,0,2810.0,5400.0,11,0,1,0,0
0.521350075,31,0,0.876098152,3300.0,8,0,1,0,0
0.71680944,49,0,0.29318542,8833.0,4,0,1,0,0
0.210589947,63,0,0.219618843,12120.0,9,0,1,0,0
0.061294071,59,0,0.18347633,16666.0,3,0,1,0,1
0.022387645,62,0,0.009389671,1277.0,4,0,0,0,0
0.135652174,41,0,0.025738799,3146.0,2,0,0,0,3
0.050618673,38,0,1858.0,5400.0,4,0,2,0,0
0.299516908,38,0,0.357497929,4827.0,8,0,1,0,0
0.164142567,51,1,1.370524563,1200.0,8,0,1,0,0
0.238521543,63,0,2.091590341,1200.0,22,0,1,0,0
0.761111387,47,0,5793.0,5400.0,15,0,2,0,0
0.575839444,53,0,2026.0,5400.0,5,0,1,0,1
0.077574864,57,0,0.10303458,2833.0,9,0,0,0,0
0.884964601,48,0,1.098388756,5833.0,9,0,2,0,2
0.54251227,36,0,1.630842289,4000.0,24,0,3,0,0
0.22076797,36,0,0.49350415,5541.0,16,0,2,0,0
0.004601917,89,0,0.002349256,1276.0,5,0,0,0,0
0.018311519,51,0,0.0094392,1800.0,2,0,0,0,1
0.902336589,61,0,0.149886185,5710.0,8,0,0,0,0
0.986401404,54,0,0.477124183,2600.0,9,0,0,0,0
0.503077575,55,0,2399.0,5400.0,6,0,1,0,1
0.235059761,52,0,1.0,5400.0,1,0,0,0,0
0.037765085,47,0,3546.0,5400.0,6,0,2,0,0
0.034843474,57,0,0.261339662,7583.0,4,0,1,0,3
0.002363589,45,0,0.510417803,9166.0,14,0,1,0,0
0.201139325,62,0,1057.0,5400.0,10,0,1,0,1
0.0,55,0,0.0,5400.0,4,0,0,0,0
0.172515282,64,0,0.461830611,2632.0,5,0,1,0,0
0.0,71,0,0.622296173,1201.0,7,0,1,0,0
0.027014553,64,0,0.007330076,4501.0,5,0,0,0,1
0.165682403,57,0,0.301222028,6300.0,18,0,2,0,2
0.051364302,66,0,0.167318557,2300.0,4,0,0,0,0
0.31898275,72,0,0.925653349,6657.0,13,0,3,0,0
0.085645356,36,0,0.065478231,2916.0,18,0,0,0,1
1.0,28,0,0.216087577,2100.0,3,0,0,0,1
0.0,69,0,0.827236916,1776.0,8,0,1,0,1
0.080303592,45,1,0.009252566,20750.0,6,0,0,0,0
0.769832758,49,0,0.388344612,9900.0,17,0,3,0,0
0.052495139,38,0,593.0,5400.0,5,0,1,0,0
0.007303713,25,0,0.635809988,820.0,6,0,0,0,0
0.016289233,46,1,0.104022852,4200.0,13,0,0,0,0
0.200536987,43,0,0.06256696,4666.0,4,0,0,0,3
0.257647074,55,0,0.401004604,7166.0,16,0,2,0,0
0.055180564,35,2,0.271194915,14000.0,6,0,3,0,0
0.0787432,46,1,0.444521594,7200.0,12,0,1,0,0
0.024931671,39,0,0.555737705,4879.0,6,0,3,0,2
0.264073869,51,0,2204.0,5400.0,4,0,2,0,0
0.044771144,49,0,3253.0,5400.0,8,0,2,0,0
0.110446956,65,0,0.018372703,8000.0,3,0,0,0,1
0.244548189,48,0,0.687894298,8400.0,12,0,3,0,2
0.318689627,58,0,0.343461424,10070.0,15,0,1,0,1
0.767392029,28,0,0.447411444,1834.0,9,0,0,0,1
0.470399461,46,0,0.917290108,2405.0,11,0,0,0,0
0.533613661,46,0,0.593574608,5166.0,12,0,2,0,0
0.479906326,65,0,2028.0,5400.0,7,0,1,0,0
0.105924972,34,0,0.120209474,4200.0,10,0,0,0,1
0.741029891,37,1,0.418574791,4672.0,8,0,1,0,0
0.0,57,0,3464.0,5400.0,18,0,1,0,0
3.384341637,67,0,0.91125719,2433.0,1,3,1,0,0
0.055674738,49,0,0.026315789,9233.0,12,0,0,0,3
0.036766261,33,2,0.990109318,1920.0,8,0,1,0,1
0.808044845,33,0,0.052347383,6666.0,5,0,0,0,0
0.229267145,35,0,0.545884108,4020.0,6,0,1,0,0
0.0,60,2,0.000384468,2600.0,4,0,0,0,0
0.9999999,62,0,1267.0,5400.0,3,0,1,0,0
0.287361482,46,0,0.496185214,3800.0,7,0,1,0,1
0.019923243,72,0,0.0843483,5500.0,11,0,1,0,0
0.754334962,77,0,0.908823529,2039.0,8,0,0,0,0
0.242424242,33,0,0.134792627,6075.0,3,0,1,0,0
0.9999999,56,1,288.0,5400.0,1,3,1,0,0
0.889171528,31,0,0.219960007,5500.0,17,0,0,0,0
0.205260946,48,0,0.136817315,17833.0,7,0,1,0,3
0.556523508,41,0,0.399074404,5617.0,8,0,1,0,4
0.123562661,63,4,1.273573522,5800.0,17,0,3,0,1
0.0,56,0,0.722621738,4866.0,13,0,1,0,0
0.9999999,30,0,66.0,5400.0,1,1,0,0,0
0.096272542,35,0,0.364781761,6666.0,15,0,2,0,1
0.0,59,0,151.0,5400.0,3,0,0,0,0
0.103421088,40,0,0.53918943,5600.0,6,0,2,0,3
0.145846305,64,0,2175.0,5400.0,8,0,2,0,0
0.171024247,58,0,0.471174569,7423.0,10,0,2,0,1
0.0,67,0,0.220345141,5504.0,14,0,1,0,0
0.227731911,69,0,0.655825703,3166.0,8,0,1,0,0
0.065316391,55,0,0.32110395,6050.0,8,0,1,0,2
0.032847247,63,0,0.881271543,2610.0,10,0,2,0,1
0.178612419,42,0,0.977755561,4000.0,8,0,2,0,4
0.42067006,33,0,1.321824104,1534.0,8,0,0,0,0
1.03449655,54,0,0.276605199,4500.0,4,1,0,0,0
0.909963876,63,0,0.530608665,5700.0,9,0,2,0,1
0.036739265,50,0,0.143865428,8500.0,9,0,1,0,2
0.009255383,52,0,0.120887911,10000.0,10,0,1,0,1
0.251815138,46,0,5362.0,5400.0,4,0,2,0,0
0.019196807,63,0,0.13290263,2166.0,8,0,0,0,0
0.244383263,43,8,0.254182666,14583.0,14,0,3,0,2
0.729211798,48,0,0.393338954,2371.0,4,0,1,0,2
0.0,40,0,0.330630777,12333.0,5,0,2,0,2
0.552798812,42,0,0.269450064,5436.0,4,1,0,1,4
0.04621108,51,0,0.114222144,40000.0,11,0,2,0,2
0.031365089,42,0,254.0,0.0,5,0,1,0,0
0.993737172,52,0,0.53470437,3500.0,6,0,1,0,0
0.017692214,56,0,0.040725422,22000.0,14,0,1,0,1
0.011571291,56,0,0.160980247,9466.0,12,0,2,0,0
0.0,62,0,0.117153139,2500.0,13,0,0,0,0
0.052175752,78,0,0.054111033,5691.0,11,0,1,0,0
0.9999999,71,1,0.12804344,5708.0,2,0,0,0,0
0.047165094,56,0,0.162186181,4500.0,2,0,1,0,0
0.0,38,0,0.0,2666.0,2,0,0,0,0
0.455059421,43,0,2330.0,5400.0,7,0,1,0,1
0.162883712,47,0,0.277897768,4166.0,5,0,1,0,3
0.014362984,38,0,0.298136149,12500.0,6,0,2,0,3
0.182890855,31,1,0.184163167,5000.0,8,0,0,0,0
0.023867319,43,1,0.069360112,4281.0,14,0,0,0,0
0.00352768,59,0,0.291505157,15220.0,9,0,2,0,1
0.020349985,73,0,0.651565825,3288.0,7,0,0,0,1
0.059997842,49,0,2454.0,5400.0,4,0,1,0,0
0.407897491,44,0,0.572085583,5000.0,6,0,2,0,2
0.324916145,25,0,0.109514138,6400.0,7,0,0,0,1
0.083934384,54,0,0.243412798,6375.0,4,0,1,0,2
0.14600857,56,1,0.381769705,6000.0,6,2,1,3,2
0.166911079,27,0,0.265425715,2900.0,8,0,0,0,0
0.173047098,52,0,0.411997931,5800.0,12,0,2,0,1
0.0,25,0,0.259400286,2100.0,6,0,0,0,0
0.000505701,51,1,2486.0,5400.0,8,0,1,0,0
0.9999999,52,0,0.492125656,12000.0,7,0,3,0,0
0.603274795,35,0,0.231015188,1250.0,1,0,0,0,0
0.006491,62,0,0.575356565,6800.0,9,0,3,0,0
1.048048882,49,0,0.097759674,5400.0,2,0,0,0,0
0.0,96,0,0.0,5400.0,2,0,0,0,0
0.9999999,64,1,0.0,5400.0,0,0,0,2,0
0.037684313,64,0,933.0,5400.0,7,0,1,0,0
0.9999999,37,0,32.0,5400.0,0,0,0,0,1
0.016454047,65,0,0.063270337,3650.0,9,0,0,0,0
2.523099713,33,0,0.201135582,5811.0,8,0,0,0,0
0.027366756,49,1,0.308477401,4800.0,13,0,2,0,2
0.775248798,41,0,0.579719964,13283.0,9,0,4,0,1
1.114968064,30,4,0.320020837,5758.0,8,2,2,0,0
0.376400605,40,0,0.416574095,4500.0,10,0,2,0,4
0.164278574,41,0,0.226591136,3000.0,6,0,0,0,0
0.014533861,55,1,0.51399286,17365.0,21,0,6,0,0
0.644369301,57,0,0.992228894,5661.0,11,0,2,0,0
0.04567532,73,0,71.0,5400.0,2,0,0,0,0
0.275736213,39,0,0.155655095,2678.0,10,0,0,0,0
0.015982595,31,0,0.546920348,3100.0,3,0,1,0,1
0.151193969,58,0,2441.0,5400.0,20,0,2,0,0
0.9999999,52,4,0.309214904,6011.0,12,0,1,0,1
0.007859269,74,0,0.002735978,2192.0,3,0,0,0,0
0.961154273,60,0,0.141172134,2712.0,5,0,0,0,0
0.0,73,0,1098.0,5400.0,9,0,1,1,0
0.044490213,32,0,0.206753391,7225.0,13,0,1,0,3
0.022078234,27,0,0.001166472,6000.0,4,0,0,0,0
0.011266106,55,0,2538.0,5400.0,10,0,2,0,2
0.060494001,62,0,0.445043356,8533.0,19,0,2,0,0
0.118841282,38,0,2.06993007,1000.0,9,0,2,0,2
0.0,32,0,0.0,1400.0,2,0,0,0,0
0.0,34,0,0.592025106,5416.0,6,0,1,0,0
0.064923377,65,0,0.10560899,10500.0,9,0,1,0,0
0.001028013,79,0,0.0,5400.0,6,0,0,0,0
0.006389776,53,0,0.000587889,1700.0,5,0,0,0,0
0.356665733,58,0,0.576789751,6634.0,4,0,1,0,1
0.67265486,37,0,0.358437146,5297.0,5,0,1,0,3
0.03192602,94,0,0.051948052,1000.0,4,0,0,0,0
0.0,44,0,1844.0,5400.0,6,0,2,0,0
0.139279424,47,0,0.391663537,5325.0,9,0,2,0,0
0.0,78,0,0.478727482,2608.0,5,0,1,0,0
0.885324874,48,1,7.502617801,2100.0,5,0,1,0,1
0.59346703,41,2,1.458819715,3083.0,7,0,3,0,2
0.324962144,52,0,0.557562077,3100.0,6,0,1,0,3
0.443249508,66,0,0.378002343,6827.0,5,0,1,0,0
0.9999999,30,0,0.0,2200.0,0,2,0,0,3
0.037026925,53,0,0.576888245,11041.0,23,0,6,0,1
0.155067969,46,0,0.182047585,2773.0,15,0,0,0,0
0.775446152,39,1,0.347950429,6293.0,12,0,0,0,3
0.223638289,56,0,0.231953609,5000.0,4,0,1,0,2
0.033654851,51,0,0.0084476,8167.0,13,0,0,0,1
0.494744947,51,0,0.482866044,8666.0,23,0,3,0,0
0.160447445,59,0,0.166417653,8700.0,7,0,1,0,2
0.069546252,44,0,0.079168333,2500.0,7,0,0,0,2
0.008749852,73,0,0.005998001,3000.0,10,0,0,0,0
0.9999999,30,0,298.0,5400.0,1,0,0,0,0
0.9999999,23,0,12.0,5400.0,0,0,0,0,0
0.904735933,49,1,0.306671794,5200.0,8,0,1,0,2
0.25034993,29,0,0.098150308,6000.0,7,0,0,0,0
0.161925255,50,0,0.348788638,9575.0,11,0,2,0,3
0.088658223,36,0,0.226616307,4500.0,4,0,2,0,0
0.9999999,46,1,0.090578697,3576.0,2,1,0,1,2
0.0,52,0,0.0,8000.0,3,0,0,0,0
0.734979001,59,0,4388.0,5400.0,13,0,1,0,0
0.022753858,36,0,2216.0,5400.0,5,0,2,0,0
0.853793799,36,1,309.0,5400.0,6,0,0,0,0
0.419141078,67,0,0.129860381,13321.0,9,0,1,0,0
0.060218577,40,2,0.589344379,7000.0,11,0,2,0,2
0.642027628,55,1,0.205286025,19333.0,15,0,1,0,0
0.0,37,0,521.0,5400.0,8,0,0,0,1
0.127271342,45,0,0.03233107,3092.0,4,0,0,0,2
1.005935645,57,1,879.0,5400.0,3,1,1,0,0
0.036907927,45,0,0.449368101,6250.0,13,0,1,0,3
0.091984669,48,0,1254.0,5400.0,7,0,1,0,2
0.0,81,0,0.113273647,7706.0,8,0,1,0,0
0.054546717,61,0,0.643525357,4061.0,11,0,2,0,0
0.553829079,42,0,0.178955261,4000.0,3,0,0,1,0
0.006797509,29,0,3537.0,0.0,9,0,3,0,2
0.72037829,43,1,0.460138333,2746.0,4,0,1,0,0
0.468206417,69,1,0.254033893,12332.0,15,0,1,0,0
0.782133534,36,1,4.0,500.0,14,0,0,1,0
0.054710999,42,0,19.0,5400.0,3,0,0,0,0
0.036680985,85,0,0.160294353,6250.0,12,0,2,0,0
0.9999999,67,4,0.605428705,8583.0,6,0,1,0,0
0.063250193,45,0,0.088810469,6800.0,11,0,0,0,1
0.195321841,63,0,1980.0,5400.0,11,0,1,0,0
0.0,40,0,2956.0,5400.0,12,0,1,0,1
0.435507321,64,0,0.189903283,64000.0,18,0,2,0,1
0.9999999,26,0,0.309845077,2000.0,3,0,0,0,0
0.026289616,73,0,0.487062405,1970.0,10,0,2,0,0
0.079640626,59,0,0.193723849,4779.0,14,0,1,0,0
0.259956674,62,0,0.201904265,7666.0,4,0,1,0,1
0.024482978,73,0,0.014115571,2266.0,5,0,0,0,0
0.000186662,47,0,0.086056972,3334.0,6,0,0,0,2
0.0,69,0,527.0,5400.0,13,0,1,0,0
0.026521878,69,1,0.654672664,2000.0,19,0,0,0,0
0.591120107,45,0,0.450116953,9832.0,8,0,1,0,1
0.028170023,53,0,0.282201993,13950.0,17,0,1,0,3
0.009776202,48,1,0.346130774,5000.0,10,0,1,0,1
0.047497625,46,0,0.930542594,7500.0,11,0,1,0,2
0.055673827,32,0,25.0,5400.0,3,0,0,0,0
0.601178634,57,1,0.35930529,6275.0,10,0,1,0,2
0.122388486,78,0,0.020395921,5000.0,12,0,0,0,1
0.9999999,68,0,716.0,5400.0,1,0,1,0,0
0.116858039,45,0,0.008228101,17500.0,2,0,0,0,0
0.072428144,56,0,774.0,5400.0,6,0,1,0,0
1.011191047,29,0,481.0,5400.0,4,1,0,0,3
0.830475806,60,0,0.365558912,11584.0,20,0,1,0,0
0.010117326,64,0,3290.0,5400.0,21,0,3,0,0
0.084763339,39,0,0.519935008,8000.0,7,0,4,0,3
0.922175097,34,0,0.87806097,2000.0,11,0,0,0,0
0.117588787,44,0,0.247972344,7520.0,10,0,2,0,2
0.0,26,0,0.085082873,5429.0,7,0,0,0,0
0.018089265,63,0,0.218187559,3166.0,3,0,2,0,0
0.251464425,79,0,0.212831806,8400.0,11,0,1,0,0
0.885038321,47,1,0.619206301,3300.0,8,0,1,0,0
0.303291503,60,0,0.643747116,6500.0,19,0,2,0,0
0.631095207,50,0,0.47925956,7400.0,11,0,1,0,3
0.441833651,66,0,0.9717083,13890.0,14,0,4,0,0
0.152307815,31,0,0.237523992,4167.0,4,0,1,0,0
0.360262303,64,0,0.440139965,4000.0,8,0,1,0,0
0.106801847,54,0,92.0,5400.0,6,0,0,0,0
0.078122966,46,1,0.159613462,3000.0,7,0,0,0,0
0.020469267,53,1,0.366272288,6000.0,8,0,2,0,0
0.523940141,53,0,1.088782244,3333.0,9,0,1,0,2
0.035924595,45,0,0.112088791,10000.0,4,0,0,0,3
0.030314483,67,0,0.001480443,12833.0,4,0,1,0,1
0.083239281,51,0,0.319406267,5456.0,10,0,1,0,1
0.224454098,70,0,1405.0,5400.0,9,0,1,0,1
0.253461938,57,1,3654.0,0.0,11,0,2,0,0
0.551285538,52,0,0.1972007,4000.0,4,0,0,0,2
0.679313387,53,1,0.443594871,8500.0,18,0,2,0,1
0.9999999,27,0,0.0,5400.0,0,0,0,0,0
0.042755055,52,0,2154.0,5400.0,7,0,1,0,0
0.08906004,44,0,0.030984508,2000.0,3,0,0,0,0
0.141026976,67,0,0.12100082,4875.0,7,0,0,0,0
0.101544923,50,0,489.0,5400.0,2,0,0,0,0
0.054415219,68,0,0.042319227,3000.0,7,0,0,0,1
0.034974757,54,0,2924.0,5400.0,9,0,1,0,1
0.999692355,72,0,0.100378788,3167.0,1,0,0,0,0
0.0,49,0,0.415800823,5100.0,4,0,1,0,0
0.141968842,79,0,0.067891782,1958.0,11,0,0,0,0
0.183127417,48,0,0.378969654,4250.0,12,0,2,0,0
0.04035794,86,0,0.119467607,6235.0,9,0,0,0,1
0.159607388,58,1,0.410717917,9833.0,16,0,2,0,0
0.355369956,27,0,338.0,5400.0,4,0,0,0,0
0.129786655,49,0,0.469348491,22869.0,31,0,3,0,5
0.063179207,77,0,44.0,5400.0,5,0,0,0,0
0.985213017,60,0,0.569945625,4045.0,3,1,1,0,0
0.0,57,0,0.0,8104.0,1,0,0,0,0
0.9999999,36,0,0.0,4500.0,3,0,0,0,3
0.0,47,0,0.398139705,10965.0,5,0,2,0,1
0.24629891,63,0,3299.0,5400.0,16,0,3,0,0
0.050083948,49,0,0.465576005,4400.0,17,0,1,0,3
0.464088398,70,0,0.214398043,11445.0,16,0,2,0,1
0.170397851,41,0,0.124101997,12666.0,10,0,2,0,0
0.0,57,0,0.278368513,6300.0,5,0,1,0,2
0.0,59,0,0.523492169,3000.0,8,0,2,0,1
0.045613118,69,0,0.236098021,6365.0,16,0,2,0,0
0.0,41,0,0.0,5400.0,3,0,0,0,0
0.486799111,75,4,3431.0,5400.0,14,0,1,0,1
0.287972001,52,0,0.418877483,7500.0,8,0,1,0,3
0.10326449,36,0,3279.0,5400.0,3,0,2,0,0
0.1051836,50,0,0.365850732,8333.0,7,0,2,0,2
0.145949847,39,0,0.086152308,6000.0,10,0,0,0,2
0.0,74,0,2855.0,5400.0,9,0,2,0,0
0.771467572,47,2,0.268178546,8333.0,9,0,0,0,1
0.0,85,0,0.0,5400.0,4,0,0,0,0
0.024795041,37,0,0.01268869,4570.0,2,0,0,0,2
0.002741847,50,0,0.093881224,3333.0,5,0,0,0,0
0.048232019,58,0,0.354157764,11700.0,29,0,4,0,4
0.882434692,58,1,6250.0,5400.0,11,0,2,0,0
0.0,43,0,510.0,5400.0,3,0,0,0,0
0.306293874,42,0,0.318209805,25985.0,5,0,2,0,1
0.027399452,47,2,2964.0,5400.0,4,0,2,0,0
0.064400808,31,0,0.00739852,5000.0,7,0,0,0,0
0.049734761,44,0,3183.0,5400.0,5,0,2,0,0
1.043912176,31,1,0.153711572,4000.0,4,2,0,0,4
0.61700766,52,1,4.004497751,2000.0,25,0,2,0,0
0.016845554,54,1,0.161653196,12000.0,7,0,1,0,1
0.976023976,31,1,0.036039768,7241.0,2,1,0,0,3
0.491424474,82,0,0.442283221,5500.0,14,0,1,0,1
0.397937869,48,0,318.0,5400.0,7,0,0,0,0
0.204595135,32,0,0.509460907,2800.0,4,0,2,0,0
0.14881565,78,0,0.186468922,6000.0,18,0,1,0,0
0.9999999,28,1,139.0,5400.0,1,1,0,1,1
0.515812839,59,0,0.574250523,4302.0,6,0,1,0,4
0.004558228,53,0,0.220909945,7450.0,9,0,1,0,0
0.451448041,55,0,0.311183551,7975.0,6,1,2,0,3
0.145916477,59,0,0.292101128,7000.0,15,0,1,0,0
0.166365974,63,0,0.457158728,7200.0,8,0,1,0,0
0.102254221,71,0,0.573550414,3500.0,4,0,1,0,0
0.08959552,63,0,0.22513089,4583.0,5,0,1,0,0
0.118887475,30,0,360.0,5400.0,3,0,0,0,0
0.413431,68,0,0.504392543,9333.0,12,0,3,0,0
0.198285735,33,1,888.0,5400.0,11,0,0,0,2
0.223840789,52,0,0.884247945,4500.0,22,0,2,0,0
0.22855857,53,0,0.197414222,8043.0,8,0,0,0,2
0.484775761,56,0,0.560347786,8740.0,6,0,3,0,0
0.065381678,47,2,0.414865684,4950.0,15,0,2,0,0
0.0358056,62,0,0.268891446,7820.0,27,0,1,0,0
0.017770387,60,0,0.086810773,8650.0,19,0,1,0,0
0.27448851,74,0,1906.0,5400.0,18,0,1,0,0
0.017597654,35,0,0.411523929,3175.0,12,0,1,0,0
0.785607196,49,0,0.171580391,5833.0,6,0,1,0,3
0.117325512,52,0,0.012378005,4200.0,2,0,0,0,0
0.255332636,29,0,0.304673832,4000.0,12,0,0,0,0
0.526034246,41,0,0.111262612,11000.0,5,0,0,0,1
0.106474035,57,0,7177.0,5400.0,11,0,2,0,0
0.29148342,41,0,4.119800333,600.0,5,0,1,0,0
0.862520721,50,0,0.113344239,17115.0,6,0,1,0,3
0.067229045,70,0,0.258122099,2800.0,4,0,0,0,0
0.0,56,1,0.0,1.0,8,0,0,1,0
0.028659825,59,0,0.00629602,9370.0,9,0,0,0,0
0.0,57,0,753.0,5400.0,6,0,1,0,0
0.003655411,82,0,7.0,5400.0,13,0,0,0,0
0.036693189,53,0,0.271030529,7500.0,19,0,1,0,0
0.130564369,39,0,2683.0,5400.0,5,0,1,0,0
0.924287119,48,0,0.190499351,6167.0,10,0,0,1,0
0.9999999,63,1,0.016102395,2421.0,0,1,0,0,0
0.492027909,41,0,1.592708009,3208.0,10,0,2,0,0
0.009946841,66,0,116.0,0.0,10,0,1,0,2
0.12085119,51,0,0.405459816,12417.0,14,0,3,0,3
0.802274287,54,0,0.38308919,5392.0,8,0,1,0,1
0.274302855,68,1,0.217156569,5000.0,7,0,1,0,1
0.065214976,80,0,16.0,5400.0,2,0,0,0,0
0.000349983,57,0,0.443592735,6000.0,5,0,1,0,2
0.011148272,88,0,0.00279888,2500.0,5,0,0,0,1
0.060299494,58,0,0.048217417,17109.0,5,0,1,0,1
0.561234083,29,0,0.142102616,3975.0,5,0,0,0,0
1.093812375,36,0,0.370745836,1380.0,6,1,0,0,2
0.022985935,58,0,0.222995001,4600.0,17,0,2,0,1
0.415843069,52,0,0.313234338,20000.0,11,0,2,0,3
0.026626667,71,0,45.0,5400.0,5,0,0,0,0
0.917460053,62,0,0.7715767,3278.0,6,0,1,0,0
0.9999999,44,0,0.086825344,2982.0,2,0,0,1,0
0.091881714,43,0,0.030561674,7263.0,9,0,0,0,0
0.0,44,0,1000.0,5400.0,5,0,1,0,2
0.038124255,66,0,0.336951864,7000.0,9,0,2,0,0
0.060820728,51,0,2717.0,5400.0,8,0,2,0,0
0.197131005,42,0,0.3002727,9900.0,13,0,1,0,4
0.002431763,85,0,3.0,5400.0,14,0,0,0,0
0.164391463,35,0,0.01561524,1600.0,2,0,0,0,0
0.059697103,85,0,0.224782067,1605.0,5,0,0,0,0
0.555892154,34,1,0.540229885,2000.0,5,1,0,1,0
0.028667353,83,0,1272.0,5400.0,14,0,2,0,0
0.496125406,60,0,4886.0,5400.0,10,0,1,0,0
0.058963878,81,2,0.114977005,5000.0,18,0,0,0,0
0.021171126,67,0,0.266860571,5500.0,7,0,1,0,1
0.593578624,55,0,0.770939791,4500.0,14,0,1,0,0
0.013109409,62,0,474.0,5400.0,8,0,0,0,0
0.755353721,32,0,0.228194902,5766.0,8,0,1,0,0
0.743965805,35,0,1.56097561,2500.0,6,0,1,0,0
0.325463744,48,1,0.415802951,8200.0,8,0,1,0,0
0.03209679,65,0,0.002999,3000.0,1,0,0,0,0
0.0,23,0,0.0,820.0,1,0,0,0,0
0.03390962,64,0,0.205970149,11054.0,11,0,1,0,0
0.062080747,52,0,2995.0,5400.0,10,0,2,0,2
0.307675214,42,0,0.294284874,10200.0,5,0,2,0,3
0.62634053,58,0,0.271018319,12500.0,8,0,1,0,0
0.489002,64,0,0.299876084,2420.0,5,0,1,1,0
1.210526316,38,1,0.012567838,3500.0,2,7,0,1,0
0.711424513,65,1,0.480916031,9300.0,14,0,2,0,1
0.119780653,40,0,0.231508781,7800.0,7,0,0,0,4
0.003996024,73,0,0.789904949,3050.0,9,0,1,0,1
0.024186627,46,0,0.4,6109.0,10,0,2,0,2
0.107778444,54,3,1284.0,5400.0,8,1,1,0,0
0.178332319,56,0,1593.0,5400.0,5,0,1,0,0
0.920510918,43,0,0.584566596,6621.0,8,0,2,0,3
0.224029848,55,0,0.466543294,10266.0,10,0,2,0,2
0.420701976,62,0,0.449710058,5000.0,19,0,2,0,0
0.009210284,74,0,0.051688693,13619.0,12,0,2,0,1
0.335635039,54,0,0.684336139,7960.0,10,0,1,0,3
0.168934988,63,0,0.078262369,5800.0,4,0,0,0,1
0.614564239,28,0,0.073690057,5400.0,2,0,0,0,3
0.127632043,31,0,185.0,5400.0,3,0,0,0,0
0.142696511,51,0,1.155922039,2000.0,10,0,2,0,0
0.9999999,41,0,295.0,5400.0,1,0,0,0,0
0.781794913,67,1,0.335591252,5166.0,12,0,3,0,1
0.493396015,80,0,0.186351706,2666.0,5,0,0,1,0
0.171229941,46,0,0.289063221,10834.0,8,0,1,0,0
0.074715156,54,0,0.505293228,5950.0,13,0,2,0,2
0.011622422,58,0,0.112635735,10129.0,5,0,1,0,2
0.286230891,67,1,0.516753537,9400.0,21,0,2,0,0
0.0,55,0,399.0,5400.0,7,0,0,0,0
0.251952086,42,0,0.26558216,5470.0,8,0,1,0,2
0.085710204,48,1,0.793655025,3750.0,17,0,1,0,1
0.193163565,84,0,0.910071942,833.0,11,0,0,0,0
0.100485881,70,0,404.0,5400.0,4,0,0,0,0
0.008543293,69,0,0.742925588,6678.0,8,0,4,0,0
0.240225744,44,0,0.228862448,11093.0,13,0,1,0,2
0.120750052,86,0,0.08950529,3496.0,15,0,0,0,1
0.177594733,39,0,0.275217181,8287.0,15,0,1,0,3
0.9999999,28,0,0.0,2782.0,0,1,0,0,1
0.021188494,82,0,14.0,5400.0,5,0,0,0,0
0.0,37,0,0.0,2500.0,5,0,0,0,0
0.728532545,57,0,0.33672834,22483.0,22,0,4,0,0
0.590688375,72,0,0.985008329,1800.0,6,0,1,0,0
0.074449077,50,0,4457.0,5400.0,13,0,5,0,0
0.045954046,24,0,0.00062461,1600.0,2,0,0,0,0
0.001013809,71,0,1228.0,0.0,12,0,2,0,0
0.136776662,55,0,0.20262164,4500.0,4,0,1,0,1
0.216428501,41,1,0.299535023,6666.0,5,0,1,0,2
0.35751726,49,0,0.177012389,15416.0,10,0,2,0,1
0.115854443,59,0,0.563170333,5500.0,19,0,2,0,2
0.0,56,0,0.620126624,3000.0,6,0,1,0,0
0.834864985,42,1,0.25991096,9433.0,15,1,1,1,5
0.244269872,68,0,0.38496401,3750.0,14,0,1,0,0
0.444201816,53,0,0.320834807,2826.0,7,0,0,0,1
0.206206962,46,1,0.24233871,7439.0,6,0,1,1,0
0.048639559,61,0,0.203077546,9877.0,13,0,1,0,0
0.013268999,55,0,6066.0,5400.0,7,0,2,0,0
0.575837056,45,3,0.400039997,15000.0,12,0,7,0,2
0.0,62,0,0.106835443,3949.0,3,0,0,0,1
0.11138782,28,2,589.0,5400.0,7,0,0,0,0
0.895701433,27,0,0.45508982,500.0,4,0,0,0,0
0.54770179,34,0,0.190361928,5000.0,4,1,0,0,2
0.156713156,53,2,1462.0,5400.0,13,0,2,0,2
0.016789032,59,0,0.16996167,9913.0,5,0,1,0,2
0.451129073,59,0,0.231153769,5000.0,6,0,1,0,0
0.200387648,44,0,0.257249341,11000.0,8,0,1,0,3
0.042919775,42,0,0.065662799,4050.0,4,0,0,0,3
0.026264604,40,0,1906.0,5400.0,13,0,1,0,0
0.474460462,30,0,0.294083676,15583.0,8,0,2,0,0
0.991773439,38,0,2965.0,5400.0,8,0,1,0,0
0.274545091,59,0,0.027315123,1500.0,1,0,0,0,2
0.504738286,60,0,0.860704912,5333.0,14,0,2,0,0
0.533282224,41,0,0.178109197,11666.0,4,0,1,0,2
0.860428399,72,0,0.16390786,8638.0,12,0,2,0,1
0.011195172,54,0,0.156369006,12866.0,14,0,1,0,0
0.006767892,47,0,628.0,5400.0,12,0,1,0,0
0.029096275,42,1,0.152088345,9145.0,5,0,1,0,0
0.564250668,34,1,0.345351609,3355.0,11,0,0,0,0
0.129816483,67,0,2822.0,5400.0,8,0,1,0,0
0.337292809,34,0,0.546033876,11925.0,12,0,3,0,1
0.067070937,73,1,3676.0,5400.0,9,0,1,0,0
0.336250436,43,0,0.444455554,10000.0,16,0,2,0,0
0.069326826,31,0,0.238709677,2324.0,7,0,0,0,0
0.667665792,46,0,1.762158561,1500.0,8,0,1,0,0
1.023395321,48,1,6456.0,5400.0,7,0,3,0,0
0.9999999,38,0,0.208233965,15933.0,7,0,1,2,2
0.00032467,58,0,0.384769205,6000.0,21,0,1,0,2
0.0,59,0,0.0,5400.0,6,0,0,0,3
0.001886757,58,1,0.065634749,8333.0,9,0,0,0,0
0.026414738,56,0,0.546921868,7000.0,16,0,7,0,0
0.006451518,56,0,0.004456634,2916.0,5,0,0,0,0
0.0,49,0,0.4940012,3333.0,3,1,1,0,0
0.9999999,22,0,0.0,3600.0,1,0,0,0,0
0.05948958,31,0,0.640253566,4416.0,8,0,1,0,2
0.972483792,58,0,0.63725581,10800.0,12,0,2,0,0
0.035041299,73,1,0.139286904,3000.0,17,0,0,0,0
0.092168216,74,0,0.035438552,7900.0,4,0,0,0,0
0.598710032,75,0,0.846769154,8000.0,7,0,3,0,0
0.524284836,46,0,3898.0,5400.0,10,0,1,0,0
0.934021993,29,0,84.0,0.0,1,0,0,0,0
0.810679331,53,0,0.425458029,8350.0,5,0,2,0,1
0.951433197,28,1,0.152623688,3334.0,4,3,0,0,4
0.699159282,26,0,0.204926812,2800.0,5,0,0,0,1
0.47810481,50,0,1.076610169,4424.0,16,0,2,0,2
0.016175295,45,2,0.799000263,3800.0,15,0,1,0,2
0.9999999,40,0,0.0,3100.0,0,0,0,0,3
0.039513637,54,1,0.18397547,7500.0,11,0,1,0,2
0.0,31,0,0.346935633,6493.0,11,0,1,0,0
0.11401341,54,0,0.700280393,9985.0,20,0,5,0,4
0.357314545,47,0,2282.0,5400.0,7,0,1,0,0
0.293350717,69,0,0.684572142,1600.0,12,0,1,1,0
0.051765249,66,0,48.0,5400.0,1,0,0,0,0
0.496422675,45,0,0.476841518,3583.0,9,0,1,0,0
0.014181515,49,0,0.689815509,6666.0,12,0,2,0,1
0.573317979,46,0,0.743569132,11195.0,6,0,3,0,1
0.9999999,50,1,0.160661955,5800.0,2,0,0,0,0
0.451976521,49,0,0.413117377,5000.0,11,0,1,0,1
1.047203814,38,1,0.520732121,8850.0,9,4,1,2,5
0.044395344,76,0,59.0,5400.0,7,0,0,0,0
0.569184043,52,1,3233.0,5400.0,10,0,1,1,4
0.511479561,52,1,0.820727046,11250.0,7,0,2,0,2
0.027827106,73,0,0.133382191,2728.0,7,0,0,0,0
0.040626696,35,0,0.271466357,15500.0,16,0,2,0,2
0.00935247,35,0,1146.0,5400.0,8,0,1,0,0
0.621072317,38,0,0.86357404,4375.0,7,0,1,0,0
0.947678972,67,0,1.916317992,1911.0,19,0,1,0,1
0.034186432,64,0,0.010663112,3000.0,5,0,0,0,0
1.090795502,36,1,0.354466859,2428.0,10,0,0,0,1
0.4985005,24,0,0.06606724,2557.0,4,0,0,0,0
0.074837949,51,0,437.0,5400.0,5,0,1,0,0
0.016299457,68,0,0.001068113,12170.0,2,0,0,0,0
0.027970001,72,0,23.0,5400.0,11,0,0,0,0
0.010094102,53,0,0.217351806,13208.0,7,0,2,0,3
0.0,50,0,7.0,0.0,9,0,0,0,2
0.219901796,74,0,0.51996257,3205.0,13,0,1,0,0
0.9999999,55,0,0.329968454,1584.0,2,1,0,0,1
0.165524871,32,0,0.607826335,3500.0,11,0,2,0,0
0.653758749,55,1,2697.0,5400.0,8,0,2,1,2
0.048553099,40,2,0.164398145,13150.0,7,0,1,0,0
0.046985309,45,2,0.511989536,6880.0,8,0,2,1,4
0.0236339,81,0,0.008747813,4000.0,9,0,0,0,0
0.0,57,0,1782.0,5400.0,9,0,1,0,0
0.9999999,32,0,0.198821218,2544.0,7,2,0,1,0
0.0,49,0,0.139167309,5187.0,3,0,1,0,0
0.148560473,49,0,0.385078836,7800.0,11,0,2,0,1
0.015669872,76,0,0.008264463,3750.0,7,0,0,0,0
0.054679158,38,0,667.0,5400.0,18,0,0,0,0
0.154839718,36,0,1828.0,5400.0,5,0,1,0,0
0.055923855,70,0,1393.0,5400.0,10,0,1,0,0
0.966769924,49,1,0.145927036,2000.0,6,0,0,0,0
0.25434913,31,0,1532.0,5400.0,9,0,0,0,0
0.001099963,57,0,0.30337333,8833.0,10,0,2,0,0
0.0,74,0,0.109285127,2433.0,8,0,0,0,1
0.027119487,56,0,2395.0,0.0,17,0,1,0,0
0.059673508,58,0,71.0,5400.0,2,0,0,0,0
0.002068252,23,0,0.0,3000.0,2,0,0,0,0
0.012969357,39,0,0.20156894,7520.0,13,0,1,0,1
0.9999999,21,0,307.0,5400.0,0,0,0,0,0
0.008162623,65,0,0.361165049,3604.0,11,0,2,0,0
0.019403149,67,0,0.081153141,6000.0,6,0,1,0,0
0.36717017,70,0,2673.0,5400.0,15,0,2,0,0
0.05254939,73,0,0.250937266,4000.0,10,0,0,0,0
0.654213831,60,0,2.00059988,5000.0,7,0,0,0,2
0.500077949,70,0,3837.0,5400.0,8,1,1,0,0
0.099132456,69,0,163.5,1.0,8,0,0,0,0
0.583780541,58,0,0.375398724,10031.0,7,0,2,0,3
0.215920278,67,0,0.344310401,9200.0,9,0,4,0,2
0.9999999,74,1,259.0,5400.0,2,0,0,0,0
0.192085096,61,0,0.362802768,5779.0,12,0,1,0,0
0.344327836,38,0,0.00294083,8500.0,3,0,0,0,0
0.018019527,73,0,0.013997201,5000.0,10,0,0,0,1
0.396807783,79,0,0.65738758,1400.0,8,0,0,0,0
0.0,34,1,0.403435711,1920.0,8,0,1,0,2
0.064096818,76,0,0.065555958,5521.0,17,0,1,0,0
0.073567646,64,0,0.341530864,10124.0,11,0,3,0,1
0.189520699,43,0,0.125742884,3196.0,2,0,0,0,2
0.277786935,41,0,1.079971439,2800.0,4,0,2,0,2
0.719171233,59,0,1.047882136,3800.0,7,0,2,0,0
0.9999999,69,1,526.0,5400.0,1,0,1,0,0
0.268514798,43,0,0.743851387,3821.0,7,0,2,0,0
0.020256688,49,0,0.258157114,10450.0,6,0,1,0,0
0.218954125,61,0,0.359832197,9534.0,18,0,2,0,0
0.9999999,57,0,0.36315921,4000.0,3,1,1,1,3
0.03009699,59,0,0.075240534,14446.0,3,0,1,0,1
0.247295556,59,0,0.167680043,7400.0,10,0,1,0,1
0.185101862,40,2,2983.0,5400.0,6,0,1,0,0
0.110720172,54,0,0.134628117,4530.0,7,0,0,0,0
0.417881564,51,2,0.10456155,4800.0,4,0,0,0,2
0.00100292,84,0,0.0,5400.0,10,0,0,0,0
0.021019683,65,0,4143.0,5400.0,20,0,2,0,0
0.0,78,0,0.041020338,2900.0,7,0,0,0,0
0.018805287,61,0,0.13677096,13167.0,6,0,1,0,0
0.178620491,64,0,0.041489628,4000.0,10,0,0,0,2
0.959760015,60,0,0.218668276,4970.0,3,0,0,0,0
0.43003413,54,0,8.701195219,250.0,3,2,2,0,0
0.005391893,68,0,0.006806028,2056.0,1,0,0,0,0
0.0,70,0,0.2171166,3481.0,10,0,2,0,0
0.860227954,26,0,0.331077564,1920.0,4,0,0,0,0
0.336719356,39,0,0.103375527,6161.0,6,0,0,0,2
0.326673327,43,0,0.139953349,3000.0,6,0,0,0,0
0.516929396,50,0,1.221259285,5653.0,24,0,2,0,0
0.592044752,55,0,0.523805861,13000.0,16,0,3,0,2
0.330626775,62,0,249.0,5400.0,2,0,0,0,0
0.049020976,65,0,0.313958139,7500.0,4,0,1,0,0
0.022776372,67,0,14.0,5400.0,6,0,0,0,0
0.011616774,73,0,0.001523664,10500.0,8,0,0,0,0
0.0,34,0,0.0,5400.0,4,0,0,0,0
0.0,48,4,0.100707092,14000.0,10,0,0,0,0
0.031138236,65,0,0.405078125,2559.0,9,0,0,0,0
0.01552069,77,0,0.003554766,4500.0,3,0,0,0,0
0.012075994,88,0,4.0,5400.0,5,0,0,0,0
0.405189621,25,0,0.133993148,2626.0,2,0,0,0,0
0.613650413,35,0,0.25934813,5000.0,8,0,0,1,2
0.769023098,39,0,0.719322663,4310.0,7,0,1,0,3
0.814432406,44,0,0.348235646,13375.0,16,0,2,0,1
0.0,33,0,0.166458385,4000.0,5,0,0,0,0
0.689688756,75,0,0.1199984,75000.0,19,0,4,0,0
0.305130004,45,0,0.486574012,7410.0,20,0,2,0,2
0.010523558,76,0,7.0,5400.0,4,0,0,0,0
0.112989728,27,0,0.277326671,1600.0,5,0,0,0,0
0.189325867,43,0,0.568725483,13000.0,8,0,2,0,3
0.372453443,28,0,608.0,5400.0,2,0,0,0,0
0.682634731,36,1,0.007137759,1400.0,1,0,0,0,1
0.173020726,59,1,0.138660889,24000.0,16,0,2,0,1
0.05649622,68,0,2115.0,5400.0,5,0,1,0,0
0.02193473,54,0,0.366610671,12500.0,10,0,2,0,2
0.225959718,73,0,2817.0,5400.0,17,0,2,0,0
0.067823981,66,0,0.259621657,3065.0,8,0,1,0,0
0.828765836,57,0,0.390328152,2315.0,3,0,0,0,0
0.333989611,63,0,0.282234418,13300.0,9,0,1,0,0
0.548798697,40,0,524.0,5400.0,9,0,0,0,0
0.252737363,64,0,0.902680653,1715.0,6,0,2,0,0
0.0,56,0,0.091193004,1600.0,3,0,0,0,0
0.021078348,78,0,19.0,5400.0,6,0,0,0,0
0.016998867,51,0,0.381717184,8280.0,6,0,3,0,0
0.328734253,49,0,0.444547306,5400.0,8,0,2,0,1
0.359396109,37,0,0.211557688,5000.0,13,0,0,0,0
0.701064939,58,0,0.429409412,7500.0,6,0,0,0,0
0.260502762,61,1,0.420412734,6250.0,10,0,1,0,0
0.9999999,63,1,1100.0,5400.0,3,0,1,0,0
0.043174149,54,0,0.102069872,9130.0,12,0,1,0,0
0.0,48,1,0.0,3666.0,3,0,0,0,0
0.627193957,37,1,0.435176507,3200.0,5,0,1,1,2
0.077178487,49,0,0.376883082,7500.0,11,0,2,0,0
0.054904308,66,0,111.0,5400.0,7,0,0,0,0
0.011684074,74,0,0.149797571,6421.0,9,0,1,0,0
0.681473419,55,0,0.557790134,8452.0,11,0,4,0,1
0.354548862,74,0,0.659405575,5416.0,27,0,3,0,2
0.170945726,59,0,0.565609785,8420.0,10,0,2,0,1
0.048459763,37,0,0.174757282,4737.0,7,0,2,0,0
0.324975202,39,1,0.311772316,3864.0,13,1,0,0,2
0.04398608,58,0,0.01243497,7880.0,9,0,0,0,1
0.083700393,48,0,0.415595544,3500.0,19,0,1,0,0
0.045737006,42,0,0.24617672,9415.0,4,0,2,0,3
0.0,69,0,1.31980384,9583.0,22,0,9,0,0
0.0,37,0,0.306447775,4202.0,9,0,1,0,0
0.668929315,28,0,0.35169669,4773.0,8,0,0,0,1
0.0,50,0,0.320997835,9700.0,9,0,2,0,0
0.794425278,52,0,0.563670821,13718.0,26,0,4,0,2
0.102779444,23,0,0.009135201,1641.0,1,0,0,0,0
0.035585389,59,0,0.450601805,3987.0,3,0,1,0,0
0.169381107,61,2,0.245039225,6500.0,14,0,1,0,0
0.249961539,40,0,0.697234807,6400.0,8,0,2,0,0
0.383019129,42,0,0.645048439,3715.0,9,0,0,0,1
0.474133741,34,0,0.039223226,5200.0,2,0,0,0,1
0.003749531,37,0,0.134966258,4000.0,4,0,1,0,0
0.011102147,77,0,0.016393443,2500.0,7,0,0,0,0
0.658442331,35,4,3295.0,5400.0,10,0,1,0,2
0.007066431,64,0,6.0,0.0,4,0,0,0,0
0.002443263,91,0,400.0,5400.0,6,0,1,0,0
0.019582031,66,1,0.076452599,4250.0,19,0,0,0,1
0.096108417,60,0,0.270208356,27500.0,15,0,4,0,0
0.026711412,58,0,0.005999647,5666.0,7,0,0,0,1
0.015602227,57,1,1.062387522,1666.0,21,0,1,0,2
0.38757449,44,0,0.230848802,17400.0,7,0,2,0,4
0.267014191,65,0,0.314758032,7500.0,8,0,1,0,1
0.019543678,73,0,0.006855184,3500.0,3,0,0,0,1
0.9999999,50,0,0.00886382,13650.0,1,0,0,0,3
0.757850445,43,0,0.507702322,4608.0,8,0,2,0,2
0.344329865,53,0,0.219217217,10500.0,24,0,2,0,0
0.0,56,0,1.009596162,2500.0,4,0,1,0,0
0.046783626,29,0,0.117974058,4856.0,8,0,1,0,1
0.9999999,52,0,0.0,1404.0,0,0,0,0,0
1.006810443,50,0,0.684126349,2500.0,4,0,1,0,3
0.207442894,30,0,430.0,5400.0,5,0,0,0,0
1.111111111,57,0,0.285904698,3000.0,5,3,0,0,0
0.89644018,58,0,0.745937839,12000.0,13,0,3,0,1
0.655298039,48,0,0.276820792,3308.0,10,0,1,0,3
0.016015409,60,0,0.200840131,16425.0,8,0,1,0,0
0.126484189,67,0,30.0,5400.0,1,0,0,0,0
0.0339983,65,0,0.003817488,5500.0,2,0,0,0,0
0.469061238,56,0,0.570003694,2706.0,4,0,1,0,2
0.033640937,37,0,0.312912146,4700.0,8,0,2,0,0
0.121475766,64,0,0.333039481,15880.0,16,0,3,0,2
0.921215757,38,0,0.08886027,1552.0,1,0,0,0,0
0.0,60,0,2.0,5400.0,9,0,0,0,0
0.9999999,23,0,0.146810146,1300.0,2,0,0,0,1
0.083964915,55,0,0.283287285,17010.0,15,0,3,0,1
0.578202185,68,0,0.450088695,6200.0,9,0,1,0,0
0.377652529,74,0,0.604504417,10300.0,9,0,2,0,0
0.508982036,55,0,0.089597243,4642.0,3,0,0,0,0
0.295051665,57,0,0.119073341,8330.0,10,0,1,0,0
0.292682927,58,0,0.366480079,3036.0,7,0,1,0,1
0.311547538,33,1,0.355431993,4675.0,11,0,1,0,1
0.0,72,0,0.002166306,6000.0,9,0,0,0,0
0.279217052,45,1,0.489921122,6845.0,8,0,2,0,2
0.0,78,0,0.0,5400.0,1,0,0,0,0
0.910363487,28,0,0.499451497,6380.0,8,0,2,0,0
0.636595797,44,0,0.785457163,4166.0,6,0,1,0,0
0.141549211,26,0,0.268407434,4250.0,4,0,0,0,0
0.004141011,78,0,0.002263625,5742.0,7,0,0,0,0
0.9999999,60,0,120.0,5400.0,2,0,0,0,0
0.628525944,47,0,1131.0,5400.0,5,0,0,0,2
0.402283095,60,0,0.379442065,8638.0,10,0,1,0,0
0.005709979,81,0,0.000217382,23000.0,4,0,0,0,0
0.471171849,51,0,1537.0,5400.0,14,0,0,0,0
0.014239521,82,0,0.007404665,2700.0,10,0,0,0,0
0.0,64,0,0.036351098,30452.0,2,0,0,0,0
0.052078494,41,0,0.226401619,8400.0,10,0,1,0,4
0.865628457,27,1,0.26678092,3500.0,11,0,0,0,0
0.561911459,50,1,6046.0,5400.0,12,0,3,0,0
0.047847608,68,0,0.269738421,4166.0,2,0,1,0,0
0.0,52,1,0.101466449,6750.0,3,0,0,0,0
0.096872811,62,0,0.00737584,6100.0,6,0,0,0,1
0.443357716,46,0,3982.0,5400.0,5,0,1,0,0
0.135997624,46,0,2731.0,5400.0,24,0,1,0,3
0.074275617,60,0,0.273513095,7750.0,14,0,1,0,2
0.505377822,36,0,0.325033875,5903.0,9,0,1,0,2
0.614146283,50,0,0.505377973,6600.0,11,0,1,0,2
0.843352179,40,0,0.76619628,6235.0,7,0,2,0,2
0.087558249,40,0,0.088991101,10000.0,6,0,0,0,0
0.994205423,49,1,0.627861186,12188.0,13,0,1,0,2
0.85271699,31,0,0.745170877,1345.0,6,0,0,0,0
0.027031839,86,0,0.002475955,10500.0,8,0,0,0,0
0.748644758,46,0,0.936659772,3867.0,14,0,1,0,4
0.765558854,40,2,0.463104839,4959.0,12,0,1,0,2
0.9999999,71,2,2218.0,5400.0,7,3,1,0,0
0.0,31,0,0.16263956,6000.0,7,0,0,0,1
0.0,57,0,15.0,5400.0,5,0,0,0,0
1.001991873,44,0,0.153282239,3000.0,5,0,0,0,2
0.044724681,30,0,0.041480974,2916.0,5,0,0,0,0
0.605940521,38,0,0.168045938,5920.0,4,0,2,0,1
0.050769642,79,0,97.0,5400.0,4,0,0,0,0
0.19277747,68,0,0.539525424,7374.0,10,0,2,0,0
0.0,58,0,0.225548563,5878.0,9,0,2,0,0
0.496450118,56,1,0.647238224,2950.0,10,0,2,0,0
0.003300411,62,0,0.000380916,10500.0,9,0,0,0,0
0.008139866,38,0,0.208190659,7300.0,6,0,2,0,0
0.817653495,57,0,0.358853317,11650.0,15,0,2,0,1
0.022622209,78,0,0.001919939,10416.0,7,0,0,0,0
0.032665578,84,0,0.006105263,4749.0,1,0,0,0,0
0.159505711,43,0,0.023395321,5000.0,2,0,0,0,2
0.79502069,51,0,0.393208566,10365.0,11,0,2,0,2
0.0,37,0,0.000249984,16000.0,7,0,0,0,0
0.000184206,84,0,0.0,5400.0,7,0,0,0,0
0.000603129,56,2,0.378108177,3900.0,9,0,1,0,5
0.059548294,42,0,0.514193894,5600.0,20,0,2,0,3
0.515391553,64,0,0.130322473,12000.0,11,0,2,0,3
0.000698068,57,0,0.0,4832.0,12,0,0,0,0
0.001626763,47,0,0.195958567,5888.0,7,0,1,0,3
0.004959414,51,0,0.235626027,14000.0,6,0,1,0,0
0.030125682,65,0,0.00839832,5000.0,10,0,0,0,0
0.099714898,53,0,0.108803165,5054.0,8,0,0,0,1
0.057448564,55,0,0.018883643,3600.0,7,0,0,0,0
0.143986287,63,0,0.017640141,2550.0,2,0,0,0,0
0.0,27,0,0.0,1500.0,1,0,0,0,0
0.001230675,52,0,4461.0,5400.0,10,0,4,0,0
0.588096743,42,0,0.17773828,4500.0,5,0,0,0,3
0.004214528,32,0,2.588926174,595.0,7,0,2,0,3
0.425549348,65,0,3346.0,5400.0,14,0,3,0,1
0.015466254,53,0,1622.0,5400.0,5,0,1,0,0
0.095098609,81,0,0.092501537,6507.0,6,0,1,0,0
0.9999999,69,1,0.0,7020.0,0,0,0,0,0
0.730887332,52,0,0.565838332,3500.0,6,0,1,0,3
0.296224478,32,0,0.447948916,5167.0,14,0,1,0,1
0.041281595,38,0,0.085382923,5000.0,7,0,0,0,0
0.1592758,63,0,704.0,5400.0,10,0,0,0,0
0.009369032,74,0,0.002861815,2445.0,2,0,0,0,1
0.06069778,67,0,0.221399818,7700.0,16,0,2,0,1
0.002385757,37,0,0.234304394,10400.0,15,0,3,0,0
0.029198832,54,0,0.403598972,3500.0,4,0,1,0,0
0.4337127,56,0,4280.0,5400.0,14,0,1,0,0
0.04702269,27,0,422.0,5400.0,10,0,0,0,0
0.015078886,41,0,1413.5,1.0,10,0,3,0,3
0.036502581,53,1,1131.0,5400.0,10,0,1,0,0
0.658507394,52,0,0.487329771,5800.0,12,0,1,0,4
0.99760048,52,2,0.30167119,7000.0,14,0,1,0,0
0.003008593,49,0,0.3568036,12000.0,12,0,3,0,2
0.346988539,48,0,0.309517317,11000.0,8,0,1,2,0
0.46645449,33,0,0.935532234,2000.0,12,0,1,0,0
0.114993155,52,0,57.0,5400.0,1,0,0,0,0
0.976006855,43,0,2940.0,5400.0,9,1,2,0,0
0.257587121,58,0,0.638820889,9803.0,12,0,3,0,0
0.041096928,56,0,0.183041345,14269.0,7,0,1,0,3
0.000114284,45,0,0.322697937,11000.0,8,0,2,0,1
0.043119138,50,0,0.305559764,6600.0,10,0,1,1,2
0.364153453,43,0,0.07714812,9228.0,6,0,0,0,1
0.644471106,31,0,0.123287671,2700.0,2,0,0,0,0
0.267234655,68,0,0.346405229,4283.0,8,0,1,0,1
0.797533187,47,0,0.346282299,5688.0,5,0,1,0,2
0.005864017,92,0,325.0,5400.0,5,0,0,0,0
0.629393193,52,0,0.284038694,8269.0,8,0,2,0,2
0.05695108,49,0,0.406497293,2400.0,10,0,1,0,0
0.9999999,57,0,0.378332771,2962.0,2,1,1,0,0
0.018249088,52,0,0.208640255,5022.0,8,0,1,0,0
0.109127272,61,0,2120.0,5400.0,4,0,1,0,0
0.501424501,44,1,50.0,5400.0,1,0,0,0,0
0.65416411,47,1,0.251655629,5133.0,14,0,0,0,0
0.066545871,82,0,0.083515856,10500.0,10,0,1,0,0
0.01259937,47,0,0.283300018,5502.0,7,0,1,0,0
0.0,82,0,0.204340405,4100.0,5,0,1,0,0
0.464139396,34,0,0.206378251,7650.0,13,0,0,0,1
0.9999999,38,1,0.302750119,4217.0,2,1,2,0,2
0.499000074,66,2,0.968784838,2690.0,13,1,0,1,2
0.874777595,55,0,5425.0,5400.0,21,0,1,0,0
0.319809733,51,0,0.804428044,3251.0,12,0,1,0,0
0.001173173,65,0,41.0,5400.0,8,0,0,0,0
0.448305821,38,1,29.0,5400.0,4,2,0,0,0
0.117944142,69,0,0.29597831,4425.0,8,0,1,0,0
0.439756024,45,0,0.547937868,5600.0,2,0,1,0,2
0.080947153,58,0,0.611394077,5300.0,13,0,3,0,1
0.828216716,60,3,8460.0,5400.0,11,0,2,1,0
1.051974013,32,0,0.269115442,2667.0,7,0,0,0,0
0.166390025,45,0,0.181381958,5209.0,4,0,0,0,3
0.229084335,47,0,0.476668074,9471.0,10,0,2,0,3
0.429791241,32,0,0.175584748,3120.0,6,0,0,0,0
0.089911904,36,0,0.257773689,5434.0,9,0,0,0,2
0.104515515,61,1,0.326824733,4301.0,10,0,1,0,0
0.083127791,52,0,0.007069163,5233.0,1,0,0,0,1
0.078945528,38,0,0.206219919,2700.0,5,0,0,0,3
0.099056309,63,0,2.531093837,3601.0,9,0,3,0,0
0.519706691,38,0,0.462671233,2919.0,6,0,1,0,2
0.421290087,48,0,0.510414931,6000.0,5,1,1,1,1
0.939637723,58,0,0.859190135,6000.0,23,0,2,0,4
0.124467883,57,0,2376.0,5400.0,14,0,3,0,0
0.058541185,77,0,61.0,5400.0,1,0,0,0,0
0.045669504,49,0,2103.0,5400.0,4,0,2,0,0
0.072330669,46,0,0.224721654,4400.0,13,0,1,0,2
0.334672781,42,0,0.832704834,2916.0,14,0,1,0,1
0.9999999,24,1,0.00660793,907.0,4,1,0,0,0
0.002639091,70,0,6.0,5400.0,5,0,0,0,0
0.0,71,0,0.348974943,2194.0,3,0,1,0,0
0.247405531,52,0,0.415853368,4200.0,13,0,2,2,0
0.0,66,0,4347.0,5400.0,10,0,2,0,0
0.9999999,58,1,309.0,5400.0,5,0,0,0,0
0.0,91,0,0.0,5400.0,3,0,0,0,0
0.243419878,34,2,1398.0,5400.0,14,0,1,0,0
0.9999999,41,0,0.0,12958.0,1,0,0,0,0
0.013297058,44,1,3139.0,5400.0,8,0,1,0,0
0.01731619,64,0,1477.0,5400.0,13,0,1,0,0
0.9999999,38,0,0.209803193,2692.0,5,0,0,0,1
0.893273938,43,0,0.726424361,6107.0,18,0,1,0,4
0.496513085,48,0,0.270547945,4671.0,9,0,0,0,1
0.9999999,41,0,0.219904648,3355.0,2,0,0,0,0
0.074567878,33,0,2445.0,5400.0,7,0,1,0,0
0.015739905,40,0,0.262262443,5524.0,8,0,0,0,1
0.032549102,65,0,0.011267193,6833.0,9,0,0,0,0
0.078953089,74,0,0.018996834,6000.0,3,0,0,0,1
0.032283869,41,0,953.0,0.0,3,0,1,0,6
0.139612401,78,0,0.060272197,9257.0,7,0,0,0,0
0.019491713,75,0,538.0,5400.0,11,0,0,0,0
0.0,59,0,0.159956689,10158.0,6,0,1,0,0
0.004374544,47,0,0.495335406,2250.0,7,0,1,0,0
0.042283298,58,0,0.198903108,5469.0,6,0,1,0,0
0.427047142,45,1,0.849875156,3203.0,7,0,1,0,1
0.154719408,29,0,0.144625091,4120.0,11,0,0,0,0
0.102741773,49,0,0.221433277,13660.0,13,0,2,0,1
0.55345683,47,0,0.734240688,5583.0,15,0,2,0,1
0.087945525,55,0,0.342444444,8999.0,9,0,1,0,3
0.9999999,43,0,0.407647548,6014.0,2,5,1,1,1
0.825436409,36,0,0.101151572,6425.0,2,1,0,0,0
0.480536056,49,0,0.636136386,10000.0,8,0,2,0,0
0.404529079,44,0,2126.0,5400.0,5,0,2,0,0
0.132012955,62,0,0.132678133,3255.0,16,0,0,1,0
0.049611232,73,0,0.006951719,10500.0,5,0,0,0,0
0.124840122,43,0,1079.0,1.0,14,0,2,0,1
0.02430198,50,0,0.310636912,6138.0,16,0,0,0,1
0.019769483,51,0,0.089419606,3600.0,6,0,0,0,1
0.0,69,0,0.440853049,6001.0,6,0,2,0,1
0.901859504,52,0,390.0,5400.0,2,0,0,0,0
0.00131572,68,0,0.0,5400.0,4,0,0,0,0
0.123409911,59,0,0.400544285,8083.0,7,0,2,0,1
0.207519499,64,0,0.377135348,6087.0,5,0,1,0,0
0.9999999,22,0,0.0,820.0,1,0,0,0,0
0.0,76,0,0.0,6723.0,1,0,0,0,0
0.538543249,67,0,0.993753904,1600.0,8,0,1,0,0
0.044126206,69,0,936.0,5400.0,7,0,0,0,0
0.239230501,63,0,1.795469687,1500.0,15,0,2,0,0
0.151233951,63,1,0.064693197,5100.0,7,0,0,0,1
0.336282839,40,0,0.485514486,1000.0,11,0,0,0,2
0.021287556,61,0,52.0,5400.0,13,0,0,0,0
0.017940649,36,0,0.485785692,3200.0,6,0,1,0,3
0.642107158,46,1,0.498650135,10000.0,5,0,2,0,1
0.019675969,66,0,51.0,5400.0,16,1,0,0,0
0.681031897,45,0,0.483425807,7028.0,9,0,2,0,5
0.29326114,43,0,0.496038035,4416.0,14,0,2,0,1
0.02069793,73,0,2325.0,5400.0,7,0,1,0,0
0.0,54,0,0.340385092,12100.0,10,0,2,0,1
0.456905925,40,1,0.353213665,3453.0,9,0,0,0,2
0.701729827,77,1,0.153472035,3700.0,3,0,1,1,0
0.001417704,67,0,0.235352252,7082.0,16,0,2,0,0
0.219943604,48,0,0.295084835,5716.0,22,0,1,0,2
0.023685886,46,0,2116.0,5400.0,14,0,2,0,2
0.054377974,53,0,1353.0,5400.0,10,0,1,0,0
0.016387967,51,0,22.0,5400.0,9,0,0,0,0
0.707237557,44,3,0.176369569,5822.0,11,0,2,0,1
0.383207671,58,0,0.206671252,2907.0,9,0,0,0,0
0.031794268,50,0,1044.0,5400.0,8,0,1,0,0
0.65677446,59,0,0.97009911,5952.0,11,0,2,0,0
0.565838635,49,0,0.135986401,10000.0,4,0,1,0,1
0.043648909,58,0,0.005831558,8916.0,4,0,0,0,3
0.015805942,50,0,0.149314482,4667.0,5,0,1,0,2
0.672699634,64,1,0.369583849,10500.0,9,0,1,0,0
0.171424431,40,0,0.219871205,3260.0,4,0,1,0,0
0.0,63,1,0.218346843,17517.0,12,0,3,0,0
0.079786126,41,0,0.209689516,6666.0,3,0,1,0,2
0.006884032,69,0,1.504165278,3000.0,19,0,2,0,0
0.014318854,45,0,0.084379954,8200.0,6,0,1,0,2
0.046894123,26,0,0.020122485,2285.0,3,0,0,0,0
0.063857782,37,0,0.221921166,15500.0,9,0,1,0,5
0.034578379,85,0,0.009995835,2400.0,4,0,0,0,0
0.084493161,48,0,0.015438906,6800.0,2,0,0,0,0
0.264990862,49,2,3082.0,5400.0,11,0,2,0,0
0.787520788,56,0,0.608878224,5000.0,6,0,2,0,0
0.0,57,0,0.0,4788.0,1,0,0,0,0
0.9999999,23,0,0.105067985,2426.0,2,0,0,0,0
0.0,55,0,0.27383565,4100.0,2,0,1,0,0
0.209814251,67,0,0.097773279,4939.0,7,0,0,0,0
0.01159768,67,0,0.039428449,9307.0,6,0,0,0,0
0.9999999,41,0,0.042825184,3128.0,0,3,0,0,2
0.9999999,36,0,0.003818119,2880.0,0,1,0,0,2
0.719040137,51,0,0.058346213,2587.0,1,0,0,1,2
0.442662823,63,1,0.382290722,3308.0,11,0,0,0,0
0.792427676,59,0,2992.0,5400.0,6,0,1,0,0
0.408669753,55,0,0.495197918,11140.0,23,0,1,0,0
0.644143065,44,0,1.301763316,5500.0,8,0,2,0,2
0.023130632,48,0,2165.0,0.0,16,0,2,0,1
0.668733251,52,0,0.106984716,7000.0,8,0,0,0,3
0.900332226,38,0,0.192320878,5833.0,4,0,0,0,3
0.075465461,54,0,0.3543811,18750.0,18,0,3,0,0
0.026427628,38,0,23.0,5400.0,7,0,0,0,0
0.052250208,49,0,0.123990462,13000.0,14,0,1,0,2
0.159184531,45,0,0.257668712,9453.0,5,0,1,0,2
0.920358879,46,0,0.546013694,8616.0,16,0,2,0,2
0.147164668,49,0,0.358807979,4160.0,9,0,0,0,0
0.935299715,25,0,33.0,0.0,5,0,0,0,0
1.065593758,28,3,0.167989662,5416.0,6,0,0,1,0
0.465702287,48,0,0.214045753,6250.0,8,0,2,0,0
0.004908942,76,0,109.0,5400.0,3,0,0,0,0
0.08036496,66,0,2159.0,5400.0,5,0,2,0,0
0.083969029,65,0,0.021447721,4102.0,4,0,0,0,0
0.036194944,54,0,0.25494901,3333.0,9,0,0,0,1
0.354071462,43,0,0.34157862,8044.0,15,0,1,0,1
0.918080424,38,0,0.275036742,4762.0,10,0,0,0,0
0.023047242,80,0,0.171310492,7500.0,7,0,1,0,0
0.173121352,37,0,0.706764662,13333.0,14,0,5,0,2
0.317300709,39,0,337.0,5400.0,6,0,0,0,4
0.302238638,73,1,0.346957312,1100.0,5,0,0,0,0
0.146219538,24,0,0.111192392,4100.0,7,0,0,0,1
0.0,62,3,1598.0,5400.0,8,0,1,0,0
0.043908293,66,0,0.557161788,8300.0,10,0,3,0,1
0.677574559,41,0,0.590604027,8492.0,8,0,1,0,1
0.089291491,58,0,1952.0,5400.0,5,0,2,0,0
0.006399147,60,0,0.000666223,1500.0,3,0,0,0,0
0.637991408,35,0,0.488055244,5357.0,12,0,1,0,2
0.018709009,69,0,1077.0,5400.0,10,0,1,0,1
0.753522194,38,0,0.130059191,6250.0,8,0,0,1,3
0.223157556,63,0,0.280559032,4793.0,7,0,1,0,0
0.9999999,44,1,0.113290263,4333.0,1,1,0,0,2
0.9999999,33,18,0.0,2600.0,0,18,0,18,4
0.038736389,66,0,0.50069735,5018.0,7,0,1,0,0
0.035703734,81,0,46.0,5400.0,2,0,0,0,0
0.108289818,45,0,0.362772871,6000.0,12,0,1,0,0
0.0,30,0,698.0,5400.0,2,1,1,1,1
0.959688214,42,1,0.130242311,4291.0,7,0,0,0,3
0.020804007,60,0,2272.0,5400.0,10,0,1,0,0
0.02743823,65,1,0.202837825,10500.0,15,0,1,0,0
0.517985278,43,0,0.38278448,9200.0,8,0,2,0,2
0.555067768,43,0,1.602958816,2500.0,12,0,2,1,0
0.425887733,34,1,0.478347973,6488.0,19,0,1,0,2
0.571385189,46,0,0.436732362,3500.0,21,1,1,0,2
0.219654499,63,1,3511.0,5400.0,12,0,2,0,0
0.239286893,58,0,0.204698825,4000.0,9,0,1,0,1
0.663963334,37,0,0.509688374,10011.0,12,0,2,0,0
0.10485168,51,0,0.071775072,10100.0,7,0,1,0,2
0.42422289,55,0,0.501148063,13500.0,12,0,4,0,0
0.97419709,59,0,0.520958868,7633.0,12,0,1,0,2
0.32155948,36,0,0.524796447,2701.0,6,0,1,0,0
0.002421249,52,0,0.172970247,9914.0,11,0,2,0,0
0.943660038,44,0,0.638451253,17200.0,16,0,4,0,2
0.012625925,55,0,0.535358693,3916.0,12,0,2,0,2
0.212468344,66,0,0.111481369,3300.0,7,1,0,0,0
0.218274257,36,0,0.790417098,2900.0,7,0,2,0,0
0.9999999,73,0,0.009689326,6501.0,4,0,0,0,0
0.436123348,56,0,0.773096335,4556.0,17,0,1,0,0
0.159312481,79,5,0.042422511,7000.0,15,0,0,0,1
0.800028915,56,0,0.586853287,4000.0,9,0,1,0,0
0.070330989,56,0,0.010331611,6000.0,2,0,0,0,0
0.903079589,43,0,0.278581766,2763.0,5,1,0,0,1
0.068464385,59,0,0.043791242,1666.0,6,0,0,0,2
0.001936649,45,0,2813.0,5400.0,9,0,2,0,0
0.265038382,46,0,0.288113413,9169.0,16,0,1,0,0
0.164694796,55,0,1.240930233,3224.0,8,0,4,0,0
0.9999999,38,1,0.589157953,3633.0,8,1,1,0,3
0.9999999,42,1,0.132820692,8582.0,3,0,1,0,1
0.029339746,43,0,0.159788868,4167.0,6,0,1,0,3
0.14009597,54,0,0.436745288,8860.0,8,0,2,0,2
0.186302627,60,0,0.47471416,4547.0,6,0,2,0,1
0.420771593,45,0,0.562751828,6700.0,9,0,2,0,2
0.541729135,82,0,0.245746692,1586.0,3,0,0,0,0
0.253399798,40,0,0.370195377,7830.0,9,0,2,0,3
0.284257484,33,0,0.385269122,6000.0,27,0,0,0,0
0.016210437,75,0,0.006922012,4333.0,8,0,0,0,0
0.9999999,62,0,0.091902211,18856.0,3,0,1,0,0
0.06025825,56,0,0.515147015,6733.0,7,0,3,0,0
0.099190081,34,0,0.071420842,9240.0,5,0,0,0,0
0.20763275,47,0,0.294637877,12550.0,15,0,3,0,0
0.0,75,1,0.508917955,2522.0,12,0,0,0,0
0.037389272,60,0,0.268513655,7615.0,7,0,1,0,0
0.0,21,0,0.0,0.0,1,0,0,0,0
0.04281429,29,0,0.017633158,5500.0,10,0,0,0,0
0.886104468,75,1,0.489588154,4321.0,15,0,2,0,1
0.984030269,51,1,0.178564287,5000.0,8,0,0,0,0
0.025732466,30,2,371.0,5400.0,5,0,0,0,0
0.036085388,39,0,0.002999625,8000.0,4,0,0,0,0
0.551594923,69,0,0.561233853,14166.0,18,0,4,0,0
0.952047952,22,0,0.221852099,1500.0,3,0,0,0,0
0.303305485,46,0,0.492429292,10500.0,11,0,1,0,0
0.840189434,49,1,2.030709899,7000.0,29,0,3,0,1
0.0,62,0,0.149066735,3910.0,6,0,0,1,0
0.007174821,45,0,8.0,5400.0,7,0,0,0,0
0.7822639,59,0,0.85302843,8089.0,19,0,4,0,0
0.270104271,46,0,0.261339093,4166.0,9,0,1,0,0
0.9999999,63,1,0.005706134,1401.0,0,0,0,1,1
0.232774839,62,0,0.268546291,5000.0,9,0,1,0,0
0.004337979,59,0,0.087093596,5074.0,9,0,0,0,2
0.9999999,28,0,0.688551908,6000.0,6,0,1,0,0
0.015578908,43,0,0.498984624,10340.0,17,0,6,0,1
0.0,38,0,1889.0,5400.0,6,0,2,0,2
0.180557068,61,3,0.596082994,5156.0,10,1,2,0,0
0.591104982,44,2,0.361564299,4167.0,6,0,1,1,0
0.031698311,78,0,0.263374486,1457.0,6,0,0,0,0
0.9999999,49,0,10.0,5400.0,0,0,0,0,0
0.9999999,36,1,1341.0,5400.0,7,3,0,0,0
0.960351404,53,3,0.193321918,5839.0,5,0,0,2,4
0.808813904,45,1,0.239200151,5300.0,9,0,0,1,0
0.020226813,65,0,0.008330556,3000.0,5,0,0,0,0
0.273151492,51,0,0.016456203,17500.0,7,0,0,0,1
0.002555755,80,0,0.00177665,3939.0,11,0,0,0,0
0.015098516,84,0,22.0,5400.0,6,0,0,0,0
0.163207999,36,0,0.163213377,2750.0,3,0,1,0,0
0.860307813,35,0,0.203559288,5000.0,6,0,0,0,2
0.9999999,42,0,0.707237557,4600.0,6,1,1,0,0
0.117276458,34,0,0.08461026,1500.0,9,0,0,0,4
0.9999999,51,0,0.059607743,7800.0,3,1,0,0,2
0.585169801,50,6,0.490406246,7556.0,20,0,2,0,3
1.550759392,45,3,0.268878019,6541.0,6,13,0,1,0
0.500054221,77,0,0.470922882,4745.0,9,0,1,0,0
0.276649666,50,1,0.355037939,17000.0,14,0,2,0,5
0.628356577,53,1,4836.0,5400.0,14,0,2,0,1
0.9999999,38,1,0.005524862,3076.0,1,0,0,1,0
0.138574957,62,0,0.375976054,7683.0,11,0,1,0,0
0.213341576,45,0,0.350886548,7500.0,8,0,1,0,3
0.003066258,49,0,0.131137901,3400.0,3,0,0,0,1
0.072853674,84,0,0.017301038,2600.0,4,0,0,0,1
0.000252539,67,1,0.055229471,17888.0,12,0,0,0,0
0.040447046,69,0,36.0,5400.0,2,0,0,0,0
0.0,23,0,0.047311828,929.0,1,0,0,0,0
0.0,37,0,0.519346823,8450.0,10,0,1,0,1
0.189548735,41,0,0.31840796,200.0,3,0,0,0,0
0.0,47,1,0.426895307,3323.0,7,0,1,0,2
0.463947846,60,0,4140.0,5400.0,11,0,1,0,1
0.832910491,54,0,0.37875866,14000.0,10,0,2,0,3
0.032048911,83,0,0.004570993,10500.0,26,0,0,0,0
0.078541374,52,1,0.368947135,4501.0,9,0,1,0,1
0.039526359,67,0,0.104586574,6300.0,9,0,1,0,1
0.9999999,24,0,0.0,5400.0,1,0,0,0,0
0.0,37,0,0.24045646,7360.0,3,0,1,0,5
0.972341602,43,0,0.57848625,4108.0,7,0,0,0,1
0.233558247,67,0,0.083826176,11666.0,4,0,2,0,0
0.179293986,35,0,0.599384852,2600.0,5,0,2,0,1
0.664762993,24,3,0.446071904,750.0,8,0,0,0,0
0.766244045,62,0,2.474221542,1958.0,11,0,2,0,0
0.060175734,62,0,0.014996251,4000.0,2,0,0,0,1
0.679730033,42,0,1546.0,5400.0,13,0,0,0,0
0.000546755,68,0,0.149124167,6450.0,7,0,1,0,0
0.482178567,56,0,0.756897241,2500.0,7,0,1,0,0
0.568440409,54,0,1333.0,5400.0,3,4,0,2,0
0.03839872,66,0,0.00679864,5000.0,4,0,0,0,0
0.0,47,0,0.586525642,11250.0,8,0,2,0,1
0.274725275,56,0,7853.0,5400.0,6,0,4,0,0
0.268586571,48,0,0.10918775,5256.0,6,0,0,0,0
0.001806345,72,0,0.001090711,5500.0,16,0,0,0,0
0.044968714,68,0,1080.0,5400.0,3,0,1,0,0
0.018854988,36,0,4.0,5400.0,4,0,0,0,0
0.746083594,50,0,1.407728181,1500.0,5,0,1,0,0
0.855095409,31,0,1.009569378,3970.0,8,0,1,0,2
0.477037266,53,4,0.499691644,6485.0,10,0,2,0,2
0.755917016,49,2,0.403099483,6000.0,14,0,1,0,2
0.961575961,37,4,3111.0,5400.0,10,0,1,0,0
0.08563883,36,0,0.021378709,4583.0,7,0,0,0,0
0.888413983,63,1,0.173925753,3420.0,7,0,0,1,0
0.0,75,0,0.0,5400.0,3,0,0,0,0
0.166933017,45,1,3132.0,5400.0,8,0,1,0,0
0.030781008,66,0,3280.0,5400.0,9,0,1,0,0
0.9999999,68,0,0.008883953,1800.0,6,0,0,0,0
0.769456226,71,0,0.788642272,5000.0,7,0,2,0,0
1.032845412,43,5,0.433713257,5000.0,6,0,1,1,2
0.002299923,64,0,1348.0,5400.0,4,0,1,0,0
0.797843862,64,4,0.529258652,10372.0,28,0,1,0,0
0.9999999,67,0,0.149475738,4100.0,4,0,0,0,0
0.043545296,62,0,1.393521296,3333.0,13,0,3,0,0
1.373813093,69,0,598.0,5400.0,8,0,0,4,0
0.779869045,44,0,0.673475218,7000.0,11,0,1,0,3
0.670036663,42,3,0.52087666,6250.0,8,2,1,2,1
0.052625914,72,0,0.192667831,6300.0,16,0,1,0,0
0.0,77,0,0.0,5400.0,6,0,0,0,0
0.151995435,50,0,0.263338177,9633.0,18,0,2,0,3
0.048796747,40,0,0.253969686,11083.0,7,0,1,0,0
0.0,45,0,0.154099778,18500.0,6,0,1,0,3
0.0,27,0,524.0,5400.0,3,0,0,0,0
0.06938413,57,0,5851.0,5400.0,24,0,2,0,0
0.83261914,44,0,0.301488558,4500.0,5,0,2,0,0
0.003261304,55,0,0.00159968,5000.0,10,0,0,0,0
0.136213387,56,0,0.326048139,14000.0,25,0,3,0,2
0.036432119,68,0,0.289932574,4300.0,7,0,1,0,1
0.9999999,29,0,0.069490719,2100.0,3,0,0,0,0
0.017810403,49,0,0.081438163,9233.0,9,0,1,0,3
0.0,65,0,0.0,8000.0,7,0,0,0,0
0.063354932,63,1,0.21143763,8200.0,7,0,1,0,0
0.075956962,63,0,3871.0,5400.0,6,0,1,0,0
0.011665889,48,0,0.520636984,3076.0,4,0,1,0,0
0.906445278,51,1,0.293131248,3100.0,9,1,1,0,2
0.880723164,45,0,0.415768854,4083.0,4,0,0,0,1
0.102744863,70,0,0.190801533,6000.0,4,0,1,0,0
0.103665661,65,0,1.255408108,5500.0,11,0,6,0,3
0.0,61,0,3305.0,5400.0,7,0,2,0,3
0.012821315,58,0,0.56471224,3700.0,20,0,1,0,0
0.174857131,69,0,0.249880326,6266.0,18,0,2,0,0
0.978911008,40,1,0.189432395,4333.0,3,0,0,0,2
0.870562001,51,0,0.19486038,4941.0,4,0,0,0,2
0.110524309,39,0,0.326273323,7931.0,23,0,2,0,1
0.0,27,0,0.137544982,2500.0,5,0,0,0,0
0.194709572,28,0,0.282583622,2600.0,7,0,1,0,0
0.02286807,83,0,34.0,5400.0,8,0,0,0,0
0.224198992,32,0,0.344535894,4373.0,10,0,1,0,0
0.230897425,48,1,0.851803564,2300.0,12,0,2,0,0
0.9999999,49,1,0.403072983,7809.0,13,0,2,0,5
0.037830067,59,0,44.0,5400.0,3,0,0,0,0
0.050640282,76,0,0.312671832,4000.0,21,0,2,0,0
0.0763245,79,0,0.303929251,8932.0,6,0,3,0,0
0.004548419,52,0,0.01141064,7010.0,6,0,0,0,0
0.293301796,63,3,0.446128296,4816.0,17,1,2,0,0
0.006421362,61,0,2571.0,5400.0,27,0,1,0,0
0.128407159,58,0,0.438267993,8544.0,14,0,3,0,1
0.9999999,26,0,330.0,5400.0,4,0,0,0,0
0.221268086,67,0,1.714071482,4000.0,9,0,3,0,0
0.121250112,55,0,0.235645194,4858.0,8,0,1,0,0
0.289898713,68,0,0.214260207,8400.0,7,0,2,0,0
0.03232811,52,0,0.311148233,11373.0,14,0,2,0,1
0.00149995,56,0,0.47385418,8050.0,16,0,3,0,2
0.002077313,57,0,0.309446037,15000.0,16,0,2,0,3
0.013664158,76,0,1644.0,5400.0,11,0,2,0,0
0.389547097,44,3,0.512801756,4100.0,11,0,2,0,1
0.889196676,35,0,0.050824863,6000.0,2,1,0,0,0
0.190647251,45,0,0.307210031,11483.0,13,0,2,0,0
0.110241693,52,0,0.018001417,7054.0,5,0,0,0,1
0.870125542,37,0,0.18555052,3750.0,6,0,0,0,0
0.061746191,45,0,0.265978722,12500.0,21,0,1,0,2
0.032364785,70,0,1249.0,5400.0,8,0,1,0,0
0.195789705,49,0,0.296478745,5480.0,6,0,1,0,1
0.142694752,77,0,1540.0,5400.0,12,0,2,0,0
0.022736778,49,0,451.0,5400.0,4,0,0,0,0
0.922564763,61,0,0.663552417,9204.0,19,0,2,0,1
0.004587045,56,0,637.0,5400.0,13,0,2,0,0
0.72546779,48,0,0.222222222,2852.0,7,0,0,0,0
0.060150761,59,0,1.155971642,5500.0,18,0,5,0,0
0.9999999,29,0,0.481215028,1250.0,3,2,0,0,0
0.026661373,38,0,0.51284585,7083.0,14,0,1,0,2
0.00691609,80,0,0.000333278,6000.0,2,0,0,1,0
0.063136844,41,0,0.320699708,4458.0,9,0,1,0,2
0.118390112,72,0,0.321702454,5215.0,17,0,2,0,0
0.065833641,53,0,0.010828212,10250.0,8,0,0,0,4
0.060472487,60,0,2828.0,5400.0,6,0,1,0,0
0.952395003,41,0,0.305115814,6000.0,4,0,1,0,3
0.14559272,51,0,0.01487762,6250.0,4,0,0,0,0
0.285777932,41,0,0.625985602,2916.0,12,0,1,0,2
0.025543281,70,0,0.006999125,8000.0,6,0,0,0,0
0.013057212,31,0,0.581606688,2750.0,16,0,1,0,2
0.245791394,55,0,1534.0,5400.0,7,0,1,0,0
0.0,83,0,2.0,5400.0,3,0,0,0,0
0.380952381,44,5,0.029590761,46500.0,7,0,1,4,2
0.845288678,54,0,1318.0,5400.0,7,1,0,0,2
0.044347462,66,0,0.266923736,4667.0,14,0,1,0,1
1.009464204,38,2,0.115267508,4597.0,6,0,0,0,0
0.9999999,42,0,0.424242424,3200.0,5,0,0,0,3
0.9999999,48,0,0.0,6101.0,0,2,0,0,1
0.213962092,35,0,0.757251227,2240.0,6,0,1,0,2
0.000207368,45,0,0.304555653,10250.0,9,0,1,0,3
0.063846808,66,0,0.298485298,10100.0,7,0,1,0,0
0.096353295,79,0,305.0,1.0,6,1,0,0,0
0.051634002,53,0,0.115288471,10000.0,15,0,0,0,0
0.9999999,29,0,0.101265823,1342.0,1,1,0,0,0
0.434881392,45,0,0.407760246,10076.0,13,0,1,0,3
0.014552254,89,0,10.0,5400.0,2,0,0,0,0
1.01059788,30,5,0.992458005,2916.0,9,0,2,0,0
0.013545957,50,1,0.142880181,6200.0,8,0,1,0,1
0.026768407,48,0,0.26912114,4209.0,4,0,1,0,2
0.9999999,29,0,251.0,5400.0,2,1,0,1,0
0.00462227,65,0,1927.0,5400.0,9,0,1,0,1
0.03056491,63,0,0.19642262,9000.0,20,0,1,0,1
0.941835272,41,0,0.227074915,6433.0,6,0,0,0,3
0.04191666,70,0,0.080825959,5084.0,10,0,0,0,1
0.9999999,35,0,0.054778089,2500.0,1,0,0,0,0
0.0,58,0,2010.0,5400.0,7,0,2,0,0
0.326764601,46,0,0.32449903,6187.0,18,0,1,0,0
0.004879805,51,0,2868.0,5400.0,9,0,2,0,2
0.61787948,49,0,0.363529871,2560.0,6,0,0,0,0
0.194931469,51,0,0.359462486,6250.0,7,0,1,0,0
0.0,85,0,118.0,5400.0,4,0,0,0,0
0.0,40,0,0.597675291,2666.0,4,0,1,0,5
0.0,33,1,0.134105342,2676.0,2,0,0,0,3
0.9999999,55,1,0.103399029,3500.0,1,1,0,0,1
0.735756287,49,0,0.415204678,7181.0,12,0,1,0,1
0.830033993,43,0,0.14735291,9500.0,5,0,0,0,0
0.014715221,41,0,0.515006201,12094.0,9,0,5,0,1
0.361532412,65,0,96.0,5400.0,1,0,0,0,1
0.093736852,72,0,7594.0,5400.0,12,0,4,0,0
0.056483498,40,1,0.507411908,4114.0,20,0,1,0,2
0.368657564,49,3,0.414998754,12040.0,7,0,2,0,1
0.114474864,50,0,1045.0,5400.0,3,0,1,0,0
0.013479666,81,0,0.38791883,2118.0,13,0,1,0,0
0.106158479,47,0,0.087799791,9589.0,10,0,1,0,3
0.03859807,55,0,0.191625892,12466.0,8,0,2,0,3
0.674245973,75,0,0.381126054,4386.0,5,0,1,0,0
0.007992491,44,0,0.253787311,13333.0,17,0,2,0,2
0.115441465,55,0,0.245591711,5500.0,12,0,1,0,1
0.022152474,66,0,2101.0,0.0,12,0,1,0,0
0.263469479,44,0,0.372256365,6833.0,9,0,1,0,0
0.061191076,48,0,0.031200142,5640.0,6,0,0,0,0
0.141041134,49,0,0.938307408,7585.0,16,0,4,0,3
0.275662984,61,0,0.424645611,8041.0,8,0,2,0,0
0.609501569,47,0,0.52409417,10873.0,11,0,2,0,6
0.0,61,0,0.336558687,7130.0,8,0,1,0,1
0.158240019,51,1,0.449231888,11000.0,9,0,1,0,0
0.100198987,51,1,0.180278225,21133.0,17,0,2,0,3
0.070609812,32,0,0.183350185,11867.0,17,0,2,0,1
0.027531498,42,0,0.265546891,5000.0,9,0,2,0,0
0.125241502,50,0,0.265264087,6796.0,6,0,2,0,5
0.605148388,43,1,0.228555103,14000.0,12,0,2,0,1
0.287640972,34,0,0.592907093,2001.0,6,0,1,0,3
0.201592277,77,0,0.056792428,7500.0,6,0,0,0,1
0.000499964,52,0,0.214064116,2900.0,6,0,0,0,0
0.002688028,69,0,0.13440159,16100.0,6,0,2,0,1
0.0,75,0,33.0,5400.0,2,0,0,0,0
0.319542529,42,0,0.005961309,26000.0,2,0,0,0,1
0.348248214,63,1,0.459357723,8500.0,12,0,2,0,0
0.0106464,80,0,19.0,5400.0,9,0,0,0,0
0.234282804,39,0,0.557615712,7280.0,12,0,3,0,0
0.067698308,29,0,0.079865017,8000.0,11,0,0,0,0
0.001455455,51,0,0.00039992,5000.0,6,0,0,0,2
0.396671971,57,0,0.338425219,7200.0,8,0,2,0,3
0.169574009,38,0,0.680976183,3400.0,14,0,1,0,0
0.812399395,47,0,0.2107393,6424.0,14,0,0,1,4
0.9999999,32,0,0.129471891,1760.0,0,1,0,0,1
0.772476983,33,2,0.364518828,5974.0,7,0,1,0,3
0.011931649,75,0,1763.0,5400.0,20,0,2,0,0
0.891015569,25,1,1.621285418,1446.0,6,0,1,0,0
0.009216991,66,0,1096.0,5400.0,6,0,1,0,1
0.091717813,64,0,739.0,5400.0,4,0,0,0,0
0.051896208,22,0,0.0,704.0,1,0,0,0,0
0.026314328,74,1,0.016793283,2500.0,11,0,0,0,0
0.029623766,62,0,0.008329863,2400.0,4,0,0,0,0
0.99781838,40,0,0.511753731,5359.0,6,0,2,0,0
0.687520833,64,0,0.289737388,5787.0,5,0,0,0,2
0.9999999,31,0,1.236750867,2018.0,2,2,0,0,0
0.683355738,46,0,0.358234538,7000.0,11,0,1,0,2
0.044842704,72,0,0.088252259,5200.0,6,0,0,0,1
0.165006666,56,0,0.220719987,6138.0,5,0,1,0,1
0.359400634,49,0,0.33931862,23334.0,9,0,3,0,5
0.293895314,63,1,0.836991958,4600.0,12,0,2,0,0
0.188562288,65,0,0.103282439,21416.0,4,0,2,0,0
0.171391198,49,0,0.495834722,3000.0,24,0,1,0,0
0.089992914,48,0,0.701645836,8080.0,10,0,5,0,0
0.384161288,51,0,0.458933867,14500.0,12,0,3,0,2
7.3089701,54,2,0.152492669,3750.0,4,2,0,1,1
0.225986699,46,0,0.31437866,7684.0,19,0,2,0,1
0.9999999,55,0,0.0,5400.0,0,0,0,0,0
0.007032746,42,0,0.12109375,3583.0,11,0,0,0,0
0.194860171,47,0,0.235200545,8800.0,7,0,1,0,3
0.108762495,35,0,0.402757903,7686.0,8,0,2,0,1
0.94369591,50,0,0.301069893,10000.0,12,0,0,0,1
0.394450694,67,0,4882.0,5400.0,6,0,1,0,0
0.072967096,67,0,2216.0,5400.0,12,0,1,1,0
0.088539015,55,0,4291.0,5400.0,19,1,1,0,1
0.238144066,27,0,0.165925267,2247.0,4,0,0,0,3
0.430706343,37,1,0.142294713,5333.0,9,0,0,0,0
1.163672655,37,0,752.0,5400.0,4,0,0,0,0
0.189664611,55,0,0.361960784,5099.0,11,0,1,0,1
0.058182517,71,0,1430.0,5400.0,8,0,1,0,0
0.033179797,76,0,0.008907471,5500.0,7,0,0,0,0
0.017924967,35,0,826.0,5400.0,12,0,0,0,0
0.057777102,85,0,0.180157662,5200.0,14,0,1,0,0
0.446118463,49,1,0.16375345,25000.0,7,0,1,0,2
0.010249767,89,0,13.0,5400.0,2,0,0,0,0
0.267844905,67,0,0.406158747,3766.0,13,0,0,0,0
0.9999999,45,0,0.132740905,3600.0,9,0,0,0,2
1.111629612,40,0,0.35964467,11819.0,7,0,3,0,3
0.117039407,83,0,0.045433894,2200.0,4,0,0,0,0
0.359598301,42,0,0.579290558,3833.0,10,0,1,0,0
0.698582876,60,0,1.180704824,4000.0,13,0,1,0,0
0.413408885,65,1,0.313830772,5400.0,8,0,2,0,0
0.043709376,28,0,0.586275816,1500.0,7,0,1,0,2
0.603622637,75,0,0.537066133,7000.0,12,0,1,0,0
0.00540195,61,0,0.072954164,8333.0,7,0,0,0,0
0.394596302,63,0,0.61311054,8557.0,16,0,1,0,0
0.675919613,57,0,0.183264887,15583.0,7,0,1,0,2
0.094099109,60,0,0.644794235,5272.0,11,1,1,0,0
0.043562501,53,0,1.31187525,2500.0,28,0,3,0,1
0.426643339,38,0,0.231884058,2000.0,3,0,0,0,0
0.0,58,0,3.555650685,1167.0,12,0,2,0,0
0.498585044,52,0,0.701621862,4500.0,8,0,2,0,2
0.397362608,35,1,0.978104379,3333.0,17,0,1,0,2
0.122774465,53,2,0.157994734,30000.0,15,0,1,0,0
0.094795196,62,0,0.305629081,5666.0,13,0,1,0,0
0.455418282,55,0,0.402417505,11333.0,7,1,1,0,4
0.0,37,0,1.233966576,7000.0,12,0,0,0,0
0.925059719,49,1,0.570794951,2930.0,7,1,1,0,1
0.015015901,33,0,0.531437458,4500.0,9,0,2,0,1
0.085249728,34,0,0.627364028,7666.0,11,0,2,0,0
0.008997751,32,2,0.413834466,2500.0,8,0,1,0,1
0.9999999,39,0,0.212433614,3200.0,3,2,0,1,1
0.9999999,41,0,685.0,5400.0,2,0,1,1,0
0.46601594,44,1,0.179665298,9500.0,7,0,1,0,0
0.337323111,64,0,2316.0,5400.0,17,0,3,0,0
0.042366563,64,0,2046.0,5400.0,10,0,1,1,0
0.0179988,85,0,8.0,5400.0,2,0,0,0,0
0.036194239,46,0,0.005499313,8000.0,2,0,0,0,2
0.010550593,34,0,0.244775522,10000.0,11,0,2,0,0
0.350459023,61,0,0.137498705,9650.0,8,0,0,0,0
0.003774072,48,0,0.448367443,6400.0,8,0,1,0,1
0.119583556,40,0,0.083149521,70270.0,12,0,4,0,1
0.900637692,61,1,0.602236422,5633.0,8,0,2,1,0
0.746009585,60,0,0.133906356,4420.0,3,0,0,0,0
0.020454081,58,0,0.385612608,3933.0,7,0,1,0,0
1.274542429,61,1,0.377320765,3500.0,5,0,1,1,0
0.81774498,70,0,0.663056157,6000.0,17,0,2,0,0
0.044434771,33,0,0.016780517,6733.0,5,0,0,0,0
0.805158798,67,0,2725.0,5400.0,6,0,0,0,0
0.007688056,52,0,4.0,5400.0,3,0,0,0,0
0.022768355,42,1,1505.0,5400.0,5,0,1,0,0
0.355982783,55,0,0.30696163,8000.0,13,0,1,0,2
0.081575044,54,1,0.324333371,8962.0,11,0,2,0,1
0.567597526,49,0,0.661630559,7015.0,18,0,2,0,0
0.895300276,40,1,0.284821986,1600.0,9,1,0,0,1
0.644710579,24,1,0.090808109,3600.0,3,0,0,0,2
0.171749389,28,0,680.0,5400.0,13,0,0,0,0
0.995502249,62,0,0.095139607,2900.0,2,0,0,0,0
0.9999999,35,0,35.0,0.0,1,0,0,0,0
0.348316797,57,0,10171.0,5400.0,13,0,3,0,0
0.013486828,77,0,8.0,5400.0,2,0,0,0,0
0.04711911,34,0,11.0,5400.0,2,0,0,0,0
0.001156599,57,0,0.092261479,6990.0,4,0,2,0,0
0.435486451,44,0,0.05847805,71000.0,13,0,4,0,0
0.9999999,38,0,3984.0,0.0,4,0,2,0,2
0.071601261,52,0,0.047771143,7200.0,5,0,0,0,0
0.9999999,30,0,0.128717821,4000.0,2,0,0,1,0
0.26367926,42,0,0.117147142,6000.0,8,0,0,0,1
0.008371189,87,0,19.0,5400.0,5,0,0,0,1
0.664361303,32,0,0.3145917,6722.0,3,0,1,0,1
0.303085709,51,0,0.51048951,5433.0,12,0,2,0,0
0.094767248,28,0,0.250374813,2000.0,5,0,0,0,0
0.004941721,78,0,0.241327751,3343.0,17,0,0,0,0
0.9999999,30,0,0.341351075,1953.0,2,0,0,0,0
0.134765775,38,0,0.206074587,2600.0,8,0,1,0,0
0.121240528,52,0,1628.0,5400.0,6,0,1,0,0
0.01265553,74,0,0.344350234,5778.0,9,0,1,0,0
0.592837948,57,0,0.487064836,6261.0,7,0,3,0,0
0.401032384,46,0,587.0,5400.0,6,0,0,0,0
0.314808095,45,1,0.064178252,5250.0,8,0,0,0,2
0.075847267,76,3,439.0,5400.0,9,1,0,0,0
0.243329561,56,0,0.141458794,9500.0,8,0,0,0,2
0.457756045,85,0,321.0,5400.0,5,0,0,0,0
0.0,27,0,0.0,5400.0,2,0,0,0,0
0.68672431,42,2,1218.0,5400.0,5,0,2,1,0
1.021131561,31,0,0.069482629,4000.0,2,2,0,0,3
0.062595827,33,0,1.945695364,2264.0,5,0,2,0,0
0.066633063,50,0,0.286242121,4600.0,14,0,1,0,3
0.139644638,45,0,0.205117287,25833.0,8,0,2,0,4
0.340791201,52,1,0.652988403,1120.0,6,0,0,0,1
0.0,27,0,0.356899074,2050.0,7,0,0,0,0
0.080382237,69,0,905.0,5400.0,12,0,1,0,0
0.008912539,50,0,0.164392679,3004.0,10,0,1,0,2
0.71120017,59,0,0.291733936,6193.0,11,0,0,1,1
0.085706913,67,1,0.640924956,4583.0,5,0,2,0,0
0.020967658,87,0,0.013808976,2606.0,8,0,0,0,0
0.0,66,0,0.272976305,7300.0,4,0,1,0,0
0.085201007,65,0,0.356352665,2982.0,11,0,2,0,0
0.007679846,64,0,0.055973611,9700.0,10,0,0,0,1
0.053568056,85,0,42.0,5400.0,3,0,0,0,0
0.0,28,0,0.063385398,5505.0,6,0,0,0,1
0.03349665,34,0,0.341648374,5010.0,6,0,1,0,1
0.801696713,30,0,0.378854626,2950.0,7,0,1,0,1
0.023477775,61,0,33.0,5400.0,5,0,0,0,0
0.094197415,58,1,1371.0,5400.0,11,0,1,0,1
0.276549163,47,0,0.468112245,3135.0,9,0,0,0,1
0.080506735,42,0,0.260623845,9200.0,9,0,2,0,2
0.514950166,42,0,0.2495002,2500.0,5,0,0,0,0
0.699264563,51,0,0.576125916,6416.0,9,0,2,0,2
0.531996036,39,0,0.501191737,7551.0,7,0,2,0,2
0.002173724,79,0,0.0,3500.0,3,0,0,0,0
0.269931991,63,1,1.276536052,10692.0,27,0,11,0,2
0.035748528,29,0,0.547861507,5400.0,10,0,2,0,0
0.210843233,64,0,5598.0,5400.0,20,0,1,0,5
0.138058186,56,0,0.036964436,3570.0,5,0,0,0,1
0.016649195,57,0,592.0,5400.0,10,0,1,0,0
8710.0,36,0,0.442809151,6250.0,4,0,1,0,2
0.0,44,0,0.0,9500.0,6,0,0,0,1
0.083268032,34,0,0.325904442,6550.0,8,0,1,0,0
1.011465138,57,0,1196.0,5400.0,11,0,0,0,0
0.006590537,44,0,0.403354469,4888.0,8,0,1,0,3
0.01919904,68,0,11.0,5400.0,1,0,0,0,0
0.9999999,53,0,0.0,4200.0,0,0,0,0,2
0.9999999,40,1,0.0,4000.0,3,0,0,0,2
0.272686613,57,0,0.709732154,8250.0,31,0,2,0,2
0.9999999,64,0,395.0,5400.0,1,0,0,1,0
0.130473349,36,0,0.331615753,2716.0,5,0,1,0,1
0.403893404,39,0,0.419188464,19000.0,15,0,2,0,2
0.001999833,52,0,0.0,8000.0,5,0,0,0,0
0.00470471,79,0,0.079120251,3500.0,12,0,0,0,0
0.006740552,50,0,0.16657656,16646.0,6,0,1,0,5
0.913597128,42,1,15191.0,5400.0,18,0,7,0,0
0.691431746,34,0,0.770016565,7243.0,12,0,4,1,1
0.015306515,45,0,0.366654766,2800.0,5,0,1,0,3
0.000766641,60,0,0.248028797,5833.0,5,0,1,0,0
0.317336533,49,1,0.209568011,2800.0,11,0,0,0,1
0.705136151,34,2,0.102189781,7671.0,10,0,0,1,3
0.074266374,42,0,0.24606723,6038.0,4,0,1,0,2
0.019181951,71,0,0.080183963,5000.0,11,0,0,0,0
0.858569052,39,0,0.147931797,6333.0,5,0,0,2,0
0.00624987,52,0,0.090228451,5208.0,5,0,1,0,0
0.9999999,29,0,0.082298463,4750.0,2,0,0,0,0
0.002651672,44,0,0.239235551,4342.0,7,0,1,0,3
0.245877298,38,0,624.0,5400.0,11,0,0,0,0
0.002405599,83,0,0.231034483,1449.0,8,0,2,0,0
0.103576972,65,0,0.463228168,9286.0,11,0,2,0,2
0.000353982,79,0,26.0,5400.0,12,0,0,0,0
0.0,30,0,174.0,5400.0,4,0,0,0,0
1.083832335,30,0,16.0,5400.0,1,0,0,0,0
0.020499317,50,3,0.474305139,5000.0,16,0,2,0,2
0.03665511,45,0,3622.0,5400.0,16,0,2,0,0
0.167077087,55,1,5814.0,5400.0,27,0,3,0,3
0.00036357,54,0,2499.0,5400.0,4,0,1,0,0
0.035840333,55,0,0.301616397,6000.0,12,0,1,0,2
0.098069161,67,0,0.275246393,7000.0,10,0,2,0,0
1.3618202,49,3,1597.0,5400.0,8,0,1,1,0
0.051705741,53,0,50.0,5400.0,4,0,0,0,0
0.464984501,49,0,0.558323274,9112.0,6,0,2,0,2
0.720239399,56,0,0.298925269,4000.0,4,0,0,0,2
0.433850167,46,0,0.406395892,4283.0,3,0,1,0,0
0.056858658,55,0,0.526134122,6083.0,9,0,2,0,3
0.398573428,37,0,0.093796248,25000.0,4,0,1,0,0
0.9999999,58,0,0.503116478,5133.0,4,0,1,0,0
0.299274857,55,0,0.244942421,3212.0,15,0,0,1,1
0.21168928,54,0,0.350479967,9583.0,12,0,1,0,1
0.170832825,32,0,213.0,5400.0,6,0,0,0,0
0.251820502,43,0,0.616463256,3850.0,13,0,3,0,0
0.947293244,35,0,0.021997556,9000.0,1,0,0,0,0
0.059281627,31,1,0.121360474,7761.0,15,0,2,0,0
0.0,77,0,942.0,5400.0,8,0,1,0,0
0.093724639,66,2,1683.0,5400.0,21,0,2,0,0
0.133736486,80,0,0.403783102,3964.0,11,0,3,0,1
0.326076979,55,2,0.635933006,5910.0,15,0,1,0,0
0.119879935,49,0,3560.0,5400.0,10,0,1,0,2
0.092714115,58,0,0.204084571,41668.0,10,0,4,0,5
0.08935003,39,0,0.374510502,8426.0,13,0,3,0,0
0.9999999,50,0,1046.0,5400.0,4,0,1,0,0
0.0,38,0,0.017592963,2500.0,9,0,0,0,0
0.054455587,65,0,913.0,5400.0,6,0,1,0,2
0.005695182,65,0,10.0,5400.0,20,0,0,0,0
0.034390557,65,0,0.225815144,3710.0,10,0,0,0,1
0.448805552,51,0,0.477844875,12750.0,13,0,3,0,2
0.086850366,65,0,0.250343707,8000.0,11,0,1,0,1
0.014030582,47,0,3365.0,5400.0,11,0,4,0,0
0.148815631,61,0,0.325249643,11916.0,8,0,1,0,0
0.755572636,27,0,0.112702079,2164.0,3,0,0,0,0
0.0,40,0,1.990001666,6000.0,13,0,8,0,0
0.032910794,64,0,1814.0,5400.0,9,0,1,0,0
0.067759287,86,0,0.007713551,10500.0,13,0,0,0,0
0.972352634,39,4,0.482622716,2790.0,10,0,0,1,0
0.9999999,22,0,8.0,1.0,0,0,0,0,0
0.0,82,1,0.0,8719.0,8,0,0,1,0
0.9999999,24,0,0.104025939,3700.0,2,0,0,0,0
0.02388851,62,0,0.00879824,5000.0,5,0,0,0,0
0.068019621,50,0,0.058449232,11000.0,4,0,0,0,2
0.021465358,59,0,1196.0,5400.0,6,0,1,0,0
0.346234449,46,0,0.356827622,7703.0,9,0,2,0,0
0.034949126,60,0,0.004932628,8311.0,5,0,0,0,0
0.12569581,63,0,0.035301468,3200.0,3,0,0,0,0
0.013544919,52,0,0.521136473,14500.0,20,0,3,0,0
0.498900044,64,0,1024.0,5400.0,7,0,0,0,1
0.031799293,64,0,1027.0,5400.0,6,0,2,0,0
0.004808306,70,0,0.023590408,7714.0,3,0,0,0,1
0.0651489,57,0,0.061403509,5813.0,5,0,0,0,3
0.783583293,43,1,0.122523562,5198.0,2,0,1,0,0
0.005043259,43,0,0.237740981,12500.0,4,0,1,0,1
0.02691463,50,0,0.409239308,6125.0,7,0,1,0,0
0.026473682,44,0,2677.0,5400.0,12,0,2,0,1
0.238367053,51,0,0.269394322,8700.0,14,0,0,0,0
0.208863468,55,0,0.16751269,2166.0,4,0,0,0,1
0.914929673,69,0,0.219431593,3025.0,2,0,0,0,1
0.0,57,0,0.388623486,9000.0,6,0,2,0,0
0.008373442,47,0,0.036852269,6213.0,5,0,0,0,3
0.365114928,33,1,0.332753749,4600.0,9,0,0,0,0
0.437718277,45,0,0.398250365,4800.0,9,0,1,0,3
0.014226363,67,0,2134.0,5400.0,9,0,2,0,0
0.03006307,67,0,0.005538036,13000.0,10,0,0,0,1
0.339126708,64,0,0.544291142,5000.0,12,0,1,0,0
0.086892623,63,0,1535.0,0.0,11,0,1,0,0
0.368562899,67,0,0.445357436,3650.0,15,0,1,0,0
0.637132208,46,1,0.34997843,9271.0,10,0,2,0,2
1.057647963,25,1,0.102604578,3800.0,4,1,0,1,0
0.002290006,44,0,0.44237853,5700.0,9,0,2,0,2
0.12366498,47,0,0.447553989,4537.0,4,0,1,0,0
0.084791386,39,0,0.004892736,2656.0,1,0,0,0,2
0.047240186,55,0,0.126108692,6200.0,10,0,1,0,1
0.28562963,41,0,3261.0,5400.0,12,0,2,0,0
0.009522221,69,0,17.0,5400.0,7,0,0,0,0
0.490886835,76,1,0.628649635,10959.0,20,0,4,0,0
1.319545311,27,0,0.349412647,4000.0,9,0,1,0,0
0.0,38,0,5905.0,5400.0,4,1,2,0,0
0.889912407,76,1,0.437845098,6700.0,8,0,1,0,0
0.016432786,51,0,14.0,5400.0,1,0,0,0,0
0.042942244,54,0,0.136005423,11800.0,12,0,1,0,2
0.9999999,60,0,0.144946559,5332.0,7,0,0,0,1
0.912443985,59,1,0.706377468,3088.0,6,0,3,0,1
1.018330787,41,0,0.163137729,4958.0,4,0,0,0,0
0.064204427,50,0,0.282946434,16670.0,7,0,2,0,0
0.000465089,77,0,0.0,6065.0,7,0,0,0,0
0.691138481,54,0,0.68786808,13583.0,9,0,1,0,0
0.264347131,70,0,0.268747714,8200.0,8,0,1,0,0
0.020083124,73,0,0.005332825,10500.0,13,0,0,0,0
0.030241538,74,0,0.186275853,7300.0,11,0,2,0,1
0.004322145,71,0,0.098179222,2800.0,21,0,1,0,0
0.046170109,48,0,0.322596508,8133.0,11,0,2,0,3
0.246572802,53,0,0.357952273,7500.0,31,0,1,0,1
0.036205824,59,0,0.270520862,11000.0,12,0,1,0,4
0.057646117,53,0,0.524024508,3100.0,12,0,1,0,1
0.094531802,33,0,1976.0,5400.0,4,0,1,0,0
0.650060954,44,0,0.624254153,6200.0,10,1,1,0,2
0.905895748,36,1,0.99429943,3332.0,9,0,1,0,0
0.138638357,59,0,0.567961165,8857.0,18,0,1,0,0
1.316139767,32,0,0.294485294,2719.0,5,2,0,0,1
0.002109616,63,0,0.404159382,10866.0,14,0,2,0,0
0.0,29,0,0.24862622,8916.0,12,0,2,0,1
0.0,49,1,0.0,8416.0,4,0,0,0,3
0.516088397,36,0,4032.0,5400.0,11,0,1,0,0
0.0,47,0,2066.0,5400.0,4,0,2,0,0
1.093836757,33,0,0.161377709,2583.0,4,1,0,0,0
0.241354818,37,0,0.628518299,11830.0,16,0,2,0,0
0.006002721,49,0,3249.0,5400.0,13,0,2,0,0
0.07278092,57,0,1757.0,5400.0,13,0,1,0,2
0.025811083,54,0,0.007006369,3139.0,3,0,0,0,0
0.9999999,32,0,0.080204399,4500.0,10,0,0,0,1
0.098289646,83,1,0.202225131,4583.0,10,0,1,0,0
0.580403266,31,1,0.269092363,2500.0,6,0,0,0,0
0.012648358,62,0,0.12666108,8352.0,11,0,2,0,1
0.006403911,61,1,0.264129982,7200.0,9,0,2,0,0
0.026924844,68,0,0.485634198,1426.0,9,0,0,0,0
0.50127797,45,0,0.216157795,3700.0,4,0,0,0,1
0.961146737,52,0,0.217014296,4266.0,6,0,1,0,0
0.354354855,47,0,0.295187893,5880.0,3,0,1,0,1
0.743796756,50,0,0.278476794,12000.0,8,0,2,0,0
0.9999999,32,0,0.01240511,5400.0,0,0,0,1,0
0.0,28,0,0.008972268,2451.0,1,0,0,0,0
0.175943637,62,0,0.400734544,4900.0,9,0,2,0,0
0.056452853,78,0,0.220494307,3600.0,5,0,0,0,0
0.004888825,70,0,0.001896225,5800.0,7,0,0,0,0
0.011103385,65,0,0.053407935,9829.0,12,0,1,0,0
0.702762758,39,0,0.217575886,4710.0,9,0,0,0,0
0.721182688,54,2,0.044273065,3500.0,7,0,0,0,0
0.002615318,52,0,0.645815481,3500.0,8,0,2,0,2
0.528927745,45,0,0.180212014,13300.0,5,0,2,0,1
0.021156014,48,0,0.365055919,4738.0,6,0,1,0,0
0.013299953,66,0,26.0,5400.0,5,0,0,0,0
0.9999999,28,0,0.08622449,3919.0,1,1,0,0,1
1819.0,41,0,0.365954256,8000.0,5,0,1,0,0
0.021949616,85,0,0.021991204,2500.0,6,0,0,0,0
0.482084329,36,2,1002.0,5400.0,6,0,0,0,0
0.013869665,40,0,0.352742244,6800.0,11,0,2,0,2
1.000451122,38,0,0.819806279,5987.0,7,0,2,0,2
0.876650321,25,0,0.025081788,2750.0,2,0,0,1,0
0.02365457,58,0,0.011792968,4578.0,6,0,0,0,2
0.013190283,45,0,0.003230272,4333.0,3,0,0,0,0
0.906562483,62,2,0.680406213,1673.0,12,0,0,0,0
0.0,48,0,0.259968102,3761.0,4,0,0,0,1
0.999759326,25,1,0.097120271,7083.0,3,0,0,0,0
0.0,84,0,16.0,5400.0,6,0,0,0,0
0.612859679,50,0,0.585788562,7500.0,7,0,2,0,2
0.9999999,48,0,1245.0,5400.0,1,0,1,0,0
0.939312438,39,0,0.5044995,9000.0,10,0,2,0,2
0.387661954,59,0,1.093230769,3249.0,18,0,1,0,2
0.0,76,0,0.0,3141.0,4,0,0,0,0
0.406985488,39,1,0.4822962,8500.0,11,0,2,0,1
0.042034052,37,0,0.394945147,7200.0,10,0,2,0,1
0.003115724,41,0,0.031413613,9167.0,5,0,0,0,0
0.997152506,59,2,2313.0,5400.0,12,1,0,0,2
0.52003478,26,0,0.302599422,4500.0,5,0,0,0,0
0.098692776,47,0,0.256899749,9166.0,8,0,1,0,2
0.399008603,53,2,0.27266565,5900.0,7,1,1,1,0
0.130047833,50,0,0.505604362,3300.0,14,0,0,0,0
0.9999999,25,1,0.084398977,4300.0,2,0,0,0,1
0.000162978,61,0,1.112623676,14250.0,16,0,3,0,0
0.479952005,80,0,0.694059006,7422.0,7,0,2,0,1
0.920022851,27,0,0.090018055,3876.0,11,0,0,0,0
0.0,76,0,0.0,5400.0,3,0,0,0,1
0.398165406,59,0,0.237832874,9800.0,16,0,1,0,0
0.006244231,39,0,0.066605839,2191.0,15,0,0,0,1
0.634867874,56,0,3148.0,5400.0,6,0,1,0,0
0.385857033,58,0,345.0,5400.0,5,0,0,1,0
0.599975053,59,2,0.412090448,6500.0,18,2,0,0,0
0.426324832,36,0,0.328667833,4000.0,16,0,0,0,3
0.018465436,54,0,0.10959454,27400.0,5,0,1,0,4
0.0,38,0,0.389808815,12500.0,8,0,2,0,0
0.022336309,25,0,0.442630185,4531.0,7,0,1,0,0
0.0,54,0,1883.0,5400.0,6,0,1,0,0
0.025174371,74,0,0.006443013,4500.0,5,0,0,0,0
0.044974652,68,0,5300.0,5400.0,5,0,4,0,0
0.166394434,40,0,1.00159936,2500.0,12,0,2,0,1
0.9999999,52,0,0.173099078,3471.0,3,0,0,0,3
0.005076728,85,0,0.001295896,2314.0,4,0,0,0,0
0.715093728,47,0,0.671636393,24883.0,40,0,20,0,2
0.003214214,50,0,0.560050569,4745.0,13,0,1,0,2
0.039518916,63,0,0.413995884,3400.0,18,0,1,0,1
0.062130069,67,0,0.297218688,5500.0,10,0,1,0,0
0.055457163,63,0,4328.0,5400.0,6,0,1,0,0
0.110274189,61,0,0.113348248,14750.0,10,0,1,0,0
0.018879245,81,0,0.006665778,7500.0,5,0,0,0,0
0.01019932,65,0,0.276704419,4502.0,9,0,2,0,2
0.641609571,35,0,0.341365863,10000.0,16,0,0,0,2
0.006096788,40,0,0.54292804,8059.0,12,0,1,0,1
0.0,42,0,0.259313014,6200.0,4,0,1,0,3
0.020071268,50,1,0.525139665,3400.0,9,0,1,0,5
0.9999999,42,0,0.492115751,5770.0,4,0,2,0,0
0.01025685,92,0,0.004201681,2379.0,3,0,0,0,0
0.0359976,66,0,0.024975025,1000.0,5,0,0,0,0
0.033827699,63,1,2359.0,5400.0,19,0,1,0,1
0.0,32,0,0.149031297,4025.0,3,0,1,0,1
0.203989264,37,2,0.599910461,6700.0,6,0,2,0,2
0.086416023,43,0,0.070390207,3920.0,7,0,0,0,0
0.044773881,52,0,0.14735658,8000.0,7,0,1,0,2
0.115151787,35,0,0.029219531,2600.0,4,0,0,0,0
0.0,68,0,0.057356608,400.0,5,0,0,0,0
0.9999999,32,0,0.00055991,1785.0,1,0,0,0,0
0.525285871,63,0,0.503779566,4100.0,8,0,2,0,0
0.303293188,62,0,0.488100268,7100.0,13,0,2,0,3
0.007821875,41,0,1.153589316,4791.0,7,0,3,0,1
0.148516576,60,1,1731.0,5400.0,10,1,1,0,0
0.379244246,35,0,0.249954882,5540.0,12,0,0,0,3
0.272422036,43,0,0.374173869,5900.0,9,0,1,0,1
0.083806847,59,0,0.046651116,3000.0,4,0,0,0,0
0.021029878,69,0,0.01068597,2900.0,3,0,0,0,0
0.9999999,22,18,0.0,4500.0,0,18,0,18,0
0.885762285,44,0,0.727921009,16406.0,14,0,8,0,1
0.9999999,35,0,0.314895035,3000.0,2,2,0,1,3
0.364345206,32,0,0.483034447,7750.0,9,0,1,0,1
0.050657301,75,0,0.005808971,10500.0,8,0,0,0,0
0.0,42,0,0.019939717,8625.0,9,0,0,0,0
0.59089062,73,0,0.24671916,8000.0,5,0,0,0,1
0.068978045,53,0,0.373290137,8333.0,7,0,2,0,1
0.035898205,62,0,1774.0,5400.0,6,0,1,0,0
0.038287003,51,0,0.143480429,8021.0,13,0,0,0,0
0.0,52,0,0.354823228,6250.0,11,0,2,0,0
0.005785301,56,0,0.44744618,2368.0,3,0,1,0,0
0.462576449,50,1,0.372732592,3417.0,6,0,2,0,2
0.454509098,61,0,804.0,0.0,8,0,1,0,1
0.824097572,36,0,0.929395478,2166.0,6,0,1,0,2
0.000499975,63,0,0.721207163,11000.0,9,0,5,0,0
0.048025033,35,0,0.017050837,3166.0,5,0,0,0,0
0.34651511,33,1,0.290796824,3400.0,12,0,1,1,2
0.650388685,68,0,0.271836095,10200.0,8,0,1,0,0
0.0,89,0,0.099533437,4500.0,4,0,0,0,0
0.080207219,72,0,2528.0,5400.0,6,0,1,0,0
0.206384984,79,0,0.25254949,1666.0,3,0,0,0,0
0.228694714,60,0,1363.0,5400.0,11,0,2,0,0
0.027707933,69,0,99.0,0.0,12,0,0,0,0
0.9999999,66,3,36.0,5400.0,4,0,0,0,0
0.021524819,64,0,0.339204951,4200.0,13,0,2,0,1
0.699692198,35,0,1410.0,5400.0,5,0,0,0,0
0.451117108,44,2,0.751612419,6666.0,12,0,4,2,0
0.9999999,27,18,0.0,7840.0,0,18,0,18,0
0.25506989,47,0,0.167270818,40000.0,9,0,2,0,3
0.093930202,43,0,0.433839479,5992.0,4,0,1,0,0
0.573680877,63,0,0.432925366,4166.0,5,0,1,0,1
0.06155156,78,0,0.079581453,10416.0,8,0,1,0,0
0.717864453,53,0,0.715688513,4378.0,11,0,2,0,1
0.015186551,55,0,0.388522746,6220.0,6,0,1,0,0
0.049196107,48,0,408.0,5400.0,6,0,0,0,0
0.206852876,38,1,0.417880023,3433.0,5,0,1,1,2
0.787046212,44,1,0.056790913,6250.0,4,1,0,0,0
0.168619777,43,0,0.224181202,31875.0,8,0,3,0,2
0.08391317,47,0,1.423138725,5600.0,5,0,2,0,4
0.384513148,43,0,0.545589693,4035.0,7,0,1,0,1
0.011346784,58,0,0.214028581,9166.0,8,0,1,0,1
0.106647334,46,0,0.266368715,8949.0,5,0,1,0,4
0.126467303,57,1,0.466129514,3350.0,12,0,2,0,3
0.9999999,28,2,892.0,5400.0,5,3,0,2,3
0.883186136,48,0,0.864567332,3905.0,6,0,2,0,0
0.005965246,68,1,636.0,5400.0,9,0,0,0,0
0.9999999,44,0,0.047860669,7291.0,3,0,0,0,1
0.854626002,61,0,0.821029828,6000.0,21,0,2,0,0
0.115031382,29,0,0.095347943,2600.0,12,0,0,0,0
0.029447313,50,0,0.207392428,8900.0,9,0,1,0,3
0.07024561,62,0,35.0,5400.0,8,0,0,0,0
0.007908851,61,0,230.0,5400.0,6,0,0,0,0
0.03925425,67,0,390.0,5400.0,11,0,0,0,0
0.172640703,86,0,0.241342378,2800.0,11,0,0,0,0
0.00164404,49,0,0.00639872,5000.0,5,0,0,0,0
0.008349791,61,0,0.091968447,5577.0,5,0,1,0,0
0.05468037,43,0,0.472133356,5938.0,15,0,3,0,3
0.709222021,60,0,0.489795918,4507.0,8,0,1,0,0
0.0,72,0,98.0,5400.0,11,0,1,0,0
0.013681196,50,0,0.155712841,8900.0,4,0,0,0,2
0.006896076,89,0,3.0,5400.0,2,0,0,0,0
0.006825939,58,0,0.436394401,6500.0,10,0,4,0,2
0.104016535,42,0,0.437386097,3840.0,8,0,1,0,0
0.071341888,26,0,2758.0,5400.0,13,0,2,0,0
1.529880478,49,1,0.005429418,2025.0,1,1,0,0,1
0.0,46,0,320.0,5400.0,2,0,0,0,0
0.848766386,45,1,1.20594116,3500.0,17,0,1,0,0
0.050338993,67,0,0.304180418,3635.0,8,0,1,0,0
0.9999999,77,0,458.0,5400.0,4,1,1,0,0
0.9999999,40,0,1.019937235,5416.0,5,0,4,0,0
0.613897083,33,0,0.183489197,3100.0,6,0,0,0,0
0.00179994,75,0,0.000120279,8313.0,3,0,0,0,0
0.319962922,52,2,0.044052863,7717.0,6,0,0,0,0
0.044618063,64,0,0.010332185,9000.0,5,0,0,0,0
0.069182748,64,0,0.486093438,5500.0,8,0,1,0,0
0.032413966,50,1,0.180760641,30000.0,8,0,2,0,3
0.06316445,39,0,0.284285952,6000.0,6,0,1,0,2
0.000222217,50,0,0.225878039,10363.0,15,0,2,0,0
0.074018933,34,0,0.464757,6213.0,16,0,1,0,3
0.9999999,62,0,0.141588673,4166.0,1,0,0,0,0
0.044690589,54,1,0.537856441,9152.0,12,0,3,0,0
0.0,72,0,1.0,5400.0,6,0,0,0,0
0.003947161,37,0,0.02121583,2450.0,5,0,0,0,1
0.068676847,52,0,0.12355058,2500.0,2,0,0,0,2
0.0,25,0,0.0,2000.0,1,0,0,0,0
0.981437411,47,0,0.049419693,2670.0,7,4,0,0,0
0.9999999,39,2,0.276391938,5010.0,2,1,1,0,1
0.97349627,57,0,0.571507914,3600.0,11,0,1,0,0
0.017908684,67,0,0.133308985,5475.0,11,0,1,0,0
0.9999999,37,0,0.015992892,2250.0,0,0,0,0,0
0.457227461,51,0,0.705147059,5439.0,11,0,2,0,4
0.663867227,54,0,0.438155136,5246.0,16,0,1,0,0
0.9940015,37,2,0.209151538,5397.0,10,0,0,0,4
0.003153965,71,0,0.30621435,3330.0,14,0,1,0,0
0.586083026,44,1,0.314176974,5254.0,8,0,0,0,1
0.664185533,34,0,0.304207521,8056.0,25,0,2,0,0
1.249405045,26,2,0.215937039,2032.0,6,0,0,1,0
0.505183938,34,0,0.091443693,3400.0,7,0,0,0,0
0.519682231,64,0,0.859116524,5500.0,15,0,2,0,2
0.078544752,36,0,208.0,5400.0,9,0,0,0,0
0.9999999,59,0,0.068856515,7275.0,1,0,0,0,1
0.456981721,53,0,0.406909789,2083.0,11,0,0,0,0
0.091919542,79,0,0.00685649,10500.0,9,0,0,0,0
0.9999999,27,1,0.38969118,4500.0,6,1,1,1,1
0.067753245,49,0,0.375230243,11400.0,16,0,3,0,0
0.9990005,64,4,0.230011455,8729.0,6,0,2,0,0
0.033655577,50,0,0.236247829,12088.0,12,0,4,0,3
0.0,43,0,0.078289839,1800.0,4,0,0,0,2
0.651717719,75,1,0.470282377,12500.0,11,0,1,0,2
0.942473972,47,0,0.375305766,8584.0,5,0,1,0,0
0.9999999,55,0,0.425085483,12867.0,7,0,2,0,1
0.9999999,35,2,0.422743216,5416.0,10,0,2,0,2
0.021936277,61,0,0.005999314,5833.0,5,0,0,0,2
0.012052182,35,1,1.225295784,6000.0,11,0,3,0,1
0.518533844,61,0,0.992294992,3633.0,9,0,2,0,0
0.098539505,56,1,2949.0,5400.0,13,0,2,0,0
0.142239438,24,0,0.158400615,2600.0,6,0,0,0,0
0.149323378,54,0,0.014474824,8082.0,1,0,0,0,0
2.308457711,32,1,0.089264461,4200.0,2,0,0,0,2
0.046301013,63,0,5559.0,5400.0,9,0,4,0,0
0.003593512,43,0,0.198377328,8750.0,8,0,1,0,1
0.016843161,50,0,0.082037468,8166.0,6,0,0,0,0
0.892611036,50,6,2487.0,5400.0,14,0,2,4,0
0.0,45,0,0.44675125,2600.0,3,0,1,0,0
0.147323512,54,0,66.0,5400.0,3,0,0,0,0
0.118800119,63,0,0.102579484,3333.0,10,0,1,0,0
0.271854296,32,0,0.161674518,11250.0,9,0,0,0,2
0.036816565,56,0,0.180725787,4160.0,8,0,1,0,0
0.01999853,57,0,0.302232589,3000.0,3,0,1,0,0
0.047800863,63,0,0.285074388,6250.0,8,0,1,0,1
0.75101094,53,0,0.274658027,8333.0,6,0,2,1,3
0.03462622,72,0,55.0,5400.0,3,0,0,0,0
0.394297644,42,0,0.401802247,8100.0,15,0,4,0,1
0.19011341,33,0,0.054490918,6000.0,10,0,0,0,2
0.001634106,63,0,0.07648088,4000.0,7,0,0,0,0
0.833817523,52,3,1775.0,5400.0,9,1,0,0,1
0.115449298,58,0,0.302766493,5168.0,8,0,2,0,0
0.048296934,33,0,0.298422713,3169.0,5,0,0,0,0
0.0,50,0,0.116387005,2800.0,3,0,0,0,0
0.535700773,53,0,0.257731959,3200.0,5,0,0,0,0
0.061019214,68,0,0.425154639,4849.0,22,0,3,0,0
0.028957868,79,0,33.0,5400.0,8,0,0,0,0
0.24808253,42,0,0.554657873,6064.0,14,0,2,0,1
0.466233349,58,0,0.248041775,7276.0,9,0,1,0,0
0.03402339,73,0,59.0,0.0,3,0,0,0,0
0.285888184,56,0,1954.0,5400.0,2,1,1,0,0
0.026327301,63,0,0.620344703,16593.0,25,0,15,0,1
0.027387166,66,0,0.215233594,5500.0,19,0,0,0,1
0.195218007,69,0,0.305268595,9679.0,14,0,2,0,0
0.194218319,30,0,0.129247749,3442.0,8,0,0,0,0
0.001511044,44,0,0.334862385,5013.0,8,0,1,0,1
0.015849992,62,0,0.025664528,12000.0,16,0,0,0,0
0.464019746,52,0,0.560390266,8916.0,15,0,3,0,4
0.590515189,26,0,0.206396802,2000.0,7,0,0,0,1
0.197220558,82,0,0.206432161,9949.0,14,0,2,0,0
0.981648138,44,0,0.507761115,3800.0,8,0,1,0,2
0.01501825,86,0,27.0,5400.0,15,0,0,0,0
0.99110089,32,0,0.4098267,5250.0,3,0,1,0,0
0.409493561,44,0,4.389221557,333.0,6,0,1,0,2
0.9999999,71,0,0.148089675,3166.0,2,2,0,0,0
0.262217855,52,1,0.244055753,10976.0,6,0,1,0,3
0.174729095,55,0,0.559950227,11250.0,12,0,3,0,2
0.9999999,86,0,0.230953522,4173.0,5,0,0,0,0
8.37e-06,75,0,1813.0,5400.0,11,0,2,0,0
0.609721295,37,0,0.659283187,6500.0,24,0,1,0,4
0.002477832,53,0,0.418096984,6000.0,13,0,1,0,2
0.0,48,0,0.0,5400.0,6,0,0,0,0
0.029467776,54,0,0.24285936,12883.0,13,0,3,0,0
0.40022609,64,0,0.252106842,7000.0,18,0,1,0,3
0.0,55,0,355.0,5400.0,4,0,1,0,0
0.510591527,39,2,1.102025122,3900.0,11,3,2,3,2
0.012218282,53,1,0.249011076,5055.0,15,0,2,0,0
0.018981019,22,0,0.0,1600.0,1,0,0,0,0
0.290914956,59,0,0.277588168,3515.0,9,0,1,0,1
0.867306635,73,0,0.540229885,2000.0,5,0,1,0,0
0.058011735,38,0,0.008396641,2500.0,5,0,0,0,0
0.024039637,77,1,181.0,5400.0,8,0,0,0,2
0.54055657,78,0,0.535802469,2834.0,17,0,1,0,0
0.077864727,69,0,0.237457612,11500.0,12,0,2,0,1
0.197696382,80,0,2363.0,5400.0,9,0,1,0,1
0.104065886,59,1,4332.0,5400.0,13,0,2,0,2
0.09960653,60,0,0.204233465,20833.0,5,0,2,0,0
0.00090905,90,0,118.0,5400.0,1,0,0,0,0
0.046367852,61,0,0.027358906,25000.0,11,0,0,0,0
0.026652821,52,0,730.0,5400.0,3,0,1,0,0
0.076653457,32,0,0.249700011,9166.0,16,0,2,0,0
0.841087826,53,2,0.25861931,12500.0,8,0,2,0,1
0.9999999,49,1,0.449238579,4333.0,2,0,2,0,2
1.021395721,54,1,0.263978002,12000.0,4,0,2,0,0
0.065442021,57,0,0.595280944,5000.0,25,0,1,0,2
0.030532934,56,0,0.332720377,8700.0,13,0,1,0,0
0.760035816,33,1,0.3860025,5600.0,5,0,1,0,0
0.9999999,31,0,0.47697251,2800.0,7,0,1,0,0
0.9999999,70,0,1425.0,5400.0,3,0,1,0,0
0.026332602,73,0,0.00271581,10309.0,7,0,0,0,0
0.001807803,67,0,4.793478261,183.0,12,0,1,0,0
0.021529081,56,0,0.009141551,7000.0,10,0,0,0,3
0.056494351,40,0,0.085782843,3333.0,2,0,0,0,0
0.001376021,53,0,1626.0,5400.0,6,0,1,0,0
0.375504611,34,0,0.105278944,3333.0,4,0,0,0,0
0.0,45,0,0.068325693,4580.0,4,0,0,0,0
0.104923427,50,0,3085.0,5400.0,7,0,2,0,0
0.492059098,52,0,0.344913772,4000.0,4,0,1,0,0
0.079194526,32,0,0.245971062,8500.0,15,0,1,0,1
0.021029103,74,0,0.012719564,3301.0,10,0,0,0,1
0.023704688,57,0,0.170956466,9440.0,11,0,2,0,0
0.69944755,63,1,0.870522511,6085.0,9,0,2,0,1
0.055770492,53,0,2.196274421,2200.0,13,0,2,0,0
0.0,58,0,0.589482104,5000.0,12,0,2,0,0
0.353507359,60,0,0.42861331,3410.0,11,0,1,0,3
0.005383787,91,0,1.0,5400.0,2,0,0,0,0
0.9999999,82,4,20.94513716,400.0,4,0,0,1,0
0.127706422,48,0,0.290237698,11400.0,13,0,2,0,9
0.029812037,93,0,32.0,5400.0,11,0,0,0,0
0.0,74,0,66.0,5400.0,8,0,0,0,0
0.060129325,57,0,0.212375307,6916.0,9,0,1,0,1
0.9999999,60,0,0.0,5338.0,0,0,0,0,0
0.046833122,75,0,543.0,5400.0,8,0,1,0,0
0.184715361,37,0,0.114680276,3330.0,5,0,0,0,0
0.001379279,58,0,0.328697391,11000.0,8,0,1,0,0
0.15329643,36,0,0.259674033,10000.0,11,0,1,0,1
0.032339353,43,0,0.180489813,9717.0,8,0,1,0,0
0.017181037,65,0,0.003665445,3000.0,11,0,0,0,0
0.0,70,1,0.1819909,20000.0,4,0,1,0,0
0.020609133,85,0,44.0,5400.0,7,0,0,0,0
0.87685327,50,0,1.780216942,3871.0,18,0,3,0,1
0.0,58,0,9.0,5400.0,8,0,0,0,0
0.9999999,60,0,0.0,2500.0,1,1,0,1,0
0.174744539,50,0,0.196569623,4430.0,9,0,1,0,0
0.442755724,33,0,0.355122564,6363.0,5,0,1,0,3
0.0,85,0,0.0,5400.0,4,0,0,0,0
0.175972442,60,1,0.007664971,14350.0,6,0,0,0,1
0.689011915,48,0,1398.0,0.0,13,0,0,0,1
0.9999999,69,0,0.0,5400.0,2,0,0,0,0
0.963394343,25,0,0.218080548,2333.0,4,0,0,0,1
0.000205389,40,1,0.044592388,7960.0,10,0,0,0,1
0.072431254,54,0,0.782826055,6800.0,4,0,3,0,0
0.0,26,0,5.0,0.0,4,0,0,0,0
1.272425249,41,2,0.451516161,3000.0,6,3,1,1,0
0.079147445,51,0,2462.0,5400.0,6,0,1,0,3
0.391524759,47,0,0.824687933,7209.0,14,0,3,0,1
0.12817405,34,0,0.146465532,5700.0,6,0,0,0,2
0.0715815,59,0,0.090512541,2750.0,8,0,0,0,0
0.582834331,23,0,8.0,0.0,1,0,0,0,0
0.480211382,50,1,0.406906046,8716.0,14,0,1,0,0
0.933351847,50,0,0.186886708,4483.0,5,0,0,0,0
0.090660623,30,0,274.0,0.0,4,0,0,0,0
0.9999999,68,0,0.379000781,2561.0,2,0,1,0,0
0.073525062,45,0,0.485348803,13445.0,8,0,4,0,1
0.710565699,35,0,0.582826897,5100.0,8,0,3,0,3
0.102796834,62,0,0.482103579,5000.0,10,0,2,0,0
0.0,71,4,0.447393706,8325.0,5,2,1,1,0
0.251790554,77,0,0.627093227,4000.0,10,0,1,0,0
0.031293423,65,0,0.267812964,8083.0,9,0,1,0,0
0.686562532,43,2,0.236238188,6666.0,9,0,0,0,0
0.138827844,73,0,0.335654969,7465.0,11,0,1,0,0
0.990377964,55,1,1637.0,5400.0,10,0,0,2,0
0.174754585,53,0,0.318124583,13500.0,17,0,2,0,0
0.339422093,32,0,0.367751318,5500.0,6,0,2,0,2
0.814123917,45,1,0.206860886,5800.0,6,0,1,0,3
0.861209964,40,0,0.146308949,6000.0,3,0,0,0,1
0.494111257,53,0,1843.0,5400.0,17,0,1,0,1
0.058314574,78,1,0.488689627,4906.0,12,0,2,0,0
0.004999821,56,0,0.064794816,4166.0,4,0,0,0,0
0.402099142,49,2,1168.0,5400.0,6,0,1,1,2
0.038949543,51,0,0.161473088,6000.0,5,0,1,0,0
0.0,28,0,0.003735525,2676.0,3,0,0,0,1
0.0,44,0,0.846892249,4166.0,5,0,2,0,2
0.9999999,44,0,0.368767401,3950.0,3,0,1,0,0
0.822431464,28,0,0.243804956,1250.0,4,0,0,0,0
0.056476054,68,0,0.352172982,4670.0,7,0,1,0,1
1.0072782,60,2,0.60689885,6000.0,14,0,2,0,1
0.251497006,33,1,2398.0,0.0,5,1,2,0,1
0.522095581,43,0,0.413989856,14195.0,7,0,4,0,3
0.031096428,61,0,145.0,0.0,16,0,0,0,0
0.071458893,57,0,0.258296681,2500.0,11,0,0,0,0
0.161989064,35,0,0.39457164,5415.0,5,0,2,0,0
0.018385225,76,0,0.239481683,6250.0,12,0,1,0,0
0.379124175,65,0,0.219862586,1600.0,3,0,0,0,0
0.025615312,59,0,0.413643411,3224.0,9,0,0,0,0
0.424739648,34,0,0.217700082,3660.0,8,0,0,0,2
0.053169841,43,0,0.519113573,1804.0,19,0,0,0,2
0.029303074,26,0,20.0,5400.0,1,0,0,0,0
0.083588315,74,0,0.035775968,4052.0,8,0,0,0,0
0.664823167,63,0,8509.0,5400.0,8,0,1,0,0
0.0,85,0,0.185477506,3800.0,9,0,2,0,2
0.705214739,54,0,3830.0,5400.0,7,0,2,0,0
0.093381703,41,0,1.00329967,10000.0,12,0,4,0,2
0.968733182,42,0,0.477593616,4886.0,6,0,0,0,2
0.218063562,46,1,0.144645885,7666.0,11,0,0,0,2
0.0,38,0,0.0,4144.0,1,0,0,0,1
0.769711488,56,1,0.370881226,1304.0,6,0,0,0,2
0.806250618,39,2,0.238185855,3152.0,3,0,0,0,0
0.00359952,74,0,0.0,1500.0,4,0,0,0,0
0.041662541,79,0,0.060144593,6500.0,7,0,0,0,1
0.582637337,49,0,0.171616177,6700.0,6,0,1,0,0
0.019541822,74,0,0.116976605,5000.0,13,0,0,0,0
0.004092661,51,0,0.001250521,7196.0,4,0,0,0,1
0.043626719,54,0,1189.0,5400.0,3,0,1,0,0
0.0,56,0,1.689538808,5333.0,10,0,1,0,3
0.038473009,45,0,0.220674436,14500.0,9,0,4,0,0
0.03592971,48,0,1598.0,5400.0,10,0,1,0,4
0.608595477,36,2,0.779354262,8950.0,20,0,3,0,2
0.043832522,70,0,72.0,5400.0,9,0,0,0,0
0.043720631,42,0,0.311428105,18366.0,25,0,3,0,3
0.04395317,37,0,4685.0,0.0,6,0,1,0,2
0.235300348,66,2,0.615639001,9373.0,21,0,8,0,0
0.072124797,56,0,0.023356996,4366.0,6,0,0,0,0
0.94580841,38,4,4.053177691,770.0,16,0,1,0,2
0.136754269,46,0,0.415189873,3554.0,5,0,1,0,0
0.039283683,74,0,68.0,5400.0,4,0,0,0,0
0.073357106,46,0,0.123412787,4488.0,8,0,1,0,2
0.0,65,0,0.859416446,4900.0,6,0,2,0,2
0.111048405,69,0,0.394123028,8745.0,10,0,2,0,1
0.327227713,58,0,2738.0,5400.0,10,0,1,0,0
0.059065354,62,0,2098.0,5400.0,15,0,1,0,0
0.9999999,25,0,0.0,764.0,1,0,0,0,0
0.014222047,84,0,0.332242583,4583.0,8,0,1,0,0
0.064407763,57,0,0.410510282,11816.0,11,0,3,0,0
0.033012611,59,0,0.395875252,3975.0,17,0,2,0,0
0.019116141,80,0,0.006192442,6297.0,4,0,0,0,0
0.116797941,48,0,0.394781946,5250.0,12,0,1,0,0
0.9999999,60,0,1246.0,5400.0,4,0,1,0,0
0.9999999,45,0,0.479396746,8420.0,5,0,2,0,1
0.044312033,77,0,0.126704236,5500.0,5,0,0,0,0
0.174598875,61,0,0.361911599,9750.0,17,0,2,0,2
0.212189181,36,0,2164.0,5400.0,8,0,1,0,0
0.029808104,79,0,1214.0,5400.0,11,0,1,0,0
0.768106653,40,0,0.152002799,5716.0,4,0,0,0,0
0.024022958,44,0,0.369784565,3666.0,9,0,2,0,0
0.0,77,0,0.0,9536.0,3,0,0,0,0
0.0602435,37,0,1038.0,5400.0,4,0,1,0,0
0.0,59,0,1286.0,5400.0,6,0,1,0,0
0.466982039,58,0,0.749535237,11833.0,22,0,5,1,0
1.352159468,42,0,0.055788591,2383.0,5,1,0,0,2
0.63091623,52,0,0.458205573,7500.0,5,0,2,0,0
0.072370693,47,0,1.159818646,3528.0,8,0,1,1,2
0.033751487,42,2,0.749470713,4250.0,19,0,2,0,2
0.12214445,48,0,0.280053343,10497.0,7,0,2,0,2
0.007249819,74,0,0.145618127,3000.0,5,0,0,0,0
0.062279783,55,0,0.406667092,15658.0,14,1,3,0,0
0.9999999,29,0,0.1919364,1760.0,2,1,0,0,0
0.006713517,43,0,0.372570194,8333.0,9,0,1,0,2
0.9999999,49,0,0.002110447,5685.0,10,0,0,0,3
0.99575892,56,1,0.853945547,4333.0,24,0,1,0,0
0.9999999,63,0,0.0,5400.0,1,0,0,0,0
0.074870804,64,0,0.093766938,1844.0,13,0,0,0,0
0.003180581,73,0,5.0,5400.0,10,0,0,0,0
0.008122827,63,0,0.32264855,10450.0,10,0,2,0,1
0.011859763,87,1,0.003362237,5650.0,3,0,0,0,0
0.064725311,37,0,0.798532879,3816.0,6,0,1,0,1
0.137225094,53,0,0.443981674,2400.0,11,0,0,0,1
0.295315551,64,0,0.457814383,4977.0,5,0,1,0,0
0.020046171,67,0,0.234971249,3825.0,10,0,1,0,0
0.480594963,47,0,2347.0,5400.0,5,0,2,0,0
0.005278602,50,0,0.157463186,5975.0,13,0,1,0,0
0.116873841,71,0,0.311454032,4600.0,16,0,1,0,0
0.586110347,63,0,0.103736264,6824.0,5,0,0,0,0
0.0,49,0,0.608462542,6900.0,12,0,2,0,0
0.24865096,89,0,0.200609963,2950.0,6,0,0,0,0
0.133243944,37,0,0.547300164,16500.0,11,0,4,0,2
0.001144383,47,0,0.21291805,3916.0,12,0,1,0,3
0.003671376,83,0,0.001999334,3000.0,15,0,0,0,1
0.150299383,25,0,0.2290024,2916.0,7,0,0,0,1
0.9999999,49,0,0.0,5400.0,0,0,0,0,0
0.011732812,73,0,0.016564952,4587.0,4,0,0,0,0
0.474714767,42,0,0.930523918,8779.0,15,0,4,0,3
0.098297073,31,0,0.225777422,10000.0,12,0,1,0,3
0.360884323,34,0,1855.0,5400.0,7,0,1,0,4
0.107192854,24,0,344.0,5400.0,3,0,0,0,0
0.205434406,50,0,0.034003831,2087.0,3,0,0,0,0
0.347879761,34,0,0.027035674,6250.0,6,0,0,0,2
0.005710379,67,1,0.772260683,4188.0,16,0,4,0,0
0.252041402,65,0,0.366336634,10200.0,14,0,1,0,0
0.802488336,28,2,0.784189005,2200.0,15,1,0,0,0
0.032094161,36,0,0.077268123,6910.0,10,0,0,0,0
0.013760783,56,1,0.16294964,5559.0,7,0,1,0,3
0.032381401,43,0,0.28405863,8800.0,5,0,1,0,0
0.0,82,0,0.0,5400.0,5,0,0,0,0
0.9999999,70,0,0.0,5400.0,1,0,0,0,0
0.003215335,85,0,0.000907112,5511.0,5,0,0,0,0
0.196980302,55,0,0.021843762,2700.0,3,0,0,0,0
0.008556481,76,0,1604.0,5400.0,4,0,1,0,0
0.0,24,1,0.601156069,864.0,3,0,0,0,0
0.096850122,51,0,0.600254499,5500.0,12,0,1,0,0
0.54596697,49,0,0.707693363,14583.0,10,0,2,0,0
0.583225503,33,0,651.0,5400.0,5,0,1,0,1
0.040159147,76,0,0.290697674,429.0,12,0,0,0,0
0.239234741,75,0,0.40597859,4950.0,8,0,1,0,0
0.010572106,70,0,0.544291142,5000.0,12,0,1,0,0
0.441586028,59,0,0.564645492,3116.0,14,0,2,0,1
0.823108845,56,0,0.939782191,1560.0,4,0,1,0,0
0.745025604,45,1,0.448337292,3367.0,13,0,0,1,2
0.101898102,44,0,3.0,5400.0,1,0,0,0,0
0.169067056,86,0,0.076589323,5300.0,7,0,0,0,0
0.561506854,61,0,5743.0,5400.0,13,0,1,0,0
0.894736842,30,2,40.0,5400.0,3,0,0,0,0
0.038507785,37,0,0.021885031,3426.0,9,0,0,0,0
0.0029577,69,0,0.30556419,3216.0,5,0,2,0,0
0.078549385,46,0,0.412431843,4584.0,9,0,2,0,1
0.073643022,71,0,0.365880824,5386.0,6,0,1,0,0
0.097392238,55,0,0.461956004,10500.0,13,0,4,0,0
0.758419326,45,4,0.350392992,16666.0,6,2,2,2,1
0.025870768,63,0,25.0,5400.0,3,0,0,0,0
0.0,33,1,0.804195804,1000.0,9,0,0,0,0
0.170232107,66,0,5.639694656,4584.0,5,0,1,0,0
0.065053697,44,0,0.193939394,3629.0,8,0,0,0,2
0.777379493,56,0,0.378770205,6000.0,5,0,2,0,0
0.133586641,70,0,0.372342665,4750.0,8,0,1,0,0
0.187081292,45,0,2238.0,5400.0,3,0,1,0,0
0.071397213,52,0,6964.0,5400.0,6,0,2,0,0
0.144825459,27,0,0.199726402,2923.0,5,0,0,0,2
0.065313354,51,0,0.318490868,7500.0,9,0,1,0,0
0.141278116,38,0,0.391339129,18750.0,11,0,3,0,4
0.017009623,49,0,0.168328874,4110.0,11,0,1,0,3
0.394596204,65,0,0.262950497,12180.0,14,0,2,0,1
0.367887243,65,0,0.404555315,3687.0,11,0,2,0,1
0.00862874,36,0,0.690363788,3600.0,12,0,2,0,2
0.025344957,34,0,13.0,5400.0,5,0,0,0,0
0.0059831,64,0,0.126387361,10000.0,20,0,1,0,0
0.105064665,47,0,0.284914638,3572.0,6,0,1,0,2
0.007924802,57,0,9.0,5400.0,1,0,0,0,0
0.023421207,26,0,530.0,5400.0,3,0,0,0,0
0.061513085,67,0,2571.0,5400.0,16,0,2,0,1
0.03227563,45,0,0.361210094,13750.0,13,0,1,0,3
0.013105825,57,1,2539.0,5400.0,5,0,1,0,0
0.079423304,80,0,0.261936516,3748.0,9,0,1,0,0
0.461199516,41,0,0.226718219,15000.0,12,0,0,0,3
0.027590711,72,0,0.064308682,310.0,2,0,0,0,0
0.837010254,51,0,0.478347146,8566.0,12,0,1,0,1
1.506352087,45,1,0.05317991,6430.0,3,0,0,0,1
0.9999999,39,0,0.362545818,3000.0,1,0,1,1,2
0.22550045,54,0,0.412764539,6000.0,8,0,1,0,0
0.193749419,51,0,0.345836629,8850.0,5,0,2,0,2
0.001651175,68,0,583.0,5400.0,13,0,1,0,0
0.9999999,29,0,0.263742365,1800.0,2,4,0,1,0
0.849727543,47,2,1999.0,5400.0,8,0,2,0,0
0.146918077,61,0,0.224387363,13547.0,7,0,1,0,2
0.348359549,42,0,2114.0,5400.0,14,0,1,0,0
0.113628703,54,0,0.245379222,7844.0,4,0,1,0,3
0.0037667,51,0,0.00098668,2026.0,8,0,0,0,1
0.606197172,46,0,0.60147684,4468.0,7,0,1,0,2
0.079043722,80,1,0.5956011,4000.0,8,0,2,0,1
1.033916017,41,2,5015.0,5400.0,7,0,2,0,0
0.313064044,66,1,0.297492033,7216.0,10,0,2,1,1
0.77463439,49,0,0.410157257,3878.0,5,0,1,0,0
0.184041619,47,0,0.402612827,5051.0,5,0,1,0,1
0.038907599,35,0,2703.0,5400.0,13,0,1,0,0
0.036382727,58,0,717.0,5400.0,8,0,1,0,0
0.030383225,50,0,0.259894852,10080.0,13,0,2,0,3
0.111627972,39,0,0.509037303,7800.0,12,0,2,0,1
0.783804506,52,0,0.805872412,4733.0,14,0,2,0,3
0.023060751,49,0,0.870851659,2500.0,11,0,3,0,1
0.532624327,62,1,1155.0,5400.0,6,0,0,0,0
0.0097369,48,0,0.211789353,10500.0,5,0,1,0,0
0.021120152,59,0,0.52295082,5489.0,9,0,2,0,0
0.014952992,60,0,0.006718925,3571.0,6,0,0,0,0
0.558083684,49,0,0.583745451,10716.0,9,0,2,0,2
0.0,36,0,0.532975231,3350.0,7,0,1,0,0
0.9999999,50,0,0.31934033,2000.0,2,3,0,0,0
0.9999999,75,0,0.003651856,3285.0,1,0,0,0,0
0.020955593,72,0,0.123875225,3333.0,10,0,0,0,0
0.684619656,39,1,0.128387383,2250.0,4,0,0,1,2
0.144321392,60,0,0.204143669,12500.0,9,0,1,0,1
0.055462969,50,0,0.057698338,3188.0,2,0,0,0,1
0.617285342,64,0,2119.0,5400.0,13,0,0,0,4
0.143694067,49,3,0.508748542,6000.0,10,0,1,1,0
0.080648329,60,0,0.469263257,4261.0,13,0,2,0,0
0.98294218,30,0,0.132361085,5416.0,3,0,0,0,0
0.17362721,62,0,0.123917388,3001.0,9,0,2,0,0
0.0,66,0,0.0,5000.0,7,0,0,0,0
0.048154048,63,0,12614.0,5400.0,20,0,9,0,0
0.000871786,62,0,3455.0,5400.0,12,0,2,0,0
0.000139528,56,0,0.344389963,10400.0,7,0,2,0,0
0.004614687,69,0,0.10903759,3750.0,20,0,1,0,0
0.282728757,52,0,0.470407795,11083.0,13,0,2,0,3
0.629171354,36,0,254.0,1.0,3,0,0,0,2
0.439973334,52,0,0.306038895,12700.0,6,0,2,0,4
0.817841582,45,2,2710.0,5400.0,16,0,2,0,4
0.144373673,45,0,2384.0,5400.0,4,0,1,0,0
0.686573383,48,1,0.118600241,5800.0,7,0,1,0,2
0.225053816,63,0,0.050016031,3118.0,5,0,1,0,0
0.003153725,73,0,2.0,5400.0,1,0,0,0,0
0.050938622,56,0,0.219197047,6500.0,9,0,2,0,0
0.738250716,54,0,0.691802342,3500.0,8,0,1,0,0
0.9999999,54,0,0.241436139,16989.0,5,0,1,0,1
0.70857316,25,0,0.052451148,2916.0,3,0,0,0,2
0.213954018,51,0,0.271143004,1950.0,7,0,0,0,0
0.033753031,51,0,0.452008586,3260.0,7,0,1,0,2
0.340659341,69,0,0.213487198,2772.0,4,0,0,0,0
1.069318054,31,2,0.512878921,5706.0,7,0,1,0,1
0.351849521,61,0,0.306215203,8800.0,11,0,2,0,0
0.002269143,44,0,0.435015415,6162.0,6,0,2,0,1
0.326920637,70,0,1884.0,5400.0,10,0,1,0,0
0.161870182,54,0,0.098891111,5500.0,4,0,0,0,0
0.199083513,39,1,0.562594992,12500.0,8,0,4,0,1
0.652207038,87,0,1.088182517,3900.0,11,0,1,0,0
0.252015977,46,0,0.309625821,3500.0,14,0,0,1,0
0.405612157,38,0,1038.0,5400.0,8,0,1,0,2
0.8765622,50,0,0.446730006,10840.0,4,0,2,0,4
0.042771993,85,0,0.014262821,6239.0,6,0,0,0,0
0.008817562,45,0,0.224432852,8242.0,8,0,1,0,1
0.028851958,40,0,0.006024096,3485.0,4,0,0,0,2
0.136763971,50,0,0.589717485,3928.0,9,0,2,0,0
0.588909712,38,0,0.279023261,9500.0,6,0,1,0,0
0.007940437,46,0,0.386401511,9000.0,9,0,1,0,8
0.739142029,51,0,0.412198475,8000.0,13,0,1,0,2
0.068152467,38,0,1206.0,5400.0,7,0,1,0,0
0.052285843,35,0,0.693657356,9916.0,8,0,2,0,2
0.083690239,67,0,4130.0,5400.0,26,0,2,0,0
0.01040548,68,0,811.0,5400.0,8,0,1,0,0
0.293719042,54,2,0.304464005,6361.0,17,0,1,0,0
0.062759803,60,0,66.0,5400.0,10,0,0,0,0
0.040578525,63,0,1.76133829,1344.0,12,0,2,0,0
0.9999999,48,0,0.0,5400.0,0,1,0,0,0
0.025449074,71,0,0.082547843,3500.0,8,0,0,0,1
0.001244389,83,0,0.345263158,949.0,12,0,0,0,0
0.615040409,39,0,0.441711658,5000.0,10,0,1,0,2
0.069941883,52,0,0.1759223,12766.0,8,0,1,0,3
0.755456866,63,0,0.759859772,5704.0,15,0,1,0,0
0.115325176,56,0,0.447777642,8166.0,13,0,2,0,0
0.084544524,50,0,0.417608103,7700.0,13,0,3,0,0
0.323516932,55,0,0.571553229,4583.0,12,0,2,0,0
0.332355926,33,0,0.33698121,4842.0,10,0,2,0,0
0.0,64,0,2404.0,5400.0,6,0,1,0,0
0.014292024,53,1,0.844053679,2160.0,16,0,1,0,0
0.028799114,56,0,1119.0,5400.0,5,0,1,0,0
0.210621011,33,0,0.590081984,5000.0,11,0,2,0,0
0.271311393,58,0,0.132886711,10000.0,11,0,0,0,0
1.113772455,23,0,0.006765328,2364.0,1,0,0,0,0
0.343970479,50,0,0.252597302,6448.0,9,0,0,0,0
0.043246631,68,0,0.019797624,2272.0,3,0,0,0,0
0.268583038,72,0,0.517214397,3833.0,7,0,2,0,0
0.044300075,66,0,0.65089701,7524.0,13,0,2,0,1
0.338302127,39,0,0.265900108,2782.0,8,0,0,0,2
0.9999999,38,1,299.0,5400.0,1,0,0,0,0
0.127070887,40,0,0.110607718,6400.0,9,0,0,0,1
0.991008991,24,1,250.0,5400.0,8,0,0,1,0
0.0,44,0,0.361219898,12000.0,7,0,3,0,4
0.217957963,41,0,4623.0,5400.0,43,0,3,0,1
0.393835333,62,0,0.401963458,11000.0,17,0,1,0,1
0.0,80,0,0.0,100.0,3,0,0,0,0
0.047645622,53,0,0.287624505,7328.0,10,0,1,0,0
0.452527285,62,0,0.34418221,15761.0,10,0,2,0,2
0.0,61,0,2165.0,5400.0,5,0,1,0,0
0.258409292,53,1,0.646501841,1900.0,11,0,1,0,2
0.297076954,56,0,0.349332126,8833.0,9,0,1,0,2
0.149396265,31,0,0.598100475,4000.0,5,0,2,0,0
0.055270002,54,0,0.198538235,9166.0,40,0,0,1,0
0.085265935,28,0,0.249219238,1600.0,5,0,0,0,0
0.069186163,50,0,0.348869405,6500.0,4,0,1,0,1
0.104812048,43,0,0.350122618,5300.0,4,0,1,0,1
0.027998445,81,0,0.734106357,2500.0,9,0,1,0,0
1.031193761,49,0,0.567875951,3417.0,5,0,1,0,1
0.04905091,35,0,0.753219337,4736.0,6,0,2,0,0
1.011511634,62,0,1.696655133,2600.0,11,0,1,0,0
0.922051965,30,0,0.114186851,2600.0,4,0,0,0,0
0.107930493,71,0,0.493775934,3614.0,7,0,2,0,0
0.05057914,43,0,2376.0,5400.0,6,0,1,0,3
0.143305869,42,0,0.422381468,12000.0,10,0,3,0,1
0.0,60,0,0.861982783,3600.0,7,0,1,0,1
0.9999999,56,0,0.192001632,4900.0,2,0,0,0,1
0.064221471,51,0,2259.0,5400.0,14,0,1,0,0
0.06258665,63,1,0.495056931,14666.0,13,0,2,0,0
0.00961964,63,2,1981.0,5400.0,21,0,0,0,2
0.01571864,49,0,1797.0,5400.0,5,0,1,0,0
0.028440999,89,0,0.003199573,7500.0,2,0,0,0,0
0.9999999,41,0,0.158531043,11000.0,3,0,1,0,2
0.513103587,32,0,0.532580569,4250.0,10,0,1,0,1
0.168558935,52,0,0.494785632,6040.0,18,0,1,0,0
0.01777325,74,0,34.0,5400.0,9,0,0,0,0
0.27919009,56,0,0.6809976,9582.0,13,0,1,0,0
0.314137173,45,0,0.556756757,1664.0,4,0,1,0,3
0.104317914,44,0,0.553618298,5333.0,4,0,2,0,0
0.053698292,35,0,0.180250553,6784.0,11,0,0,0,3
0.642942468,68,0,2964.0,5400.0,4,0,1,0,2
0.547821442,48,0,7934.0,5400.0,22,0,2,0,3
0.082541703,35,0,0.331567253,5850.0,5,0,1,0,2
0.019844275,82,0,0.009196812,3261.0,4,0,0,0,0
0.000140843,34,0,0.150713849,18000.0,14,1,1,0,3
0.9999999,29,2,0.356211004,3525.0,2,1,1,1,3
0.008221103,71,0,0.079592041,10000.0,13,1,1,0,1
0.041549499,48,0,0.389816037,12882.0,8,0,2,0,2
0.155979874,41,0,0.117176565,5000.0,4,0,0,0,1
0.568474008,40,0,0.190653336,4300.0,6,0,0,0,2
0.058798977,47,1,0.236373305,3760.0,11,0,1,0,1
0.133773245,47,0,0.27024865,15000.0,9,0,2,0,1
0.067664411,43,0,87.0,5400.0,2,0,0,0,0
0.013441542,62,0,0.100816531,6000.0,7,0,0,0,0
0.013910662,74,0,1012.0,5400.0,11,0,2,0,0
0.121842375,57,0,0.251514277,10400.0,10,0,2,0,2
0.9999999,57,0,0.13754797,4950.0,1,1,0,0,2
0.900166389,43,1,751.0,5400.0,3,0,0,0,0
0.054765018,39,0,0.315265487,3615.0,7,0,1,0,2
0.075175063,34,0,0.292933619,7004.0,5,0,1,0,2
0.027900086,77,0,0.367852859,2500.0,10,0,1,0,0
0.030701549,44,0,0.363464209,7920.0,8,0,2,0,3
0.076566085,63,0,0.642226296,6000.0,8,0,1,0,1
1.302855238,61,0,0.123576784,3600.0,8,0,0,0,0
0.517406283,73,0,0.793606456,12887.0,18,0,4,0,0
0.6525909,50,3,0.236929186,3021.0,8,0,0,0,0
0.9999999,42,1,0.571473207,6400.0,4,0,2,0,2
0.024799173,51,0,0.188505347,11500.0,4,0,2,0,3
0.12934994,58,0,0.248645946,12000.0,13,0,1,0,3
0.044144165,57,0,0.418395401,4000.0,6,0,1,0,1
0.05029385,55,0,0.218759771,9594.0,12,0,2,0,2
0.805539815,71,0,0.319925599,4300.0,4,0,0,0,0
0.242922317,44,0,0.358650504,11796.0,9,0,2,0,3
0.9999999,39,0,0.171625803,4200.0,2,0,0,0,0
0.071709334,71,0,0.316742081,1325.0,14,0,0,0,0
0.058335772,34,0,0.430247718,2300.0,5,0,1,0,2
0.616655728,55,1,0.534325082,8200.0,11,0,2,0,0
0.378327328,61,0,0.736870168,3750.0,8,0,1,0,1
0.198048603,43,0,0.424648649,4624.0,11,0,2,0,0
0.438341488,37,1,0.330395573,4878.0,6,1,1,1,2
0.55744035,56,0,0.944459872,3600.0,12,0,1,0,2
0.9999999,41,0,0.0,5400.0,0,0,0,0,0
0.134546692,67,0,0.357762599,5416.0,10,0,2,0,0
0.928592687,54,0,2.367444074,2100.0,18,0,2,1,2
0.001859265,56,0,16.0,5400.0,14,0,0,0,0
0.011939289,64,0,43.0,5400.0,8,0,0,0,0
0.018157364,56,0,0.462563875,4500.0,24,0,1,0,0
0.175066869,65,0,0.361835841,5250.0,13,0,2,0,0
0.051357908,53,0,2412.0,5400.0,5,0,3,0,0
0.65813111,46,0,0.102979404,5000.0,11,0,0,0,2
0.60814601,61,3,0.154684096,17900.0,17,0,1,0,1
0.9999999,35,1,0.117576485,5000.0,5,2,0,1,0
0.891777685,43,0,2.284779051,2443.0,10,7,2,0,2
0.160391676,50,0,534.0,5400.0,2,0,0,0,0
0.288179979,37,0,1.866096866,701.0,7,0,0,0,0
0.764522174,23,0,0.283143371,1666.0,5,0,1,0,0
0.002380839,74,0,0.000220361,4537.0,6,0,0,0,0
0.017474073,69,0,1053.0,5400.0,15,0,0,0,0
0.045825696,88,0,0.003331945,2400.0,1,0,0,0,0
0.600498823,46,0,0.656268746,5000.0,21,0,2,0,0
0.111825212,67,0,0.52851129,5225.0,14,0,1,0,1
0.088755885,61,0,0.236070947,10373.0,8,0,4,0,0
0.087873055,33,0,0.295576275,5040.0,15,0,1,0,3
0.322733863,42,0,1511.0,5400.0,9,0,1,0,0
9.74e-05,77,0,0.0,7300.0,3,0,0,0,0
0.31750943,62,0,0.744654669,6500.0,20,0,1,0,0
0.19320453,23,0,0.008602151,929.0,2,0,0,0,0
0.579439539,39,0,0.66237783,8082.0,23,0,2,0,2
0.021016727,40,0,0.182401467,12000.0,13,0,1,0,1
0.138909413,55,0,0.443022791,2500.0,9,0,2,0,0
0.856311939,39,0,0.33561891,11083.0,10,0,1,0,1
0.009363211,63,0,0.491612302,8583.0,11,0,4,0,1
0.501327836,73,0,0.545896812,7810.0,18,0,1,0,0
0.796000088,43,1,0.600037732,10600.0,13,0,2,0,2
0.001388865,77,0,915.0,5400.0,8,0,1,0,0
0.022030087,52,0,0.401262215,4911.0,11,0,1,0,3
0.805322667,48,4,0.69047619,7307.0,14,0,2,2,4
0.548022599,71,0,0.466186107,7629.0,8,0,1,0,0
0.025749356,64,0,0.002856871,10500.0,1,0,0,0,0
0.478152488,43,1,0.278303673,5281.0,6,0,1,1,3
0.20579412,65,0,216.0,5400.0,3,0,0,0,0
0.016666088,49,0,1.413549388,5800.0,13,0,8,0,4
1.023784902,23,0,0.017796441,5000.0,1,0,0,0,2
0.110199584,33,0,0.245877061,2000.0,7,0,0,0,0
0.206749838,39,0,3304.0,5400.0,7,0,1,0,0
0.9999999,45,0,0.045489255,9166.0,9,0,0,0,1
0.018038323,51,0,0.203967365,6250.0,23,0,2,0,0
0.263007965,56,0,0.333232124,6586.0,13,0,1,0,0
0.062275007,59,0,2244.0,0.0,10,0,2,0,0
0.0,54,0,1.115964639,1922.0,6,0,1,0,0
0.294904772,64,2,0.373125375,5000.0,11,0,1,0,1
0.697030297,63,1,0.30845168,5773.0,7,0,1,0,0
0.133175461,65,1,0.215749198,4050.0,19,0,0,0,1
0.647252767,38,1,0.455087889,6200.0,13,0,1,0,0
0.600025395,53,1,0.456743869,2935.0,8,0,1,0,1
0.0,33,2,0.09107435,5500.0,7,0,0,0,0
0.9999999,37,0,0.208961474,2387.0,2,0,0,0,0
0.050312168,41,0,0.117403672,11600.0,4,0,1,0,3
0.012314493,80,0,0.002997003,1000.0,2,0,0,0,1
0.740518962,40,1,0.153105255,12977.0,5,0,1,0,0
0.021529695,53,0,1313.0,5400.0,15,0,1,0,0
0.937876941,36,1,0.457056308,11223.0,6,1,2,0,0
0.006243075,65,0,0.200265716,14300.0,5,0,1,0,0
0.135050879,27,0,0.391721656,3333.0,11,0,0,0,0
0.725709716,63,0,0.012029405,4488.0,2,1,0,0,0
0.98296624,61,0,0.437426488,8501.0,8,0,2,0,1
0.008686923,46,0,0.257551837,9500.0,8,0,2,0,4
0.026788997,62,0,0.40545809,5642.0,19,0,5,0,0
0.278832052,56,0,0.038297006,4908.0,3,0,0,0,0
0.358227611,42,0,0.290460226,3280.0,6,0,0,0,5
0.240715893,60,0,0.400098345,6100.0,11,0,1,0,0
0.488151185,73,0,0.141038305,18221.0,6,0,2,0,0
0.005841295,46,1,0.247597078,2600.0,8,1,0,0,2
0.582402335,51,0,0.328383581,20000.0,22,0,2,0,4
0.510573193,59,4,0.155579256,7500.0,8,0,0,0,0
0.816480264,39,0,0.784897685,10408.0,22,0,5,0,0
0.266764431,60,0,1294.0,5400.0,3,0,1,0,0
0.079620937,55,0,0.483152484,1750.0,5,0,1,0,2
0.094878347,48,0,0.930023326,3000.0,11,0,2,0,3
0.641080721,62,0,0.816797416,4333.0,8,0,1,0,0
0.577474175,22,0,0.062365591,929.0,4,0,0,0,0
0.365547546,82,1,0.218296951,6000.0,16,0,0,0,0
0.014661077,34,0,0.065315916,3750.0,6,0,0,0,0
0.131475946,55,0,0.876472199,3650.0,15,0,1,0,1
0.086325356,44,1,0.372579975,12034.0,10,0,2,0,2
0.912924362,65,0,0.83368846,8916.0,10,0,5,0,0
0.063888706,56,0,2989.0,5400.0,4,0,1,0,0
0.495252374,36,0,702.0,5400.0,5,0,0,1,0
0.11981507,56,0,0.250441956,8484.0,15,0,1,0,2
0.9999999,34,0,43.0,5400.0,0,2,0,0,0
0.664575948,44,0,0.679175476,3783.0,7,0,2,0,0
0.036507131,75,0,0.249797054,8622.0,9,0,2,0,0
0.091492072,68,0,0.179419157,7161.0,6,0,2,0,0
0.04585685,48,0,5786.0,5400.0,18,0,1,0,0
0.248092494,51,1,0.524491682,6491.0,8,0,1,0,6
0.0,62,0,0.015462869,58979.0,2,0,1,0,1
0.503856041,64,0,1.206393329,2877.0,11,10,1,2,0
0.003942737,73,0,0.063752047,7936.0,8,0,0,0,0
0.318037332,64,0,2.236508994,1500.0,19,0,1,0,0
0.550818123,47,0,0.283585821,20000.0,9,0,2,0,5
0.26879328,49,0,0.397433761,6000.0,12,0,1,0,2
0.115088491,38,0,0.132373525,5000.0,5,0,0,0,0
0.159106619,43,0,0.328207593,2080.0,7,0,0,0,0
0.0,48,1,0.560394784,11043.0,7,0,3,0,3
0.900885461,48,0,0.109188774,2600.0,8,0,0,0,0
0.184198001,35,1,977.0,0.0,4,0,1,0,2
0.0,44,0,0.062393647,3525.0,5,0,0,0,1
0.002919473,63,0,1260.0,5400.0,5,0,1,0,0
0.076537813,57,0,1918.0,5400.0,13,0,1,0,1
0.941185958,52,0,1.231449443,2600.0,9,0,1,0,0
0.063351606,52,0,0.266107588,14666.0,15,0,1,0,5
0.139675167,56,0,0.893643032,1635.0,12,0,0,0,0
0.271823723,60,1,0.344250991,5800.0,15,0,1,0,2
0.07451091,44,0,0.330065912,5916.0,10,0,1,0,1
0.944035551,53,0,0.116678429,4250.0,5,0,0,0,1
0.097988109,52,0,0.249820917,5583.0,11,0,1,0,1
0.236323851,45,0,0.144642768,20000.0,7,0,1,0,4
0.021442773,70,0,0.412521773,10333.0,18,0,3,0,0
0.676082582,43,0,0.574194625,5990.0,7,0,2,0,2
0.278252617,47,0,0.721078057,3932.0,20,0,2,0,0
0.000694425,47,2,0.538730635,2000.0,7,0,1,0,1
0.425534154,30,0,11.25870647,200.0,6,0,2,0,0
0.9999999,31,0,0.726061615,1200.0,4,0,1,0,1
0.089004461,66,0,761.0,5400.0,7,0,1,0,0
0.0,62,0,1835.0,5400.0,9,0,1,0,0
2.089446414,39,0,0.2531962,14000.0,7,0,1,0,2
0.0,49,0,2.085131894,833.0,6,0,1,0,2
0.447762376,32,0,0.383489321,8333.0,31,0,1,0,0
0.046038897,43,0,0.002092415,5734.0,2,0,0,0,1
0.895728527,52,2,49112.0,0.0,16,0,1,0,0
0.014319427,72,0,0.228097622,3195.0,9,0,1,0,0
0.178782461,46,0,2880.0,5400.0,4,0,1,0,0
0.9999999,34,0,0.335460812,3916.0,6,0,2,0,3
0.014865676,85,0,0.001123596,5339.0,4,0,0,0,0
0.013228538,45,0,0.325152578,7700.0,7,0,1,0,2
0.373588114,41,0,0.183211193,1500.0,4,0,0,0,0
0.708458975,49,2,0.214197404,9705.0,12,0,0,2,4
0.0,66,0,0.0,5400.0,4,0,0,0,0
0.258161927,66,0,0.481724307,6100.0,11,0,1,1,2
0.0,30,1,0.217105263,1975.0,5,0,0,0,0
0.072431428,46,0,0.310551865,7827.0,17,0,2,0,3
0.0,37,0,0.226088696,20000.0,7,0,2,0,0
0.159339833,71,0,1689.0,5400.0,13,0,1,0,0
0.049408948,46,1,1587.0,5400.0,7,0,1,0,0
0.056573137,45,0,0.253222503,8300.0,11,0,2,0,2
0.045247738,70,0,27.0,5400.0,3,0,0,0,0
0.090318203,41,1,0.212306836,7182.0,15,0,2,0,0
0.9999999,32,0,0.031945789,2065.0,1,2,0,1,0
0.089372562,49,0,973.0,5400.0,10,0,1,0,1
0.230636531,58,0,0.239480928,2542.0,5,0,0,0,0
0.387766386,54,0,0.594931992,5366.0,10,0,1,0,1
0.452690992,32,0,0.261684579,4000.0,9,0,0,0,0
0.94463168,28,1,0.864819829,4800.0,14,0,2,0,1
0.772528434,35,0,0.678534393,2892.0,9,0,1,0,2
0.406657206,30,0,0.089569601,7736.0,6,0,0,0,0
0.08884835,36,0,0.224265323,11909.0,9,0,1,0,1
0.391611038,37,0,0.312105702,8400.0,9,0,2,0,2
0.9999999,28,0,0.058439062,2600.0,2,2,0,0,2
0.0,67,0,0.44403183,1884.0,7,0,1,0,0
0.011253032,44,0,0.103675261,7291.0,4,0,1,0,1
0.884297318,64,0,0.312797766,6086.0,9,0,1,0,0
0.033205752,39,0,0.369663058,8220.0,7,0,1,0,3
0.007012524,59,0,0.701549742,6000.0,14,0,2,0,0
0.90290243,39,0,0.329758226,5500.0,12,2,0,1,2
0.249598286,36,0,0.093339375,2206.0,3,0,0,0,0
0.025271614,64,0,0.006462627,8200.0,7,0,0,0,0
0.107189281,39,0,0.305242108,7000.0,11,0,0,0,0
0.911711295,38,1,0.143121816,6476.0,12,0,0,0,0
0.279431757,39,0,0.812837433,5000.0,14,0,2,0,2
0.737651598,53,0,3648.0,5400.0,8,0,2,0,0
0.582141786,57,0,0.11064989,7708.0,5,3,0,1,0
0.053187057,55,2,0.630754163,2041.0,4,0,1,0,0
0.104059248,63,0,0.240854551,6833.0,15,0,2,0,0
0.018009672,43,0,0.258372808,12032.0,11,0,1,0,3
0.168908863,69,0,0.389230483,5366.0,17,0,2,0,0
0.00518827,64,0,0.001274697,7844.0,6,0,0,0,1
0.152523668,49,1,0.314114314,6000.0,20,0,2,0,3
0.044351313,50,1,858.0,5400.0,6,0,1,0,0
0.012455368,68,0,0.006304657,4916.0,9,0,0,0,1
0.051083014,71,0,0.015085073,5700.0,6,0,0,0,0
0.9999999,56,0,0.206717226,4614.0,2,0,1,0,0
0.22465169,47,0,0.13259365,9102.0,8,0,1,0,4
0.021268413,73,0,0.832083958,2000.0,6,0,2,0,1
0.072046398,81,0,43.0,5400.0,1,0,0,0,0
0.005153648,41,0,4.0,5400.0,2,0,0,0,0
0.009147508,75,0,22.0,5400.0,4,0,0,0,0
0.123441753,47,0,3243.0,5400.0,14,0,3,0,0
0.353638175,43,0,0.367397767,12446.0,11,0,2,0,3
0.011950322,81,0,0.095588235,135.0,7,0,0,0,0
0.981552652,54,0,0.561500276,3625.0,7,0,1,0,0
0.863939366,35,2,0.16705008,5650.0,8,0,0,0,1
0.354107649,29,0,0.099450275,2000.0,2,0,0,0,0
0.067260319,58,0,0.0109978,5000.0,3,0,0,0,0
0.436784579,38,0,4287.0,5400.0,14,0,2,0,0
0.737315671,50,1,0.216323398,7816.0,5,0,1,0,2
0.882141191,61,0,0.773111829,6500.0,6,0,2,0,0
0.017602056,82,0,0.007807364,12167.0,14,0,0,0,0
0.005137754,74,1,4.0,5400.0,3,0,0,0,0
0.514619883,63,0,0.211334201,14592.0,10,0,1,0,0
0.222989075,37,1,0.453777252,5916.0,11,0,2,0,0
0.22693821,39,1,0.919955085,6233.0,15,0,2,0,2
0.156622125,49,0,0.00959729,5313.0,3,0,0,0,1
0.53308334,41,0,0.110865809,10417.0,11,0,0,2,2
0.0,83,0,848.0,5400.0,4,0,0,0,0
0.012461753,54,0,0.222196691,4351.0,11,0,1,0,0
0.033628384,45,0,27.0,5400.0,5,0,0,0,0
0.931653198,80,0,0.190402133,4500.0,3,0,0,0,0
0.113461624,59,0,0.096060166,11700.0,4,0,1,0,2
1.107583774,30,3,0.535576923,4159.0,12,2,1,2,2
0.616946102,63,0,0.747164049,4583.0,9,0,2,0,0
1.00614198,39,3,1.696086595,1200.0,5,0,1,3,2
0.240762311,55,0,1682.0,5400.0,7,0,2,0,1
0.000199,63,0,0.472870284,7500.0,10,0,2,0,0
0.000991436,68,0,0.204843368,4500.0,7,0,0,0,0
0.976540123,48,0,0.624673127,6500.0,13,0,1,1,2
0.125630288,29,0,0.395292066,5734.0,6,0,1,1,3
0.9999999,49,0,2720.0,5400.0,6,0,2,0,0
0.851575737,52,3,0.648776638,3800.0,10,3,2,0,1
0.056352979,77,1,0.332643916,2900.0,16,0,2,0,0
0.456015111,51,0,0.426801362,17916.0,14,0,2,0,2
0.616194195,76,0,0.612969847,2420.0,7,0,0,0,1
0.505318021,42,0,0.285198556,13018.0,13,0,3,0,3
0.595727038,28,0,0.28422024,3250.0,8,0,0,0,0
0.182440878,61,0,0.215892567,11690.0,8,0,3,0,0
0.12186867,57,0,0.383625951,10650.0,9,0,2,0,0
0.003324917,61,0,0.289073748,6250.0,4,0,1,0,0
0.197964738,49,1,0.120712741,9708.0,7,0,2,0,2
0.421915617,61,0,0.10670574,5800.0,4,0,0,0,0
0.712050745,43,0,0.657153245,5500.0,20,0,2,0,1
0.113515587,56,0,0.346122544,8600.0,11,0,2,0,2
0.796524085,36,0,0.294341132,5000.0,7,0,0,0,1
0.554381521,55,0,0.29240434,1750.0,6,0,0,0,0
0.383910485,32,0,1101.0,5400.0,10,0,1,0,0
0.035499014,59,0,0.434782609,1931.0,6,0,2,0,0
0.0,61,0,0.023171286,2200.0,11,0,0,0,0
1.005994006,43,0,0.18118983,4050.0,7,1,0,0,3
1.009477437,59,0,0.085659528,12000.0,5,0,0,0,1
0.068960496,59,0,2307.0,5400.0,8,0,2,0,0
0.223312066,30,3,0.601499583,3600.0,8,0,1,0,0
0.959657265,50,1,0.030206339,4700.0,4,0,0,0,0
0.032654621,59,0,94.0,5400.0,6,0,0,0,0
0.022091951,52,0,0.325107716,5105.0,17,0,1,0,0
0.078856986,60,2,0.766718507,4500.0,19,0,2,0,0
0.9999999,42,0,0.120575885,3333.0,1,4,0,1,1
0.425488921,55,1,0.320930995,6100.0,13,1,0,0,2
0.257902583,54,0,3133.0,5400.0,9,0,2,0,0
0.061872818,51,1,2.2041399,1400.0,16,0,3,0,1
0.740185231,73,0,0.640628721,4198.0,7,0,2,0,0
0.022032426,77,0,633.0,5400.0,12,0,0,0,0
0.004951216,43,0,0.47913826,3666.0,11,0,2,0,2
0.073757824,63,1,0.392101316,6000.0,15,0,1,0,0
0.667622644,47,0,0.714985931,11016.0,20,0,2,0,0
0.223530906,41,0,19378.0,5400.0,19,0,6,0,0
0.643087038,58,0,0.592033647,8083.0,12,0,1,0,0
0.408239326,50,0,0.050548535,7200.0,7,0,0,0,0
0.559413894,62,1,4456.0,5400.0,18,0,3,0,0
0.5405702,60,0,0.62556801,3300.0,11,0,2,0,2
0.454854515,45,0,0.1424718,4077.0,1,0,0,0,0
0.490438708,67,0,0.513795844,8806.0,11,0,1,0,0
0.103712371,30,0,0.010386819,2791.0,8,0,0,0,0
0.046119797,58,0,0.039223226,5200.0,12,0,0,0,0
0.173564479,54,0,0.063351095,10133.0,11,0,0,0,1
0.033559361,47,0,0.300197128,3550.0,11,0,1,0,0
0.0,72,0,0.0,2163.0,8,0,0,0,0
0.036954972,45,0,0.604943551,11691.0,8,0,3,0,4
0.594712723,66,0,0.868948655,2044.0,6,0,2,0,1
0.441647665,63,0,0.348984285,5217.0,9,0,1,0,0
0.0,52,0,0.244809023,3900.0,9,0,1,0,0
0.005622365,53,0,0.48856393,8000.0,11,0,1,0,3
0.014070174,64,1,0.379034562,3500.0,11,0,0,0,0
0.174446081,34,0,0.401246912,8500.0,7,0,1,0,0
0.9999999,37,0,423.0,5400.0,5,1,0,0,0
0.313507865,41,0,0.143401257,5250.0,5,0,0,0,0
3.278989029,59,0,0.347268488,12007.0,15,1,2,0,0
0.237872696,51,0,0.623420221,5063.0,16,0,2,0,0
0.138809964,36,0,0.31503363,5500.0,7,0,1,0,2
0.9999999,39,0,0.201554692,1800.0,2,0,0,0,3
0.9999999,37,0,0.38161899,11500.0,4,1,2,0,2
0.418790605,25,0,0.185452526,1800.0,3,0,0,0,0
0.173501732,69,0,12403.0,5400.0,31,0,9,0,0
0.056617362,67,0,0.329105691,3074.0,9,0,0,0,0
0.008835921,61,0,0.349347403,3600.0,9,0,2,0,0
0.019507329,55,0,0.393953653,8500.0,31,0,2,0,2
0.766317576,67,0,0.37122335,8770.0,13,0,0,0,1
0.468253194,58,1,1906.0,5400.0,15,0,2,0,3
0.407296352,22,0,0.024731183,929.0,2,0,0,0,0
0.684857769,48,0,0.731361933,4801.0,6,0,2,0,0
0.230760937,70,0,0.387867822,10500.0,23,0,2,0,0
0.156456236,33,0,0.025026814,2796.0,2,0,0,0,0
0.42963633,61,0,0.521917627,7550.0,16,0,2,0,3
0.194511565,48,0,0.741935484,2200.0,11,0,1,0,0
0.017186821,55,0,0.097650392,6000.0,15,0,1,0,0
0.051299134,37,1,0.325837081,2000.0,3,0,0,0,0
0.568882,43,1,0.187384045,2155.0,3,1,0,1,0
0.026635956,78,0,0.060987802,5000.0,12,0,0,0,0
0.337858043,76,0,0.384023355,7535.0,10,0,2,0,0
0.321342926,35,0,0.00832755,1440.0,4,0,0,0,0
0.009666419,59,0,0.305269473,10000.0,13,0,1,0,0
0.075523008,80,0,0.014115986,8500.0,5,0,0,0,1
0.9999999,43,0,0.39194499,2035.0,4,0,1,0,2
0.025155464,77,0,0.002514142,9545.0,8,0,0,0,0
0.126115638,31,0,0.294429708,7916.0,10,0,2,0,1
0.0,50,0,0.188534607,9000.0,9,0,1,0,0
0.421080258,49,0,0.275729224,5450.0,18,0,1,0,3
0.0,76,0,0.0,5400.0,2,0,0,0,0
0.93039085,38,0,0.120143149,7823.0,8,1,0,0,2
0.25243618,50,0,0.406036154,25280.0,24,0,4,0,0
0.335133754,58,0,2831.0,5400.0,7,0,2,0,0
0.129740519,22,0,0.5,1.0,1,0,0,0,0
0.785155749,51,0,0.856722998,1360.0,5,0,1,0,1
0.02819859,65,0,861.0,5400.0,7,0,1,0,0
0.017922417,80,0,1164.0,5400.0,13,0,1,0,0
0.045794554,73,0,0.570440429,7083.0,13,0,2,0,1
1.037524997,75,0,0.798539023,2600.0,7,1,0,0,0
0.794877769,60,2,0.943875278,11224.0,24,0,2,1,2
0.9999999,44,2,0.424921794,1917.0,2,1,1,0,1
0.155782005,60,0,2834.0,5400.0,7,0,1,0,0
0.107496417,46,0,0.129608799,8000.0,9,0,0,0,2
0.9999999,36,0,0.196150999,1350.0,2,0,0,0,2
0.296770323,25,0,0.072322127,2557.0,5,0,0,0,0
0.24767976,49,0,1.12292149,4750.0,11,0,3,0,1
0.175788682,40,0,0.400145441,11000.0,9,0,1,0,2
0.948017328,42,0,0.428881469,5989.0,8,0,1,0,0
0.0,47,0,0.459846332,9500.0,12,0,2,0,2
0.881546372,43,4,0.814891914,6244.0,10,0,2,0,1
0.295126775,62,0,0.187152251,9884.0,4,0,1,0,2
0.278282451,45,0,0.357948864,7000.0,8,0,2,0,0
0.0,46,1,2417.0,5400.0,9,0,1,0,3
0.097851883,45,0,0.195956811,4352.0,16,0,0,0,2
0.030176437,51,0,0.003670687,5720.0,7,0,0,0,0
0.035901343,57,0,658.0,5400.0,7,0,1,0,0
0.699994239,45,0,0.557475402,8333.0,17,0,1,0,0
1.029980013,34,3,0.898946063,1612.0,4,0,2,0,2
0.771990001,46,0,0.543758967,3484.0,8,0,0,0,0
0.9332617,41,3,0.438092797,3900.0,12,1,0,1,5
0.835272782,51,0,0.472536349,3713.0,7,0,0,0,1
0.053618841,50,1,1.244510978,1001.0,8,0,2,0,0
0.044084441,49,0,2099.0,5400.0,9,0,1,0,1
0.0419625,62,0,0.743460765,5963.0,26,0,3,0,1
0.0,37,3,0.15137829,6420.0,3,1,0,3,3
0.017930195,52,0,0.408036998,16000.0,29,0,5,1,2
0.047897899,75,0,0.228074193,4366.0,17,0,2,0,1
0.9999999,35,0,0.367899008,4435.0,7,0,0,0,0
0.171427769,51,0,0.180993235,12121.0,3,0,1,0,5
0.000154409,64,0,0.246323962,8500.0,15,0,2,0,0
0.840218827,45,0,1307.0,5400.0,2,0,1,0,0
0.9999999,58,1,0.179092045,2400.0,1,0,0,0,1
0.420787946,48,1,1333.0,5400.0,7,0,0,0,0
0.027447645,45,0,1.705854127,2083.0,12,0,1,0,2
0.219995056,53,0,0.213822894,8333.0,6,0,1,0,2
0.527324219,65,0,0.33037694,7666.0,11,0,1,0,0
0.046096383,60,0,0.29261301,4534.0,12,0,2,0,0
0.078603055,39,0,0.131313131,7820.0,6,0,1,0,3
0.074096295,64,0,1307.0,5400.0,5,0,2,0,0
0.0,39,0,3283.0,5400.0,4,0,1,0,0
0.224035877,37,0,0.133182242,7500.0,8,0,0,0,0
0.0,39,0,0.221210306,8344.0,9,0,1,0,3
0.015848473,61,0,0.20887698,8583.0,7,0,2,0,0
0.19518586,62,0,0.512058329,5348.0,15,0,1,0,1
0.024950966,36,0,0.390630468,20000.0,13,0,3,0,1
0.521913014,64,0,1962.0,5400.0,4,0,1,1,0
0.396500243,62,0,0.755401356,6340.0,11,0,2,0,0
0.092716364,48,0,0.096419377,4272.0,7,0,0,0,0
0.054206033,37,1,0.231794701,6000.0,10,0,0,0,1
0.127916552,40,1,0.398087569,5960.0,9,0,2,0,3
0.031124222,55,0,0.485005998,2500.0,4,0,1,0,0
0.139170818,58,0,0.062394604,1778.0,7,0,0,0,0
0.000699965,70,0,0.182385803,6085.0,3,0,1,0,0
0.001440829,66,0,0.199019325,3466.0,6,0,1,0,1
0.976007997,52,0,0.309815215,4166.0,4,0,0,0,0
0.003250984,76,0,0.103112111,2666.0,7,0,0,0,0
0.835481603,46,1,0.291096712,4166.0,6,0,0,1,2
0.049598196,66,0,0.192802057,3500.0,4,0,1,0,1
0.0,63,0,1913.0,5400.0,5,0,2,0,0
0.300296722,50,0,0.245264613,12300.0,8,0,2,0,2
0.307106244,35,0,0.401839264,2500.0,12,0,0,0,1
0.048230971,62,0,963.0,5400.0,9,0,1,0,0
0.268641082,30,0,0.323769779,5750.0,3,0,1,0,0
0.920950745,39,1,0.596202003,4791.0,9,0,1,0,4
0.595729615,44,0,0.410478793,8416.0,9,0,1,0,2
0.50631517,75,0,0.46070536,3600.0,7,0,1,0,0
0.0,61,0,0.273867869,5100.0,9,0,0,0,1
0.116103986,66,0,0.196136443,5745.0,9,0,1,0,1
1.001998002,52,0,0.014992504,2000.0,1,0,0,0,0
0.0,73,0,5110.0,5400.0,5,0,1,0,0
0.110392362,57,0,0.219982401,12500.0,16,0,2,0,2
0.845100754,36,3,0.944527736,2000.0,7,4,1,1,0
0.23106255,73,0,0.270052539,5709.0,5,0,1,0,0
0.231735064,37,0,0.417791104,2000.0,8,0,0,0,2
0.453716407,47,0,0.382463466,2394.0,4,0,0,0,1
0.047632125,78,0,0.262785034,4516.0,16,0,1,0,0
0.9999999,47,0,0.206479601,10833.0,3,0,1,0,2
0.9999999,79,0,0.177607464,3000.0,1,0,0,0,0
0.106842089,49,0,0.785062367,6573.0,14,0,5,0,0
0.007328182,61,0,0.00249975,10000.0,14,0,0,0,1
0.114552374,44,0,0.265934066,7279.0,5,0,1,0,0
0.9999999,55,0,0.351973684,12159.0,3,2,1,0,0
0.383051173,58,0,1782.0,5400.0,10,0,1,0,0
0.454909018,39,0,807.0,5400.0,4,0,0,0,0
0.0,35,0,0.08461396,5400.0,5,0,0,0,2
0.730186737,40,3,0.385757576,3299.0,12,0,0,0,0
0.817143835,51,0,0.279508166,27000.0,10,0,1,0,4
0.014566947,37,0,855.0,5400.0,14,0,0,0,0
0.192693193,63,0,664.0,5400.0,9,0,1,0,5
0.047331899,57,0,0.006813805,6750.0,5,0,0,0,0
0.535590175,38,1,0.395949254,4492.0,7,0,1,0,2
0.626474705,46,0,0.383092155,2625.0,5,0,1,0,2
0.056394037,31,0,1940.0,5400.0,15,0,1,0,0
0.9999999,28,0,0.048694425,2833.0,2,2,0,1,0
0.002846674,60,0,0.220868479,3200.0,11,0,1,0,0
0.004269067,46,0,0.001171417,2560.0,5,0,0,0,0
0.534070679,36,0,2423.0,5400.0,9,0,2,0,0
0.340103099,60,0,0.028270988,5800.0,3,0,0,0,0
0.002227106,55,0,0.39437658,9495.0,10,0,1,0,0
0.9999999,57,0,3810.0,5400.0,2,0,1,0,0
0.027646203,39,0,0.51508399,5833.0,5,0,1,0,1
0.9999999,41,0,0.260601915,11695.0,5,0,2,0,1
0.366189754,44,0,0.296780574,9100.0,7,0,1,0,4
0.16131085,37,0,0.359305363,6506.0,6,0,1,0,0
0.001798079,47,0,0.011747063,4000.0,9,0,0,0,0
0.036799225,61,0,0.107986502,8000.0,6,0,1,0,0
0.027606785,74,0,0.0029997,10000.0,5,0,0,0,0
0.000209874,79,0,0.0,10241.0,13,0,0,0,1
0.10891952,54,0,0.008727183,16270.0,6,0,0,0,0
0.048418673,51,0,0.356153219,7361.0,12,0,1,0,2
1.062583222,38,4,0.141199226,516.0,4,7,0,0,0
0.01731878,81,0,0.114844018,5833.0,14,0,1,0,0
0.10994004,54,0,0.574071835,8268.0,20,0,1,0,0
0.001043597,85,0,2351.0,5400.0,10,0,1,0,0
0.044225262,44,1,0.447692811,9166.0,7,0,5,0,0
0.0,42,0,1.544712846,6250.0,13,0,2,0,3
0.066535781,65,0,92.0,5400.0,9,0,0,0,0
0.363663634,73,0,0.030193906,3609.0,5,0,0,0,0
0.021773491,63,0,0.004481712,6916.0,8,0,0,0,0
0.034292375,81,0,0.087608191,9473.0,10,0,0,0,0
0.262296106,33,0,0.350778657,3916.0,6,0,2,0,0
1.001058699,34,0,0.426286509,2875.0,9,0,0,0,2
0.297910459,86,0,0.170219853,3001.0,9,0,0,0,0
0.0,50,0,0.294936405,12500.0,9,0,2,0,4
0.016599336,90,0,363.0,5400.0,4,0,0,0,0
0.040482565,59,0,1.607196402,2000.0,6,0,2,0,0
0.255793283,42,2,0.916517377,2790.0,10,0,1,1,0
0.000436034,49,0,0.208452192,9464.0,8,0,1,0,1
0.9999999,64,4,3.323779193,941.0,12,0,2,0,4
0.024963654,44,0,0.343731254,5000.0,12,0,1,0,1
0.020423788,42,0,0.416226253,7000.0,11,0,2,0,1
0.004189583,56,1,0.229809418,11700.0,16,0,1,0,2
0.367715227,45,5,0.486021107,5400.0,13,0,1,0,1
0.355596544,44,0,0.362898189,1600.0,6,0,0,0,0
0.201822805,43,0,0.475316395,10350.0,8,0,3,0,3
0.0,96,0,0.0,5400.0,1,0,0,0,0
0.577168457,29,0,0.255973055,9500.0,10,0,1,0,2
0.047538119,49,0,0.301880803,12600.0,7,0,1,0,0
0.755081639,32,0,0.475817347,3700.0,5,0,1,0,0
0.137391238,56,0,3.905414668,1458.0,11,0,1,0,5
0.904108287,41,2,0.517269337,6166.0,15,0,2,0,0
0.381160592,58,0,0.733180587,4800.0,10,0,1,0,1
0.552270792,28,0,0.121580547,6250.0,10,0,0,0,0
0.332307283,55,0,0.537972897,7083.0,9,0,2,0,0
0.611809215,29,0,321.0,5400.0,8,0,0,0,0
0.215488215,89,3,0.437390652,4000.0,8,0,1,0,1
1.043182727,22,0,0.224462955,2280.0,3,0,0,0,0
0.18354338,32,0,0.014673419,7700.0,11,0,0,0,0
0.154753022,45,0,1652.0,5400.0,5,0,1,0,0
0.018787544,62,0,0.152980877,8000.0,12,0,1,0,0
0.030770192,40,0,0.607130956,3000.0,6,0,1,0,0
0.152118331,46,0,0.202212531,9400.0,9,0,2,0,0
0.9999999,63,0,120.0,5400.0,1,0,0,0,0
0.003209228,79,0,0.001594896,6269.0,6,0,0,0,0
0.9999999,49,0,0.017394391,2816.0,2,0,0,0,2
0.0,63,0,4321.0,5400.0,10,0,2,0,0
0.009381961,85,0,0.286424409,5833.0,24,0,2,0,0
0.070423411,59,0,0.505887581,4500.0,13,0,2,0,1
0.634314294,71,0,0.85531114,8500.0,16,0,2,0,0
0.917027657,27,0,0.260782634,3500.0,4,0,0,0,1
0.678949832,46,0,3759.0,5400.0,6,0,1,0,0
0.247138704,50,0,0.420804084,7834.0,20,0,1,0,2
0.088622326,45,0,0.226201134,3350.0,4,0,0,0,2
0.057558517,44,0,0.288714086,15000.0,8,0,1,0,2
0.323746626,63,0,0.26953468,6833.0,10,0,1,0,0
0.031162428,38,0,0.217618749,9557.0,7,0,1,0,1
0.015450677,49,0,3175.0,5400.0,4,0,1,0,0
0.918901762,30,0,0.644194757,800.0,3,0,0,0,0
0.62619474,68,1,0.415191192,13441.0,10,0,4,0,1
0.434055374,52,0,0.396259395,5720.0,5,0,1,1,0
0.005627645,87,0,63.0,5400.0,6,0,0,0,0
0.098469929,28,0,72.0,5400.0,3,0,0,0,0
0.375008503,28,0,0.159951713,6626.0,4,0,0,0,1
0.047964788,63,0,263.0,5400.0,6,0,0,0,0
0.666587311,29,0,1.083333333,3671.0,7,0,1,0,0
0.175843265,51,0,0.26746988,4564.0,13,0,0,0,2
0.008946898,58,0,3567.0,5400.0,5,0,1,0,1
0.026342927,41,0,0.004080966,6125.0,6,0,0,0,2
0.0,31,0,19.0,5400.0,7,0,0,0,0
0.813296676,39,1,0.213514594,2500.0,4,0,0,0,2
0.017107429,75,0,0.008247938,4000.0,11,0,0,0,0
0.899502821,29,1,0.263981455,3450.0,6,1,0,0,1
0.364770936,58,0,0.313111422,15741.0,11,0,2,0,1
0.008973983,52,0,0.046520214,10833.0,15,0,1,0,0
1.010679546,85,2,0.221926025,3000.0,10,2,0,0,0
0.014120152,42,0,1.183560122,3600.0,9,0,3,0,2
0.003228219,69,0,0.148885111,10000.0,6,0,1,0,0
0.768519514,50,0,0.511581614,5525.0,6,0,1,0,3
0.208222028,36,0,0.438230808,5900.0,8,0,1,0,0
0.25355832,59,0,0.201730419,6587.0,12,0,0,0,1
0.027593501,70,0,0.121374866,1861.0,3,0,0,0,0
0.903006062,32,0,0.1046612,4633.0,4,0,0,0,1
0.111795528,38,0,83.0,5400.0,1,0,0,0,0
0.847394771,60,3,0.536957242,6033.0,12,1,1,0,0
0.085951701,60,0,0.554081076,5500.0,9,0,1,1,0
0.491979451,56,1,0.05473246,8166.0,7,0,0,0,0
0.273905889,59,0,2573.0,5400.0,24,0,1,0,0
0.393864359,41,0,3039.0,5400.0,8,0,2,0,0
0.674110491,34,0,0.53690629,6231.0,6,0,2,0,0
0.026069464,67,0,0.017214397,3833.0,5,0,0,0,0
0.025216706,76,0,0.013994402,2500.0,4,0,0,0,0
0.012385158,30,0,0.058554699,3500.0,4,0,0,0,1
0.222006848,55,1,0.339281594,13000.0,11,0,2,0,2
0.99550075,34,1,0.402939905,4625.0,3,1,1,1,0
0.076331837,64,0,0.154910286,7300.0,9,0,1,0,0
0.167402356,67,0,0.24845859,6000.0,12,0,3,0,0
0.044870788,67,0,0.109232638,9877.0,10,0,0,0,0
0.9999999,60,2,0.604331529,2400.0,6,0,1,0,3
0.076173278,60,0,1.1247501,2500.0,8,0,1,0,1
0.821720764,43,4,0.479845211,3100.0,5,0,1,0,1
0.395463075,43,1,0.775510204,3135.0,8,0,1,0,0
0.087579109,48,0,0.233276713,12362.0,10,0,2,0,3
0.0,39,0,0.473052695,10000.0,8,0,3,0,1
0.0016503,54,0,0.25711881,7128.0,17,0,0,0,0
0.153990942,58,0,0.129405777,7858.0,7,0,1,0,0
0.014142145,64,0,0.248288212,9492.0,22,0,2,0,0
0.390251459,41,0,0.260554672,5660.0,20,0,0,0,2
0.11805422,28,0,0.616409829,2400.0,6,0,1,0,1
0.025126907,66,0,2180.0,5400.0,13,0,1,0,0
0.074992501,91,0,22.0,5400.0,1,0,0,0,0
0.375332345,38,0,0.187470634,6384.0,6,0,1,0,2
0.081682836,66,0,0.019558435,8333.0,5,0,0,0,0
0.072481768,59,0,0.525491503,3000.0,5,0,1,0,0
0.096445395,52,0,0.402288635,9000.0,12,0,2,0,1
0.70265179,32,0,652.0,5400.0,10,1,0,0,1
0.300757663,59,0,0.295924574,3287.0,6,0,1,0,0
6109.0,43,0,0.229901608,12500.0,9,0,2,0,0
0.9999999,42,0,0.0,900.0,1,0,0,0,2
0.075816497,83,0,0.119076185,3333.0,5,0,0,0,0
0.039453543,54,0,0.106644449,4800.0,15,0,0,0,0
0.046212101,41,0,0.272847858,7538.0,8,0,2,0,2
0.148096469,66,0,0.3374613,2583.0,10,0,0,0,0
0.143022552,39,0,2422.0,5400.0,6,0,2,0,4
0.0,36,0,0.670973696,2166.0,7,0,0,0,0
0.620685491,67,0,0.35882244,5400.0,14,0,1,0,0
0.830355202,48,0,0.410823647,8000.0,5,0,1,0,3
0.023804472,50,0,0.359972832,8833.0,11,0,1,0,0
0.285176663,44,0,0.197456051,16666.0,7,0,1,0,2
0.006088531,61,0,14.0,5400.0,8,0,0,0,0
0.0,65,0,0.209804594,5833.0,5,0,1,0,1
0.317447473,47,0,1.831204886,1800.0,7,0,1,0,1
0.239763406,58,0,0.12157054,8200.0,6,0,0,0,0
0.761169031,61,0,0.350369642,23400.0,18,0,2,0,1
0.173629018,45,0,0.187770229,6475.0,7,0,2,0,2
0.066779705,47,0,0.110274153,11416.0,7,0,1,0,2
0.465183317,51,3,2824.0,5400.0,7,2,1,4,0
0.018149392,62,0,0.191742148,8500.0,19,0,2,0,1
0.029046555,66,0,0.154551781,15806.0,6,0,2,0,1
0.001262556,89,0,0.000884173,3392.0,13,0,0,0,0
0.9999999,31,1,0.213251849,3108.0,2,3,0,0,2
0.006910053,54,1,0.396375755,4800.0,19,0,1,0,3
0.0,62,0,0.131519274,5291.0,6,0,1,0,0
0.108456874,41,0,306.5,1.0,20,0,1,0,4
0.405810904,65,1,0.36600607,5600.0,21,0,1,0,0
0.444275679,28,1,0.188528047,2370.0,10,1,0,0,0
0.453269526,42,2,0.558469787,6900.0,13,0,2,0,1
0.017628324,59,0,0.001166472,6000.0,1,0,0,0,0
0.155803939,64,0,1274.0,5400.0,4,0,1,0,3
0.9999999,28,0,0.099423345,5028.0,2,0,0,1,0
0.050629318,87,0,0.010257403,5166.0,4,0,0,0,0
0.214721971,62,0,0.079706695,10500.0,18,0,0,0,0
0.550383114,53,0,0.351381945,10600.0,11,0,1,0,0
1.030881017,42,0,0.013071895,2600.0,3,1,0,0,1
0.142351553,57,1,1609.0,5400.0,8,0,1,0,1
0.000333311,48,0,0.065241845,8000.0,6,0,0,0,0
0.605295118,30,0,0.26066813,4100.0,6,0,0,0,1
0.184545353,36,0,0.509665622,11483.0,12,0,5,0,0
0.9999999,28,0,0.030969031,1000.0,0,1,0,0,0
0.845254328,46,0,0.549279249,5965.0,14,0,1,0,0
0.020325148,59,0,0.331554452,16114.0,13,0,3,0,0
0.0131918,77,0,10.0,5400.0,3,0,0,0,0
0.916764503,40,0,0.578125,11455.0,16,0,5,0,2
0.030384757,53,0,0.008132726,6147.0,9,0,0,0,1
0.104570363,31,0,0.048029557,7307.0,4,0,0,0,0
0.093156274,50,0,0.324414406,10800.0,7,0,1,0,2
0.055874809,44,0,0.128881561,10916.0,5,0,1,0,3
0.014282627,80,0,0.00499881,4200.0,11,0,0,0,0
0.023314885,61,0,0.131981146,7000.0,7,0,1,0,1
0.699860028,36,0,1.352109242,4100.0,12,0,2,0,2
0.065610938,52,0,0.48686691,7956.0,17,0,3,0,0
0.996336599,51,0,0.679231473,5464.0,11,0,1,0,1
0.033096857,37,0,0.727318804,7891.0,15,0,3,0,1
0.062729151,59,0,858.0,5400.0,6,0,1,0,0
0.515618782,38,1,0.206074766,6419.0,11,0,0,1,2
0.100694351,75,0,712.0,5400.0,6,0,1,0,0
0.082331626,62,0,0.008533463,8202.0,7,0,0,0,1
0.437389219,60,0,0.487625619,6666.0,9,0,2,0,0
0.001739093,53,1,0.079968013,2500.0,10,0,0,0,3
0.0,35,0,3861.0,5400.0,8,1,2,0,1
0.000921411,65,0,1727.0,5400.0,14,0,1,0,0
0.661077072,35,0,0.224993437,3808.0,7,0,0,0,0
0.066168159,32,0,0.741051028,1312.0,6,0,0,0,2
0.17485504,53,0,0.248800468,8544.0,5,0,1,0,3
0.952905084,47,0,0.475277234,7664.0,11,0,2,1,0
0.147368662,78,0,0.068977008,3000.0,11,0,0,0,0
0.65111178,31,0,0.357075914,3200.0,4,0,0,0,2
0.055357786,65,0,0.028341246,6950.0,8,0,0,0,1
0.973006748,49,2,1.613590939,1500.0,12,0,1,0,0
0.931518718,44,0,0.540315344,7800.0,7,0,2,0,1
0.301479408,55,0,0.522229313,4700.0,12,0,3,0,1
0.132241735,62,2,0.789210128,10583.0,9,0,1,0,0
0.040015094,41,0,0.529911681,6000.0,12,0,2,0,1
0.740209965,74,0,0.110458911,3747.0,6,0,0,0,0
0.084632771,48,0,1394.0,5400.0,5,0,1,0,0
0.02896352,64,0,12.0,5400.0,2,0,0,0,0
0.0,40,0,0.0,4666.0,1,0,0,0,0
0.133706487,57,0,0.122250785,3500.0,7,0,0,0,2
0.505557103,50,2,0.718066543,17191.0,23,0,7,0,2
0.021688191,52,0,0.310050653,3750.0,8,0,2,0,0
0.106809622,47,1,1.022181983,4417.0,19,0,2,0,0
0.412587413,59,0,0.756481785,3046.0,5,0,1,0,0
0.000284687,56,0,1552.0,5400.0,9,0,1,0,0
0.020465984,86,0,18.0,5400.0,2,0,0,0,0
0.475130516,59,1,0.560461235,6590.0,16,0,2,0,1
0.9999999,26,0,577.0,5400.0,2,1,0,1,0
0.440177991,79,0,0.61517492,2200.0,5,0,1,0,0
0.042964752,39,0,0.612506541,3821.0,8,0,2,0,0
0.020783499,61,0,0.012489592,1200.0,2,0,0,0,0
0.565521732,50,0,0.56014332,5860.0,5,0,2,0,0
0.031802688,43,0,0.363585457,25000.0,10,0,3,0,0
0.709567158,31,0,0.415194935,3000.0,7,0,0,0,0
0.268871096,48,0,0.861753785,3500.0,9,0,1,0,0
0.0,34,2,0.151744057,4500.0,4,0,0,0,2
0.342932853,42,0,0.363363664,10000.0,7,0,2,0,4
0.46856961,41,0,0.524288444,9942.0,7,0,2,0,2
0.050095625,78,0,783.0,5400.0,8,0,1,0,0
0.528625334,60,0,0.147713638,7500.0,8,0,1,0,1
0.005955607,61,0,1.372847461,9000.0,17,0,3,0,0
0.954162612,45,0,0.432021618,5920.0,11,0,0,0,4
0.081435907,48,0,2070.0,5400.0,12,0,3,0,2
0.134639562,75,0,0.058594835,3600.0,6,0,0,0,0
0.16137711,58,0,0.086442318,9300.0,4,0,1,0,0
0.428549454,45,0,0.995336442,1500.0,8,0,1,0,0
0.145804071,34,0,3404.0,5400.0,7,0,1,1,0
0.417971065,58,0,0.36237101,12500.0,9,0,2,0,1
0.9750025,53,0,0.160983902,10000.0,4,0,1,0,0
0.778478753,43,0,1.059708295,2193.0,5,1,1,0,3
0.9999999,62,0,1.055177929,2500.0,3,0,1,0,1
0.866506675,39,0,0.786555972,3733.0,9,0,1,0,3
0.450106157,43,2,960.0,5400.0,6,0,1,0,0
0.048582857,51,0,0.214033317,7923.0,9,0,2,0,0
0.246633992,48,0,0.56567222,2580.0,6,0,1,0,2
0.045472727,58,0,64.0,5400.0,6,0,0,0,0
0.056176711,46,0,0.562676454,7083.0,3,0,1,0,0
0.031635479,56,0,0.261375523,7647.0,6,0,1,0,1
0.0,94,0,0.0,3600.0,4,0,0,0,0
0.0,80,0,0.0,1600.0,1,0,0,0,0
0.552156677,55,0,0.337034981,1800.0,7,1,0,0,1
0.00287488,50,0,0.277460929,13500.0,11,0,3,0,0
0.003340586,81,0,0.000677966,5899.0,7,0,0,0,0
0.056999416,62,0,0.116106135,17750.0,18,0,1,0,3
0.309121169,60,0,1.124589086,9125.0,11,0,4,0,0
0.426950627,80,0,0.149964294,4200.0,4,0,0,0,0
1.139720559,38,2,0.016733987,1732.0,4,0,0,1,3
0.117426773,39,0,0.122474484,4800.0,11,0,0,1,2
0.728363561,66,1,0.625858465,3348.0,7,0,1,0,0
0.052185506,71,0,16.0,5400.0,2,0,0,0,0
0.04599781,39,0,0.865955473,2155.0,7,0,1,0,0
0.012975792,64,2,0.249195797,9325.0,5,0,1,0,1
